To honour the JVM settings for this build a single-use Daemon process will be forked. For more on this, please refer to https://docs.gradle.org/9.2.1/userguide/gradle_daemon.html#sec:disabling_the_daemon in the Gradle documentation.
Daemon will be stopped at the end of the build 
> Task :createMinecraftArtifacts UP-TO-DATE
> Task :compileJava UP-TO-DATE
> Task :processResources UP-TO-DATE
> Task :classes UP-TO-DATE

> Task :compileVillageCheckJava
Note: Some input files use or override a deprecated API.
Note: Recompile with -Xlint:deprecation for details.

> Task :downloadAssets UP-TO-DATE
> Task :writeVillageChecksLegacyClasspath
> Task :prepareVillageChecksRun
> Task :processVillageCheckResources
> Task :villageCheckClasses

> Task :runVillageChecks
WARN StatusConsoleListener Advanced terminal features are not available in this environment
[09:11:27] [main/INFO] [cp.mo.mo.Launcher/MODLAUNCHER]: ModLauncher running: args [--launchTarget, forgeserverdev, --gameDir, ., --fml.fmlVersion, 4.0.45, --fml.mcVersion, 1.21.1, --fml.neoForgeVersion, 21.1.255, --fml.neoFormVersion, 20240808.144430]
[09:11:27] [main/INFO] [cp.mo.mo.Launcher/MODLAUNCHER]: JVM identified as Oracle Corporation Java HotSpot(TM) 64-Bit Server VM 21.0.12+7-LTS-205
[09:11:27] [main/INFO] [cp.mo.mo.Launcher/MODLAUNCHER]: ModLauncher 11.0.5+main.901c6ea8 starting: java version 21.0.12 by Oracle Corporation; OS Windows 10 arch amd64 version 10.0
[09:11:27] [main/INFO] [ne.ne.fm.lo.ImmediateWindowHandler/]: ImmediateWindowProvider not loading because launch target is forgeserverdev
[09:11:27] [main/INFO] [mixin/]: SpongePowered MIXIN Subsystem Version=0.8.7 Source=union:/C:/Users/pavel/.gradle/caches/modules-2/files-2.1/net.fabricmc/sponge-mixin/0.16.4+mixin.0.8.7/26d01f0567ab46e9ca0d2ed89d0ecc11aadbd433/sponge-mixin-0.16.4+mixin.0.8.7.jar%2394!/ Service=ModLauncher Env=SERVER
[09:11:28] [main/INFO] [ne.ne.fm.lo.mo.lo.JarInJarDependencyLocator/]: Found 2 dependencies adding them to mods collection
[09:11:28] [main/INFO] [ne.ne.fm.lo.mo.ModDiscoverer/]: 
     Mod List:
		Name Version (Mod Id)

		Curios API 9.5.1+1.21.1 (curios)
		Just Enough Items 19.51.0.418 (jei)
		Minecraft 1.21.1 (minecraft)
		NeoForge 21.1.255 (neoforge)
		Slavic Myths 1.3.1 (slavicmyths)
[09:11:28] [main/INFO] [mixin/]: Compatibility level set to JAVA_21
[09:11:28] [main/INFO] [cp.mo.mo.LaunchServiceHandler/MODLAUNCHER]: Launching target 'forgeserverdev' with arguments [--gameDir, .]
[09:11:28] [main/WARN] [mixin/]: Reference map 'curios.refmap.json' for curios.neoforge.mixins.json could not be read. If this is a development environment you can ignore this message
[09:11:28] [main/WARN] [mixin/]: Reference map 'curios.refmap.json' for curios.mixins.json could not be read. If this is a development environment you can ignore this message
[09:11:29] [main/WARN] [os.dr.wi.pe.PerfmonDisabled/]: Invalid registry value type detected for PerfOS counters. Should be REG_DWORD. Ignoring: HKEY_LOCAL_MACHINE\SYSTEM\CurrentControlSet\Services\PerfOS\Performance\Disable Performance Counters.
[09:11:30] [main/INFO] [MixinExtras|Service/]: Initializing MixinExtras via com.llamalad7.mixinextras.service.MixinExtrasServiceImpl(version=0.5.5).
[09:11:34] [main/WARN] [minecraft/Commands]: Ambiguity between arguments [teleport, location] and [teleport, destination] with inputs: [0.1 -0.5 .9, 0 0 0]
[09:11:34] [main/WARN] [minecraft/Commands]: Ambiguity between arguments [teleport, location] and [teleport, targets] with inputs: [0.1 -0.5 .9, 0 0 0]
[09:11:34] [main/WARN] [minecraft/Commands]: Ambiguity between arguments [teleport, destination] and [teleport, targets] with inputs: [Player, 0123, @e, dd12be42-52a9-4a91-a8a1-11c01849e498]
[09:11:34] [main/WARN] [minecraft/Commands]: Ambiguity between arguments [teleport, targets] and [teleport, destination] with inputs: [Player, 0123, dd12be42-52a9-4a91-a8a1-11c01849e498]
[09:11:34] [main/WARN] [minecraft/Commands]: Ambiguity between arguments [teleport, targets, location] and [teleport, targets, destination] with inputs: [0.1 -0.5 .9, 0 0 0]
[09:11:34] [modloading-worker-0/INFO] [ne.ne.ne.co.NeoForgeMod/NEOFORGE-MOD]: NeoForge mod loading, version 21.1.255, for MC 1.21.1
[09:11:35] [main/ERROR] [minecraft/Settings]: Failed to load properties from file: server.properties
java.nio.file.NoSuchFileException: server.properties
	at java.base/sun.nio.fs.WindowsException.translateToIOException(WindowsException.java:85) ~[?:?] {}
	at java.base/sun.nio.fs.WindowsException.rethrowAsIOException(WindowsException.java:103) ~[?:?] {}
	at java.base/sun.nio.fs.WindowsException.rethrowAsIOException(WindowsException.java:108) ~[?:?] {}
	at java.base/sun.nio.fs.WindowsFileSystemProvider.newByteChannel(WindowsFileSystemProvider.java:234) ~[?:?] {}
	at java.base/java.nio.file.Files.newByteChannel(Files.java:379) ~[?:?] {}
	at java.base/java.nio.file.Files.newByteChannel(Files.java:431) ~[?:?] {}
	at java.base/java.nio.file.spi.FileSystemProvider.newInputStream(FileSystemProvider.java:420) ~[?:?] {}
	at java.base/java.nio.file.Files.newInputStream(Files.java:159) ~[?:?] {}
	at TRANSFORMER/minecraft@1.21.1/net.minecraft.server.dedicated.Settings.loadFromFile(Settings.java:38) ~[neoforge-21.1.255.jar%23125!/:?] {re:classloading}
	at TRANSFORMER/minecraft@1.21.1/net.minecraft.server.dedicated.DedicatedServerProperties.fromFile(DedicatedServerProperties.java:132) ~[neoforge-21.1.255.jar%23125!/:?] {re:classloading}
	at TRANSFORMER/minecraft@1.21.1/net.minecraft.server.dedicated.DedicatedServerSettings.<init>(DedicatedServerSettings.java:12) ~[neoforge-21.1.255.jar%23125!/:?] {re:classloading}
	at TRANSFORMER/minecraft@1.21.1/net.minecraft.server.Main.main(Main.java:125) ~[neoforge-21.1.255.jar%23125!/:?] {re:classloading}
	at java.base/jdk.internal.reflect.DirectMethodHandleAccessor.invoke(DirectMethodHandleAccessor.java:103) ~[?:?] {}
	at java.base/java.lang.reflect.Method.invoke(Method.java:580) ~[?:?] {}
	at MC-BOOTSTRAP/fml_loader@4.0.45/net.neoforged.fml.loading.targets.CommonLaunchHandler.runTarget(CommonLaunchHandler.java:136) ~[loader-4.0.45.jar%23102!/:4.0] {}
	at MC-BOOTSTRAP/fml_loader@4.0.45/net.neoforged.fml.loading.targets.CommonLaunchHandler.serverService(CommonLaunchHandler.java:128) ~[loader-4.0.45.jar%23102!/:4.0] {}
	at MC-BOOTSTRAP/fml_loader@4.0.45/net.neoforged.fml.loading.targets.NeoForgeServerDevLaunchHandler.runService(NeoForgeServerDevLaunchHandler.java:23) ~[loader-4.0.45.jar%23102!/:4.0] {}
	at MC-BOOTSTRAP/fml_loader@4.0.45/net.neoforged.fml.loading.targets.CommonLaunchHandler.lambda$launchService$4(CommonLaunchHandler.java:118) ~[loader-4.0.45.jar%23102!/:4.0] {}
	at MC-BOOTSTRAP/cpw.mods.modlauncher@11.0.5/cpw.mods.modlauncher.LaunchServiceHandlerDecorator.launch(LaunchServiceHandlerDecorator.java:30) [modlauncher-11.0.5.jar%2382!/:?] {}
	at MC-BOOTSTRAP/cpw.mods.modlauncher@11.0.5/cpw.mods.modlauncher.LaunchServiceHandler.launch(LaunchServiceHandler.java:53) [modlauncher-11.0.5.jar%2382!/:?] {}
	at MC-BOOTSTRAP/cpw.mods.modlauncher@11.0.5/cpw.mods.modlauncher.LaunchServiceHandler.launch(LaunchServiceHandler.java:71) [modlauncher-11.0.5.jar%2382!/:?] {}
	at MC-BOOTSTRAP/cpw.mods.modlauncher@11.0.5/cpw.mods.modlauncher.Launcher.run(Launcher.java:103) [modlauncher-11.0.5.jar%2382!/:?] {}
	at MC-BOOTSTRAP/cpw.mods.modlauncher@11.0.5/cpw.mods.modlauncher.Launcher.main(Launcher.java:74) [modlauncher-11.0.5.jar%2382!/:?] {}
	at MC-BOOTSTRAP/cpw.mods.modlauncher@11.0.5/cpw.mods.modlauncher.BootstrapLaunchConsumer.accept(BootstrapLaunchConsumer.java:26) [modlauncher-11.0.5.jar%2382!/:?] {}
	at MC-BOOTSTRAP/cpw.mods.modlauncher@11.0.5/cpw.mods.modlauncher.BootstrapLaunchConsumer.accept(BootstrapLaunchConsumer.java:23) [modlauncher-11.0.5.jar%2382!/:?] {}
	at cpw.mods.bootstraplauncher@2.0.2/cpw.mods.bootstraplauncher.BootstrapLauncher.run(BootstrapLauncher.java:210) [bootstraplauncher-2.0.2.jar:?] {}
	at cpw.mods.bootstraplauncher@2.0.2/cpw.mods.bootstraplauncher.BootstrapLauncher.main(BootstrapLauncher.java:69) [bootstraplauncher-2.0.2.jar:?] {}
	at java.base/jdk.internal.reflect.DirectMethodHandleAccessor.invoke(DirectMethodHandleAccessor.java:103) ~[?:?] {}
	at java.base/java.lang.reflect.Method.invoke(Method.java:580) ~[?:?] {}
	at net.neoforged.devlaunch.Main.main(Main.java:57) [DevLaunch-1.0.2.jar:?] {}
[09:11:35] [main/INFO] [mojang/YggdrasilAuthenticationService]: Environment: Environment[sessionHost=https://sessionserver.mojang.com, servicesHost=https://api.minecraftservices.com, name=PROD]
[09:11:35] [main/WARN] [minecraft/VanillaPackResourcesBuilder]: Assets URL 'union:/D:/slavic-myths/build/moddev/artifacts/neoforge-21.1.255.jar%23125!/assets/.mcassetsroot' uses unexpected schema
[09:11:35] [main/WARN] [minecraft/VanillaPackResourcesBuilder]: Assets URL 'union:/D:/slavic-myths/build/moddev/artifacts/neoforge-21.1.255.jar%23125!/data/.mcassetsroot' uses unexpected schema
[09:11:35] [main/INFO] [ne.ne.ne.ga.GameTestHooks/]: Enabled Gametest Namespaces: [slavicmyths_village]
[09:11:36] [main/INFO] [minecraft/RecipeManager]: Loaded 1673 recipes
[09:11:37] [main/INFO] [minecraft/AdvancementTree]: Loaded 1561 advancements
[09:11:37] [main/INFO] [Curios API/]: Loaded 10 curio slots
[09:11:37] [main/INFO] [Curios API/]: Loaded 1 curio entities
[09:11:38] [Server thread/INFO] [minecraft/MinecraftServer]: Preparing start region for dimension minecraft:overworld
[09:11:38] [worldgen/INFO] [minecraft/LoggerChunkProgressListener]: Preparing spawn area: 2%
[09:11:38] [Server thread/INFO] [minecraft/LoggerChunkProgressListener]: Time elapsed: 164 ms
[09:11:38] [Server thread/INFO] [minecraft/GameTestServer]: Started game test server
[09:11:38] [Server thread/INFO] [ne.ne.ne.se.pe.PermissionAPI/]: Successfully initialized permission handler neoforge:default_handler
[09:11:38] [Server thread/INFO] [minecraft/GameTestServer]: 53 tests are now running at position 14773502, -59, 4803554!
[09:11:38] [Server thread/INFO] [minecraft/GameTestRunner]: Running test batch 'guard_loss:0' (1 tests)...
[09:11:38] [Server thread/INFO] [minecraft/GameTestServer]: [                                                     ]
[09:11:38] [Server thread/INFO] [minecraft/GameTestServer]: [                                                     ]
[09:11:38] [Server thread/INFO] [minecraft/GameTestServer]: [_                                                    ]
[09:11:38] [Server thread/INFO] [minecraft/GameTestServer]: [_                                                    ]
[09:11:38] [Server thread/INFO] [minecraft/GameTestServer]: [_                                                    ]
[09:11:38] [Server thread/INFO] [minecraft/GameTestServer]: [_                                                    ]
[09:11:38] [Server thread/INFO] [minecraft/GameTestServer]: [_                                                    ]
[09:11:38] [Server thread/INFO] [minecraft/GameTestServer]: [_                                                    ]
[09:11:38] [Server thread/INFO] [minecraft/GameTestServer]: [_                                                    ]
[09:11:38] [Server thread/INFO] [minecraft/GameTestServer]: [_                                                    ]
[09:11:38] [Server thread/INFO] [minecraft/GameTestServer]: [_                                                    ]
[09:11:38] [Server thread/INFO] [minecraft/GameTestServer]: [_                                                    ]
[09:11:38] [Server thread/INFO] [minecraft/GameTestServer]: [_                                                    ]
[09:11:38] [Server thread/INFO] [minecraft/GameTestServer]: [_                                                    ]
[09:11:38] [Server thread/INFO] [minecraft/GameTestServer]: [_                                                    ]
[09:11:38] [Server thread/INFO] [minecraft/GameTestServer]: [_                                                    ]
[09:11:38] [Server thread/INFO] [minecraft/GameTestServer]: [_                                                    ]
[09:11:39] [Server thread/INFO] [minecraft/GameTestServer]: [_                                                    ]
[09:11:39] [Server thread/INFO] [minecraft/GameTestServer]: [_                                                    ]
[09:11:39] [Server thread/INFO] [minecraft/GameTestServer]: [_                                                    ]
[09:11:39] [Server thread/INFO] [minecraft/GameTestServer]: [_                                                    ]
[09:11:39] [Server thread/INFO] [minecraft/GameTestServer]: [_                                                    ]
[09:11:39] [Server thread/INFO] [minecraft/GameTestServer]: [_                                                    ]
[09:11:39] [Server thread/INFO] [minecraft/GameTestServer]: [_                                                    ]
[09:11:39] [Server thread/INFO] [minecraft/GameTestServer]: [_                                                    ]
[09:11:39] [Server thread/INFO] [minecraft/GameTestServer]: [_                                                    ]
[09:11:39] [Server thread/INFO] [minecraft/GameTestServer]: [_                                                    ]
[09:11:39] [Server thread/INFO] [minecraft/GameTestServer]: [_                                                    ]
[09:11:39] [Server thread/INFO] [minecraft/GameTestServer]: [_                                                    ]
[09:11:39] [Server thread/INFO] [minecraft/GameTestServer]: [_                                                    ]
[09:11:39] [Server thread/INFO] [minecraft/GameTestServer]: [_                                                    ]
[09:11:39] [Server thread/INFO] [minecraft/GameTestServer]: [_                                                    ]
[09:11:39] [Server thread/INFO] [minecraft/GameTestServer]: [_                                                    ]
[09:11:39] [Server thread/INFO] [minecraft/GameTestServer]: [_                                                    ]
[09:11:39] [Server thread/INFO] [minecraft/GameTestServer]: [_                                                    ]
[09:11:39] [Server thread/INFO] [minecraft/GameTestServer]: [_                                                    ]
[09:11:39] [Server thread/INFO] [minecraft/GameTestServer]: [_                                                    ]
[09:11:39] [Server thread/INFO] [minecraft/GameTestServer]: [_                                                    ]
[09:11:39] [Server thread/INFO] [minecraft/GameTestServer]: [_                                                    ]
[09:11:39] [Server thread/INFO] [minecraft/GameTestServer]: [_                                                    ]
[09:11:39] [Server thread/INFO] [minecraft/GameTestServer]: [_                                                    ]
[09:11:39] [Server thread/INFO] [minecraft/GameTestServer]: [_                                                    ]
[09:11:39] [Server thread/INFO] [minecraft/GameTestServer]: [_                                                    ]
[09:11:39] [Server thread/INFO] [minecraft/GameTestServer]: [_                                                    ]
[09:11:39] [Server thread/INFO] [minecraft/GameTestServer]: [_                                                    ]
[09:11:39] [Server thread/INFO] [minecraft/GameTestServer]: [_                                                    ]
[09:11:39] [Server thread/INFO] [minecraft/GameTestServer]: [_                                                    ]
[09:11:39] [Server thread/INFO] [minecraft/GameTestServer]: [_                                                    ]
[09:11:39] [Server thread/INFO] [minecraft/GameTestServer]: [_                                                    ]
[09:11:39] [Server thread/INFO] [minecraft/GameTestServer]: [_                                                    ]
[09:11:39] [Server thread/INFO] [minecraft/GameTestServer]: [_                                                    ]
[09:11:39] [Server thread/INFO] [minecraft/GameTestServer]: [_                                                    ]
[09:11:39] [Server thread/INFO] [minecraft/GameTestServer]: [_                                                    ]
[09:11:39] [Server thread/INFO] [minecraft/GameTestServer]: [_                                                    ]
[09:11:39] [Server thread/INFO] [minecraft/GameTestServer]: [_                                                    ]
[09:11:39] [Server thread/INFO] [minecraft/GameTestServer]: [_                                                    ]
[09:11:39] [Server thread/INFO] [minecraft/GameTestServer]: [_                                                    ]
[09:11:39] [Server thread/INFO] [minecraft/GameTestServer]: [_                                                    ]
[09:11:39] [Server thread/INFO] [minecraft/GameTestServer]: [_                                                    ]
[09:11:39] [Server thread/INFO] [minecraft/GameTestServer]: [_                                                    ]
[09:11:39] [Server thread/INFO] [minecraft/GameTestServer]: [_                                                    ]
[09:11:39] [Server thread/INFO] [minecraft/GameTestServer]: [_                                                    ]
[09:11:39] [Server thread/INFO] [minecraft/GameTestServer]: [_                                                    ]
[09:11:39] [Server thread/INFO] [minecraft/GameTestServer]: [_                                                    ]
[09:11:39] [Server thread/INFO] [minecraft/GameTestServer]: [_                                                    ]
[09:11:39] [Server thread/INFO] [minecraft/GameTestServer]: [_                                                    ]
[09:11:39] [Server thread/INFO] [minecraft/GameTestServer]: [_                                                    ]
[09:11:39] [Server thread/INFO] [minecraft/GameTestServer]: [_                                                    ]
[09:11:39] [Server thread/INFO] [minecraft/GameTestServer]: [_                                                    ]
[09:11:39] [Server thread/INFO] [minecraft/GameTestServer]: [_                                                    ]
[09:11:39] [Server thread/INFO] [minecraft/GameTestServer]: [_                                                    ]
[09:11:39] [Server thread/INFO] [minecraft/GameTestServer]: [_                                                    ]
[09:11:39] [Server thread/INFO] [minecraft/GameTestServer]: [_                                                    ]
[09:11:39] [Server thread/INFO] [minecraft/GameTestServer]: [_                                                    ]
[09:11:39] [Server thread/INFO] [minecraft/GameTestServer]: [_                                                    ]
[09:11:39] [Server thread/INFO] [minecraft/GameTestServer]: [_                                                    ]
[09:11:39] [Server thread/INFO] [minecraft/GameTestServer]: [_                                                    ]
MILITARY_TABLE_LOSS_PASS grace=true demotion=true roleModifiersRemoved=true noGear=true
[09:11:39] [Server thread/INFO] [minecraft/GameTestRunner]: Running test batch 'guard_boundary:0' (1 tests)...
[09:11:39] [Server thread/INFO] [minecraft/GameTestServer]: [+                                                    ]
[09:11:39] [Server thread/INFO] [minecraft/GameTestServer]: [+                                                    ]
MILITARY_PURSUIT_PASS acquiredRealThreat=true targetReleasedBeyond48=true withinPatrol32=true
[09:11:39] [Server thread/INFO] [minecraft/GameTestRunner]: Running test batch 'bandit_archer_resident:0' (1 tests)...
[09:11:39] [Server thread/INFO] [minecraft/GameTestServer]: [++                                                   ]
[09:11:39] [Server thread/INFO] [minecraft/GameTestServer]: [++_                                                  ]
[09:11:39] [Server thread/INFO] [minecraft/GameTestServer]: [++_                                                  ]
[09:11:39] [Server thread/INFO] [minecraft/GameTestServer]: [++_                                                  ]
[09:11:39] [Server thread/INFO] [minecraft/GameTestServer]: [++_                                                  ]
MILITARY_BANDIT_ARCHER_PASS autonomousResidentTarget=true realArrowDamage=true
[09:11:39] [Server thread/INFO] [minecraft/GameTestRunner]: Running test batch 'bandit_aggression:0' (1 tests)...
[09:11:39] [Server thread/INFO] [minecraft/GameTestServer]: [+++                                                  ]
[09:11:39] [Server thread/INFO] [minecraft/GameTestServer]: [+++                                                  ]
[09:11:39] [Server thread/INFO] [minecraft/GameTestServer]: [+++                                                  ]
[09:11:39] [Server thread/INFO] [minecraft/GameTestServer]: [+++_                                                 ]
[09:11:39] [Server thread/INFO] [minecraft/GameTestServer]: [+++_                                                 ]
MILITARY_BANDIT_RESIDENT_PASS ordinarySpawn=true actualTarget=true nativePath=true realDamage=true
[09:11:40] [Server thread/INFO] [minecraft/GameTestRunner]: Running test batch 'defaultBatch:0' (31 tests)...
[09:11:40] [Server thread/INFO] [minecraft/GameTestServer]: [++++                                                 ]
VILLAGE_REGISTRATIONS_PASS roles=7 vanillaIds=15 mappedStates=57
VILLAGE_POOLS_PASS samples=360 variants=180 offers=2 restock=true NBT=true
VILLAGE_VANILLA_TRADES_PASS professions=13 levels=65 restock=true
SETTLEMENT_POLICY_PASS virtualTradesIndependent=true blockedSell=true actualHarvestException=true
MILITARY_QUEST_PASS serverValidated=true tokensConsumed=6 rewardOnce=true reopenStable=true attachmentRoundtrip=true
SETTLEMENT_CAPACITY_PASS inputsRetained=64
MILITARY_NATURAL_PLANNING_PASS nativeVillagePlans=57 barracksPlans=3 maxPerVillage=1 noChunkLoading=true
[09:11:44] [Server thread/INFO] [minecraft/GameTestServer]: [++++___+ ++____  +++__+                              ]
MILITARY_GOLEM_PASS realTargetSelection=true banditThreat=true
MILITARY_TARGETS_PASS tags=true alliesSafe=true creeperSafe=true
VILLAGE_CONVERSION_PASS infection=true cure=true sameOffers=true sameOutfit=true uuidChanged=true
SETTLEMENT_THREAT_PASS actualZombie=true nativePanic=true workStopped=true
MILITARY_SHIELD_PASS frontalDamage=4.5 noInvulnerability=true
SETTLEMENT_TEXTILE_PASS nativeSteps=160 linenThread=4 linenCloth=1
SETTLEMENT_TRANSACTION_PASS 64slots=64 save=true twoWorkers=true full=true comparator=15 capabilities=true
MILITARY_RESIDENT_PASS nativeThreatSensor=true panic=true
SETTLEMENT_ACTIVITY_PASS panic=false rest=false baby=false nitwit=false
MILITARY_LOOT_PASS samples=1000 diamonds=4 saddles=25 bread=812 diamondCount=1
[09:11:44] [Server thread/INFO] [minecraft/GameTestServer]: [++++++_+_++__+++++++__+__+__+___+++                  ]
MILITARY_ASSIGN_PASS nativeJob=true stableArchetype=true hp=30 noFakeTrade=true renderOwnedGear=true
[09:11:44] [Server thread/INFO] [minecraft/GameTestServer]: [++++++_++++__+++++++__+__+__+___+++                  ]
SETTLEMENT_HOPPER_BREAK_PASS input=true output=true exactDrop=11
[09:11:44] [Server thread/INFO] [minecraft/GameTestServer]: [++++++_++++__++++++++_+__+__+___+++                  ]
[09:11:44] [Server thread/INFO] [minecraft/GameTestServer]: [++++++_++++__++++++++_+__+__+___+++                  ]
[09:11:44] [Server thread/INFO] [minecraft/GameTestServer]: [++++++_++++__++++++++_+__+__+___+++                  ]
[09:11:45] [Server thread/INFO] [minecraft/GameTestServer]: [++++++_++++__++++++++_+__+__+___+++                  ]
SETTLEMENT_FARMER_PASS nativeHarvest=true replant=true playerField=true immatureRetained=true
[09:11:45] [Server thread/INFO] [minecraft/GameTestServer]: [++++++_++++__++++++++_+__+__+__++++                  ]
[09:11:45] [Server thread/INFO] [minecraft/GameTestServer]: [++++++_++++__++++++++_+__+__+__++++                  ]
[09:11:45] [Server thread/INFO] [minecraft/GameTestServer]: [++++++_++++__++++++++_+__+__+__++++                  ]
[09:11:45] [Server thread/INFO] [minecraft/Villager]: Villager Villager['Villager'/812, l='ServerLevel[Test Level]', x=14773555.50, y=-58.00, z=4803584.85] died, message: 'Villager suffocated in a wall'
[09:11:45] [Server thread/INFO] [minecraft/Villager]: Villager Villager['Idler'/813, l='ServerLevel[Test Level]', x=14773555.50, y=-58.00, z=4803584.67] died, message: 'Idler suffocated in a wall'
[09:11:45] [Server thread/INFO] [minecraft/GameTestServer]: [++++++_++++__++++++++_+__+__+__++++                  ]
VILLAGE_LEVEL_PASS professions=6 noviceToMaster=true offersPerMaster=10
VILLAGE_NEGATIVE_POI_PASS children=6 nitwits=6
[09:11:45] [Server thread/INFO] [minecraft/GameTestServer]: [++++++_+++++_++++++++_+__+_++__++++                  ]
SETTLEMENT_KITCHEN_PASS existingRecipe=true actualProcess=true flour=3 water=1 bread=1 bucket=1 retainedTool=true
[09:11:45] [Server thread/INFO] [minecraft/GameTestServer]: [++++++_++++++++++++++_+__+_++__++++                  ]
[09:11:45] [Server thread/INFO] [minecraft/GameTestServer]: [++++++_++++++++++++++_+__+_++__++++                  ]
[09:11:45] [Server thread/INFO] [minecraft/GameTestServer]: [++++++_++++++++++++++_+__+_++__++++                  ]
[09:11:45] [Server thread/INFO] [minecraft/GameTestServer]: [++++++_++++++++++++++_+__+_++__++++                  ]
MILITARY_COMBAT_PASS actualNativeBrain=true realZombieKilled=true
[09:11:45] [Server thread/INFO] [minecraft/GameTestServer]: [++++++_++++++++++++++++__+_++__++++                  ]
[09:11:45] [Server thread/INFO] [minecraft/GameTestServer]: [++++++_++++++++++++++++__+_++__++++                  ]
[09:11:45] [Server thread/INFO] [minecraft/GameTestServer]: [++++++_++++++++++++++++__+_++__++++                  ]
[09:11:45] [Server thread/INFO] [minecraft/GameTestServer]: [++++++_++++++++++++++++__+_++__++++                  ]
[09:11:45] [Server thread/INFO] [minecraft/GameTestServer]: [++++++_++++++++++++++++__+_++__++++                  ]
[09:11:45] [Server thread/INFO] [minecraft/GameTestServer]: [++++++_++++++++++++++++__+_++__++++                  ]
SETTLEMENT_FULL_CARGO_PASS actualFlourRetained=1 failure=STORAGE_FULL
[09:11:45] [Server thread/INFO] [minecraft/GameTestServer]: [++++++_++++++++++++++++__+_++_+++++                  ]
[09:11:45] [Server thread/INFO] [minecraft/GameTestServer]: [++++++_++++++++++++++++__+_++_+++++                  ]
[09:11:45] [Server thread/INFO] [minecraft/GameTestServer]: [++++++_++++++++++++++++__+_++_+++++                  ]
[09:11:45] [Server thread/INFO] [minecraft/GameTestServer]: [++++++_++++++++++++++++__+_++_+++++                  ]
[09:11:45] [Server thread/INFO] [minecraft/GameTestServer]: [++++++_++++++++++++++++__+_++_+++++                  ]
[09:11:45] [Server thread/INFO] [minecraft/GameTestServer]: [++++++_++++++++++++++++__+_++_+++++                  ]
[09:11:45] [Server thread/INFO] [minecraft/GameTestServer]: [++++++_++++++++++++++++__+_++_+++++                  ]
[09:11:45] [Server thread/INFO] [minecraft/GameTestServer]: [++++++_++++++++++++++++__+_++_+++++                  ]
[09:11:45] [Server thread/INFO] [minecraft/GameTestServer]: [++++++_++++++++++++++++__+_++_+++++                  ]
SETTLEMENT_DESTROYED_TARGET_PASS cacheCleared=true remoteTransfer=false
SETTLEMENT_HALL_PASS nativeMerchantMenuPayment=true tradeXP=true professionLocked=true automaticRestock=true storageRequired=false paths=3
SETTLEMENT_PLAYER_SECURITY_PASS chest=16 barrel=16 noInput=true
[09:11:45] [Server thread/INFO] [minecraft/GameTestServer]: [++++++_+++++++++++++++++_++++++++++                  ]
[09:11:45] [Server thread/INFO] [minecraft/GameTestServer]: [++++++_+++++++++++++++++_++++++++++                  ]
[09:11:45] [Server thread/INFO] [minecraft/GameTestServer]: [++++++_+++++++++++++++++_++++++++++                  ]
[09:11:45] [Server thread/INFO] [minecraft/GameTestServer]: [++++++_+++++++++++++++++_++++++++++                  ]
[09:11:45] [Server thread/INFO] [minecraft/GameTestServer]: [++++++_+++++++++++++++++_++++++++++                  ]
[09:11:45] [Server thread/INFO] [minecraft/GameTestServer]: [++++++_+++++++++++++++++_++++++++++                  ]
[09:11:45] [Server thread/INFO] [minecraft/GameTestServer]: [++++++_+++++++++++++++++_++++++++++                  ]
[09:11:45] [Server thread/INFO] [minecraft/GameTestServer]: [++++++_+++++++++++++++++_++++++++++                  ]
[09:11:45] [Server thread/INFO] [minecraft/GameTestServer]: [++++++_+++++++++++++++++_++++++++++                  ]
[09:11:45] [Server thread/INFO] [minecraft/GameTestServer]: [++++++_+++++++++++++++++_++++++++++                  ]
[09:11:45] [Server thread/INFO] [minecraft/GameTestServer]: [++++++_+++++++++++++++++_++++++++++                  ]
[09:11:45] [Server thread/INFO] [minecraft/GameTestServer]: [++++++_+++++++++++++++++_++++++++++                  ]
CHAIN_DIAGNOSTIC activity=Optional[work] job=Optional[ResourceKey[minecraft:dimension / minecraft:overworld] BlockPos{x=14773504, y=-58, z=4803610}] task=EXTRACT failure=NO_INPUT paths=3 inventory=[0 minecraft:air, 0 minecraft:air, 0 minecraft:air, 0 minecraft:air, 0 minecraft:air, 0 minecraft:air, 0 minecraft:air, 0 minecraft:air] walk=Optional.empty time=3846
[09:11:45] [Server thread/INFO] [minecraft/GameTestServer]: [++++++_+++++++++++++++++_++++++++++                  ]
[09:11:45] [Server thread/INFO] [minecraft/GameTestServer]: [++++++_+++++++++++++++++_++++++++++                  ]
[09:11:45] [Server thread/INFO] [minecraft/GameTestServer]: [++++++_+++++++++++++++++_++++++++++                  ]
[09:11:45] [Server thread/INFO] [minecraft/GameTestServer]: [++++++_+++++++++++++++++_++++++++++                  ]
[09:11:45] [Server thread/INFO] [minecraft/GameTestServer]: [++++++_+++++++++++++++++_++++++++++                  ]
[09:11:45] [Server thread/INFO] [minecraft/GameTestServer]: [++++++_+++++++++++++++++_++++++++++                  ]
[09:11:45] [Server thread/INFO] [minecraft/GameTestServer]: [++++++_+++++++++++++++++_++++++++++                  ]
[09:11:45] [Server thread/INFO] [minecraft/GameTestServer]: [++++++_+++++++++++++++++_++++++++++                  ]
[09:11:45] [Server thread/INFO] [minecraft/GameTestServer]: [++++++_+++++++++++++++++_++++++++++                  ]
[09:11:46] [Server thread/INFO] [minecraft/GameTestServer]: [++++++_+++++++++++++++++_++++++++++                  ]
[09:11:46] [Server thread/INFO] [minecraft/GameTestServer]: [++++++_+++++++++++++++++_++++++++++                  ]
[09:11:46] [Server thread/INFO] [minecraft/GameTestServer]: [++++++_+++++++++++++++++_++++++++++                  ]
[09:11:46] [Server thread/INFO] [minecraft/GameTestServer]: [++++++_+++++++++++++++++_++++++++++                  ]
[09:11:46] [Server thread/INFO] [minecraft/GameTestServer]: [++++++_+++++++++++++++++_++++++++++                  ]
[09:11:46] [Server thread/INFO] [minecraft/GameTestServer]: [++++++_+++++++++++++++++_++++++++++                  ]
[09:11:46] [Server thread/INFO] [minecraft/GameTestServer]: [++++++_+++++++++++++++++_++++++++++                  ]
[09:11:46] [Server thread/INFO] [minecraft/GameTestServer]: [++++++_+++++++++++++++++_++++++++++                  ]
[09:11:46] [Server thread/INFO] [minecraft/GameTestServer]: [++++++_+++++++++++++++++_++++++++++                  ]
[09:11:46] [Server thread/INFO] [minecraft/GameTestServer]: [++++++_+++++++++++++++++_++++++++++                  ]
[09:11:46] [Server thread/INFO] [minecraft/GameTestServer]: [++++++_+++++++++++++++++_++++++++++                  ]
[09:11:46] [Server thread/INFO] [minecraft/GameTestServer]: [++++++_+++++++++++++++++_++++++++++                  ]
[09:11:46] [Server thread/INFO] [minecraft/GameTestServer]: [++++++_+++++++++++++++++_++++++++++                  ]
SETTLEMENT_BREWER_PASS existingVat=true duration=1200 malt=4 bucket=1
[09:11:46] [Server thread/INFO] [minecraft/GameTestServer]: [++++++++++++++++++++++++_++++++++++                  ]
[09:11:46] [Server thread/INFO] [minecraft/GameTestServer]: [++++++++++++++++++++++++_++++++++++                  ]
[09:11:46] [Server thread/INFO] [minecraft/GameTestServer]: [++++++++++++++++++++++++_++++++++++                  ]
[09:11:46] [Server thread/INFO] [minecraft/GameTestServer]: [++++++++++++++++++++++++_++++++++++                  ]
[09:11:46] [Server thread/INFO] [minecraft/GameTestServer]: [++++++++++++++++++++++++_++++++++++                  ]
[09:11:46] [Server thread/INFO] [minecraft/GameTestServer]: [++++++++++++++++++++++++_++++++++++                  ]
[09:11:46] [Server thread/INFO] [minecraft/GameTestServer]: [++++++++++++++++++++++++_++++++++++                  ]
[09:11:46] [Server thread/INFO] [minecraft/GameTestServer]: [++++++++++++++++++++++++_++++++++++                  ]
[09:11:46] [Server thread/INFO] [minecraft/GameTestServer]: [++++++++++++++++++++++++_++++++++++                  ]
[09:11:46] [Server thread/INFO] [minecraft/GameTestServer]: [++++++++++++++++++++++++_++++++++++                  ]
[09:11:46] [Server thread/INFO] [minecraft/GameTestServer]: [++++++++++++++++++++++++_++++++++++                  ]
[09:11:46] [Server thread/INFO] [minecraft/GameTestServer]: [++++++++++++++++++++++++_++++++++++                  ]
[09:11:46] [Server thread/INFO] [minecraft/GameTestServer]: [++++++++++++++++++++++++_++++++++++                  ]
[09:11:46] [Server thread/INFO] [minecraft/GameTestServer]: [++++++++++++++++++++++++_++++++++++                  ]
[09:11:46] [Server thread/INFO] [minecraft/GameTestServer]: [++++++++++++++++++++++++_++++++++++                  ]
[09:11:46] [Server thread/INFO] [minecraft/GameTestServer]: [++++++++++++++++++++++++_++++++++++                  ]
[09:11:46] [Server thread/INFO] [minecraft/GameTestServer]: [++++++++++++++++++++++++_++++++++++                  ]
[09:11:46] [Server thread/INFO] [minecraft/GameTestServer]: [++++++++++++++++++++++++_++++++++++                  ]
[09:11:46] [Server thread/INFO] [minecraft/GameTestServer]: [++++++++++++++++++++++++_++++++++++                  ]
[09:11:46] [Server thread/INFO] [minecraft/GameTestServer]: [++++++++++++++++++++++++_++++++++++                  ]
[09:11:46] [Server thread/INFO] [minecraft/GameTestServer]: [++++++++++++++++++++++++_++++++++++                  ]
[09:11:46] [Server thread/INFO] [minecraft/GameTestServer]: [++++++++++++++++++++++++_++++++++++                  ]
[09:11:46] [Server thread/INFO] [minecraft/GameTestServer]: [++++++++++++++++++++++++_++++++++++                  ]
CHAIN_FINAL_DIAGNOSTIC pos=(1.4773505132552255E7, -57.25, 4803610.113975095) storage=BlockPos{x=14773510, y=-58, z=4803610} task=DEPOSIT failure=PRODUCED paths=5 actions=6 cooldown=99 inventory=[1 slavicmyths:wheat_flour, 0 minecraft:air, 0 minecraft:air, 0 minecraft:air, 0 minecraft:air, 0 minecraft:air, 0 minecraft:air, 0 minecraft:air] walk=Optional.empty depositAllowed=[true, false, false, false, false, false, false, false] running=[VillageWork, RunOne]
[09:11:46] [Server thread/INFO] [minecraft/GameTestServer]: [++++++++++++++++++++++++_++++++++++                  ]
[09:11:46] [Server thread/INFO] [minecraft/GameTestServer]: [++++++++++++++++++++++++_++++++++++                  ]
[09:11:46] [Server thread/INFO] [minecraft/GameTestServer]: [++++++++++++++++++++++++_++++++++++                  ]
[09:11:46] [Server thread/INFO] [minecraft/GameTestServer]: [++++++++++++++++++++++++_++++++++++                  ]
[09:11:46] [Server thread/INFO] [minecraft/GameTestServer]: [++++++++++++++++++++++++_++++++++++                  ]
[09:11:46] [Server thread/INFO] [minecraft/GameTestServer]: [++++++++++++++++++++++++_++++++++++                  ]
[09:11:46] [Server thread/INFO] [minecraft/GameTestServer]: [++++++++++++++++++++++++_++++++++++                  ]
[09:11:46] [Server thread/INFO] [minecraft/GameTestServer]: [++++++++++++++++++++++++_++++++++++                  ]
[09:11:46] [Server thread/INFO] [minecraft/GameTestServer]: [++++++++++++++++++++++++_++++++++++                  ]
[09:11:46] [Server thread/INFO] [minecraft/GameTestServer]: [++++++++++++++++++++++++_++++++++++                  ]
[09:11:46] [Server thread/INFO] [minecraft/GameTestServer]: [++++++++++++++++++++++++_++++++++++                  ]
SETTLEMENT_PHYSICAL_CHAIN_PASS wheat=4 flour=2 physicalActions=7 tradeXPunchanged=true
[09:11:46] [Server thread/INFO] [minecraft/GameTestRunner]: Running test batch 'night:0' (1 tests)...
[09:11:46] [Server thread/INFO] [minecraft/GameTestServer]: [+++++++++++++++++++++++++++++++++++                  ]
[09:11:46] [Server thread/INFO] [minecraft/GameTestServer]: [+++++++++++++++++++++++++++++++++++_                 ]
[09:11:46] [Server thread/INFO] [minecraft/GameTestServer]: [+++++++++++++++++++++++++++++++++++_                 ]
[09:11:46] [Server thread/INFO] [minecraft/GameTestServer]: [+++++++++++++++++++++++++++++++++++_                 ]
[09:11:46] [Server thread/INFO] [minecraft/GameTestServer]: [+++++++++++++++++++++++++++++++++++_                 ]
[09:11:46] [Server thread/INFO] [minecraft/GameTestServer]: [+++++++++++++++++++++++++++++++++++_                 ]
[09:11:46] [Server thread/INFO] [minecraft/GameTestServer]: [+++++++++++++++++++++++++++++++++++_                 ]
[09:11:46] [Server thread/INFO] [minecraft/GameTestServer]: [+++++++++++++++++++++++++++++++++++_                 ]
[09:11:46] [Server thread/INFO] [minecraft/GameTestServer]: [+++++++++++++++++++++++++++++++++++_                 ]
[09:11:46] [Server thread/INFO] [minecraft/GameTestServer]: [+++++++++++++++++++++++++++++++++++_                 ]
[09:11:46] [Server thread/INFO] [minecraft/GameTestServer]: [+++++++++++++++++++++++++++++++++++_                 ]
[09:11:46] [Server thread/INFO] [minecraft/GameTestServer]: [+++++++++++++++++++++++++++++++++++_                 ]
[09:11:46] [Server thread/INFO] [minecraft/GameTestServer]: [+++++++++++++++++++++++++++++++++++_                 ]
[09:11:46] [Server thread/INFO] [minecraft/GameTestServer]: [+++++++++++++++++++++++++++++++++++_                 ]
[09:11:46] [Server thread/INFO] [minecraft/GameTestServer]: [+++++++++++++++++++++++++++++++++++_                 ]
[09:11:46] [Server thread/INFO] [minecraft/GameTestServer]: [+++++++++++++++++++++++++++++++++++_                 ]
[09:11:46] [Server thread/INFO] [minecraft/GameTestServer]: [+++++++++++++++++++++++++++++++++++_                 ]
[09:11:46] [Server thread/INFO] [minecraft/GameTestServer]: [+++++++++++++++++++++++++++++++++++_                 ]
[09:11:46] [Server thread/INFO] [minecraft/GameTestServer]: [+++++++++++++++++++++++++++++++++++_                 ]
[09:11:46] [Server thread/INFO] [minecraft/GameTestServer]: [+++++++++++++++++++++++++++++++++++_                 ]
[09:11:46] [Server thread/INFO] [minecraft/GameTestServer]: [+++++++++++++++++++++++++++++++++++_                 ]
[09:11:46] [Server thread/INFO] [minecraft/GameTestServer]: [+++++++++++++++++++++++++++++++++++_                 ]
[09:11:46] [Server thread/INFO] [minecraft/GameTestServer]: [+++++++++++++++++++++++++++++++++++_                 ]
[09:11:46] [Server thread/INFO] [minecraft/GameTestServer]: [+++++++++++++++++++++++++++++++++++_                 ]
[09:11:46] [Server thread/INFO] [minecraft/GameTestServer]: [+++++++++++++++++++++++++++++++++++_                 ]
[09:11:46] [Server thread/INFO] [minecraft/GameTestServer]: [+++++++++++++++++++++++++++++++++++_                 ]
SETTLEMENT_NIGHT_PASS actualDayTime=13000 noIndustry=true nativeSchedule=true
[09:11:46] [Server thread/INFO] [minecraft/GameTestRunner]: Running test batch 'fishing:0' (1 tests)...
[09:11:46] [Server thread/INFO] [minecraft/GameTestServer]: [++++++++++++++++++++++++++++++++++++                 ]
[09:11:46] [Server thread/INFO] [minecraft/GameTestServer]: [++++++++++++++++++++++++++++++++++++                 ]
[09:11:46] [Server thread/INFO] [minecraft/GameTestServer]: [++++++++++++++++++++++++++++++++++++_                ]
[09:11:46] [Server thread/INFO] [minecraft/GameTestServer]: [++++++++++++++++++++++++++++++++++++_                ]
[09:11:46] [Server thread/INFO] [minecraft/GameTestServer]: [++++++++++++++++++++++++++++++++++++_                ]
[09:11:46] [Server thread/INFO] [minecraft/GameTestServer]: [++++++++++++++++++++++++++++++++++++_                ]
[09:11:46] [Server thread/INFO] [minecraft/GameTestServer]: [++++++++++++++++++++++++++++++++++++_                ]
[09:11:46] [Server thread/INFO] [minecraft/GameTestServer]: [++++++++++++++++++++++++++++++++++++_                ]
[09:11:46] [Server thread/INFO] [minecraft/GameTestServer]: [++++++++++++++++++++++++++++++++++++_                ]
[09:11:46] [Server thread/INFO] [minecraft/GameTestServer]: [++++++++++++++++++++++++++++++++++++_                ]
[09:11:46] [Server thread/INFO] [minecraft/GameTestServer]: [++++++++++++++++++++++++++++++++++++_                ]
[09:11:46] [Server thread/INFO] [minecraft/GameTestServer]: [++++++++++++++++++++++++++++++++++++_                ]
[09:11:46] [Server thread/INFO] [minecraft/GameTestServer]: [++++++++++++++++++++++++++++++++++++_                ]
[09:11:46] [Server thread/INFO] [minecraft/GameTestServer]: [++++++++++++++++++++++++++++++++++++_                ]
[09:11:46] [Server thread/INFO] [minecraft/GameTestServer]: [++++++++++++++++++++++++++++++++++++_                ]
[09:11:46] [Server thread/INFO] [minecraft/GameTestServer]: [++++++++++++++++++++++++++++++++++++_                ]
[09:11:46] [Server thread/INFO] [minecraft/GameTestServer]: [++++++++++++++++++++++++++++++++++++_                ]
[09:11:46] [Server thread/INFO] [minecraft/GameTestServer]: [++++++++++++++++++++++++++++++++++++_                ]
[09:11:46] [Server thread/INFO] [minecraft/GameTestServer]: [++++++++++++++++++++++++++++++++++++_                ]
[09:11:46] [Server thread/INFO] [minecraft/GameTestServer]: [++++++++++++++++++++++++++++++++++++_                ]
[09:11:46] [Server thread/INFO] [minecraft/GameTestServer]: [++++++++++++++++++++++++++++++++++++_                ]
[09:11:46] [Server thread/INFO] [minecraft/GameTestServer]: [++++++++++++++++++++++++++++++++++++_                ]
[09:11:46] [Server thread/INFO] [minecraft/GameTestServer]: [++++++++++++++++++++++++++++++++++++_                ]
[09:11:46] [Server thread/INFO] [minecraft/GameTestServer]: [++++++++++++++++++++++++++++++++++++_                ]
[09:11:46] [Server thread/INFO] [minecraft/GameTestServer]: [++++++++++++++++++++++++++++++++++++_                ]
[09:11:46] [Server thread/INFO] [minecraft/GameTestServer]: [++++++++++++++++++++++++++++++++++++_                ]
[09:11:46] [Server thread/INFO] [minecraft/GameTestServer]: [++++++++++++++++++++++++++++++++++++_                ]
[09:11:46] [Server thread/INFO] [minecraft/GameTestServer]: [++++++++++++++++++++++++++++++++++++_                ]
[09:11:46] [Server thread/INFO] [minecraft/GameTestServer]: [++++++++++++++++++++++++++++++++++++_                ]
[09:11:46] [Server thread/INFO] [minecraft/GameTestServer]: [++++++++++++++++++++++++++++++++++++_                ]
[09:11:46] [Server thread/INFO] [minecraft/GameTestServer]: [++++++++++++++++++++++++++++++++++++_                ]
[09:11:46] [Server thread/INFO] [minecraft/GameTestServer]: [++++++++++++++++++++++++++++++++++++_                ]
[09:11:46] [Server thread/INFO] [minecraft/GameTestServer]: [++++++++++++++++++++++++++++++++++++_                ]
[09:11:46] [Server thread/INFO] [minecraft/GameTestServer]: [++++++++++++++++++++++++++++++++++++_                ]
[09:11:46] [Server thread/INFO] [minecraft/GameTestServer]: [++++++++++++++++++++++++++++++++++++_                ]
[09:11:46] [Server thread/INFO] [minecraft/GameTestServer]: [++++++++++++++++++++++++++++++++++++_                ]
[09:11:46] [Server thread/INFO] [minecraft/GameTestServer]: [++++++++++++++++++++++++++++++++++++_                ]
[09:11:46] [Server thread/INFO] [minecraft/GameTestServer]: [++++++++++++++++++++++++++++++++++++_                ]
[09:11:46] [Server thread/INFO] [minecraft/GameTestServer]: [++++++++++++++++++++++++++++++++++++_                ]
[09:11:46] [Server thread/INFO] [minecraft/GameTestServer]: [++++++++++++++++++++++++++++++++++++_                ]
[09:11:46] [Server thread/INFO] [minecraft/GameTestServer]: [++++++++++++++++++++++++++++++++++++_                ]
[09:11:46] [Server thread/INFO] [minecraft/GameTestServer]: [++++++++++++++++++++++++++++++++++++_                ]
[09:11:46] [Server thread/INFO] [minecraft/GameTestServer]: [++++++++++++++++++++++++++++++++++++_                ]
[09:11:46] [Server thread/INFO] [minecraft/GameTestServer]: [++++++++++++++++++++++++++++++++++++_                ]
[09:11:46] [Server thread/INFO] [minecraft/GameTestServer]: [++++++++++++++++++++++++++++++++++++_                ]
[09:11:46] [Server thread/INFO] [minecraft/GameTestServer]: [++++++++++++++++++++++++++++++++++++_                ]
[09:11:46] [Server thread/INFO] [minecraft/GameTestServer]: [++++++++++++++++++++++++++++++++++++_                ]
[09:11:46] [Server thread/INFO] [minecraft/GameTestServer]: [++++++++++++++++++++++++++++++++++++_                ]
[09:11:46] [Server thread/INFO] [minecraft/GameTestServer]: [++++++++++++++++++++++++++++++++++++_                ]
[09:11:46] [Server thread/INFO] [minecraft/GameTestServer]: [++++++++++++++++++++++++++++++++++++_                ]
[09:11:46] [Server thread/INFO] [minecraft/GameTestServer]: [++++++++++++++++++++++++++++++++++++_                ]
[09:11:46] [Server thread/INFO] [minecraft/GameTestServer]: [++++++++++++++++++++++++++++++++++++_                ]
[09:11:46] [Server thread/INFO] [minecraft/GameTestServer]: [++++++++++++++++++++++++++++++++++++_                ]
[09:11:46] [Server thread/INFO] [minecraft/GameTestServer]: [++++++++++++++++++++++++++++++++++++_                ]
[09:11:46] [Server thread/INFO] [minecraft/GameTestServer]: [++++++++++++++++++++++++++++++++++++_                ]
[09:11:46] [Server thread/INFO] [minecraft/GameTestServer]: [++++++++++++++++++++++++++++++++++++_                ]
[09:11:46] [Server thread/INFO] [minecraft/GameTestServer]: [++++++++++++++++++++++++++++++++++++_                ]
[09:11:46] [Server thread/INFO] [minecraft/GameTestServer]: [++++++++++++++++++++++++++++++++++++_                ]
[09:11:46] [Server thread/INFO] [minecraft/GameTestServer]: [++++++++++++++++++++++++++++++++++++_                ]
[09:11:46] [Server thread/INFO] [minecraft/GameTestServer]: [++++++++++++++++++++++++++++++++++++_                ]
[09:11:46] [Server thread/INFO] [minecraft/GameTestServer]: [++++++++++++++++++++++++++++++++++++_                ]
[09:11:46] [Server thread/INFO] [minecraft/GameTestServer]: [++++++++++++++++++++++++++++++++++++_                ]
[09:11:46] [Server thread/INFO] [minecraft/GameTestServer]: [++++++++++++++++++++++++++++++++++++_                ]
[09:11:46] [Server thread/INFO] [minecraft/GameTestServer]: [++++++++++++++++++++++++++++++++++++_                ]
[09:11:46] [Server thread/INFO] [minecraft/GameTestServer]: [++++++++++++++++++++++++++++++++++++_                ]
[09:11:46] [Server thread/INFO] [minecraft/GameTestServer]: [++++++++++++++++++++++++++++++++++++_                ]
[09:11:46] [Server thread/INFO] [minecraft/GameTestServer]: [++++++++++++++++++++++++++++++++++++_                ]
[09:11:46] [Server thread/INFO] [minecraft/GameTestServer]: [++++++++++++++++++++++++++++++++++++_                ]
[09:11:46] [Server thread/INFO] [minecraft/GameTestServer]: [++++++++++++++++++++++++++++++++++++_                ]
[09:11:46] [Server thread/INFO] [minecraft/GameTestServer]: [++++++++++++++++++++++++++++++++++++_                ]
[09:11:46] [Server thread/INFO] [minecraft/GameTestServer]: [++++++++++++++++++++++++++++++++++++_                ]
[09:11:46] [Server thread/INFO] [minecraft/GameTestServer]: [++++++++++++++++++++++++++++++++++++_                ]
[09:11:46] [Server thread/INFO] [minecraft/GameTestServer]: [++++++++++++++++++++++++++++++++++++_                ]
[09:11:46] [Server thread/INFO] [minecraft/GameTestServer]: [++++++++++++++++++++++++++++++++++++_                ]
[09:11:46] [Server thread/INFO] [minecraft/GameTestServer]: [++++++++++++++++++++++++++++++++++++_                ]
[09:11:46] [Server thread/INFO] [minecraft/GameTestServer]: [++++++++++++++++++++++++++++++++++++_                ]
[09:11:46] [Server thread/INFO] [minecraft/GameTestServer]: [++++++++++++++++++++++++++++++++++++_                ]
[09:11:46] [Server thread/INFO] [minecraft/GameTestServer]: [++++++++++++++++++++++++++++++++++++_                ]
[09:11:46] [Server thread/INFO] [minecraft/GameTestServer]: [++++++++++++++++++++++++++++++++++++_                ]
[09:11:46] [Server thread/INFO] [minecraft/GameTestServer]: [++++++++++++++++++++++++++++++++++++_                ]
[09:11:46] [Server thread/INFO] [minecraft/GameTestServer]: [++++++++++++++++++++++++++++++++++++_                ]
[09:11:46] [Server thread/INFO] [minecraft/GameTestServer]: [++++++++++++++++++++++++++++++++++++_                ]
[09:11:46] [Server thread/INFO] [minecraft/GameTestServer]: [++++++++++++++++++++++++++++++++++++_                ]
[09:11:46] [Server thread/INFO] [minecraft/GameTestServer]: [++++++++++++++++++++++++++++++++++++_                ]
[09:11:47] [Server thread/INFO] [minecraft/GameTestServer]: [++++++++++++++++++++++++++++++++++++_                ]
[09:11:47] [Server thread/INFO] [minecraft/GameTestServer]: [++++++++++++++++++++++++++++++++++++_                ]
[09:11:47] [Server thread/INFO] [minecraft/GameTestServer]: [++++++++++++++++++++++++++++++++++++_                ]
[09:11:47] [Server thread/INFO] [minecraft/GameTestServer]: [++++++++++++++++++++++++++++++++++++_                ]
[09:11:47] [Server thread/INFO] [minecraft/GameTestServer]: [++++++++++++++++++++++++++++++++++++_                ]
[09:11:47] [Server thread/INFO] [minecraft/GameTestServer]: [++++++++++++++++++++++++++++++++++++_                ]
SETTLEMENT_FISHING_PASS existingWaterFishing=true catch=1 rodDamage=1 physicalDeposit=true
[09:11:47] [Server thread/INFO] [minecraft/GameTestRunner]: Running test batch 'military_restart:0' (1 tests)...
[09:11:47] [Server thread/INFO] [minecraft/GameTestServer]: [+++++++++++++++++++++++++++++++++++++                ]
[09:11:47] [Server thread/INFO] [minecraft/GameTestServer]: [+++++++++++++++++++++++++++++++++++++                ]
[09:11:47] [Server thread/INFO] [minecraft/GameTestRunner]: Running test batch 'shepherd:0' (1 tests)...
[09:11:47] [Server thread/INFO] [minecraft/GameTestServer]: [++++++++++++++++++++++++++++++++++++++               ]
[09:11:47] [Server thread/INFO] [minecraft/GameTestServer]: [++++++++++++++++++++++++++++++++++++++_              ]
[09:11:47] [Server thread/INFO] [minecraft/GameTestServer]: [++++++++++++++++++++++++++++++++++++++_              ]
[09:11:47] [Server thread/INFO] [minecraft/GameTestServer]: [++++++++++++++++++++++++++++++++++++++_              ]
[09:11:47] [Server thread/INFO] [minecraft/GameTestServer]: [++++++++++++++++++++++++++++++++++++++_              ]
[09:11:47] [Server thread/INFO] [minecraft/GameTestServer]: [++++++++++++++++++++++++++++++++++++++_              ]
[09:11:47] [Server thread/INFO] [minecraft/GameTestServer]: [++++++++++++++++++++++++++++++++++++++_              ]
[09:11:47] [Server thread/INFO] [minecraft/GameTestServer]: [++++++++++++++++++++++++++++++++++++++_              ]
[09:11:47] [Server thread/INFO] [minecraft/GameTestServer]: [++++++++++++++++++++++++++++++++++++++_              ]
[09:11:47] [Server thread/INFO] [minecraft/GameTestServer]: [++++++++++++++++++++++++++++++++++++++_              ]
[09:11:47] [Server thread/INFO] [minecraft/GameTestServer]: [++++++++++++++++++++++++++++++++++++++_              ]
[09:11:47] [Server thread/INFO] [minecraft/GameTestServer]: [++++++++++++++++++++++++++++++++++++++_              ]
[09:11:47] [Server thread/INFO] [minecraft/GameTestServer]: [++++++++++++++++++++++++++++++++++++++_              ]
[09:11:47] [Server thread/INFO] [minecraft/GameTestServer]: [++++++++++++++++++++++++++++++++++++++_              ]
[09:11:47] [Server thread/INFO] [minecraft/GameTestServer]: [++++++++++++++++++++++++++++++++++++++_              ]
[09:11:47] [Server thread/INFO] [minecraft/GameTestServer]: [++++++++++++++++++++++++++++++++++++++_              ]
[09:11:47] [Server thread/INFO] [minecraft/GameTestServer]: [++++++++++++++++++++++++++++++++++++++_              ]
[09:11:47] [Server thread/INFO] [minecraft/GameTestServer]: [++++++++++++++++++++++++++++++++++++++_              ]
[09:11:47] [Server thread/INFO] [minecraft/GameTestServer]: [++++++++++++++++++++++++++++++++++++++_              ]
[09:11:47] [Server thread/INFO] [minecraft/GameTestServer]: [++++++++++++++++++++++++++++++++++++++_              ]
[09:11:47] [Server thread/INFO] [minecraft/GameTestServer]: [++++++++++++++++++++++++++++++++++++++_              ]
[09:11:47] [Server thread/INFO] [minecraft/GameTestServer]: [++++++++++++++++++++++++++++++++++++++_              ]
[09:11:47] [Server thread/INFO] [minecraft/GameTestServer]: [++++++++++++++++++++++++++++++++++++++_              ]
[09:11:47] [Server thread/INFO] [minecraft/GameTestServer]: [++++++++++++++++++++++++++++++++++++++_              ]
[09:11:47] [Server thread/INFO] [minecraft/GameTestServer]: [++++++++++++++++++++++++++++++++++++++_              ]
[09:11:47] [Server thread/INFO] [minecraft/GameTestServer]: [++++++++++++++++++++++++++++++++++++++_              ]
[09:11:47] [Server thread/INFO] [minecraft/GameTestServer]: [++++++++++++++++++++++++++++++++++++++_              ]
[09:11:47] [Server thread/INFO] [minecraft/GameTestServer]: [++++++++++++++++++++++++++++++++++++++_              ]
[09:11:47] [Server thread/INFO] [minecraft/GameTestServer]: [++++++++++++++++++++++++++++++++++++++_              ]
[09:11:47] [Server thread/INFO] [minecraft/GameTestServer]: [++++++++++++++++++++++++++++++++++++++_              ]
[09:11:47] [Server thread/INFO] [minecraft/GameTestServer]: [++++++++++++++++++++++++++++++++++++++_              ]
[09:11:47] [Server thread/INFO] [minecraft/GameTestServer]: [++++++++++++++++++++++++++++++++++++++_              ]
[09:11:47] [Server thread/INFO] [minecraft/GameTestServer]: [++++++++++++++++++++++++++++++++++++++_              ]
[09:11:47] [Server thread/INFO] [minecraft/GameTestServer]: [++++++++++++++++++++++++++++++++++++++_              ]
[09:11:47] [Server thread/INFO] [minecraft/GameTestServer]: [++++++++++++++++++++++++++++++++++++++_              ]
[09:11:47] [Server thread/INFO] [minecraft/GameTestServer]: [++++++++++++++++++++++++++++++++++++++_              ]
[09:11:47] [Server thread/INFO] [minecraft/GameTestServer]: [++++++++++++++++++++++++++++++++++++++_              ]
[09:11:47] [Server thread/INFO] [minecraft/GameTestServer]: [++++++++++++++++++++++++++++++++++++++_              ]
[09:11:47] [Server thread/INFO] [minecraft/GameTestServer]: [++++++++++++++++++++++++++++++++++++++_              ]
[09:11:47] [Server thread/INFO] [minecraft/GameTestServer]: [++++++++++++++++++++++++++++++++++++++_              ]
[09:11:47] [Server thread/INFO] [minecraft/GameTestServer]: [++++++++++++++++++++++++++++++++++++++_              ]
[09:11:47] [Server thread/INFO] [minecraft/GameTestServer]: [++++++++++++++++++++++++++++++++++++++_              ]
[09:11:47] [Server thread/INFO] [minecraft/GameTestServer]: [++++++++++++++++++++++++++++++++++++++_              ]
[09:11:47] [Server thread/INFO] [minecraft/GameTestServer]: [++++++++++++++++++++++++++++++++++++++_              ]
[09:11:47] [Server thread/INFO] [minecraft/GameTestServer]: [++++++++++++++++++++++++++++++++++++++_              ]
[09:11:47] [Server thread/INFO] [minecraft/GameTestServer]: [++++++++++++++++++++++++++++++++++++++_              ]
[09:11:47] [Server thread/INFO] [minecraft/GameTestServer]: [++++++++++++++++++++++++++++++++++++++_              ]
[09:11:47] [Server thread/INFO] [minecraft/GameTestServer]: [++++++++++++++++++++++++++++++++++++++_              ]
[09:11:47] [Server thread/INFO] [minecraft/GameTestServer]: [++++++++++++++++++++++++++++++++++++++_              ]
[09:11:47] [Server thread/INFO] [minecraft/GameTestServer]: [++++++++++++++++++++++++++++++++++++++_              ]
[09:11:47] [Server thread/INFO] [minecraft/GameTestServer]: [++++++++++++++++++++++++++++++++++++++_              ]
[09:11:47] [Server thread/INFO] [minecraft/GameTestServer]: [++++++++++++++++++++++++++++++++++++++_              ]
[09:11:47] [Server thread/INFO] [minecraft/GameTestServer]: [++++++++++++++++++++++++++++++++++++++_              ]
[09:11:47] [Server thread/INFO] [minecraft/GameTestServer]: [++++++++++++++++++++++++++++++++++++++_              ]
[09:11:47] [Server thread/INFO] [minecraft/GameTestServer]: [++++++++++++++++++++++++++++++++++++++_              ]
[09:11:47] [Server thread/INFO] [minecraft/GameTestServer]: [++++++++++++++++++++++++++++++++++++++_              ]
[09:11:47] [Server thread/INFO] [minecraft/GameTestServer]: [++++++++++++++++++++++++++++++++++++++_              ]
[09:11:47] [Server thread/INFO] [minecraft/GameTestServer]: [++++++++++++++++++++++++++++++++++++++_              ]
[09:11:47] [Server thread/INFO] [minecraft/GameTestServer]: [++++++++++++++++++++++++++++++++++++++_              ]
[09:11:47] [Server thread/INFO] [minecraft/GameTestServer]: [++++++++++++++++++++++++++++++++++++++_              ]
[09:11:47] [Server thread/INFO] [minecraft/GameTestServer]: [++++++++++++++++++++++++++++++++++++++_              ]
[09:11:47] [Server thread/INFO] [minecraft/GameTestServer]: [++++++++++++++++++++++++++++++++++++++_              ]
[09:11:47] [Server thread/INFO] [minecraft/GameTestServer]: [++++++++++++++++++++++++++++++++++++++_              ]
[09:11:47] [Server thread/INFO] [minecraft/GameTestServer]: [++++++++++++++++++++++++++++++++++++++_              ]
[09:11:47] [Server thread/INFO] [minecraft/GameTestServer]: [++++++++++++++++++++++++++++++++++++++_              ]
[09:11:47] [Server thread/INFO] [minecraft/GameTestServer]: [++++++++++++++++++++++++++++++++++++++_              ]
[09:11:47] [Server thread/INFO] [minecraft/GameTestServer]: [++++++++++++++++++++++++++++++++++++++_              ]
[09:11:47] [Server thread/INFO] [minecraft/GameTestServer]: [++++++++++++++++++++++++++++++++++++++_              ]
[09:11:47] [Server thread/INFO] [minecraft/GameTestServer]: [++++++++++++++++++++++++++++++++++++++_              ]
[09:11:47] [Server thread/INFO] [minecraft/GameTestServer]: [++++++++++++++++++++++++++++++++++++++_              ]
[09:11:47] [Server thread/INFO] [minecraft/GameTestServer]: [++++++++++++++++++++++++++++++++++++++_              ]
[09:11:47] [Server thread/INFO] [minecraft/GameTestServer]: [++++++++++++++++++++++++++++++++++++++_              ]
[09:11:47] [Server thread/INFO] [minecraft/GameTestServer]: [++++++++++++++++++++++++++++++++++++++_              ]
[09:11:47] [Server thread/INFO] [minecraft/GameTestServer]: [++++++++++++++++++++++++++++++++++++++_              ]
[09:11:47] [Server thread/INFO] [minecraft/GameTestServer]: [++++++++++++++++++++++++++++++++++++++_              ]
[09:11:47] [Server thread/INFO] [minecraft/GameTestServer]: [++++++++++++++++++++++++++++++++++++++_              ]
[09:11:47] [Server thread/INFO] [minecraft/GameTestServer]: [++++++++++++++++++++++++++++++++++++++_              ]
[09:11:47] [Server thread/INFO] [minecraft/GameTestServer]: [++++++++++++++++++++++++++++++++++++++_              ]
[09:11:47] [Server thread/INFO] [minecraft/GameTestServer]: [++++++++++++++++++++++++++++++++++++++_              ]
[09:11:47] [Server thread/INFO] [minecraft/GameTestServer]: [++++++++++++++++++++++++++++++++++++++_              ]
[09:11:47] [Server thread/INFO] [minecraft/GameTestServer]: [++++++++++++++++++++++++++++++++++++++_              ]
[09:11:47] [Server thread/INFO] [minecraft/GameTestServer]: [++++++++++++++++++++++++++++++++++++++_              ]
[09:11:47] [Server thread/INFO] [minecraft/GameTestServer]: [++++++++++++++++++++++++++++++++++++++_              ]
[09:11:47] [Server thread/INFO] [minecraft/GameTestServer]: [++++++++++++++++++++++++++++++++++++++_              ]
[09:11:47] [Server thread/INFO] [minecraft/GameTestServer]: [++++++++++++++++++++++++++++++++++++++_              ]
[09:11:47] [Server thread/INFO] [minecraft/GameTestServer]: [++++++++++++++++++++++++++++++++++++++_              ]
[09:11:47] [Server thread/INFO] [minecraft/GameTestServer]: [++++++++++++++++++++++++++++++++++++++_              ]
[09:11:47] [Server thread/INFO] [minecraft/GameTestServer]: [++++++++++++++++++++++++++++++++++++++_              ]
[09:11:47] [Server thread/INFO] [minecraft/GameTestServer]: [++++++++++++++++++++++++++++++++++++++_              ]
[09:11:47] [Server thread/INFO] [minecraft/GameTestServer]: [++++++++++++++++++++++++++++++++++++++_              ]
[09:11:47] [Server thread/INFO] [minecraft/GameTestServer]: [++++++++++++++++++++++++++++++++++++++_              ]
[09:11:47] [Server thread/INFO] [minecraft/GameTestServer]: [++++++++++++++++++++++++++++++++++++++_              ]
[09:11:47] [Server thread/INFO] [minecraft/GameTestServer]: [++++++++++++++++++++++++++++++++++++++_              ]
[09:11:47] [Server thread/INFO] [minecraft/GameTestServer]: [++++++++++++++++++++++++++++++++++++++_              ]
[09:11:47] [Server thread/INFO] [minecraft/GameTestServer]: [++++++++++++++++++++++++++++++++++++++_              ]
[09:11:47] [Server thread/INFO] [minecraft/GameTestServer]: [++++++++++++++++++++++++++++++++++++++_              ]
[09:11:47] [Server thread/INFO] [minecraft/GameTestServer]: [++++++++++++++++++++++++++++++++++++++_              ]
[09:11:47] [Server thread/INFO] [minecraft/GameTestServer]: [++++++++++++++++++++++++++++++++++++++_              ]
[09:11:47] [Server thread/INFO] [minecraft/GameTestServer]: [++++++++++++++++++++++++++++++++++++++_              ]
[09:11:47] [Server thread/INFO] [minecraft/GameTestServer]: [++++++++++++++++++++++++++++++++++++++_              ]
[09:11:47] [Server thread/INFO] [minecraft/GameTestServer]: [++++++++++++++++++++++++++++++++++++++_              ]
[09:11:47] [Server thread/INFO] [minecraft/GameTestServer]: [++++++++++++++++++++++++++++++++++++++_              ]
[09:11:47] [Server thread/INFO] [minecraft/GameTestServer]: [++++++++++++++++++++++++++++++++++++++_              ]
[09:11:47] [Server thread/INFO] [minecraft/GameTestServer]: [++++++++++++++++++++++++++++++++++++++_              ]
[09:11:47] [Server thread/INFO] [minecraft/GameTestServer]: [++++++++++++++++++++++++++++++++++++++_              ]
[09:11:47] [Server thread/INFO] [minecraft/GameTestServer]: [++++++++++++++++++++++++++++++++++++++_              ]
[09:11:47] [Server thread/INFO] [minecraft/GameTestServer]: [++++++++++++++++++++++++++++++++++++++_              ]
[09:11:47] [Server thread/INFO] [minecraft/GameTestServer]: [++++++++++++++++++++++++++++++++++++++_              ]
[09:11:47] [Server thread/INFO] [minecraft/GameTestServer]: [++++++++++++++++++++++++++++++++++++++_              ]
[09:11:47] [Server thread/INFO] [minecraft/GameTestServer]: [++++++++++++++++++++++++++++++++++++++_              ]
[09:11:47] [Server thread/INFO] [minecraft/GameTestServer]: [++++++++++++++++++++++++++++++++++++++_              ]
[09:11:47] [Server thread/INFO] [minecraft/GameTestServer]: [++++++++++++++++++++++++++++++++++++++_              ]
[09:11:47] [Server thread/INFO] [minecraft/GameTestServer]: [++++++++++++++++++++++++++++++++++++++_              ]
[09:11:47] [Server thread/INFO] [minecraft/GameTestServer]: [++++++++++++++++++++++++++++++++++++++_              ]
[09:11:47] [Server thread/INFO] [minecraft/GameTestServer]: [++++++++++++++++++++++++++++++++++++++_              ]
[09:11:47] [Server thread/INFO] [minecraft/GameTestServer]: [++++++++++++++++++++++++++++++++++++++_              ]
[09:11:47] [Server thread/INFO] [minecraft/GameTestServer]: [++++++++++++++++++++++++++++++++++++++_              ]
[09:11:47] [Server thread/INFO] [minecraft/GameTestServer]: [++++++++++++++++++++++++++++++++++++++_              ]
[09:11:47] [Server thread/INFO] [minecraft/GameTestServer]: [++++++++++++++++++++++++++++++++++++++_              ]
[09:11:47] [Server thread/INFO] [minecraft/GameTestServer]: [++++++++++++++++++++++++++++++++++++++_              ]
[09:11:47] [Server thread/INFO] [minecraft/GameTestServer]: [++++++++++++++++++++++++++++++++++++++_              ]
SHEPHERD_DIAGNOSTIC sheared=true pos=(1.4773607149987571E7, -58.0, 4803630.137177932) inventory=[1 minecraft:shears, 2 minecraft:white_wool, 0 minecraft:air, 0 minecraft:air, 0 minecraft:air, 0 minecraft:air, 0 minecraft:air, 0 minecraft:air] task=DEPOSIT failure=SHEARED storage=BlockPos{x=14773612, y=-58, z=4803634} items=[]
[09:11:47] [Server thread/INFO] [minecraft/GameTestServer]: [++++++++++++++++++++++++++++++++++++++_              ]
[09:11:47] [Server thread/INFO] [minecraft/GameTestServer]: [++++++++++++++++++++++++++++++++++++++_              ]
[09:11:47] [Server thread/INFO] [minecraft/GameTestServer]: [++++++++++++++++++++++++++++++++++++++_              ]
[09:11:47] [Server thread/INFO] [minecraft/GameTestServer]: [++++++++++++++++++++++++++++++++++++++_              ]
[09:11:47] [Server thread/INFO] [minecraft/GameTestServer]: [++++++++++++++++++++++++++++++++++++++_              ]
[09:11:47] [Server thread/INFO] [minecraft/GameTestServer]: [++++++++++++++++++++++++++++++++++++++_              ]
[09:11:47] [Server thread/INFO] [minecraft/GameTestServer]: [++++++++++++++++++++++++++++++++++++++_              ]
[09:11:47] [Server thread/INFO] [minecraft/GameTestServer]: [++++++++++++++++++++++++++++++++++++++_              ]
[09:11:47] [Server thread/INFO] [minecraft/GameTestServer]: [++++++++++++++++++++++++++++++++++++++_              ]
[09:11:47] [Server thread/INFO] [minecraft/GameTestServer]: [++++++++++++++++++++++++++++++++++++++_              ]
[09:11:47] [Server thread/INFO] [minecraft/GameTestServer]: [++++++++++++++++++++++++++++++++++++++_              ]
[09:11:47] [Server thread/INFO] [minecraft/GameTestServer]: [++++++++++++++++++++++++++++++++++++++_              ]
[09:11:47] [Server thread/INFO] [minecraft/GameTestServer]: [++++++++++++++++++++++++++++++++++++++_              ]
[09:11:47] [Server thread/INFO] [minecraft/GameTestServer]: [++++++++++++++++++++++++++++++++++++++_              ]
[09:11:47] [Server thread/INFO] [minecraft/GameTestServer]: [++++++++++++++++++++++++++++++++++++++_              ]
[09:11:47] [Server thread/INFO] [minecraft/GameTestServer]: [++++++++++++++++++++++++++++++++++++++_              ]
[09:11:47] [Server thread/INFO] [minecraft/GameTestServer]: [++++++++++++++++++++++++++++++++++++++_              ]
[09:11:47] [Server thread/INFO] [minecraft/GameTestServer]: [++++++++++++++++++++++++++++++++++++++_              ]
[09:11:47] [Server thread/INFO] [minecraft/GameTestServer]: [++++++++++++++++++++++++++++++++++++++_              ]
[09:11:47] [Server thread/INFO] [minecraft/GameTestServer]: [++++++++++++++++++++++++++++++++++++++_              ]
[09:11:47] [Server thread/INFO] [minecraft/GameTestServer]: [++++++++++++++++++++++++++++++++++++++_              ]
[09:11:47] [Server thread/INFO] [minecraft/GameTestServer]: [++++++++++++++++++++++++++++++++++++++_              ]
[09:11:47] [Server thread/INFO] [minecraft/GameTestServer]: [++++++++++++++++++++++++++++++++++++++_              ]
[09:11:47] [Server thread/INFO] [minecraft/GameTestServer]: [++++++++++++++++++++++++++++++++++++++_              ]
[09:11:47] [Server thread/INFO] [minecraft/GameTestServer]: [++++++++++++++++++++++++++++++++++++++_              ]
[09:11:47] [Server thread/INFO] [minecraft/GameTestServer]: [++++++++++++++++++++++++++++++++++++++_              ]
[09:11:47] [Server thread/INFO] [minecraft/GameTestServer]: [++++++++++++++++++++++++++++++++++++++_              ]
[09:11:47] [Server thread/INFO] [minecraft/GameTestServer]: [++++++++++++++++++++++++++++++++++++++_              ]
[09:11:47] [Server thread/INFO] [minecraft/GameTestServer]: [++++++++++++++++++++++++++++++++++++++_              ]
[09:11:47] [Server thread/INFO] [minecraft/GameTestServer]: [++++++++++++++++++++++++++++++++++++++_              ]
[09:11:47] [Server thread/INFO] [minecraft/GameTestServer]: [++++++++++++++++++++++++++++++++++++++_              ]
[09:11:47] [Server thread/INFO] [minecraft/GameTestServer]: [++++++++++++++++++++++++++++++++++++++_              ]
[09:11:47] [Server thread/INFO] [minecraft/GameTestServer]: [++++++++++++++++++++++++++++++++++++++_              ]
[09:11:47] [Server thread/INFO] [minecraft/GameTestServer]: [++++++++++++++++++++++++++++++++++++++_              ]
[09:11:47] [Server thread/INFO] [minecraft/GameTestServer]: [++++++++++++++++++++++++++++++++++++++_              ]
[09:11:47] [Server thread/INFO] [minecraft/GameTestServer]: [++++++++++++++++++++++++++++++++++++++_              ]
[09:11:47] [Server thread/INFO] [minecraft/GameTestServer]: [++++++++++++++++++++++++++++++++++++++_              ]
[09:11:47] [Server thread/INFO] [minecraft/GameTestServer]: [++++++++++++++++++++++++++++++++++++++_              ]
[09:11:47] [Server thread/INFO] [minecraft/GameTestServer]: [++++++++++++++++++++++++++++++++++++++_              ]
[09:11:47] [Server thread/INFO] [minecraft/GameTestServer]: [++++++++++++++++++++++++++++++++++++++_              ]
[09:11:47] [Server thread/INFO] [minecraft/GameTestServer]: [++++++++++++++++++++++++++++++++++++++_              ]
[09:11:47] [Server thread/INFO] [minecraft/GameTestServer]: [++++++++++++++++++++++++++++++++++++++_              ]
[09:11:47] [Server thread/INFO] [minecraft/GameTestServer]: [++++++++++++++++++++++++++++++++++++++_              ]
[09:11:47] [Server thread/INFO] [minecraft/GameTestServer]: [++++++++++++++++++++++++++++++++++++++_              ]
[09:11:47] [Server thread/INFO] [minecraft/GameTestServer]: [++++++++++++++++++++++++++++++++++++++_              ]
[09:11:47] [Server thread/INFO] [minecraft/GameTestServer]: [++++++++++++++++++++++++++++++++++++++_              ]
[09:11:47] [Server thread/INFO] [minecraft/GameTestServer]: [++++++++++++++++++++++++++++++++++++++_              ]
[09:11:47] [Server thread/INFO] [minecraft/GameTestServer]: [++++++++++++++++++++++++++++++++++++++_              ]
[09:11:47] [Server thread/INFO] [minecraft/GameTestServer]: [++++++++++++++++++++++++++++++++++++++_              ]
[09:11:47] [Server thread/INFO] [minecraft/GameTestServer]: [++++++++++++++++++++++++++++++++++++++_              ]
[09:11:47] [Server thread/INFO] [minecraft/GameTestServer]: [++++++++++++++++++++++++++++++++++++++_              ]
[09:11:47] [Server thread/INFO] [minecraft/GameTestServer]: [++++++++++++++++++++++++++++++++++++++_              ]
[09:11:47] [Server thread/INFO] [minecraft/GameTestServer]: [++++++++++++++++++++++++++++++++++++++_              ]
[09:11:47] [Server thread/INFO] [minecraft/GameTestServer]: [++++++++++++++++++++++++++++++++++++++_              ]
[09:11:47] [Server thread/INFO] [minecraft/GameTestServer]: [++++++++++++++++++++++++++++++++++++++_              ]
[09:11:47] [Server thread/INFO] [minecraft/GameTestServer]: [++++++++++++++++++++++++++++++++++++++_              ]
[09:11:47] [Server thread/INFO] [minecraft/GameTestServer]: [++++++++++++++++++++++++++++++++++++++_              ]
[09:11:47] [Server thread/INFO] [minecraft/GameTestServer]: [++++++++++++++++++++++++++++++++++++++_              ]
[09:11:47] [Server thread/INFO] [minecraft/GameTestServer]: [++++++++++++++++++++++++++++++++++++++_              ]
[09:11:47] [Server thread/INFO] [minecraft/GameTestServer]: [++++++++++++++++++++++++++++++++++++++_              ]
[09:11:47] [Server thread/INFO] [minecraft/GameTestServer]: [++++++++++++++++++++++++++++++++++++++_              ]
[09:11:47] [Server thread/INFO] [minecraft/GameTestServer]: [++++++++++++++++++++++++++++++++++++++_              ]
[09:11:47] [Server thread/INFO] [minecraft/GameTestServer]: [++++++++++++++++++++++++++++++++++++++_              ]
[09:11:47] [Server thread/INFO] [minecraft/GameTestServer]: [++++++++++++++++++++++++++++++++++++++_              ]
[09:11:47] [Server thread/INFO] [minecraft/GameTestServer]: [++++++++++++++++++++++++++++++++++++++_              ]
[09:11:47] [Server thread/INFO] [minecraft/GameTestServer]: [++++++++++++++++++++++++++++++++++++++_              ]
[09:11:47] [Server thread/INFO] [minecraft/GameTestServer]: [++++++++++++++++++++++++++++++++++++++_              ]
[09:11:47] [Server thread/INFO] [minecraft/GameTestServer]: [++++++++++++++++++++++++++++++++++++++_              ]
[09:11:47] [Server thread/INFO] [minecraft/GameTestServer]: [++++++++++++++++++++++++++++++++++++++_              ]
[09:11:47] [Server thread/INFO] [minecraft/GameTestServer]: [++++++++++++++++++++++++++++++++++++++_              ]
[09:11:47] [Server thread/INFO] [minecraft/GameTestServer]: [++++++++++++++++++++++++++++++++++++++_              ]
[09:11:47] [Server thread/INFO] [minecraft/GameTestServer]: [++++++++++++++++++++++++++++++++++++++_              ]
[09:11:47] [Server thread/INFO] [minecraft/GameTestServer]: [++++++++++++++++++++++++++++++++++++++_              ]
[09:11:47] [Server thread/INFO] [minecraft/GameTestServer]: [++++++++++++++++++++++++++++++++++++++_              ]
[09:11:47] [Server thread/INFO] [minecraft/GameTestServer]: [++++++++++++++++++++++++++++++++++++++_              ]
[09:11:47] [Server thread/INFO] [minecraft/GameTestServer]: [++++++++++++++++++++++++++++++++++++++_              ]
[09:11:47] [Server thread/INFO] [minecraft/GameTestServer]: [++++++++++++++++++++++++++++++++++++++_              ]
[09:11:47] [Server thread/INFO] [minecraft/GameTestServer]: [++++++++++++++++++++++++++++++++++++++_              ]
[09:11:47] [Server thread/INFO] [minecraft/GameTestServer]: [++++++++++++++++++++++++++++++++++++++_              ]
[09:11:47] [Server thread/INFO] [minecraft/GameTestServer]: [++++++++++++++++++++++++++++++++++++++_              ]
[09:11:47] [Server thread/INFO] [minecraft/GameTestServer]: [++++++++++++++++++++++++++++++++++++++_              ]
[09:11:47] [Server thread/INFO] [minecraft/GameTestServer]: [++++++++++++++++++++++++++++++++++++++_              ]
[09:11:47] [Server thread/INFO] [minecraft/GameTestServer]: [++++++++++++++++++++++++++++++++++++++_              ]
[09:11:47] [Server thread/INFO] [minecraft/GameTestServer]: [++++++++++++++++++++++++++++++++++++++_              ]
[09:11:47] [Server thread/INFO] [minecraft/GameTestServer]: [++++++++++++++++++++++++++++++++++++++_              ]
[09:11:47] [Server thread/INFO] [minecraft/GameTestServer]: [++++++++++++++++++++++++++++++++++++++_              ]
[09:11:47] [Server thread/INFO] [minecraft/GameTestServer]: [++++++++++++++++++++++++++++++++++++++_              ]
[09:11:47] [Server thread/INFO] [minecraft/GameTestServer]: [++++++++++++++++++++++++++++++++++++++_              ]
[09:11:47] [Server thread/INFO] [minecraft/GameTestServer]: [++++++++++++++++++++++++++++++++++++++_              ]
[09:11:47] [Server thread/INFO] [minecraft/GameTestServer]: [++++++++++++++++++++++++++++++++++++++_              ]
[09:11:47] [Server thread/INFO] [minecraft/GameTestServer]: [++++++++++++++++++++++++++++++++++++++_              ]
[09:11:47] [Server thread/INFO] [minecraft/GameTestServer]: [++++++++++++++++++++++++++++++++++++++_              ]
[09:11:47] [Server thread/INFO] [minecraft/GameTestServer]: [++++++++++++++++++++++++++++++++++++++_              ]
[09:11:47] [Server thread/INFO] [minecraft/GameTestServer]: [++++++++++++++++++++++++++++++++++++++_              ]
[09:11:47] [Server thread/INFO] [minecraft/GameTestServer]: [++++++++++++++++++++++++++++++++++++++_              ]
SHEPHERD_FINAL time=3000 activity=Optional[work] role=shepherd job=Optional[ResourceKey[minecraft:dimension / minecraft:overworld] BlockPos{x=14773606, y=-58, z=4803628}] walk=Optional.empty running=[VillageWork, RunOne] cargo=[1 minecraft:shears deposit=false, 2 minecraft:white_wool deposit=true, 0 minecraft:air deposit=false, 0 minecraft:air deposit=false, 0 minecraft:air deposit=false, 0 minecraft:air deposit=false, 0 minecraft:air deposit=false, 0 minecraft:air deposit=false]
[09:11:47] [Server thread/INFO] [minecraft/GameTestServer]: [++++++++++++++++++++++++++++++++++++++_              ]
[09:11:47] [Server thread/INFO] [minecraft/GameTestServer]: [++++++++++++++++++++++++++++++++++++++_              ]
[09:11:47] [Server thread/INFO] [minecraft/GameTestServer]: [++++++++++++++++++++++++++++++++++++++_              ]
[09:11:47] [Server thread/INFO] [minecraft/GameTestServer]: [++++++++++++++++++++++++++++++++++++++_              ]
[09:11:47] [Server thread/INFO] [minecraft/GameTestServer]: [++++++++++++++++++++++++++++++++++++++_              ]
[09:11:47] [Server thread/INFO] [minecraft/GameTestServer]: [++++++++++++++++++++++++++++++++++++++_              ]
[09:11:47] [Server thread/INFO] [minecraft/GameTestServer]: [++++++++++++++++++++++++++++++++++++++_              ]
[09:11:47] [Server thread/INFO] [minecraft/GameTestServer]: [++++++++++++++++++++++++++++++++++++++_              ]
[09:11:47] [Server thread/INFO] [minecraft/GameTestServer]: [++++++++++++++++++++++++++++++++++++++_              ]
[09:11:47] [Server thread/INFO] [minecraft/GameTestServer]: [++++++++++++++++++++++++++++++++++++++_              ]
[09:11:47] [Server thread/ERROR] [minecraft/LogTestReporter]: actualshearinganddeposit failed at 14773604, -60, 4803626! Actual shearing/wool deposit not complete
[09:11:47] [Server thread/INFO] [minecraft/GameTestRunner]: Running test batch 'guard_night:0' (1 tests)...
[09:11:47] [Server thread/INFO] [minecraft/GameTestServer]: [++++++++++++++++++++++++++++++++++++++X              ]
[09:11:47] [Server thread/INFO] [minecraft/GameTestServer]: [++++++++++++++++++++++++++++++++++++++X              ]
[09:11:47] [Server thread/INFO] [minecraft/GameTestServer]: [++++++++++++++++++++++++++++++++++++++X_             ]
[09:11:47] [Server thread/INFO] [minecraft/GameTestServer]: [++++++++++++++++++++++++++++++++++++++X_             ]
[09:11:47] [Server thread/INFO] [minecraft/GameTestServer]: [++++++++++++++++++++++++++++++++++++++X_             ]
[09:11:47] [Server thread/INFO] [minecraft/GameTestServer]: [++++++++++++++++++++++++++++++++++++++X_             ]
[09:11:47] [Server thread/INFO] [minecraft/GameTestServer]: [++++++++++++++++++++++++++++++++++++++X_             ]
[09:11:47] [Server thread/INFO] [minecraft/GameTestServer]: [++++++++++++++++++++++++++++++++++++++X_             ]
[09:11:47] [Server thread/INFO] [minecraft/GameTestServer]: [++++++++++++++++++++++++++++++++++++++X_             ]
[09:11:47] [Server thread/INFO] [minecraft/GameTestServer]: [++++++++++++++++++++++++++++++++++++++X_             ]
[09:11:47] [Server thread/INFO] [minecraft/GameTestServer]: [++++++++++++++++++++++++++++++++++++++X_             ]
[09:11:47] [Server thread/INFO] [minecraft/GameTestServer]: [++++++++++++++++++++++++++++++++++++++X_             ]
[09:11:47] [Server thread/INFO] [minecraft/GameTestServer]: [++++++++++++++++++++++++++++++++++++++X_             ]
[09:11:47] [Server thread/INFO] [minecraft/GameTestServer]: [++++++++++++++++++++++++++++++++++++++X_             ]
[09:11:47] [Server thread/INFO] [minecraft/GameTestServer]: [++++++++++++++++++++++++++++++++++++++X_             ]
[09:11:48] [Server thread/INFO] [minecraft/GameTestServer]: [++++++++++++++++++++++++++++++++++++++X_             ]
MILITARY_NIGHT_PASS actualSleep=true directThreatKilled=true resumedRest=true
[09:11:48] [Server thread/INFO] [minecraft/GameTestRunner]: Running test batch 'golem_real_combat:0' (1 tests)...
[09:11:48] [Server thread/INFO] [minecraft/GameTestServer]: [++++++++++++++++++++++++++++++++++++++X+             ]
[09:11:48] [Server thread/INFO] [minecraft/GameTestServer]: [++++++++++++++++++++++++++++++++++++++X+             ]
[09:11:48] [Server thread/INFO] [minecraft/GameTestServer]: [++++++++++++++++++++++++++++++++++++++X+             ]
[09:11:48] [Server thread/INFO] [minecraft/GameTestServer]: [++++++++++++++++++++++++++++++++++++++X+_            ]
[09:11:48] [Server thread/INFO] [minecraft/GameTestServer]: [++++++++++++++++++++++++++++++++++++++X+_            ]
[09:11:48] [Server thread/INFO] [minecraft/GameTestServer]: [++++++++++++++++++++++++++++++++++++++X+_            ]
MILITARY_GOLEM_COMBAT_PASS liveBandit=true actualMelee=true banditDefeated=true
[09:11:48] [Server thread/INFO] [minecraft/GameTestRunner]: Running test batch 'guard_neutral:0' (1 tests)...
[09:11:48] [Server thread/INFO] [minecraft/GameTestServer]: [++++++++++++++++++++++++++++++++++++++X++            ]
[09:11:48] [Server thread/INFO] [minecraft/GameTestServer]: [++++++++++++++++++++++++++++++++++++++X++            ]
MILITARY_NEUTRAL_PASS calmExcluded=true actualResidentAttackAccepted=true
[09:11:48] [Server thread/INFO] [minecraft/GameTestRunner]: Running test batch 'guard_archer:0' (1 tests)...
[09:11:48] [Server thread/INFO] [minecraft/GameTestServer]: [++++++++++++++++++++++++++++++++++++++X+++           ]
MILITARY_ARCHER_PASS realArrowDamage=true rangedDistance=true
[09:11:48] [Server thread/INFO] [minecraft/GameTestRunner]: Running test batch 'load20:0' (1 tests)...
[09:11:48] [Server thread/INFO] [minecraft/GameTestServer]: [++++++++++++++++++++++++++++++++++++++X++++          ]
[09:11:48] [Server thread/INFO] [minecraft/GameTestServer]: [++++++++++++++++++++++++++++++++++++++X++++          ]
[09:11:48] [Server thread/INFO] [minecraft/GameTestServer]: [++++++++++++++++++++++++++++++++++++++X++++_         ]
[09:11:48] [Server thread/INFO] [minecraft/GameTestServer]: [++++++++++++++++++++++++++++++++++++++X++++_         ]
[09:11:48] [Server thread/INFO] [minecraft/GameTestServer]: [++++++++++++++++++++++++++++++++++++++X++++_         ]
[09:11:48] [Server thread/INFO] [minecraft/GameTestServer]: [++++++++++++++++++++++++++++++++++++++X++++_         ]
[09:11:48] [Server thread/INFO] [minecraft/GameTestServer]: [++++++++++++++++++++++++++++++++++++++X++++_         ]
[09:11:48] [Server thread/INFO] [minecraft/GameTestServer]: [++++++++++++++++++++++++++++++++++++++X++++_         ]
[09:11:48] [Server thread/INFO] [minecraft/GameTestServer]: [++++++++++++++++++++++++++++++++++++++X++++_         ]
[09:11:48] [Server thread/INFO] [minecraft/GameTestServer]: [++++++++++++++++++++++++++++++++++++++X++++_         ]
[09:11:48] [Server thread/INFO] [minecraft/GameTestServer]: [++++++++++++++++++++++++++++++++++++++X++++_         ]
[09:11:48] [Server thread/INFO] [minecraft/GameTestServer]: [++++++++++++++++++++++++++++++++++++++X++++_         ]
[09:11:48] [Server thread/INFO] [minecraft/GameTestServer]: [++++++++++++++++++++++++++++++++++++++X++++_         ]
[09:11:48] [Server thread/INFO] [minecraft/GameTestServer]: [++++++++++++++++++++++++++++++++++++++X++++_         ]
[09:11:48] [Server thread/INFO] [minecraft/GameTestServer]: [++++++++++++++++++++++++++++++++++++++X++++_         ]
[09:11:48] [Server thread/INFO] [minecraft/GameTestServer]: [++++++++++++++++++++++++++++++++++++++X++++_         ]
[09:11:48] [Server thread/INFO] [minecraft/GameTestServer]: [++++++++++++++++++++++++++++++++++++++X++++_         ]
[09:11:48] [Server thread/INFO] [minecraft/GameTestServer]: [++++++++++++++++++++++++++++++++++++++X++++_         ]
[09:11:48] [Server thread/INFO] [minecraft/GameTestServer]: [++++++++++++++++++++++++++++++++++++++X++++_         ]
[09:11:48] [Server thread/INFO] [minecraft/GameTestServer]: [++++++++++++++++++++++++++++++++++++++X++++_         ]
[09:11:48] [Server thread/INFO] [minecraft/GameTestServer]: [++++++++++++++++++++++++++++++++++++++X++++_         ]
[09:11:48] [Server thread/INFO] [minecraft/GameTestServer]: [++++++++++++++++++++++++++++++++++++++X++++_         ]
[09:11:48] [Server thread/INFO] [minecraft/GameTestServer]: [++++++++++++++++++++++++++++++++++++++X++++_         ]
[09:11:48] [Server thread/INFO] [minecraft/GameTestServer]: [++++++++++++++++++++++++++++++++++++++X++++_         ]
[09:11:48] [Server thread/INFO] [minecraft/GameTestServer]: [++++++++++++++++++++++++++++++++++++++X++++_         ]
[09:11:48] [Server thread/INFO] [minecraft/GameTestServer]: [++++++++++++++++++++++++++++++++++++++X++++_         ]
[09:11:48] [Server thread/INFO] [minecraft/GameTestServer]: [++++++++++++++++++++++++++++++++++++++X++++_         ]
[09:11:48] [Server thread/INFO] [minecraft/GameTestServer]: [++++++++++++++++++++++++++++++++++++++X++++_         ]
[09:11:48] [Server thread/INFO] [minecraft/GameTestServer]: [++++++++++++++++++++++++++++++++++++++X++++_         ]
[09:11:48] [Server thread/INFO] [minecraft/GameTestServer]: [++++++++++++++++++++++++++++++++++++++X++++_         ]
[09:11:48] [Server thread/INFO] [minecraft/GameTestServer]: [++++++++++++++++++++++++++++++++++++++X++++_         ]
[09:11:48] [Server thread/INFO] [minecraft/GameTestServer]: [++++++++++++++++++++++++++++++++++++++X++++_         ]
[09:11:48] [Server thread/INFO] [minecraft/GameTestServer]: [++++++++++++++++++++++++++++++++++++++X++++_         ]
[09:11:48] [Server thread/INFO] [minecraft/GameTestServer]: [++++++++++++++++++++++++++++++++++++++X++++_         ]
[09:11:48] [Server thread/INFO] [minecraft/GameTestServer]: [++++++++++++++++++++++++++++++++++++++X++++_         ]
[09:11:48] [Server thread/INFO] [minecraft/GameTestServer]: [++++++++++++++++++++++++++++++++++++++X++++_         ]
[09:11:49] [Server thread/INFO] [minecraft/GameTestServer]: [++++++++++++++++++++++++++++++++++++++X++++_         ]
[09:11:49] [Server thread/INFO] [minecraft/GameTestServer]: [++++++++++++++++++++++++++++++++++++++X++++_         ]
[09:11:49] [Server thread/INFO] [minecraft/GameTestServer]: [++++++++++++++++++++++++++++++++++++++X++++_         ]
[09:11:49] [Server thread/INFO] [minecraft/GameTestServer]: [++++++++++++++++++++++++++++++++++++++X++++_         ]
[09:11:49] [Server thread/INFO] [minecraft/GameTestServer]: [++++++++++++++++++++++++++++++++++++++X++++_         ]
[09:11:49] [Server thread/INFO] [minecraft/GameTestServer]: [++++++++++++++++++++++++++++++++++++++X++++_         ]
[09:11:49] [Server thread/INFO] [minecraft/GameTestServer]: [++++++++++++++++++++++++++++++++++++++X++++_         ]
[09:11:49] [Server thread/INFO] [minecraft/GameTestServer]: [++++++++++++++++++++++++++++++++++++++X++++_         ]
[09:11:49] [Server thread/INFO] [minecraft/GameTestServer]: [++++++++++++++++++++++++++++++++++++++X++++_         ]
[09:11:49] [Server thread/INFO] [minecraft/GameTestServer]: [++++++++++++++++++++++++++++++++++++++X++++_         ]
[09:11:49] [Server thread/INFO] [minecraft/GameTestServer]: [++++++++++++++++++++++++++++++++++++++X++++_         ]
[09:11:49] [Server thread/INFO] [minecraft/GameTestServer]: [++++++++++++++++++++++++++++++++++++++X++++_         ]
[09:11:49] [Server thread/INFO] [minecraft/GameTestServer]: [++++++++++++++++++++++++++++++++++++++X++++_         ]
[09:11:49] [Server thread/INFO] [minecraft/GameTestServer]: [++++++++++++++++++++++++++++++++++++++X++++_         ]
[09:11:49] [Server thread/INFO] [minecraft/GameTestServer]: [++++++++++++++++++++++++++++++++++++++X++++_         ]
[09:11:49] [Server thread/INFO] [minecraft/GameTestServer]: [++++++++++++++++++++++++++++++++++++++X++++_         ]
SETTLEMENT_LOAD_PASS villagers=20 ticks=1000 paths=107 searches=41 actions=69 metric=actualCountersNotMSPT
[09:11:49] [Server thread/INFO] [minecraft/GameTestRunner]: Running test batch 'economic_jobs:0' (1 tests)...
[09:11:49] [Server thread/INFO] [minecraft/GameTestServer]: [++++++++++++++++++++++++++++++++++++++X+++++         ]
[09:11:49] [Server thread/INFO] [minecraft/GameTestServer]: [++++++++++++++++++++++++++++++++++++++X+++++_        ]
[09:11:49] [Server thread/INFO] [minecraft/GameTestServer]: [++++++++++++++++++++++++++++++++++++++X+++++_        ]
[09:11:49] [Server thread/INFO] [minecraft/GameTestServer]: [++++++++++++++++++++++++++++++++++++++X+++++_        ]
[09:11:49] [Server thread/INFO] [minecraft/GameTestServer]: [++++++++++++++++++++++++++++++++++++++X+++++_        ]
[09:11:49] [Server thread/INFO] [minecraft/GameTestServer]: [++++++++++++++++++++++++++++++++++++++X+++++_        ]
VILLAGE_NATIVE_POI_PASS adultJobs=6 distinctOwners=6
[09:11:49] [Server thread/INFO] [minecraft/GameTestRunner]: Running test batch 'bandit_stronghold_aggression:0' (1 tests)...
[09:11:49] [Server thread/INFO] [minecraft/GameTestServer]: [++++++++++++++++++++++++++++++++++++++X++++++        ]
[09:11:49] [Server thread/INFO] [minecraft/GameTestServer]: [++++++++++++++++++++++++++++++++++++++X++++++_       ]
[09:11:49] [Server thread/INFO] [minecraft/GameTestServer]: [++++++++++++++++++++++++++++++++++++++X++++++_       ]
[09:11:49] [Server thread/INFO] [minecraft/GameTestServer]: [++++++++++++++++++++++++++++++++++++++X++++++_       ]
MILITARY_STRONGHOLD_RESIDENT_PASS calmZone=true npcTargetNotAlarmBlocked=true realDamage=true
[09:11:49] [Server thread/INFO] [minecraft/GameTestRunner]: Running test batch 'barracks_124:0' (1 tests)...
[09:11:49] [Server thread/INFO] [minecraft/GameTestServer]: [++++++++++++++++++++++++++++++++++++++X+++++++       ]
[09:11:49] [Server thread/INFO] [minecraft/GameTestServer]: [++++++++++++++++++++++++++++++++++++++X+++++++_      ]
MILITARY_BARRACKS_PASS rebuilt=true twoTablesReachable=true supportedPlayerLadder=true supplyChest=true
[09:11:49] [Server thread/INFO] [minecraft/GameTestRunner]: Running test batch 'load40:0' (1 tests)...
[09:11:49] [Server thread/INFO] [minecraft/GameTestServer]: [++++++++++++++++++++++++++++++++++++++X++++++++      ]
[09:11:49] [Server thread/INFO] [minecraft/GameTestServer]: [++++++++++++++++++++++++++++++++++++++X++++++++      ]
[09:11:49] [Server thread/INFO] [minecraft/GameTestServer]: [++++++++++++++++++++++++++++++++++++++X++++++++_     ]
[09:11:49] [Server thread/INFO] [minecraft/GameTestServer]: [++++++++++++++++++++++++++++++++++++++X++++++++_     ]
[09:11:49] [Server thread/INFO] [minecraft/GameTestServer]: [++++++++++++++++++++++++++++++++++++++X++++++++_     ]
[09:11:49] [Server thread/INFO] [minecraft/GameTestServer]: [++++++++++++++++++++++++++++++++++++++X++++++++_     ]
[09:11:49] [Server thread/INFO] [minecraft/GameTestServer]: [++++++++++++++++++++++++++++++++++++++X++++++++_     ]
[09:11:49] [Server thread/INFO] [minecraft/GameTestServer]: [++++++++++++++++++++++++++++++++++++++X++++++++_     ]
[09:11:49] [Server thread/INFO] [minecraft/GameTestServer]: [++++++++++++++++++++++++++++++++++++++X++++++++_     ]
[09:11:49] [Server thread/INFO] [minecraft/GameTestServer]: [++++++++++++++++++++++++++++++++++++++X++++++++_     ]
[09:11:50] [Server thread/INFO] [minecraft/GameTestServer]: [++++++++++++++++++++++++++++++++++++++X++++++++_     ]
[09:11:50] [Server thread/INFO] [minecraft/GameTestServer]: [++++++++++++++++++++++++++++++++++++++X++++++++_     ]
[09:11:50] [Server thread/INFO] [minecraft/GameTestServer]: [++++++++++++++++++++++++++++++++++++++X++++++++_     ]
[09:11:50] [Server thread/INFO] [minecraft/GameTestServer]: [++++++++++++++++++++++++++++++++++++++X++++++++_     ]
[09:11:50] [Server thread/INFO] [minecraft/GameTestServer]: [++++++++++++++++++++++++++++++++++++++X++++++++_     ]
[09:11:50] [Server thread/INFO] [minecraft/GameTestServer]: [++++++++++++++++++++++++++++++++++++++X++++++++_     ]
[09:11:50] [Server thread/INFO] [minecraft/GameTestServer]: [++++++++++++++++++++++++++++++++++++++X++++++++_     ]
[09:11:50] [Server thread/INFO] [minecraft/GameTestServer]: [++++++++++++++++++++++++++++++++++++++X++++++++_     ]
[09:11:50] [Server thread/INFO] [minecraft/GameTestServer]: [++++++++++++++++++++++++++++++++++++++X++++++++_     ]
[09:11:50] [Server thread/INFO] [minecraft/GameTestServer]: [++++++++++++++++++++++++++++++++++++++X++++++++_     ]
[09:11:50] [Server thread/INFO] [minecraft/GameTestServer]: [++++++++++++++++++++++++++++++++++++++X++++++++_     ]
[09:11:50] [Server thread/INFO] [minecraft/GameTestServer]: [++++++++++++++++++++++++++++++++++++++X++++++++_     ]
[09:11:50] [Server thread/INFO] [minecraft/GameTestServer]: [++++++++++++++++++++++++++++++++++++++X++++++++_     ]
[09:11:50] [Server thread/INFO] [minecraft/GameTestServer]: [++++++++++++++++++++++++++++++++++++++X++++++++_     ]
[09:11:50] [Server thread/INFO] [minecraft/GameTestServer]: [++++++++++++++++++++++++++++++++++++++X++++++++_     ]
[09:11:50] [Server thread/INFO] [minecraft/GameTestServer]: [++++++++++++++++++++++++++++++++++++++X++++++++_     ]
[09:11:50] [Server thread/INFO] [minecraft/GameTestServer]: [++++++++++++++++++++++++++++++++++++++X++++++++_     ]
[09:11:50] [Server thread/INFO] [minecraft/GameTestServer]: [++++++++++++++++++++++++++++++++++++++X++++++++_     ]
[09:11:50] [Server thread/INFO] [minecraft/GameTestServer]: [++++++++++++++++++++++++++++++++++++++X++++++++_     ]
[09:11:50] [Server thread/INFO] [minecraft/GameTestServer]: [++++++++++++++++++++++++++++++++++++++X++++++++_     ]
[09:11:50] [Server thread/INFO] [minecraft/GameTestServer]: [++++++++++++++++++++++++++++++++++++++X++++++++_     ]
[09:11:50] [Server thread/INFO] [minecraft/GameTestServer]: [++++++++++++++++++++++++++++++++++++++X++++++++_     ]
[09:11:51] [Server thread/INFO] [minecraft/GameTestServer]: [++++++++++++++++++++++++++++++++++++++X++++++++_     ]
[09:11:51] [Server thread/INFO] [minecraft/GameTestServer]: [++++++++++++++++++++++++++++++++++++++X++++++++_     ]
[09:11:51] [Server thread/INFO] [minecraft/GameTestServer]: [++++++++++++++++++++++++++++++++++++++X++++++++_     ]
[09:11:51] [Server thread/INFO] [minecraft/GameTestServer]: [++++++++++++++++++++++++++++++++++++++X++++++++_     ]
[09:11:51] [Server thread/INFO] [minecraft/GameTestServer]: [++++++++++++++++++++++++++++++++++++++X++++++++_     ]
[09:11:51] [Server thread/INFO] [minecraft/GameTestServer]: [++++++++++++++++++++++++++++++++++++++X++++++++_     ]
[09:11:51] [Server thread/INFO] [minecraft/GameTestServer]: [++++++++++++++++++++++++++++++++++++++X++++++++_     ]
[09:11:51] [Server thread/INFO] [minecraft/GameTestServer]: [++++++++++++++++++++++++++++++++++++++X++++++++_     ]
[09:11:51] [Server thread/INFO] [minecraft/GameTestServer]: [++++++++++++++++++++++++++++++++++++++X++++++++_     ]
[09:11:51] [Server thread/INFO] [minecraft/GameTestServer]: [++++++++++++++++++++++++++++++++++++++X++++++++_     ]
[09:11:51] [Server thread/INFO] [minecraft/GameTestServer]: [++++++++++++++++++++++++++++++++++++++X++++++++_     ]
[09:11:51] [Server thread/INFO] [minecraft/GameTestServer]: [++++++++++++++++++++++++++++++++++++++X++++++++_     ]
[09:11:51] [Server thread/INFO] [minecraft/GameTestServer]: [++++++++++++++++++++++++++++++++++++++X++++++++_     ]
[09:11:51] [Server thread/INFO] [minecraft/GameTestServer]: [++++++++++++++++++++++++++++++++++++++X++++++++_     ]
[09:11:51] [Server thread/INFO] [minecraft/GameTestServer]: [++++++++++++++++++++++++++++++++++++++X++++++++_     ]
[09:11:51] [Server thread/INFO] [minecraft/GameTestServer]: [++++++++++++++++++++++++++++++++++++++X++++++++_     ]
[09:11:51] [Server thread/INFO] [minecraft/GameTestServer]: [++++++++++++++++++++++++++++++++++++++X++++++++_     ]
[09:11:51] [Server thread/INFO] [minecraft/GameTestServer]: [++++++++++++++++++++++++++++++++++++++X++++++++_     ]
[09:11:51] [Server thread/INFO] [minecraft/GameTestServer]: [++++++++++++++++++++++++++++++++++++++X++++++++_     ]
[09:11:51] [Server thread/INFO] [minecraft/GameTestServer]: [++++++++++++++++++++++++++++++++++++++X++++++++_     ]
SETTLEMENT_LOAD_PASS villagers=40 ticks=1000 paths=207 searches=80 actions=132 metric=actualCountersNotMSPT
[09:11:51] [Server thread/INFO] [minecraft/GameTestRunner]: Running test batch 'vanilla_raid_conflict:0' (1 tests)...
[09:11:51] [Server thread/INFO] [minecraft/GameTestServer]: [++++++++++++++++++++++++++++++++++++++X+++++++++     ]
[09:11:51] [Server thread/INFO] [minecraft/GameTestServer]: [++++++++++++++++++++++++++++++++++++++X+++++++++     ]
MILITARY_VANILLA_RAID_PASS actualVanillaRaid=true banditStartBlocked=true
[09:11:52] [Server thread/INFO] [minecraft/GameTestRunner]: Running test batch 'linen:0' (1 tests)...
[09:11:52] [Server thread/INFO] [minecraft/GameTestServer]: [++++++++++++++++++++++++++++++++++++++X++++++++++    ]
[09:11:52] [Server thread/INFO] [minecraft/GameTestServer]: [++++++++++++++++++++++++++++++++++++++X++++++++++    ]
[09:11:52] [Server thread/INFO] [minecraft/GameTestServer]: [++++++++++++++++++++++++++++++++++++++X++++++++++_   ]
[09:11:52] [Server thread/INFO] [minecraft/GameTestServer]: [++++++++++++++++++++++++++++++++++++++X++++++++++_   ]
[09:11:52] [Server thread/INFO] [minecraft/GameTestServer]: [++++++++++++++++++++++++++++++++++++++X++++++++++_   ]
[09:11:52] [Server thread/INFO] [minecraft/GameTestServer]: [++++++++++++++++++++++++++++++++++++++X++++++++++_   ]
[09:11:52] [Server thread/INFO] [minecraft/GameTestServer]: [++++++++++++++++++++++++++++++++++++++X++++++++++_   ]
[09:11:52] [Server thread/INFO] [minecraft/GameTestServer]: [++++++++++++++++++++++++++++++++++++++X++++++++++_   ]
[09:11:52] [Server thread/INFO] [minecraft/GameTestServer]: [++++++++++++++++++++++++++++++++++++++X++++++++++_   ]
[09:11:52] [Server thread/INFO] [minecraft/GameTestServer]: [++++++++++++++++++++++++++++++++++++++X++++++++++_   ]
[09:11:52] [Server thread/INFO] [minecraft/GameTestServer]: [++++++++++++++++++++++++++++++++++++++X++++++++++_   ]
[09:11:52] [Server thread/INFO] [minecraft/GameTestServer]: [++++++++++++++++++++++++++++++++++++++X++++++++++_   ]
[09:11:52] [Server thread/INFO] [minecraft/GameTestServer]: [++++++++++++++++++++++++++++++++++++++X++++++++++_   ]
[09:11:52] [Server thread/INFO] [minecraft/GameTestServer]: [++++++++++++++++++++++++++++++++++++++X++++++++++_   ]
[09:11:52] [Server thread/INFO] [minecraft/GameTestServer]: [++++++++++++++++++++++++++++++++++++++X++++++++++_   ]
[09:11:52] [Server thread/INFO] [minecraft/GameTestServer]: [++++++++++++++++++++++++++++++++++++++X++++++++++_   ]
[09:11:52] [Server thread/INFO] [minecraft/GameTestServer]: [++++++++++++++++++++++++++++++++++++++X++++++++++_   ]
[09:11:52] [Server thread/INFO] [minecraft/GameTestServer]: [++++++++++++++++++++++++++++++++++++++X++++++++++_   ]
[09:11:52] [Server thread/INFO] [minecraft/GameTestServer]: [++++++++++++++++++++++++++++++++++++++X++++++++++_   ]
[09:11:52] [Server thread/INFO] [minecraft/GameTestServer]: [++++++++++++++++++++++++++++++++++++++X++++++++++_   ]
[09:11:52] [Server thread/INFO] [minecraft/GameTestServer]: [++++++++++++++++++++++++++++++++++++++X++++++++++_   ]
[09:11:52] [Server thread/INFO] [minecraft/GameTestServer]: [++++++++++++++++++++++++++++++++++++++X++++++++++_   ]
[09:11:52] [Server thread/INFO] [minecraft/GameTestServer]: [++++++++++++++++++++++++++++++++++++++X++++++++++_   ]
[09:11:52] [Server thread/INFO] [minecraft/GameTestServer]: [++++++++++++++++++++++++++++++++++++++X++++++++++_   ]
[09:11:52] [Server thread/INFO] [minecraft/GameTestServer]: [++++++++++++++++++++++++++++++++++++++X++++++++++_   ]
[09:11:52] [Server thread/INFO] [minecraft/GameTestServer]: [++++++++++++++++++++++++++++++++++++++X++++++++++_   ]
[09:11:52] [Server thread/INFO] [minecraft/GameTestServer]: [++++++++++++++++++++++++++++++++++++++X++++++++++_   ]
[09:11:52] [Server thread/INFO] [minecraft/GameTestServer]: [++++++++++++++++++++++++++++++++++++++X++++++++++_   ]
[09:11:52] [Server thread/INFO] [minecraft/GameTestServer]: [++++++++++++++++++++++++++++++++++++++X++++++++++_   ]
[09:11:52] [Server thread/INFO] [minecraft/GameTestServer]: [++++++++++++++++++++++++++++++++++++++X++++++++++_   ]
[09:11:52] [Server thread/INFO] [minecraft/GameTestServer]: [++++++++++++++++++++++++++++++++++++++X++++++++++_   ]
[09:11:52] [Server thread/INFO] [minecraft/GameTestServer]: [++++++++++++++++++++++++++++++++++++++X++++++++++_   ]
[09:11:52] [Server thread/INFO] [minecraft/GameTestServer]: [++++++++++++++++++++++++++++++++++++++X++++++++++_   ]
[09:11:52] [Server thread/INFO] [minecraft/GameTestServer]: [++++++++++++++++++++++++++++++++++++++X++++++++++_   ]
[09:11:52] [Server thread/INFO] [minecraft/GameTestServer]: [++++++++++++++++++++++++++++++++++++++X++++++++++_   ]
[09:11:52] [Server thread/INFO] [minecraft/GameTestServer]: [++++++++++++++++++++++++++++++++++++++X++++++++++_   ]
[09:11:52] [Server thread/INFO] [minecraft/GameTestServer]: [++++++++++++++++++++++++++++++++++++++X++++++++++_   ]
[09:11:52] [Server thread/INFO] [minecraft/GameTestServer]: [++++++++++++++++++++++++++++++++++++++X++++++++++_   ]
[09:11:52] [Server thread/INFO] [minecraft/GameTestServer]: [++++++++++++++++++++++++++++++++++++++X++++++++++_   ]
[09:11:52] [Server thread/INFO] [minecraft/GameTestServer]: [++++++++++++++++++++++++++++++++++++++X++++++++++_   ]
[09:11:52] [Server thread/INFO] [minecraft/GameTestServer]: [++++++++++++++++++++++++++++++++++++++X++++++++++_   ]
[09:11:52] [Server thread/INFO] [minecraft/GameTestServer]: [++++++++++++++++++++++++++++++++++++++X++++++++++_   ]
[09:11:52] [Server thread/INFO] [minecraft/GameTestServer]: [++++++++++++++++++++++++++++++++++++++X++++++++++_   ]
[09:11:52] [Server thread/INFO] [minecraft/GameTestServer]: [++++++++++++++++++++++++++++++++++++++X++++++++++_   ]
[09:11:52] [Server thread/INFO] [minecraft/GameTestServer]: [++++++++++++++++++++++++++++++++++++++X++++++++++_   ]
[09:11:52] [Server thread/INFO] [minecraft/GameTestServer]: [++++++++++++++++++++++++++++++++++++++X++++++++++_   ]
[09:11:52] [Server thread/INFO] [minecraft/GameTestServer]: [++++++++++++++++++++++++++++++++++++++X++++++++++_   ]
[09:11:52] [Server thread/INFO] [minecraft/GameTestServer]: [++++++++++++++++++++++++++++++++++++++X++++++++++_   ]
[09:11:52] [Server thread/INFO] [minecraft/GameTestServer]: [++++++++++++++++++++++++++++++++++++++X++++++++++_   ]
[09:11:52] [Server thread/INFO] [minecraft/GameTestServer]: [++++++++++++++++++++++++++++++++++++++X++++++++++_   ]
[09:11:52] [Server thread/INFO] [minecraft/GameTestServer]: [++++++++++++++++++++++++++++++++++++++X++++++++++_   ]
[09:11:52] [Server thread/INFO] [minecraft/GameTestServer]: [++++++++++++++++++++++++++++++++++++++X++++++++++_   ]
[09:11:52] [Server thread/INFO] [minecraft/GameTestServer]: [++++++++++++++++++++++++++++++++++++++X++++++++++_   ]
[09:11:52] [Server thread/INFO] [minecraft/GameTestServer]: [++++++++++++++++++++++++++++++++++++++X++++++++++_   ]
[09:11:52] [Server thread/INFO] [minecraft/GameTestServer]: [++++++++++++++++++++++++++++++++++++++X++++++++++_   ]
[09:11:52] [Server thread/INFO] [minecraft/GameTestServer]: [++++++++++++++++++++++++++++++++++++++X++++++++++_   ]
[09:11:52] [Server thread/INFO] [minecraft/GameTestServer]: [++++++++++++++++++++++++++++++++++++++X++++++++++_   ]
[09:11:52] [Server thread/INFO] [minecraft/GameTestServer]: [++++++++++++++++++++++++++++++++++++++X++++++++++_   ]
[09:11:52] [Server thread/INFO] [minecraft/GameTestServer]: [++++++++++++++++++++++++++++++++++++++X++++++++++_   ]
[09:11:52] [Server thread/INFO] [minecraft/GameTestServer]: [++++++++++++++++++++++++++++++++++++++X++++++++++_   ]
[09:11:52] [Server thread/INFO] [minecraft/GameTestServer]: [++++++++++++++++++++++++++++++++++++++X++++++++++_   ]
[09:11:52] [Server thread/INFO] [minecraft/GameTestServer]: [++++++++++++++++++++++++++++++++++++++X++++++++++_   ]
[09:11:52] [Server thread/INFO] [minecraft/GameTestServer]: [++++++++++++++++++++++++++++++++++++++X++++++++++_   ]
[09:11:52] [Server thread/INFO] [minecraft/GameTestServer]: [++++++++++++++++++++++++++++++++++++++X++++++++++_   ]
[09:11:52] [Server thread/INFO] [minecraft/GameTestServer]: [++++++++++++++++++++++++++++++++++++++X++++++++++_   ]
[09:11:52] [Server thread/INFO] [minecraft/GameTestServer]: [++++++++++++++++++++++++++++++++++++++X++++++++++_   ]
[09:11:52] [Server thread/INFO] [minecraft/GameTestServer]: [++++++++++++++++++++++++++++++++++++++X++++++++++_   ]
[09:11:52] [Server thread/INFO] [minecraft/GameTestServer]: [++++++++++++++++++++++++++++++++++++++X++++++++++_   ]
[09:11:52] [Server thread/INFO] [minecraft/GameTestServer]: [++++++++++++++++++++++++++++++++++++++X++++++++++_   ]
[09:11:52] [Server thread/INFO] [minecraft/GameTestServer]: [++++++++++++++++++++++++++++++++++++++X++++++++++_   ]
[09:11:52] [Server thread/INFO] [minecraft/GameTestServer]: [++++++++++++++++++++++++++++++++++++++X++++++++++_   ]
[09:11:52] [Server thread/INFO] [minecraft/GameTestServer]: [++++++++++++++++++++++++++++++++++++++X++++++++++_   ]
[09:11:52] [Server thread/INFO] [minecraft/GameTestServer]: [++++++++++++++++++++++++++++++++++++++X++++++++++_   ]
[09:11:52] [Server thread/INFO] [minecraft/GameTestServer]: [++++++++++++++++++++++++++++++++++++++X++++++++++_   ]
[09:11:52] [Server thread/INFO] [minecraft/GameTestServer]: [++++++++++++++++++++++++++++++++++++++X++++++++++_   ]
[09:11:52] [Server thread/INFO] [minecraft/GameTestServer]: [++++++++++++++++++++++++++++++++++++++X++++++++++_   ]
[09:11:52] [Server thread/INFO] [minecraft/GameTestServer]: [++++++++++++++++++++++++++++++++++++++X++++++++++_   ]
[09:11:52] [Server thread/INFO] [minecraft/GameTestServer]: [++++++++++++++++++++++++++++++++++++++X++++++++++_   ]
[09:11:52] [Server thread/INFO] [minecraft/GameTestServer]: [++++++++++++++++++++++++++++++++++++++X++++++++++_   ]
[09:11:52] [Server thread/INFO] [minecraft/GameTestServer]: [++++++++++++++++++++++++++++++++++++++X++++++++++_   ]
[09:11:52] [Server thread/INFO] [minecraft/GameTestServer]: [++++++++++++++++++++++++++++++++++++++X++++++++++_   ]
[09:11:52] [Server thread/INFO] [minecraft/GameTestServer]: [++++++++++++++++++++++++++++++++++++++X++++++++++_   ]
[09:11:52] [Server thread/INFO] [minecraft/GameTestServer]: [++++++++++++++++++++++++++++++++++++++X++++++++++_   ]
[09:11:52] [Server thread/INFO] [minecraft/GameTestServer]: [++++++++++++++++++++++++++++++++++++++X++++++++++_   ]
[09:11:52] [Server thread/INFO] [minecraft/GameTestServer]: [++++++++++++++++++++++++++++++++++++++X++++++++++_   ]
[09:11:52] [Server thread/INFO] [minecraft/GameTestServer]: [++++++++++++++++++++++++++++++++++++++X++++++++++_   ]
[09:11:52] [Server thread/INFO] [minecraft/GameTestServer]: [++++++++++++++++++++++++++++++++++++++X++++++++++_   ]
[09:11:52] [Server thread/INFO] [minecraft/GameTestServer]: [++++++++++++++++++++++++++++++++++++++X++++++++++_   ]
[09:11:52] [Server thread/INFO] [minecraft/GameTestServer]: [++++++++++++++++++++++++++++++++++++++X++++++++++_   ]
[09:11:52] [Server thread/INFO] [minecraft/GameTestServer]: [++++++++++++++++++++++++++++++++++++++X++++++++++_   ]
[09:11:52] [Server thread/INFO] [minecraft/GameTestServer]: [++++++++++++++++++++++++++++++++++++++X++++++++++_   ]
[09:11:52] [Server thread/INFO] [minecraft/GameTestServer]: [++++++++++++++++++++++++++++++++++++++X++++++++++_   ]
[09:11:52] [Server thread/INFO] [minecraft/GameTestServer]: [++++++++++++++++++++++++++++++++++++++X++++++++++_   ]
[09:11:52] [Server thread/INFO] [minecraft/GameTestServer]: [++++++++++++++++++++++++++++++++++++++X++++++++++_   ]
[09:11:52] [Server thread/INFO] [minecraft/GameTestServer]: [++++++++++++++++++++++++++++++++++++++X++++++++++_   ]
[09:11:52] [Server thread/INFO] [minecraft/GameTestServer]: [++++++++++++++++++++++++++++++++++++++X++++++++++_   ]
[09:11:52] [Server thread/INFO] [minecraft/GameTestServer]: [++++++++++++++++++++++++++++++++++++++X++++++++++_   ]
[09:11:52] [Server thread/INFO] [minecraft/GameTestServer]: [++++++++++++++++++++++++++++++++++++++X++++++++++_   ]
[09:11:52] [Server thread/INFO] [minecraft/GameTestServer]: [++++++++++++++++++++++++++++++++++++++X++++++++++_   ]
[09:11:52] [Server thread/INFO] [minecraft/GameTestServer]: [++++++++++++++++++++++++++++++++++++++X++++++++++_   ]
[09:11:52] [Server thread/INFO] [minecraft/GameTestServer]: [++++++++++++++++++++++++++++++++++++++X++++++++++_   ]
[09:11:52] [Server thread/INFO] [minecraft/GameTestServer]: [++++++++++++++++++++++++++++++++++++++X++++++++++_   ]
[09:11:52] [Server thread/INFO] [minecraft/GameTestServer]: [++++++++++++++++++++++++++++++++++++++X++++++++++_   ]
[09:11:52] [Server thread/INFO] [minecraft/GameTestServer]: [++++++++++++++++++++++++++++++++++++++X++++++++++_   ]
[09:11:52] [Server thread/INFO] [minecraft/GameTestServer]: [++++++++++++++++++++++++++++++++++++++X++++++++++_   ]
[09:11:52] [Server thread/INFO] [minecraft/GameTestServer]: [++++++++++++++++++++++++++++++++++++++X++++++++++_   ]
[09:11:52] [Server thread/INFO] [minecraft/GameTestServer]: [++++++++++++++++++++++++++++++++++++++X++++++++++_   ]
[09:11:52] [Server thread/INFO] [minecraft/GameTestServer]: [++++++++++++++++++++++++++++++++++++++X++++++++++_   ]
[09:11:52] [Server thread/INFO] [minecraft/GameTestServer]: [++++++++++++++++++++++++++++++++++++++X++++++++++_   ]
[09:11:52] [Server thread/INFO] [minecraft/GameTestServer]: [++++++++++++++++++++++++++++++++++++++X++++++++++_   ]
[09:11:52] [Server thread/INFO] [minecraft/GameTestServer]: [++++++++++++++++++++++++++++++++++++++X++++++++++_   ]
[09:11:52] [Server thread/INFO] [minecraft/GameTestServer]: [++++++++++++++++++++++++++++++++++++++X++++++++++_   ]
[09:11:52] [Server thread/INFO] [minecraft/GameTestServer]: [++++++++++++++++++++++++++++++++++++++X++++++++++_   ]
[09:11:52] [Server thread/INFO] [minecraft/GameTestServer]: [++++++++++++++++++++++++++++++++++++++X++++++++++_   ]
[09:11:52] [Server thread/INFO] [minecraft/GameTestServer]: [++++++++++++++++++++++++++++++++++++++X++++++++++_   ]
[09:11:52] [Server thread/INFO] [minecraft/GameTestServer]: [++++++++++++++++++++++++++++++++++++++X++++++++++_   ]
[09:11:52] [Server thread/INFO] [minecraft/GameTestServer]: [++++++++++++++++++++++++++++++++++++++X++++++++++_   ]
[09:11:52] [Server thread/INFO] [minecraft/GameTestServer]: [++++++++++++++++++++++++++++++++++++++X++++++++++_   ]
[09:11:52] [Server thread/INFO] [minecraft/GameTestServer]: [++++++++++++++++++++++++++++++++++++++X++++++++++_   ]
[09:11:52] [Server thread/INFO] [minecraft/GameTestServer]: [++++++++++++++++++++++++++++++++++++++X++++++++++_   ]
[09:11:52] [Server thread/INFO] [minecraft/GameTestServer]: [++++++++++++++++++++++++++++++++++++++X++++++++++_   ]
[09:11:52] [Server thread/INFO] [minecraft/GameTestServer]: [++++++++++++++++++++++++++++++++++++++X++++++++++_   ]
[09:11:52] [Server thread/INFO] [minecraft/GameTestServer]: [++++++++++++++++++++++++++++++++++++++X++++++++++_   ]
[09:11:52] [Server thread/INFO] [minecraft/GameTestServer]: [++++++++++++++++++++++++++++++++++++++X++++++++++_   ]
[09:11:52] [Server thread/INFO] [minecraft/GameTestServer]: [++++++++++++++++++++++++++++++++++++++X++++++++++_   ]
[09:11:52] [Server thread/INFO] [minecraft/GameTestServer]: [++++++++++++++++++++++++++++++++++++++X++++++++++_   ]
[09:11:52] [Server thread/INFO] [minecraft/GameTestServer]: [++++++++++++++++++++++++++++++++++++++X++++++++++_   ]
[09:11:52] [Server thread/INFO] [minecraft/GameTestServer]: [++++++++++++++++++++++++++++++++++++++X++++++++++_   ]
[09:11:52] [Server thread/INFO] [minecraft/GameTestServer]: [++++++++++++++++++++++++++++++++++++++X++++++++++_   ]
[09:11:52] [Server thread/INFO] [minecraft/GameTestServer]: [++++++++++++++++++++++++++++++++++++++X++++++++++_   ]
[09:11:52] [Server thread/INFO] [minecraft/GameTestServer]: [++++++++++++++++++++++++++++++++++++++X++++++++++_   ]
[09:11:52] [Server thread/INFO] [minecraft/GameTestServer]: [++++++++++++++++++++++++++++++++++++++X++++++++++_   ]
[09:11:52] [Server thread/INFO] [minecraft/GameTestServer]: [++++++++++++++++++++++++++++++++++++++X++++++++++_   ]
[09:11:52] [Server thread/INFO] [minecraft/GameTestServer]: [++++++++++++++++++++++++++++++++++++++X++++++++++_   ]
[09:11:52] [Server thread/INFO] [minecraft/GameTestServer]: [++++++++++++++++++++++++++++++++++++++X++++++++++_   ]
[09:11:52] [Server thread/INFO] [minecraft/GameTestServer]: [++++++++++++++++++++++++++++++++++++++X++++++++++_   ]
[09:11:52] [Server thread/INFO] [minecraft/GameTestServer]: [++++++++++++++++++++++++++++++++++++++X++++++++++_   ]
[09:11:52] [Server thread/INFO] [minecraft/GameTestServer]: [++++++++++++++++++++++++++++++++++++++X++++++++++_   ]
[09:11:52] [Server thread/INFO] [minecraft/GameTestServer]: [++++++++++++++++++++++++++++++++++++++X++++++++++_   ]
[09:11:52] [Server thread/INFO] [minecraft/GameTestServer]: [++++++++++++++++++++++++++++++++++++++X++++++++++_   ]
[09:11:52] [Server thread/INFO] [minecraft/GameTestServer]: [++++++++++++++++++++++++++++++++++++++X++++++++++_   ]
[09:11:52] [Server thread/INFO] [minecraft/GameTestServer]: [++++++++++++++++++++++++++++++++++++++X++++++++++_   ]
[09:11:52] [Server thread/INFO] [minecraft/GameTestServer]: [++++++++++++++++++++++++++++++++++++++X++++++++++_   ]
[09:11:52] [Server thread/INFO] [minecraft/GameTestServer]: [++++++++++++++++++++++++++++++++++++++X++++++++++_   ]
[09:11:52] [Server thread/INFO] [minecraft/GameTestServer]: [++++++++++++++++++++++++++++++++++++++X++++++++++_   ]
[09:11:52] [Server thread/INFO] [minecraft/GameTestServer]: [++++++++++++++++++++++++++++++++++++++X++++++++++_   ]
[09:11:52] [Server thread/INFO] [minecraft/GameTestServer]: [++++++++++++++++++++++++++++++++++++++X++++++++++_   ]
[09:11:52] [Server thread/INFO] [minecraft/GameTestServer]: [++++++++++++++++++++++++++++++++++++++X++++++++++_   ]
[09:11:52] [Server thread/INFO] [minecraft/GameTestServer]: [++++++++++++++++++++++++++++++++++++++X++++++++++_   ]
[09:11:52] [Server thread/INFO] [minecraft/GameTestServer]: [++++++++++++++++++++++++++++++++++++++X++++++++++_   ]
[09:11:52] [Server thread/INFO] [minecraft/GameTestServer]: [++++++++++++++++++++++++++++++++++++++X++++++++++_   ]
[09:11:52] [Server thread/INFO] [minecraft/GameTestServer]: [++++++++++++++++++++++++++++++++++++++X++++++++++_   ]
[09:11:52] [Server thread/INFO] [minecraft/GameTestServer]: [++++++++++++++++++++++++++++++++++++++X++++++++++_   ]
[09:11:52] [Server thread/INFO] [minecraft/GameTestServer]: [++++++++++++++++++++++++++++++++++++++X++++++++++_   ]
[09:11:52] [Server thread/INFO] [minecraft/GameTestServer]: [++++++++++++++++++++++++++++++++++++++X++++++++++_   ]
[09:11:52] [Server thread/INFO] [minecraft/GameTestServer]: [++++++++++++++++++++++++++++++++++++++X++++++++++_   ]
[09:11:52] [Server thread/INFO] [minecraft/GameTestServer]: [++++++++++++++++++++++++++++++++++++++X++++++++++_   ]
[09:11:52] [Server thread/INFO] [minecraft/GameTestServer]: [++++++++++++++++++++++++++++++++++++++X++++++++++_   ]
[09:11:52] [Server thread/INFO] [minecraft/GameTestServer]: [++++++++++++++++++++++++++++++++++++++X++++++++++_   ]
[09:11:52] [Server thread/INFO] [minecraft/GameTestServer]: [++++++++++++++++++++++++++++++++++++++X++++++++++_   ]
[09:11:52] [Server thread/INFO] [minecraft/GameTestServer]: [++++++++++++++++++++++++++++++++++++++X++++++++++_   ]
[09:11:52] [Server thread/INFO] [minecraft/GameTestServer]: [++++++++++++++++++++++++++++++++++++++X++++++++++_   ]
[09:11:52] [Server thread/INFO] [minecraft/GameTestServer]: [++++++++++++++++++++++++++++++++++++++X++++++++++_   ]
[09:11:52] [Server thread/INFO] [minecraft/GameTestServer]: [++++++++++++++++++++++++++++++++++++++X++++++++++_   ]
[09:11:52] [Server thread/INFO] [minecraft/GameTestServer]: [++++++++++++++++++++++++++++++++++++++X++++++++++_   ]
[09:11:52] [Server thread/INFO] [minecraft/GameTestServer]: [++++++++++++++++++++++++++++++++++++++X++++++++++_   ]
[09:11:52] [Server thread/INFO] [minecraft/GameTestServer]: [++++++++++++++++++++++++++++++++++++++X++++++++++_   ]
[09:11:52] [Server thread/INFO] [minecraft/GameTestServer]: [++++++++++++++++++++++++++++++++++++++X++++++++++_   ]
[09:11:52] [Server thread/INFO] [minecraft/GameTestServer]: [++++++++++++++++++++++++++++++++++++++X++++++++++_   ]
[09:11:52] [Server thread/INFO] [minecraft/GameTestServer]: [++++++++++++++++++++++++++++++++++++++X++++++++++_   ]
[09:11:52] [Server thread/INFO] [minecraft/GameTestServer]: [++++++++++++++++++++++++++++++++++++++X++++++++++_   ]
[09:11:52] [Server thread/INFO] [minecraft/GameTestServer]: [++++++++++++++++++++++++++++++++++++++X++++++++++_   ]
[09:11:52] [Server thread/INFO] [minecraft/GameTestServer]: [++++++++++++++++++++++++++++++++++++++X++++++++++_   ]
[09:11:52] [Server thread/INFO] [minecraft/GameTestServer]: [++++++++++++++++++++++++++++++++++++++X++++++++++_   ]
[09:11:52] [Server thread/INFO] [minecraft/GameTestServer]: [++++++++++++++++++++++++++++++++++++++X++++++++++_   ]
[09:11:52] [Server thread/INFO] [minecraft/GameTestServer]: [++++++++++++++++++++++++++++++++++++++X++++++++++_   ]
[09:11:52] [Server thread/INFO] [minecraft/GameTestServer]: [++++++++++++++++++++++++++++++++++++++X++++++++++_   ]
[09:11:52] [Server thread/INFO] [minecraft/GameTestServer]: [++++++++++++++++++++++++++++++++++++++X++++++++++_   ]
[09:11:52] [Server thread/INFO] [minecraft/GameTestServer]: [++++++++++++++++++++++++++++++++++++++X++++++++++_   ]
[09:11:52] [Server thread/INFO] [minecraft/GameTestServer]: [++++++++++++++++++++++++++++++++++++++X++++++++++_   ]
[09:11:52] [Server thread/INFO] [minecraft/GameTestServer]: [++++++++++++++++++++++++++++++++++++++X++++++++++_   ]
[09:11:52] [Server thread/INFO] [minecraft/GameTestServer]: [++++++++++++++++++++++++++++++++++++++X++++++++++_   ]
[09:11:52] [Server thread/INFO] [minecraft/GameTestServer]: [++++++++++++++++++++++++++++++++++++++X++++++++++_   ]
[09:11:52] [Server thread/INFO] [minecraft/GameTestServer]: [++++++++++++++++++++++++++++++++++++++X++++++++++_   ]
[09:11:52] [Server thread/INFO] [minecraft/GameTestServer]: [++++++++++++++++++++++++++++++++++++++X++++++++++_   ]
[09:11:52] [Server thread/INFO] [minecraft/GameTestServer]: [++++++++++++++++++++++++++++++++++++++X++++++++++_   ]
[09:11:52] [Server thread/INFO] [minecraft/GameTestServer]: [++++++++++++++++++++++++++++++++++++++X++++++++++_   ]
[09:11:52] [Server thread/INFO] [minecraft/GameTestServer]: [++++++++++++++++++++++++++++++++++++++X++++++++++_   ]
[09:11:52] [Server thread/INFO] [minecraft/GameTestServer]: [++++++++++++++++++++++++++++++++++++++X++++++++++_   ]
[09:11:52] [Server thread/INFO] [minecraft/GameTestServer]: [++++++++++++++++++++++++++++++++++++++X++++++++++_   ]
[09:11:52] [Server thread/INFO] [minecraft/GameTestServer]: [++++++++++++++++++++++++++++++++++++++X++++++++++_   ]
[09:11:52] [Server thread/INFO] [minecraft/GameTestServer]: [++++++++++++++++++++++++++++++++++++++X++++++++++_   ]
[09:11:52] [Server thread/INFO] [minecraft/GameTestServer]: [++++++++++++++++++++++++++++++++++++++X++++++++++_   ]
[09:11:52] [Server thread/INFO] [minecraft/GameTestServer]: [++++++++++++++++++++++++++++++++++++++X++++++++++_   ]
[09:11:52] [Server thread/INFO] [minecraft/GameTestServer]: [++++++++++++++++++++++++++++++++++++++X++++++++++_   ]
[09:11:52] [Server thread/INFO] [minecraft/GameTestServer]: [++++++++++++++++++++++++++++++++++++++X++++++++++_   ]
[09:11:52] [Server thread/INFO] [minecraft/GameTestServer]: [++++++++++++++++++++++++++++++++++++++X++++++++++_   ]
[09:11:52] [Server thread/INFO] [minecraft/GameTestServer]: [++++++++++++++++++++++++++++++++++++++X++++++++++_   ]
[09:11:52] [Server thread/INFO] [minecraft/GameTestServer]: [++++++++++++++++++++++++++++++++++++++X++++++++++_   ]
[09:11:52] [Server thread/INFO] [minecraft/GameTestServer]: [++++++++++++++++++++++++++++++++++++++X++++++++++_   ]
[09:11:52] [Server thread/INFO] [minecraft/GameTestServer]: [++++++++++++++++++++++++++++++++++++++X++++++++++_   ]
[09:11:52] [Server thread/INFO] [minecraft/GameTestServer]: [++++++++++++++++++++++++++++++++++++++X++++++++++_   ]
[09:11:52] [Server thread/INFO] [minecraft/GameTestServer]: [++++++++++++++++++++++++++++++++++++++X++++++++++_   ]
[09:11:52] [Server thread/INFO] [minecraft/GameTestServer]: [++++++++++++++++++++++++++++++++++++++X++++++++++_   ]
[09:11:52] [Server thread/INFO] [minecraft/GameTestServer]: [++++++++++++++++++++++++++++++++++++++X++++++++++_   ]
[09:11:52] [Server thread/INFO] [minecraft/GameTestServer]: [++++++++++++++++++++++++++++++++++++++X++++++++++_   ]
[09:11:52] [Server thread/INFO] [minecraft/GameTestServer]: [++++++++++++++++++++++++++++++++++++++X++++++++++_   ]
[09:11:52] [Server thread/INFO] [minecraft/GameTestServer]: [++++++++++++++++++++++++++++++++++++++X++++++++++_   ]
[09:11:52] [Server thread/INFO] [minecraft/GameTestServer]: [++++++++++++++++++++++++++++++++++++++X++++++++++_   ]
[09:11:52] [Server thread/INFO] [minecraft/GameTestServer]: [++++++++++++++++++++++++++++++++++++++X++++++++++_   ]
[09:11:52] [Server thread/INFO] [minecraft/GameTestServer]: [++++++++++++++++++++++++++++++++++++++X++++++++++_   ]
[09:11:52] [Server thread/INFO] [minecraft/GameTestServer]: [++++++++++++++++++++++++++++++++++++++X++++++++++_   ]
[09:11:52] [Server thread/INFO] [minecraft/GameTestServer]: [++++++++++++++++++++++++++++++++++++++X++++++++++_   ]
[09:11:52] [Server thread/INFO] [minecraft/GameTestServer]: [++++++++++++++++++++++++++++++++++++++X++++++++++_   ]
[09:11:52] [Server thread/INFO] [minecraft/GameTestServer]: [++++++++++++++++++++++++++++++++++++++X++++++++++_   ]
[09:11:52] [Server thread/INFO] [minecraft/GameTestServer]: [++++++++++++++++++++++++++++++++++++++X++++++++++_   ]
[09:11:52] [Server thread/INFO] [minecraft/GameTestServer]: [++++++++++++++++++++++++++++++++++++++X++++++++++_   ]
[09:11:52] [Server thread/INFO] [minecraft/GameTestServer]: [++++++++++++++++++++++++++++++++++++++X++++++++++_   ]
[09:11:52] [Server thread/INFO] [minecraft/GameTestServer]: [++++++++++++++++++++++++++++++++++++++X++++++++++_   ]
[09:11:52] [Server thread/INFO] [minecraft/GameTestServer]: [++++++++++++++++++++++++++++++++++++++X++++++++++_   ]
[09:11:52] [Server thread/INFO] [minecraft/GameTestServer]: [++++++++++++++++++++++++++++++++++++++X++++++++++_   ]
[09:11:52] [Server thread/INFO] [minecraft/GameTestServer]: [++++++++++++++++++++++++++++++++++++++X++++++++++_   ]
[09:11:52] [Server thread/INFO] [minecraft/GameTestServer]: [++++++++++++++++++++++++++++++++++++++X++++++++++_   ]
[09:11:52] [Server thread/INFO] [minecraft/GameTestServer]: [++++++++++++++++++++++++++++++++++++++X++++++++++_   ]
[09:11:52] [Server thread/INFO] [minecraft/GameTestServer]: [++++++++++++++++++++++++++++++++++++++X++++++++++_   ]
[09:11:52] [Server thread/INFO] [minecraft/GameTestServer]: [++++++++++++++++++++++++++++++++++++++X++++++++++_   ]
[09:11:52] [Server thread/INFO] [minecraft/GameTestServer]: [++++++++++++++++++++++++++++++++++++++X++++++++++_   ]
[09:11:52] [Server thread/INFO] [minecraft/GameTestServer]: [++++++++++++++++++++++++++++++++++++++X++++++++++_   ]
[09:11:52] [Server thread/INFO] [minecraft/GameTestServer]: [++++++++++++++++++++++++++++++++++++++X++++++++++_   ]
[09:11:52] [Server thread/INFO] [minecraft/GameTestServer]: [++++++++++++++++++++++++++++++++++++++X++++++++++_   ]
[09:11:52] [Server thread/INFO] [minecraft/GameTestServer]: [++++++++++++++++++++++++++++++++++++++X++++++++++_   ]
[09:11:52] [Server thread/INFO] [minecraft/GameTestServer]: [++++++++++++++++++++++++++++++++++++++X++++++++++_   ]
[09:11:52] [Server thread/INFO] [minecraft/GameTestServer]: [++++++++++++++++++++++++++++++++++++++X++++++++++_   ]
[09:11:52] [Server thread/INFO] [minecraft/GameTestServer]: [++++++++++++++++++++++++++++++++++++++X++++++++++_   ]
[09:11:52] [Server thread/INFO] [minecraft/GameTestServer]: [++++++++++++++++++++++++++++++++++++++X++++++++++_   ]
[09:11:52] [Server thread/INFO] [minecraft/GameTestServer]: [++++++++++++++++++++++++++++++++++++++X++++++++++_   ]
[09:11:52] [Server thread/INFO] [minecraft/GameTestServer]: [++++++++++++++++++++++++++++++++++++++X++++++++++_   ]
[09:11:52] [Server thread/INFO] [minecraft/GameTestServer]: [++++++++++++++++++++++++++++++++++++++X++++++++++_   ]
[09:11:52] [Server thread/INFO] [minecraft/GameTestServer]: [++++++++++++++++++++++++++++++++++++++X++++++++++_   ]
[09:11:52] [Server thread/INFO] [minecraft/GameTestServer]: [++++++++++++++++++++++++++++++++++++++X++++++++++_   ]
[09:11:52] [Server thread/INFO] [minecraft/GameTestServer]: [++++++++++++++++++++++++++++++++++++++X++++++++++_   ]
[09:11:52] [Server thread/INFO] [minecraft/GameTestServer]: [++++++++++++++++++++++++++++++++++++++X++++++++++_   ]
[09:11:52] [Server thread/INFO] [minecraft/GameTestServer]: [++++++++++++++++++++++++++++++++++++++X++++++++++_   ]
[09:11:52] [Server thread/INFO] [minecraft/GameTestServer]: [++++++++++++++++++++++++++++++++++++++X++++++++++_   ]
[09:11:52] [Server thread/INFO] [minecraft/GameTestServer]: [++++++++++++++++++++++++++++++++++++++X++++++++++_   ]
[09:11:52] [Server thread/INFO] [minecraft/GameTestServer]: [++++++++++++++++++++++++++++++++++++++X++++++++++_   ]
[09:11:52] [Server thread/INFO] [minecraft/GameTestServer]: [++++++++++++++++++++++++++++++++++++++X++++++++++_   ]
[09:11:52] [Server thread/INFO] [minecraft/GameTestServer]: [++++++++++++++++++++++++++++++++++++++X++++++++++_   ]
[09:11:52] [Server thread/INFO] [minecraft/GameTestServer]: [++++++++++++++++++++++++++++++++++++++X++++++++++_   ]
[09:11:52] [Server thread/INFO] [minecraft/GameTestServer]: [++++++++++++++++++++++++++++++++++++++X++++++++++_   ]
[09:11:52] [Server thread/INFO] [minecraft/GameTestServer]: [++++++++++++++++++++++++++++++++++++++X++++++++++_   ]
[09:11:52] [Server thread/INFO] [minecraft/GameTestServer]: [++++++++++++++++++++++++++++++++++++++X++++++++++_   ]
[09:11:52] [Server thread/INFO] [minecraft/GameTestServer]: [++++++++++++++++++++++++++++++++++++++X++++++++++_   ]
[09:11:52] [Server thread/INFO] [minecraft/GameTestServer]: [++++++++++++++++++++++++++++++++++++++X++++++++++_   ]
[09:11:52] [Server thread/INFO] [minecraft/GameTestServer]: [++++++++++++++++++++++++++++++++++++++X++++++++++_   ]
[09:11:52] [Server thread/INFO] [minecraft/GameTestServer]: [++++++++++++++++++++++++++++++++++++++X++++++++++_   ]
[09:11:52] [Server thread/INFO] [minecraft/GameTestServer]: [++++++++++++++++++++++++++++++++++++++X++++++++++_   ]
[09:11:52] [Server thread/INFO] [minecraft/GameTestServer]: [++++++++++++++++++++++++++++++++++++++X++++++++++_   ]
[09:11:52] [Server thread/INFO] [minecraft/GameTestServer]: [++++++++++++++++++++++++++++++++++++++X++++++++++_   ]
[09:11:52] [Server thread/INFO] [minecraft/GameTestServer]: [++++++++++++++++++++++++++++++++++++++X++++++++++_   ]
[09:11:52] [Server thread/INFO] [minecraft/GameTestServer]: [++++++++++++++++++++++++++++++++++++++X++++++++++_   ]
[09:11:52] [Server thread/INFO] [minecraft/GameTestServer]: [++++++++++++++++++++++++++++++++++++++X++++++++++_   ]
[09:11:52] [Server thread/INFO] [minecraft/GameTestServer]: [++++++++++++++++++++++++++++++++++++++X++++++++++_   ]
[09:11:52] [Server thread/INFO] [minecraft/GameTestServer]: [++++++++++++++++++++++++++++++++++++++X++++++++++_   ]
[09:11:52] [Server thread/INFO] [minecraft/GameTestServer]: [++++++++++++++++++++++++++++++++++++++X++++++++++_   ]
[09:11:52] [Server thread/INFO] [minecraft/GameTestServer]: [++++++++++++++++++++++++++++++++++++++X++++++++++_   ]
[09:11:52] [Server thread/INFO] [minecraft/GameTestServer]: [++++++++++++++++++++++++++++++++++++++X++++++++++_   ]
[09:11:52] [Server thread/INFO] [minecraft/GameTestServer]: [++++++++++++++++++++++++++++++++++++++X++++++++++_   ]
[09:11:52] [Server thread/INFO] [minecraft/GameTestServer]: [++++++++++++++++++++++++++++++++++++++X++++++++++_   ]
[09:11:52] [Server thread/INFO] [minecraft/GameTestServer]: [++++++++++++++++++++++++++++++++++++++X++++++++++_   ]
[09:11:52] [Server thread/INFO] [minecraft/GameTestServer]: [++++++++++++++++++++++++++++++++++++++X++++++++++_   ]
[09:11:52] [Server thread/INFO] [minecraft/GameTestServer]: [++++++++++++++++++++++++++++++++++++++X++++++++++_   ]
[09:11:52] [Server thread/INFO] [minecraft/GameTestServer]: [++++++++++++++++++++++++++++++++++++++X++++++++++_   ]
[09:11:52] [Server thread/INFO] [minecraft/GameTestServer]: [++++++++++++++++++++++++++++++++++++++X++++++++++_   ]
[09:11:52] [Server thread/INFO] [minecraft/GameTestServer]: [++++++++++++++++++++++++++++++++++++++X++++++++++_   ]
[09:11:52] [Server thread/INFO] [minecraft/GameTestServer]: [++++++++++++++++++++++++++++++++++++++X++++++++++_   ]
[09:11:52] [Server thread/INFO] [minecraft/GameTestServer]: [++++++++++++++++++++++++++++++++++++++X++++++++++_   ]
[09:11:52] [Server thread/INFO] [minecraft/GameTestServer]: [++++++++++++++++++++++++++++++++++++++X++++++++++_   ]
[09:11:52] [Server thread/INFO] [minecraft/GameTestServer]: [++++++++++++++++++++++++++++++++++++++X++++++++++_   ]
[09:11:52] [Server thread/INFO] [minecraft/GameTestServer]: [++++++++++++++++++++++++++++++++++++++X++++++++++_   ]
[09:11:52] [Server thread/INFO] [minecraft/GameTestServer]: [++++++++++++++++++++++++++++++++++++++X++++++++++_   ]
[09:11:52] [Server thread/INFO] [minecraft/GameTestServer]: [++++++++++++++++++++++++++++++++++++++X++++++++++_   ]
[09:11:52] [Server thread/INFO] [minecraft/GameTestServer]: [++++++++++++++++++++++++++++++++++++++X++++++++++_   ]
[09:11:52] [Server thread/INFO] [minecraft/GameTestServer]: [++++++++++++++++++++++++++++++++++++++X++++++++++_   ]
[09:11:52] [Server thread/INFO] [minecraft/GameTestServer]: [++++++++++++++++++++++++++++++++++++++X++++++++++_   ]
[09:11:52] [Server thread/INFO] [minecraft/GameTestServer]: [++++++++++++++++++++++++++++++++++++++X++++++++++_   ]
[09:11:52] [Server thread/INFO] [minecraft/GameTestServer]: [++++++++++++++++++++++++++++++++++++++X++++++++++_   ]
[09:11:52] [Server thread/INFO] [minecraft/GameTestServer]: [++++++++++++++++++++++++++++++++++++++X++++++++++_   ]
[09:11:52] [Server thread/INFO] [minecraft/GameTestServer]: [++++++++++++++++++++++++++++++++++++++X++++++++++_   ]
[09:11:52] [Server thread/INFO] [minecraft/GameTestServer]: [++++++++++++++++++++++++++++++++++++++X++++++++++_   ]
[09:11:52] [Server thread/INFO] [minecraft/GameTestServer]: [++++++++++++++++++++++++++++++++++++++X++++++++++_   ]
[09:11:52] [Server thread/INFO] [minecraft/GameTestServer]: [++++++++++++++++++++++++++++++++++++++X++++++++++_   ]
LINEN_DIAGNOSTIC pos=(1.4773526907919556E7, -58.0, 4803664.391043651) inventory=[0 minecraft:air, 4 slavicmyths:flax_fiber, 0 minecraft:air, 0 minecraft:air, 0 minecraft:air, 0 minecraft:air, 0 minecraft:air, 0 minecraft:air] task=WORKSTATION failure=PROCESSING pending=0 minecraft:air
[09:11:52] [Server thread/INFO] [minecraft/GameTestServer]: [++++++++++++++++++++++++++++++++++++++X++++++++++_   ]
[09:11:52] [Server thread/INFO] [minecraft/GameTestServer]: [++++++++++++++++++++++++++++++++++++++X++++++++++_   ]
[09:11:52] [Server thread/INFO] [minecraft/GameTestServer]: [++++++++++++++++++++++++++++++++++++++X++++++++++_   ]
[09:11:52] [Server thread/INFO] [minecraft/GameTestServer]: [++++++++++++++++++++++++++++++++++++++X++++++++++_   ]
[09:11:52] [Server thread/INFO] [minecraft/GameTestServer]: [++++++++++++++++++++++++++++++++++++++X++++++++++_   ]
[09:11:52] [Server thread/INFO] [minecraft/GameTestServer]: [++++++++++++++++++++++++++++++++++++++X++++++++++_   ]
[09:11:52] [Server thread/INFO] [minecraft/GameTestServer]: [++++++++++++++++++++++++++++++++++++++X++++++++++_   ]
[09:11:52] [Server thread/INFO] [minecraft/GameTestServer]: [++++++++++++++++++++++++++++++++++++++X++++++++++_   ]
[09:11:52] [Server thread/INFO] [minecraft/GameTestServer]: [++++++++++++++++++++++++++++++++++++++X++++++++++_   ]
[09:11:52] [Server thread/INFO] [minecraft/GameTestServer]: [++++++++++++++++++++++++++++++++++++++X++++++++++_   ]
[09:11:52] [Server thread/INFO] [minecraft/GameTestServer]: [++++++++++++++++++++++++++++++++++++++X++++++++++_   ]
[09:11:52] [Server thread/INFO] [minecraft/GameTestServer]: [++++++++++++++++++++++++++++++++++++++X++++++++++_   ]
[09:11:52] [Server thread/INFO] [minecraft/GameTestServer]: [++++++++++++++++++++++++++++++++++++++X++++++++++_   ]
[09:11:52] [Server thread/INFO] [minecraft/GameTestServer]: [++++++++++++++++++++++++++++++++++++++X++++++++++_   ]
[09:11:52] [Server thread/INFO] [minecraft/GameTestServer]: [++++++++++++++++++++++++++++++++++++++X++++++++++_   ]
[09:11:52] [Server thread/INFO] [minecraft/GameTestServer]: [++++++++++++++++++++++++++++++++++++++X++++++++++_   ]
[09:11:52] [Server thread/INFO] [minecraft/GameTestServer]: [++++++++++++++++++++++++++++++++++++++X++++++++++_   ]
[09:11:52] [Server thread/INFO] [minecraft/GameTestServer]: [++++++++++++++++++++++++++++++++++++++X++++++++++_   ]
[09:11:52] [Server thread/INFO] [minecraft/GameTestServer]: [++++++++++++++++++++++++++++++++++++++X++++++++++_   ]
[09:11:53] [Server thread/INFO] [minecraft/GameTestServer]: [++++++++++++++++++++++++++++++++++++++X++++++++++_   ]
[09:11:53] [Server thread/INFO] [minecraft/GameTestServer]: [++++++++++++++++++++++++++++++++++++++X++++++++++_   ]
[09:11:53] [Server thread/INFO] [minecraft/GameTestServer]: [++++++++++++++++++++++++++++++++++++++X++++++++++_   ]
[09:11:53] [Server thread/INFO] [minecraft/GameTestServer]: [++++++++++++++++++++++++++++++++++++++X++++++++++_   ]
[09:11:53] [Server thread/INFO] [minecraft/GameTestServer]: [++++++++++++++++++++++++++++++++++++++X++++++++++_   ]
[09:11:53] [Server thread/INFO] [minecraft/GameTestServer]: [++++++++++++++++++++++++++++++++++++++X++++++++++_   ]
[09:11:53] [Server thread/INFO] [minecraft/GameTestServer]: [++++++++++++++++++++++++++++++++++++++X++++++++++_   ]
[09:11:53] [Server thread/INFO] [minecraft/GameTestServer]: [++++++++++++++++++++++++++++++++++++++X++++++++++_   ]
[09:11:53] [Server thread/INFO] [minecraft/GameTestServer]: [++++++++++++++++++++++++++++++++++++++X++++++++++_   ]
[09:11:53] [Server thread/INFO] [minecraft/GameTestServer]: [++++++++++++++++++++++++++++++++++++++X++++++++++_   ]
[09:11:53] [Server thread/INFO] [minecraft/GameTestServer]: [++++++++++++++++++++++++++++++++++++++X++++++++++_   ]
[09:11:53] [Server thread/INFO] [minecraft/GameTestServer]: [++++++++++++++++++++++++++++++++++++++X++++++++++_   ]
[09:11:53] [Server thread/INFO] [minecraft/GameTestServer]: [++++++++++++++++++++++++++++++++++++++X++++++++++_   ]
[09:11:53] [Server thread/INFO] [minecraft/GameTestServer]: [++++++++++++++++++++++++++++++++++++++X++++++++++_   ]
[09:11:53] [Server thread/INFO] [minecraft/GameTestServer]: [++++++++++++++++++++++++++++++++++++++X++++++++++_   ]
[09:11:53] [Server thread/INFO] [minecraft/GameTestServer]: [++++++++++++++++++++++++++++++++++++++X++++++++++_   ]
[09:11:53] [Server thread/INFO] [minecraft/GameTestServer]: [++++++++++++++++++++++++++++++++++++++X++++++++++_   ]
[09:11:53] [Server thread/INFO] [minecraft/GameTestServer]: [++++++++++++++++++++++++++++++++++++++X++++++++++_   ]
[09:11:53] [Server thread/INFO] [minecraft/GameTestServer]: [++++++++++++++++++++++++++++++++++++++X++++++++++_   ]
[09:11:53] [Server thread/INFO] [minecraft/GameTestServer]: [++++++++++++++++++++++++++++++++++++++X++++++++++_   ]
[09:11:53] [Server thread/INFO] [minecraft/GameTestServer]: [++++++++++++++++++++++++++++++++++++++X++++++++++_   ]
[09:11:53] [Server thread/INFO] [minecraft/GameTestServer]: [++++++++++++++++++++++++++++++++++++++X++++++++++_   ]
[09:11:53] [Server thread/INFO] [minecraft/GameTestServer]: [++++++++++++++++++++++++++++++++++++++X++++++++++_   ]
[09:11:53] [Server thread/INFO] [minecraft/GameTestServer]: [++++++++++++++++++++++++++++++++++++++X++++++++++_   ]
[09:11:53] [Server thread/INFO] [minecraft/GameTestServer]: [++++++++++++++++++++++++++++++++++++++X++++++++++_   ]
[09:11:53] [Server thread/INFO] [minecraft/GameTestServer]: [++++++++++++++++++++++++++++++++++++++X++++++++++_   ]
[09:11:53] [Server thread/INFO] [minecraft/GameTestServer]: [++++++++++++++++++++++++++++++++++++++X++++++++++_   ]
[09:11:53] [Server thread/INFO] [minecraft/GameTestServer]: [++++++++++++++++++++++++++++++++++++++X++++++++++_   ]
[09:11:53] [Server thread/INFO] [minecraft/GameTestServer]: [++++++++++++++++++++++++++++++++++++++X++++++++++_   ]
[09:11:53] [Server thread/INFO] [minecraft/GameTestServer]: [++++++++++++++++++++++++++++++++++++++X++++++++++_   ]
[09:11:53] [Server thread/INFO] [minecraft/GameTestServer]: [++++++++++++++++++++++++++++++++++++++X++++++++++_   ]
[09:11:53] [Server thread/INFO] [minecraft/GameTestServer]: [++++++++++++++++++++++++++++++++++++++X++++++++++_   ]
[09:11:53] [Server thread/INFO] [minecraft/GameTestServer]: [++++++++++++++++++++++++++++++++++++++X++++++++++_   ]
[09:11:53] [Server thread/INFO] [minecraft/GameTestServer]: [++++++++++++++++++++++++++++++++++++++X++++++++++_   ]
[09:11:53] [Server thread/INFO] [minecraft/GameTestServer]: [++++++++++++++++++++++++++++++++++++++X++++++++++_   ]
[09:11:53] [Server thread/INFO] [minecraft/GameTestServer]: [++++++++++++++++++++++++++++++++++++++X++++++++++_   ]
[09:11:53] [Server thread/INFO] [minecraft/GameTestServer]: [++++++++++++++++++++++++++++++++++++++X++++++++++_   ]
[09:11:53] [Server thread/INFO] [minecraft/GameTestServer]: [++++++++++++++++++++++++++++++++++++++X++++++++++_   ]
[09:11:53] [Server thread/INFO] [minecraft/GameTestServer]: [++++++++++++++++++++++++++++++++++++++X++++++++++_   ]
[09:11:53] [Server thread/INFO] [minecraft/GameTestServer]: [++++++++++++++++++++++++++++++++++++++X++++++++++_   ]
[09:11:53] [Server thread/INFO] [minecraft/GameTestServer]: [++++++++++++++++++++++++++++++++++++++X++++++++++_   ]
[09:11:53] [Server thread/INFO] [minecraft/GameTestServer]: [++++++++++++++++++++++++++++++++++++++X++++++++++_   ]
[09:11:53] [Server thread/INFO] [minecraft/GameTestServer]: [++++++++++++++++++++++++++++++++++++++X++++++++++_   ]
[09:11:53] [Server thread/INFO] [minecraft/GameTestServer]: [++++++++++++++++++++++++++++++++++++++X++++++++++_   ]
[09:11:53] [Server thread/INFO] [minecraft/GameTestServer]: [++++++++++++++++++++++++++++++++++++++X++++++++++_   ]
[09:11:53] [Server thread/INFO] [minecraft/GameTestServer]: [++++++++++++++++++++++++++++++++++++++X++++++++++_   ]
[09:11:53] [Server thread/INFO] [minecraft/GameTestServer]: [++++++++++++++++++++++++++++++++++++++X++++++++++_   ]
[09:11:53] [Server thread/INFO] [minecraft/GameTestServer]: [++++++++++++++++++++++++++++++++++++++X++++++++++_   ]
[09:11:53] [Server thread/INFO] [minecraft/GameTestServer]: [++++++++++++++++++++++++++++++++++++++X++++++++++_   ]
[09:11:53] [Server thread/INFO] [minecraft/GameTestServer]: [++++++++++++++++++++++++++++++++++++++X++++++++++_   ]
[09:11:53] [Server thread/INFO] [minecraft/GameTestServer]: [++++++++++++++++++++++++++++++++++++++X++++++++++_   ]
[09:11:53] [Server thread/INFO] [minecraft/GameTestServer]: [++++++++++++++++++++++++++++++++++++++X++++++++++_   ]
[09:11:53] [Server thread/INFO] [minecraft/GameTestServer]: [++++++++++++++++++++++++++++++++++++++X++++++++++_   ]
[09:11:53] [Server thread/INFO] [minecraft/GameTestServer]: [++++++++++++++++++++++++++++++++++++++X++++++++++_   ]
[09:11:53] [Server thread/INFO] [minecraft/GameTestServer]: [++++++++++++++++++++++++++++++++++++++X++++++++++_   ]
[09:11:53] [Server thread/INFO] [minecraft/GameTestServer]: [++++++++++++++++++++++++++++++++++++++X++++++++++_   ]
[09:11:53] [Server thread/INFO] [minecraft/GameTestServer]: [++++++++++++++++++++++++++++++++++++++X++++++++++_   ]
[09:11:53] [Server thread/INFO] [minecraft/GameTestServer]: [++++++++++++++++++++++++++++++++++++++X++++++++++_   ]
[09:11:53] [Server thread/INFO] [minecraft/GameTestServer]: [++++++++++++++++++++++++++++++++++++++X++++++++++_   ]
[09:11:53] [Server thread/INFO] [minecraft/GameTestServer]: [++++++++++++++++++++++++++++++++++++++X++++++++++_   ]
[09:11:53] [Server thread/INFO] [minecraft/GameTestServer]: [++++++++++++++++++++++++++++++++++++++X++++++++++_   ]
[09:11:53] [Server thread/INFO] [minecraft/GameTestServer]: [++++++++++++++++++++++++++++++++++++++X++++++++++_   ]
[09:11:53] [Server thread/INFO] [minecraft/GameTestServer]: [++++++++++++++++++++++++++++++++++++++X++++++++++_   ]
[09:11:53] [Server thread/INFO] [minecraft/GameTestServer]: [++++++++++++++++++++++++++++++++++++++X++++++++++_   ]
[09:11:53] [Server thread/INFO] [minecraft/GameTestServer]: [++++++++++++++++++++++++++++++++++++++X++++++++++_   ]
[09:11:53] [Server thread/INFO] [minecraft/GameTestServer]: [++++++++++++++++++++++++++++++++++++++X++++++++++_   ]
[09:11:53] [Server thread/INFO] [minecraft/GameTestServer]: [++++++++++++++++++++++++++++++++++++++X++++++++++_   ]
[09:11:53] [Server thread/INFO] [minecraft/GameTestServer]: [++++++++++++++++++++++++++++++++++++++X++++++++++_   ]
[09:11:53] [Server thread/INFO] [minecraft/GameTestServer]: [++++++++++++++++++++++++++++++++++++++X++++++++++_   ]
[09:11:53] [Server thread/INFO] [minecraft/GameTestServer]: [++++++++++++++++++++++++++++++++++++++X++++++++++_   ]
[09:11:53] [Server thread/INFO] [minecraft/GameTestServer]: [++++++++++++++++++++++++++++++++++++++X++++++++++_   ]
[09:11:53] [Server thread/INFO] [minecraft/GameTestServer]: [++++++++++++++++++++++++++++++++++++++X++++++++++_   ]
[09:11:53] [Server thread/INFO] [minecraft/GameTestServer]: [++++++++++++++++++++++++++++++++++++++X++++++++++_   ]
[09:11:53] [Server thread/INFO] [minecraft/GameTestServer]: [++++++++++++++++++++++++++++++++++++++X++++++++++_   ]
[09:11:53] [Server thread/INFO] [minecraft/GameTestServer]: [++++++++++++++++++++++++++++++++++++++X++++++++++_   ]
[09:11:53] [Server thread/INFO] [minecraft/GameTestServer]: [++++++++++++++++++++++++++++++++++++++X++++++++++_   ]
[09:11:53] [Server thread/INFO] [minecraft/GameTestServer]: [++++++++++++++++++++++++++++++++++++++X++++++++++_   ]
[09:11:53] [Server thread/INFO] [minecraft/GameTestServer]: [++++++++++++++++++++++++++++++++++++++X++++++++++_   ]
[09:11:53] [Server thread/INFO] [minecraft/GameTestServer]: [++++++++++++++++++++++++++++++++++++++X++++++++++_   ]
[09:11:53] [Server thread/INFO] [minecraft/GameTestServer]: [++++++++++++++++++++++++++++++++++++++X++++++++++_   ]
[09:11:53] [Server thread/INFO] [minecraft/GameTestServer]: [++++++++++++++++++++++++++++++++++++++X++++++++++_   ]
[09:11:53] [Server thread/INFO] [minecraft/GameTestServer]: [++++++++++++++++++++++++++++++++++++++X++++++++++_   ]
[09:11:53] [Server thread/INFO] [minecraft/GameTestServer]: [++++++++++++++++++++++++++++++++++++++X++++++++++_   ]
[09:11:53] [Server thread/INFO] [minecraft/GameTestServer]: [++++++++++++++++++++++++++++++++++++++X++++++++++_   ]
[09:11:53] [Server thread/INFO] [minecraft/GameTestServer]: [++++++++++++++++++++++++++++++++++++++X++++++++++_   ]
[09:11:53] [Server thread/INFO] [minecraft/GameTestServer]: [++++++++++++++++++++++++++++++++++++++X++++++++++_   ]
[09:11:53] [Server thread/INFO] [minecraft/GameTestServer]: [++++++++++++++++++++++++++++++++++++++X++++++++++_   ]
[09:11:53] [Server thread/INFO] [minecraft/GameTestServer]: [++++++++++++++++++++++++++++++++++++++X++++++++++_   ]
[09:11:53] [Server thread/INFO] [minecraft/GameTestServer]: [++++++++++++++++++++++++++++++++++++++X++++++++++_   ]
[09:11:53] [Server thread/INFO] [minecraft/GameTestServer]: [++++++++++++++++++++++++++++++++++++++X++++++++++_   ]
[09:11:53] [Server thread/INFO] [minecraft/GameTestServer]: [++++++++++++++++++++++++++++++++++++++X++++++++++_   ]
[09:11:53] [Server thread/INFO] [minecraft/GameTestServer]: [++++++++++++++++++++++++++++++++++++++X++++++++++_   ]
[09:11:53] [Server thread/INFO] [minecraft/GameTestServer]: [++++++++++++++++++++++++++++++++++++++X++++++++++_   ]
[09:11:53] [Server thread/INFO] [minecraft/GameTestServer]: [++++++++++++++++++++++++++++++++++++++X++++++++++_   ]
[09:11:53] [Server thread/INFO] [minecraft/GameTestServer]: [++++++++++++++++++++++++++++++++++++++X++++++++++_   ]
[09:11:53] [Server thread/INFO] [minecraft/GameTestServer]: [++++++++++++++++++++++++++++++++++++++X++++++++++_   ]
[09:11:53] [Server thread/INFO] [minecraft/GameTestServer]: [++++++++++++++++++++++++++++++++++++++X++++++++++_   ]
[09:11:53] [Server thread/INFO] [minecraft/GameTestServer]: [++++++++++++++++++++++++++++++++++++++X++++++++++_   ]
[09:11:53] [Server thread/INFO] [minecraft/GameTestServer]: [++++++++++++++++++++++++++++++++++++++X++++++++++_   ]
[09:11:53] [Server thread/INFO] [minecraft/GameTestServer]: [++++++++++++++++++++++++++++++++++++++X++++++++++_   ]
[09:11:53] [Server thread/INFO] [minecraft/GameTestServer]: [++++++++++++++++++++++++++++++++++++++X++++++++++_   ]
[09:11:53] [Server thread/INFO] [minecraft/GameTestServer]: [++++++++++++++++++++++++++++++++++++++X++++++++++_   ]
[09:11:53] [Server thread/INFO] [minecraft/GameTestServer]: [++++++++++++++++++++++++++++++++++++++X++++++++++_   ]
[09:11:53] [Server thread/INFO] [minecraft/GameTestServer]: [++++++++++++++++++++++++++++++++++++++X++++++++++_   ]
[09:11:53] [Server thread/INFO] [minecraft/GameTestServer]: [++++++++++++++++++++++++++++++++++++++X++++++++++_   ]
[09:11:53] [Server thread/INFO] [minecraft/GameTestServer]: [++++++++++++++++++++++++++++++++++++++X++++++++++_   ]
[09:11:53] [Server thread/INFO] [minecraft/GameTestServer]: [++++++++++++++++++++++++++++++++++++++X++++++++++_   ]
[09:11:53] [Server thread/INFO] [minecraft/GameTestServer]: [++++++++++++++++++++++++++++++++++++++X++++++++++_   ]
[09:11:53] [Server thread/INFO] [minecraft/GameTestServer]: [++++++++++++++++++++++++++++++++++++++X++++++++++_   ]
[09:11:53] [Server thread/INFO] [minecraft/GameTestServer]: [++++++++++++++++++++++++++++++++++++++X++++++++++_   ]
[09:11:53] [Server thread/INFO] [minecraft/GameTestServer]: [++++++++++++++++++++++++++++++++++++++X++++++++++_   ]
[09:11:53] [Server thread/INFO] [minecraft/GameTestServer]: [++++++++++++++++++++++++++++++++++++++X++++++++++_   ]
[09:11:53] [Server thread/INFO] [minecraft/GameTestServer]: [++++++++++++++++++++++++++++++++++++++X++++++++++_   ]
[09:11:53] [Server thread/INFO] [minecraft/GameTestServer]: [++++++++++++++++++++++++++++++++++++++X++++++++++_   ]
[09:11:53] [Server thread/INFO] [minecraft/GameTestServer]: [++++++++++++++++++++++++++++++++++++++X++++++++++_   ]
[09:11:53] [Server thread/INFO] [minecraft/GameTestServer]: [++++++++++++++++++++++++++++++++++++++X++++++++++_   ]
LINEN_STATION BlockPos{x=3, y=2, z=3} {Input:0,Output:0,Progress:0}
LINEN_STATION BlockPos{x=4, y=2, z=5} {Input:0,Output:0,Progress:0}
LINEN_STATION BlockPos{x=7, y=2, z=5} {Input:0,Output:2,Progress:0}
LINEN_FINAL inventory=[2 slavicmyths:linen_thread, 0 minecraft:air, 0 minecraft:air, 0 minecraft:air, 0 minecraft:air, 0 minecraft:air, 0 minecraft:air, 0 minecraft:air] chest=[0 minecraft:air, 0 minecraft:air, 0 minecraft:air, 0 minecraft:air, 0 minecraft:air, 0 minecraft:air, 0 minecraft:air, 0 minecraft:air, 0 minecraft:air, 0 minecraft:air, 0 minecraft:air, 0 minecraft:air, 0 minecraft:air, 0 minecraft:air, 0 minecraft:air, 0 minecraft:air, 0 minecraft:air, 0 minecraft:air, 0 minecraft:air, 0 minecraft:air, 0 minecraft:air, 0 minecraft:air, 0 minecraft:air, 0 minecraft:air, 0 minecraft:air, 0 minecraft:air, 0 minecraft:air, 0 minecraft:air, 0 minecraft:air, 0 minecraft:air, 0 minecraft:air, 0 minecraft:air, 0 minecraft:air, 0 minecraft:air, 0 minecraft:air, 0 minecraft:air, 0 minecraft:air, 0 minecraft:air, 0 minecraft:air, 0 minecraft:air, 0 minecraft:air, 0 minecraft:air, 0 minecraft:air, 0 minecraft:air, 0 minecraft:air, 0 minecraft:air, 0 minecraft:air, 0 minecraft:air, 0 minecraft:air, 0 minecraft:air, 0 minecraft:air, 0 minecraft:air, 0 minecraft:air, 0 minecraft:air, 0 minecraft:air, 0 minecraft:air, 0 minecraft:air, 0 minecraft:air, 0 minecraft:air, 0 minecraft:air, 0 minecraft:air, 0 minecraft:air, 0 minecraft:air, 0 minecraft:air] actions=17 failure=LOADED
[09:11:53] [Server thread/INFO] [minecraft/GameTestServer]: [++++++++++++++++++++++++++++++++++++++X++++++++++_   ]
[09:11:53] [Server thread/INFO] [minecraft/GameTestServer]: [++++++++++++++++++++++++++++++++++++++X++++++++++_   ]
[09:11:53] [Server thread/INFO] [minecraft/GameTestServer]: [++++++++++++++++++++++++++++++++++++++X++++++++++_   ]
[09:11:53] [Server thread/INFO] [minecraft/GameTestServer]: [++++++++++++++++++++++++++++++++++++++X++++++++++_   ]
[09:11:53] [Server thread/INFO] [minecraft/GameTestServer]: [++++++++++++++++++++++++++++++++++++++X++++++++++_   ]
[09:11:53] [Server thread/INFO] [minecraft/GameTestServer]: [++++++++++++++++++++++++++++++++++++++X++++++++++_   ]
[09:11:53] [Server thread/INFO] [minecraft/GameTestServer]: [++++++++++++++++++++++++++++++++++++++X++++++++++_   ]
[09:11:53] [Server thread/INFO] [minecraft/GameTestServer]: [++++++++++++++++++++++++++++++++++++++X++++++++++_   ]
[09:11:53] [Server thread/INFO] [minecraft/GameTestServer]: [++++++++++++++++++++++++++++++++++++++X++++++++++_   ]
[09:11:53] [Server thread/INFO] [minecraft/GameTestServer]: [++++++++++++++++++++++++++++++++++++++X++++++++++_   ]
[09:11:53] [Server thread/INFO] [minecraft/GameTestServer]: [++++++++++++++++++++++++++++++++++++++X++++++++++_   ]
[09:11:53] [Server thread/INFO] [minecraft/GameTestServer]: [++++++++++++++++++++++++++++++++++++++X++++++++++_   ]
[09:11:53] [Server thread/INFO] [minecraft/GameTestServer]: [++++++++++++++++++++++++++++++++++++++X++++++++++_   ]
[09:11:53] [Server thread/INFO] [minecraft/GameTestServer]: [++++++++++++++++++++++++++++++++++++++X++++++++++_   ]
[09:11:53] [Server thread/INFO] [minecraft/GameTestServer]: [++++++++++++++++++++++++++++++++++++++X++++++++++_   ]
[09:11:53] [Server thread/INFO] [minecraft/GameTestServer]: [++++++++++++++++++++++++++++++++++++++X++++++++++_   ]
[09:11:53] [Server thread/INFO] [minecraft/GameTestServer]: [++++++++++++++++++++++++++++++++++++++X++++++++++_   ]
[09:11:53] [Server thread/INFO] [minecraft/GameTestServer]: [++++++++++++++++++++++++++++++++++++++X++++++++++_   ]
[09:11:53] [Server thread/INFO] [minecraft/GameTestServer]: [++++++++++++++++++++++++++++++++++++++X++++++++++_   ]
[09:11:53] [Server thread/INFO] [minecraft/GameTestServer]: [++++++++++++++++++++++++++++++++++++++X++++++++++_   ]
[09:11:53] [Server thread/INFO] [minecraft/GameTestServer]: [++++++++++++++++++++++++++++++++++++++X++++++++++_   ]
[09:11:53] [Server thread/INFO] [minecraft/GameTestServer]: [++++++++++++++++++++++++++++++++++++++X++++++++++_   ]
[09:11:53] [Server thread/INFO] [minecraft/GameTestServer]: [++++++++++++++++++++++++++++++++++++++X++++++++++_   ]
[09:11:53] [Server thread/INFO] [minecraft/GameTestServer]: [++++++++++++++++++++++++++++++++++++++X++++++++++_   ]
[09:11:53] [Server thread/INFO] [minecraft/GameTestServer]: [++++++++++++++++++++++++++++++++++++++X++++++++++_   ]
[09:11:53] [Server thread/INFO] [minecraft/GameTestServer]: [++++++++++++++++++++++++++++++++++++++X++++++++++_   ]
[09:11:53] [Server thread/INFO] [minecraft/GameTestServer]: [++++++++++++++++++++++++++++++++++++++X++++++++++_   ]
[09:11:53] [Server thread/INFO] [minecraft/GameTestServer]: [++++++++++++++++++++++++++++++++++++++X++++++++++_   ]
[09:11:53] [Server thread/INFO] [minecraft/GameTestServer]: [++++++++++++++++++++++++++++++++++++++X++++++++++_   ]
[09:11:53] [Server thread/INFO] [minecraft/GameTestServer]: [++++++++++++++++++++++++++++++++++++++X++++++++++_   ]
[09:11:53] [Server thread/INFO] [minecraft/GameTestServer]: [++++++++++++++++++++++++++++++++++++++X++++++++++_   ]
[09:11:53] [Server thread/INFO] [minecraft/GameTestServer]: [++++++++++++++++++++++++++++++++++++++X++++++++++_   ]
[09:11:53] [Server thread/INFO] [minecraft/GameTestServer]: [++++++++++++++++++++++++++++++++++++++X++++++++++_   ]
[09:11:53] [Server thread/INFO] [minecraft/GameTestServer]: [++++++++++++++++++++++++++++++++++++++X++++++++++_   ]
[09:11:53] [Server thread/INFO] [minecraft/GameTestServer]: [++++++++++++++++++++++++++++++++++++++X++++++++++_   ]
[09:11:53] [Server thread/INFO] [minecraft/GameTestServer]: [++++++++++++++++++++++++++++++++++++++X++++++++++_   ]
[09:11:53] [Server thread/INFO] [minecraft/GameTestServer]: [++++++++++++++++++++++++++++++++++++++X++++++++++_   ]
[09:11:53] [Server thread/INFO] [minecraft/GameTestServer]: [++++++++++++++++++++++++++++++++++++++X++++++++++_   ]
[09:11:53] [Server thread/INFO] [minecraft/GameTestServer]: [++++++++++++++++++++++++++++++++++++++X++++++++++_   ]
[09:11:53] [Server thread/INFO] [minecraft/GameTestServer]: [++++++++++++++++++++++++++++++++++++++X++++++++++_   ]
[09:11:53] [Server thread/INFO] [minecraft/GameTestServer]: [++++++++++++++++++++++++++++++++++++++X++++++++++_   ]
[09:11:53] [Server thread/INFO] [minecraft/GameTestServer]: [++++++++++++++++++++++++++++++++++++++X++++++++++_   ]
[09:11:53] [Server thread/INFO] [minecraft/GameTestServer]: [++++++++++++++++++++++++++++++++++++++X++++++++++_   ]
[09:11:53] [Server thread/INFO] [minecraft/GameTestServer]: [++++++++++++++++++++++++++++++++++++++X++++++++++_   ]
[09:11:53] [Server thread/INFO] [minecraft/GameTestServer]: [++++++++++++++++++++++++++++++++++++++X++++++++++_   ]
[09:11:53] [Server thread/INFO] [minecraft/GameTestServer]: [++++++++++++++++++++++++++++++++++++++X++++++++++_   ]
[09:11:53] [Server thread/INFO] [minecraft/GameTestServer]: [++++++++++++++++++++++++++++++++++++++X++++++++++_   ]
[09:11:53] [Server thread/INFO] [minecraft/GameTestServer]: [++++++++++++++++++++++++++++++++++++++X++++++++++_   ]
[09:11:53] [Server thread/INFO] [minecraft/GameTestServer]: [++++++++++++++++++++++++++++++++++++++X++++++++++_   ]
[09:11:53] [Server thread/INFO] [minecraft/GameTestServer]: [++++++++++++++++++++++++++++++++++++++X++++++++++_   ]
[09:11:53] [Server thread/INFO] [minecraft/GameTestServer]: [++++++++++++++++++++++++++++++++++++++X++++++++++_   ]
[09:11:53] [Server thread/INFO] [minecraft/GameTestServer]: [++++++++++++++++++++++++++++++++++++++X++++++++++_   ]
[09:11:53] [Server thread/INFO] [minecraft/GameTestServer]: [++++++++++++++++++++++++++++++++++++++X++++++++++_   ]
[09:11:53] [Server thread/INFO] [minecraft/GameTestServer]: [++++++++++++++++++++++++++++++++++++++X++++++++++_   ]
[09:11:53] [Server thread/INFO] [minecraft/GameTestServer]: [++++++++++++++++++++++++++++++++++++++X++++++++++_   ]
[09:11:53] [Server thread/INFO] [minecraft/GameTestServer]: [++++++++++++++++++++++++++++++++++++++X++++++++++_   ]
[09:11:53] [Server thread/INFO] [minecraft/GameTestServer]: [++++++++++++++++++++++++++++++++++++++X++++++++++_   ]
[09:11:53] [Server thread/INFO] [minecraft/GameTestServer]: [++++++++++++++++++++++++++++++++++++++X++++++++++_   ]
[09:11:53] [Server thread/INFO] [minecraft/GameTestServer]: [++++++++++++++++++++++++++++++++++++++X++++++++++_   ]
[09:11:53] [Server thread/INFO] [minecraft/GameTestServer]: [++++++++++++++++++++++++++++++++++++++X++++++++++_   ]
[09:11:53] [Server thread/INFO] [minecraft/GameTestServer]: [++++++++++++++++++++++++++++++++++++++X++++++++++_   ]
[09:11:53] [Server thread/INFO] [minecraft/GameTestServer]: [++++++++++++++++++++++++++++++++++++++X++++++++++_   ]
[09:11:53] [Server thread/INFO] [minecraft/GameTestServer]: [++++++++++++++++++++++++++++++++++++++X++++++++++_   ]
[09:11:53] [Server thread/INFO] [minecraft/GameTestServer]: [++++++++++++++++++++++++++++++++++++++X++++++++++_   ]
[09:11:53] [Server thread/INFO] [minecraft/GameTestServer]: [++++++++++++++++++++++++++++++++++++++X++++++++++_   ]
[09:11:53] [Server thread/INFO] [minecraft/GameTestServer]: [++++++++++++++++++++++++++++++++++++++X++++++++++_   ]
[09:11:53] [Server thread/INFO] [minecraft/GameTestServer]: [++++++++++++++++++++++++++++++++++++++X++++++++++_   ]
[09:11:53] [Server thread/INFO] [minecraft/GameTestServer]: [++++++++++++++++++++++++++++++++++++++X++++++++++_   ]
[09:11:53] [Server thread/INFO] [minecraft/GameTestServer]: [++++++++++++++++++++++++++++++++++++++X++++++++++_   ]
[09:11:53] [Server thread/INFO] [minecraft/GameTestServer]: [++++++++++++++++++++++++++++++++++++++X++++++++++_   ]
[09:11:53] [Server thread/INFO] [minecraft/GameTestServer]: [++++++++++++++++++++++++++++++++++++++X++++++++++_   ]
[09:11:53] [Server thread/INFO] [minecraft/GameTestServer]: [++++++++++++++++++++++++++++++++++++++X++++++++++_   ]
[09:11:53] [Server thread/INFO] [minecraft/GameTestServer]: [++++++++++++++++++++++++++++++++++++++X++++++++++_   ]
[09:11:53] [Server thread/INFO] [minecraft/GameTestServer]: [++++++++++++++++++++++++++++++++++++++X++++++++++_   ]
[09:11:53] [Server thread/INFO] [minecraft/GameTestServer]: [++++++++++++++++++++++++++++++++++++++X++++++++++_   ]
[09:11:53] [Server thread/INFO] [minecraft/GameTestServer]: [++++++++++++++++++++++++++++++++++++++X++++++++++_   ]
[09:11:53] [Server thread/INFO] [minecraft/GameTestServer]: [++++++++++++++++++++++++++++++++++++++X++++++++++_   ]
[09:11:53] [Server thread/INFO] [minecraft/GameTestServer]: [++++++++++++++++++++++++++++++++++++++X++++++++++_   ]
[09:11:53] [Server thread/INFO] [minecraft/GameTestServer]: [++++++++++++++++++++++++++++++++++++++X++++++++++_   ]
[09:11:53] [Server thread/INFO] [minecraft/GameTestServer]: [++++++++++++++++++++++++++++++++++++++X++++++++++_   ]
[09:11:53] [Server thread/INFO] [minecraft/GameTestServer]: [++++++++++++++++++++++++++++++++++++++X++++++++++_   ]
[09:11:53] [Server thread/INFO] [minecraft/GameTestServer]: [++++++++++++++++++++++++++++++++++++++X++++++++++_   ]
[09:11:53] [Server thread/INFO] [minecraft/GameTestServer]: [++++++++++++++++++++++++++++++++++++++X++++++++++_   ]
[09:11:53] [Server thread/INFO] [minecraft/GameTestServer]: [++++++++++++++++++++++++++++++++++++++X++++++++++_   ]
[09:11:53] [Server thread/INFO] [minecraft/GameTestServer]: [++++++++++++++++++++++++++++++++++++++X++++++++++_   ]
[09:11:53] [Server thread/INFO] [minecraft/GameTestServer]: [++++++++++++++++++++++++++++++++++++++X++++++++++_   ]
[09:11:53] [Server thread/INFO] [minecraft/GameTestServer]: [++++++++++++++++++++++++++++++++++++++X++++++++++_   ]
[09:11:53] [Server thread/INFO] [minecraft/GameTestServer]: [++++++++++++++++++++++++++++++++++++++X++++++++++_   ]
[09:11:53] [Server thread/INFO] [minecraft/GameTestServer]: [++++++++++++++++++++++++++++++++++++++X++++++++++_   ]
[09:11:53] [Server thread/INFO] [minecraft/GameTestServer]: [++++++++++++++++++++++++++++++++++++++X++++++++++_   ]
[09:11:53] [Server thread/INFO] [minecraft/GameTestServer]: [++++++++++++++++++++++++++++++++++++++X++++++++++_   ]
[09:11:53] [Server thread/INFO] [minecraft/GameTestServer]: [++++++++++++++++++++++++++++++++++++++X++++++++++_   ]
[09:11:53] [Server thread/INFO] [minecraft/GameTestServer]: [++++++++++++++++++++++++++++++++++++++X++++++++++_   ]
[09:11:53] [Server thread/INFO] [minecraft/GameTestServer]: [++++++++++++++++++++++++++++++++++++++X++++++++++_   ]
[09:11:53] [Server thread/INFO] [minecraft/GameTestServer]: [++++++++++++++++++++++++++++++++++++++X++++++++++_   ]
[09:11:53] [Server thread/INFO] [minecraft/GameTestServer]: [++++++++++++++++++++++++++++++++++++++X++++++++++_   ]
[09:11:53] [Server thread/INFO] [minecraft/GameTestServer]: [++++++++++++++++++++++++++++++++++++++X++++++++++_   ]
[09:11:53] [Server thread/INFO] [minecraft/GameTestServer]: [++++++++++++++++++++++++++++++++++++++X++++++++++_   ]
[09:11:53] [Server thread/INFO] [minecraft/GameTestServer]: [++++++++++++++++++++++++++++++++++++++X++++++++++_   ]
[09:11:53] [Server thread/INFO] [minecraft/GameTestServer]: [++++++++++++++++++++++++++++++++++++++X++++++++++_   ]
[09:11:53] [Server thread/INFO] [minecraft/GameTestServer]: [++++++++++++++++++++++++++++++++++++++X++++++++++_   ]
[09:11:53] [Server thread/INFO] [minecraft/GameTestServer]: [++++++++++++++++++++++++++++++++++++++X++++++++++_   ]
[09:11:53] [Server thread/INFO] [minecraft/GameTestServer]: [++++++++++++++++++++++++++++++++++++++X++++++++++_   ]
[09:11:53] [Server thread/INFO] [minecraft/GameTestServer]: [++++++++++++++++++++++++++++++++++++++X++++++++++_   ]
[09:11:53] [Server thread/INFO] [minecraft/GameTestServer]: [++++++++++++++++++++++++++++++++++++++X++++++++++_   ]
[09:11:53] [Server thread/INFO] [minecraft/GameTestServer]: [++++++++++++++++++++++++++++++++++++++X++++++++++_   ]
[09:11:53] [Server thread/INFO] [minecraft/GameTestServer]: [++++++++++++++++++++++++++++++++++++++X++++++++++_   ]
[09:11:53] [Server thread/INFO] [minecraft/GameTestServer]: [++++++++++++++++++++++++++++++++++++++X++++++++++_   ]
SETTLEMENT_LINEN_CHAIN_PASS actualNPC=true stalks=8 breaker=true wheel=true loom=true physicalClothDeposit=1
[09:11:53] [Server thread/INFO] [minecraft/GameTestRunner]: Running test batch 'guard_reassign:0' (1 tests)...
[09:11:53] [Server thread/INFO] [minecraft/GameTestServer]: [++++++++++++++++++++++++++++++++++++++X+++++++++++   ]
[09:11:53] [Server thread/INFO] [minecraft/GameTestServer]: [++++++++++++++++++++++++++++++++++++++X+++++++++++_  ]
[09:11:53] [Server thread/INFO] [minecraft/GameTestServer]: [++++++++++++++++++++++++++++++++++++++X+++++++++++_  ]
[09:11:53] [Server thread/INFO] [minecraft/GameTestServer]: [++++++++++++++++++++++++++++++++++++++X+++++++++++_  ]
[09:11:53] [Server thread/INFO] [minecraft/GameTestServer]: [++++++++++++++++++++++++++++++++++++++X+++++++++++_  ]
[09:11:53] [Server thread/INFO] [minecraft/GameTestServer]: [++++++++++++++++++++++++++++++++++++++X+++++++++++_  ]
MILITARY_REASSIGN_PASS nativeNewPoi=true sameRole=true stableArchetype=true
[09:11:53] [Server thread/INFO] [minecraft/GameTestRunner]: Running test batch 'grief:0' (1 tests)...
[09:11:53] [Server thread/INFO] [minecraft/GameTestServer]: [++++++++++++++++++++++++++++++++++++++X++++++++++++  ]
[09:11:53] [Server thread/INFO] [minecraft/GameTestServer]: [++++++++++++++++++++++++++++++++++++++X++++++++++++  ]
[09:11:53] [Server thread/INFO] [minecraft/GameTestServer]: [++++++++++++++++++++++++++++++++++++++X++++++++++++_ ]
[09:11:53] [Server thread/INFO] [minecraft/GameTestServer]: [++++++++++++++++++++++++++++++++++++++X++++++++++++_ ]
[09:11:53] [Server thread/INFO] [minecraft/GameTestServer]: [++++++++++++++++++++++++++++++++++++++X++++++++++++_ ]
[09:11:53] [Server thread/INFO] [minecraft/GameTestServer]: [++++++++++++++++++++++++++++++++++++++X++++++++++++_ ]
[09:11:53] [Server thread/INFO] [minecraft/GameTestServer]: [++++++++++++++++++++++++++++++++++++++X++++++++++++_ ]
[09:11:53] [Server thread/INFO] [minecraft/GameTestServer]: [++++++++++++++++++++++++++++++++++++++X++++++++++++_ ]
[09:11:53] [Server thread/INFO] [minecraft/GameTestServer]: [++++++++++++++++++++++++++++++++++++++X++++++++++++_ ]
[09:11:53] [Server thread/INFO] [minecraft/GameTestServer]: [++++++++++++++++++++++++++++++++++++++X++++++++++++_ ]
[09:11:53] [Server thread/INFO] [minecraft/GameTestServer]: [++++++++++++++++++++++++++++++++++++++X++++++++++++_ ]
[09:11:53] [Server thread/INFO] [minecraft/GameTestServer]: [++++++++++++++++++++++++++++++++++++++X++++++++++++_ ]
[09:11:53] [Server thread/INFO] [minecraft/GameTestServer]: [++++++++++++++++++++++++++++++++++++++X++++++++++++_ ]
[09:11:53] [Server thread/INFO] [minecraft/GameTestServer]: [++++++++++++++++++++++++++++++++++++++X++++++++++++_ ]
[09:11:53] [Server thread/INFO] [minecraft/GameTestServer]: [++++++++++++++++++++++++++++++++++++++X++++++++++++_ ]
[09:11:53] [Server thread/INFO] [minecraft/GameTestServer]: [++++++++++++++++++++++++++++++++++++++X++++++++++++_ ]
[09:11:53] [Server thread/INFO] [minecraft/GameTestServer]: [++++++++++++++++++++++++++++++++++++++X++++++++++++_ ]
[09:11:53] [Server thread/INFO] [minecraft/GameTestServer]: [++++++++++++++++++++++++++++++++++++++X++++++++++++_ ]
[09:11:53] [Server thread/INFO] [minecraft/GameTestServer]: [++++++++++++++++++++++++++++++++++++++X++++++++++++_ ]
[09:11:53] [Server thread/INFO] [minecraft/GameTestServer]: [++++++++++++++++++++++++++++++++++++++X++++++++++++_ ]
[09:11:53] [Server thread/INFO] [minecraft/GameTestServer]: [++++++++++++++++++++++++++++++++++++++X++++++++++++_ ]
[09:11:53] [Server thread/INFO] [minecraft/GameTestServer]: [++++++++++++++++++++++++++++++++++++++X++++++++++++_ ]
[09:11:53] [Server thread/INFO] [minecraft/GameTestServer]: [++++++++++++++++++++++++++++++++++++++X++++++++++++_ ]
[09:11:53] [Server thread/INFO] [minecraft/GameTestServer]: [++++++++++++++++++++++++++++++++++++++X++++++++++++_ ]
[09:11:53] [Server thread/INFO] [minecraft/GameTestServer]: [++++++++++++++++++++++++++++++++++++++X++++++++++++_ ]
[09:11:53] [Server thread/INFO] [minecraft/GameTestServer]: [++++++++++++++++++++++++++++++++++++++X++++++++++++_ ]
[09:11:53] [Server thread/INFO] [minecraft/GameTestServer]: [++++++++++++++++++++++++++++++++++++++X++++++++++++_ ]
[09:11:53] [Server thread/INFO] [minecraft/GameTestServer]: [++++++++++++++++++++++++++++++++++++++X++++++++++++_ ]
[09:11:53] [Server thread/INFO] [minecraft/GameTestServer]: [++++++++++++++++++++++++++++++++++++++X++++++++++++_ ]
[09:11:53] [Server thread/INFO] [minecraft/GameTestServer]: [++++++++++++++++++++++++++++++++++++++X++++++++++++_ ]
[09:11:53] [Server thread/INFO] [minecraft/GameTestServer]: [++++++++++++++++++++++++++++++++++++++X++++++++++++_ ]
[09:11:53] [Server thread/INFO] [minecraft/GameTestServer]: [++++++++++++++++++++++++++++++++++++++X++++++++++++_ ]
SETTLEMENT_GRIEF_PASS matureCropRetained=true noHarvest=true
[09:11:53] [Server thread/INFO] [minecraft/GameTestRunner]: Running test batch 'raid:0' (1 tests)...
[09:11:53] [Server thread/INFO] [minecraft/GameTestServer]: [++++++++++++++++++++++++++++++++++++++X+++++++++++++ ]
[09:11:53] [Server thread/INFO] [minecraft/GameTestServer]: [++++++++++++++++++++++++++++++++++++++X+++++++++++++ ]
[09:11:53] [Server thread/INFO] [minecraft/GameTestServer]: [++++++++++++++++++++++++++++++++++++++X+++++++++++++_]
[09:11:53] [Server thread/INFO] [minecraft/GameTestServer]: [++++++++++++++++++++++++++++++++++++++X+++++++++++++_]
[09:11:53] [Server thread/INFO] [minecraft/GameTestServer]: [++++++++++++++++++++++++++++++++++++++X+++++++++++++_]
[09:11:53] [Server thread/INFO] [minecraft/GameTestServer]: [++++++++++++++++++++++++++++++++++++++X+++++++++++++_]
[09:11:53] [Server thread/INFO] [minecraft/GameTestServer]: [++++++++++++++++++++++++++++++++++++++X+++++++++++++_]
[09:11:53] [Server thread/INFO] [minecraft/GameTestServer]: [++++++++++++++++++++++++++++++++++++++X+++++++++++++_]
[09:11:53] [Server thread/INFO] [minecraft/GameTestServer]: [++++++++++++++++++++++++++++++++++++++X+++++++++++++_]
MILITARY_RAID_PASS actualSpawnOutside=true smallParty=true duplicateStartBlocked=true realDeathEvents=true victory=true cooldown=true
[09:11:53] [Server thread/INFO] [minecraft/GameTestServer]: [++++++++++++++++++++++++++++++++++++++X++++++++++++++]
[09:11:53] [Server thread/INFO] [minecraft/GameTestServer]: ========= 53 GAME TESTS COMPLETE IN 15.65 s ======================
[09:11:53] [Server thread/INFO] [minecraft/GameTestServer]: 1 required tests failed :(
[09:11:53] [Server thread/INFO] [minecraft/GameTestServer]:    - actualshearinganddeposit
[09:11:53] [Server thread/INFO] [minecraft/GameTestServer]: ====================================================
[09:11:53] [Server thread/INFO] [minecraft/MinecraftServer]: Stopping server
[09:11:53] [Server thread/INFO] [minecraft/MinecraftServer]: Saving players
[09:11:53] [Server thread/INFO] [minecraft/MinecraftServer]: Saving worlds
[09:11:54] [Server thread/INFO] [minecraft/MinecraftServer]: Saving chunks for level 'ServerLevel[Test Level]'/minecraft:overworld
[09:11:55] [Server thread/INFO] [minecraft/MinecraftServer]: Saving chunks for level 'ServerLevel[Test Level]'/minecraft:the_nether
[09:11:55] [Server thread/INFO] [minecraft/MinecraftServer]: Saving chunks for level 'ServerLevel[Test Level]'/minecraft:the_end
[09:11:55] [Server thread/INFO] [minecraft/MinecraftServer]: ThreadedAnvilChunkStorage (world): All chunks are saved
[09:11:55] [Server thread/INFO] [minecraft/MinecraftServer]: ThreadedAnvilChunkStorage (DIM-1): All chunks are saved
[09:11:55] [Server thread/INFO] [minecraft/MinecraftServer]: ThreadedAnvilChunkStorage (DIM1): All chunks are saved
[09:11:55] [Server thread/INFO] [minecraft/MinecraftServer]: ThreadedAnvilChunkStorage: All dimensions are saved
[09:11:55] [Server thread/INFO] [minecraft/GameTestServer]: Game test server shutting down

> Task :runVillageChecks FAILED

[Incubating] Problems report is available at: file:///D:/slavic-myths/build/reports/problems/problems-report.html

FAILURE: Build failed with an exception.

* What went wrong:
Execution failed for task ':runVillageChecks'.
> Process 'command 'C:\Program Files\Java\jdk-21.0.12\bin\java.exe'' finished with non-zero exit value 1

* Try:
> Run with --stacktrace option to get the stack trace.
> Run with --info or --debug option to get more log output.
> Run with --scan to generate a Build Scan (powered by Develocity).
> Get more help at https://help.gradle.org.

BUILD FAILED in 40s
9 actionable tasks: 5 executed, 4 up-to-date
