[06окт.2026 15:47:45.943] [main/INFO] [cpw.mods.modlauncher.Launcher/MODLAUNCHER]: ModLauncher running: args [--launchTarget, forgeserverdev, --gameDir, ., --fml.fmlVersion, 4.0.45, --fml.mcVersion, 1.21.1, --fml.neoForgeVersion, 21.1.255, --fml.neoFormVersion, 20240808.144430]
[06окт.2026 15:47:45.946] [main/INFO] [cpw.mods.modlauncher.Launcher/MODLAUNCHER]: JVM identified as Oracle Corporation Java HotSpot(TM) 64-Bit Server VM 21.0.12+7-LTS-205
[06окт.2026 15:47:45.948] [main/INFO] [cpw.mods.modlauncher.Launcher/MODLAUNCHER]: ModLauncher 11.0.5+main.901c6ea8 starting: java version 21.0.12 by Oracle Corporation; OS Windows 10 arch amd64 version 10.0
[06окт.2026 15:47:46.052] [main/INFO] [net.neoforged.fml.loading.ImmediateWindowHandler/]: ImmediateWindowProvider not loading because launch target is forgeserverdev
[06окт.2026 15:47:46.091] [main/INFO] [mixin/]: SpongePowered MIXIN Subsystem Version=0.8.7 Source=union:/C:/Users/pavel/.gradle/caches/modules-2/files-2.1/net.fabricmc/sponge-mixin/0.16.4+mixin.0.8.7/26d01f0567ab46e9ca0d2ed89d0ecc11aadbd433/sponge-mixin-0.16.4+mixin.0.8.7.jar%2394!/ Service=ModLauncher Env=SERVER
[06окт.2026 15:47:46.506] [main/INFO] [net.neoforged.fml.loading.moddiscovery.locators.JarInJarDependencyLocator/]: Found 3 dependencies adding them to mods collection
[06окт.2026 15:47:46.508] [main/INFO] [net.neoforged.fml.loading.moddiscovery.ModDiscoverer/]: 
     Mod List:
		Name Version (Mod Id)

		Curios API 9.5.1+1.21.1 (curios)
		FallingTree 1.21.1.11 (fallingtree)
		Jade 15.10.6+neoforge (jade)
		Just Enough Items 19.51.0.418 (jei)
		Minecraft 1.21.1 (minecraft)
		NeoForge 21.1.255 (neoforge)
		Slavic Myths 0.9.10-rc2 (slavicmyths)
		Xaero's Minimap 26.5.0 (xaerominimap)
		Xaero's World Map 1.45.0 (xaeroworldmap)
		XaeroLib 1.7.1 (xaerolib)
[06окт.2026 15:47:46.671] [main/INFO] [net.neoforged.fml.loading.FMLServiceProvider/CORE]: Loading coremod script-engine for [xaerominimap, xaeroworldmap]
[06окт.2026 15:47:47.709] [main/INFO] [mixin/]: Compatibility level set to JAVA_17
[06окт.2026 15:47:47.712] [main/INFO] [mixin/]: Compatibility level set to JAVA_21
[06окт.2026 15:47:47.721] [main/INFO] [cpw.mods.modlauncher.LaunchServiceHandler/MODLAUNCHER]: Launching target 'forgeserverdev' with arguments [--gameDir, .]
[06окт.2026 15:47:47.781] [main/WARN] [mixin/]: Reference map 'xaerolib.refmap.json' for xaerolib.mixins.json could not be read. If this is a development environment you can ignore this message
[06окт.2026 15:47:47.782] [main/WARN] [mixin/]: Reference map 'curios.refmap.json' for curios.neoforge.mixins.json could not be read. If this is a development environment you can ignore this message
[06окт.2026 15:47:47.783] [main/WARN] [mixin/]: Reference map 'curios.refmap.json' for curios.mixins.json could not be read. If this is a development environment you can ignore this message
[06окт.2026 15:47:47.783] [main/WARN] [mixin/]: Reference map 'xaerominimap.refmap.json' for xaerohud.mixins.json could not be read. If this is a development environment you can ignore this message
[06окт.2026 15:47:47.784] [main/WARN] [mixin/]: Reference map 'xaerominimap.refmap.json' for xaerominimap.mixins.json could not be read. If this is a development environment you can ignore this message
[06окт.2026 15:47:47.785] [main/WARN] [mixin/]: Reference map 'xaeroworldmap.refmap.json' for xaeroworldmap.mixins.json could not be read. If this is a development environment you can ignore this message
[06окт.2026 15:47:48.649] [main/WARN] [oshi.driver.windows.perfmon.PerfmonDisabled/]: Invalid registry value type detected for PerfOS counters. Should be REG_DWORD. Ignoring: HKEY_LOCAL_MACHINE\SYSTEM\CurrentControlSet\Services\PerfOS\Performance\Disable Performance Counters.
[06окт.2026 15:47:48.888] [main/INFO] [MixinExtras|Service/]: Initializing MixinExtras via com.llamalad7.mixinextras.service.MixinExtrasServiceImpl(version=0.5.5).
[06окт.2026 15:47:53.721] [main/WARN] [net.minecraft.commands.Commands/]: Ambiguity between arguments [teleport, location] and [teleport, destination] with inputs: [0.1 -0.5 .9, 0 0 0]
[06окт.2026 15:47:53.723] [main/WARN] [net.minecraft.commands.Commands/]: Ambiguity between arguments [teleport, location] and [teleport, targets] with inputs: [0.1 -0.5 .9, 0 0 0]
[06окт.2026 15:47:53.725] [main/WARN] [net.minecraft.commands.Commands/]: Ambiguity between arguments [teleport, destination] and [teleport, targets] with inputs: [Player, 0123, @e, dd12be42-52a9-4a91-a8a1-11c01849e498]
[06окт.2026 15:47:53.727] [main/WARN] [net.minecraft.commands.Commands/]: Ambiguity between arguments [teleport, targets] and [teleport, destination] with inputs: [Player, 0123, dd12be42-52a9-4a91-a8a1-11c01849e498]
[06окт.2026 15:47:53.729] [main/WARN] [net.minecraft.commands.Commands/]: Ambiguity between arguments [teleport, targets, location] and [teleport, targets, destination] with inputs: [0.1 -0.5 .9, 0 0 0]
[06окт.2026 15:47:53.823] [modloading-worker-0/INFO] [net.neoforged.neoforge.common.NeoForgeMod/NEOFORGE-MOD]: NeoForge mod loading, version 21.1.255, for MC 1.21.1
[06окт.2026 15:47:53.842] [modloading-worker-0/INFO] [xaero.lib.XaeroLib/]: Registering common data for channel xaerolib:main!
[06окт.2026 15:47:53.851] [modloading-worker-0/INFO] [xaero.lib.XaeroLib/]: Loading primary common config for channel xaerolib:main!
[06окт.2026 15:47:53.856] [modloading-worker-0/INFO] [xaero.lib.XaeroLib/]: Loading server config profiles for channel xaerolib:main!
[06окт.2026 15:47:53.859] [modloading-worker-0/INFO] [xaero.map.WorldMap/]: Registering common data for channel xaeroworldmap:main!
[06окт.2026 15:47:53.872] [modloading-worker-0/INFO] [xaero.map.WorldMap/]: Loading primary common config for channel xaeroworldmap:main!
[06окт.2026 15:47:53.876] [modloading-worker-0/INFO] [xaero.map.WorldMap/]: Loading server config profiles for channel xaeroworldmap:main!
[06окт.2026 15:47:53.879] [modloading-worker-0/INFO] [xaero.common.HudMod/]: Registering common data for channel xaerominimap:main!
[06окт.2026 15:47:53.899] [modloading-worker-0/INFO] [xaero.common.HudMod/]: Loading primary common config for channel xaerominimap:main!
[06окт.2026 15:47:53.902] [modloading-worker-0/INFO] [xaero.common.HudMod/]: Loading server config profiles for channel xaerominimap:main!
[06окт.2026 15:47:54.810] [modloading-worker-0/INFO] [xaero.lib.XaeroLib/]: Loading XaeroLib common 1/2!
[06окт.2026 15:47:54.857] [modloading-worker-0/INFO] [xaero.lib.XaeroLib/]: Loading XaeroLib server 1/2!
[06окт.2026 15:47:54.857] [modloading-worker-0/INFO] [xaero.minimap.XaeroMinimap/]: Loading Xaero's Minimap - Stage 1/2 (Server)
[06окт.2026 15:47:54.858] [modloading-worker-0/INFO] [xaero.map.server.WorldMapServer/]: Loading Xaero's World Map - Stage 1/2 (Server)
[06окт.2026 15:47:54.859] [modloading-sync-worker/INFO] [xaero.lib.XaeroLib/]: Loading XaeroLib common 2/2!
[06окт.2026 15:47:54.859] [modloading-sync-worker/INFO] [xaero.lib.XaeroLib/]: Loading XaeroLib server 2/2!
[06окт.2026 15:47:54.860] [modloading-sync-worker/INFO] [xaero.map.server.WorldMapServer/]: Loading Xaero's World Map - Stage 2/2 (Server)
[06окт.2026 15:47:54.860] [modloading-sync-worker/INFO] [xaero.minimap.XaeroMinimap/]: Loading Xaero's Minimap - Stage 2/2 (Server)
[06окт.2026 15:47:54.931] [modloading-worker-0/INFO] [snownee.jade.Jade/]: Start loading plugin from snownee.jade.addon.vanilla.VanillaPlugin
[06окт.2026 15:47:54.956] [modloading-worker-0/INFO] [snownee.jade.Jade/]: Loaded plugin from snownee.jade.addon.vanilla.VanillaPlugin in 19.33 ms
[06окт.2026 15:47:54.956] [modloading-worker-0/INFO] [snownee.jade.Jade/]: Start loading plugin from snownee.jade.addon.universal.UniversalPlugin
[06окт.2026 15:47:54.961] [modloading-worker-0/INFO] [snownee.jade.Jade/]: Loaded plugin from snownee.jade.addon.universal.UniversalPlugin in 4.755 ms
[06окт.2026 15:47:54.963] [modloading-worker-0/INFO] [snownee.jade.Jade/]: Start loading plugin from snownee.jade.addon.debug.DebugPlugin
[06окт.2026 15:47:54.963] [modloading-worker-0/INFO] [snownee.jade.Jade/]: Loaded plugin from snownee.jade.addon.debug.DebugPlugin in 14.00 μs
[06окт.2026 15:47:54.964] [modloading-worker-0/INFO] [snownee.jade.Jade/]: Start loading plugin from snownee.jade.addon.core.CorePlugin
[06окт.2026 15:47:54.965] [modloading-worker-0/INFO] [snownee.jade.Jade/]: Loaded plugin from snownee.jade.addon.core.CorePlugin in 114.2 μs
[06окт.2026 15:47:54.966] [modloading-worker-0/INFO] [snownee.jade.Jade/]: Start loading plugin from snownee.jade.addon.access.AccessibilityPlugin
[06окт.2026 15:47:54.966] [modloading-worker-0/INFO] [snownee.jade.Jade/]: Loaded plugin from snownee.jade.addon.access.AccessibilityPlugin in 14.20 μs
[06окт.2026 15:47:55.085] [main/INFO] [com.mojang.authlib.yggdrasil.YggdrasilAuthenticationService/]: Environment: Environment[sessionHost=https://sessionserver.mojang.com, servicesHost=https://api.minecraftservices.com, name=PROD]
[06окт.2026 15:47:55.158] [main/WARN] [net.minecraft.server.packs.VanillaPackResourcesBuilder/]: Assets URL 'union:/D:/slavic-myths/build/moddev/artifacts/neoforge-21.1.255.jar%23125!/assets/.mcassetsroot' uses unexpected schema
[06окт.2026 15:47:55.159] [main/WARN] [net.minecraft.server.packs.VanillaPackResourcesBuilder/]: Assets URL 'union:/D:/slavic-myths/build/moddev/artifacts/neoforge-21.1.255.jar%23125!/data/.mcassetsroot' uses unexpected schema
[06окт.2026 15:47:55.167] [main/INFO] [net.neoforged.neoforge.gametest.GameTestHooks/]: Enabled Gametest Namespaces: [slavicmyths_hotfix]
[06окт.2026 15:47:56.299] [main/INFO] [net.minecraft.world.item.crafting.RecipeManager/]: Loaded 1564 recipes
[06окт.2026 15:47:56.483] [main/INFO] [net.minecraft.advancements.AdvancementTree/]: Loaded 1554 advancements
[06окт.2026 15:47:56.490] [main/INFO] [Curios API/]: Loaded 10 curio slots
[06окт.2026 15:47:56.494] [main/INFO] [Curios API/]: Loaded 1 curio entities
[06окт.2026 15:47:57.323] [Server thread/INFO] [net.minecraft.server.MinecraftServer/]: Preparing start region for dimension minecraft:overworld
[06окт.2026 15:47:57.378] [worldgen/INFO] [net.minecraft.server.level.progress.LoggerChunkProgressListener/]: Preparing spawn area: 2%
[06окт.2026 15:47:57.443] [Server thread/INFO] [net.minecraft.server.level.progress.LoggerChunkProgressListener/]: Time elapsed: 119 ms
[06окт.2026 15:47:57.453] [Server thread/INFO] [net.minecraft.gametest.framework.GameTestServer/]: Started game test server
[06окт.2026 15:47:57.480] [Server thread/INFO] [net.neoforged.neoforge.server.permission.PermissionAPI/]: Successfully initialized permission handler neoforge:default_handler
[06окт.2026 15:47:57.543] [Server thread/INFO] [net.minecraft.gametest.framework.GameTestServer/]: 10 tests are now running at position -10982057, -59, 8719013!
[06окт.2026 15:47:57.997] [Server thread/INFO] [net.minecraft.gametest.framework.GameTestRunner/]: Running test batch 'defaultBatch:0' (10 tests)...
[06окт.2026 15:47:58.097] [Server thread/INFO] [net.minecraft.gametest.framework.GameTestServer/]: [          ]
[06окт.2026 15:48:09.308] [Server thread/WARN] [net.minecraft.server.MinecraftServer/]: Can't keep up! Is the server overloaded? Running 10323ms or 206 ticks behind
[06окт.2026 15:48:09.423] [Server thread/INFO] [net.minecraft.server.MinecraftServer/]: Подготавливается территория: kurgan / 0. Задание 3213638a-54b3-41cb-b3f6-dd23bba6f45e
[06окт.2026 15:48:10.090] [Server thread/INFO] [net.minecraft.server.MinecraftServer/]: RCKitchen has made the advancement [Village Feast]
[06окт.2026 15:48:10.200] [Server thread/INFO] [net.minecraft.gametest.framework.GameTestServer/]: [_+++++_+++]
[06окт.2026 15:48:10.789] [Server thread/INFO] [net.minecraft.gametest.framework.GameTestServer/]: [_+++++_+++]
[06окт.2026 15:48:11.788] [Server thread/INFO] [net.minecraft.gametest.framework.GameTestServer/]: [_+++++_+++]
[06окт.2026 15:48:11.996] [Server thread/INFO] [net.minecraft.gametest.framework.GameTestServer/]: [_+++++_+++]
[06окт.2026 15:48:12.216] [Server thread/INFO] [net.minecraft.gametest.framework.GameTestServer/]: [_+++++_+++]
[06окт.2026 15:48:12.269] [Server thread/INFO] [net.minecraft.server.MinecraftServer/]: Загрузка территории: 16%, изменено блоков: 0
[06окт.2026 15:48:12.303] [Server thread/INFO] [net.minecraft.gametest.framework.GameTestServer/]: [_+++++_+++]
[06окт.2026 15:48:12.408] [Server thread/INFO] [net.minecraft.gametest.framework.GameTestServer/]: [++++++_+++]
[06окт.2026 15:48:12.448] [Server thread/INFO] [net.minecraft.gametest.framework.GameTestServer/]: [++++++_+++]
[06окт.2026 15:48:12.490] [Server thread/INFO] [net.minecraft.gametest.framework.GameTestServer/]: [++++++_+++]
[06окт.2026 15:48:12.530] [Server thread/INFO] [net.minecraft.gametest.framework.GameTestServer/]: [++++++_+++]
[06окт.2026 15:48:12.554] [Server thread/INFO] [net.minecraft.server.MinecraftServer/]: Загрузка территории: 56%, изменено блоков: 0
[06окт.2026 15:48:12.571] [Server thread/INFO] [net.minecraft.gametest.framework.GameTestServer/]: [++++++_+++]
[06окт.2026 15:48:12.630] [Server thread/INFO] [net.minecraft.gametest.framework.GameTestServer/]: [++++++_+++]
[06окт.2026 15:48:12.670] [Server thread/INFO] [net.minecraft.gametest.framework.GameTestServer/]: [++++++_+++]
[06окт.2026 15:48:12.707] [Server thread/INFO] [net.minecraft.gametest.framework.GameTestServer/]: [++++++_+++]
[06окт.2026 15:48:12.771] [Server thread/INFO] [net.minecraft.gametest.framework.GameTestServer/]: [++++++_+++]
[06окт.2026 15:48:12.805] [Server thread/INFO] [net.minecraft.server.MinecraftServer/]: Загрузка территории: 39%, изменено блоков: 0
[06окт.2026 15:48:12.820] [Server thread/INFO] [net.minecraft.gametest.framework.GameTestServer/]: [++++++_+++]
[06окт.2026 15:48:12.856] [Server thread/INFO] [net.minecraft.gametest.framework.GameTestServer/]: [++++++_+++]
[06окт.2026 15:48:12.899] [Server thread/INFO] [net.minecraft.gametest.framework.GameTestServer/]: [++++++_+++]
[06окт.2026 15:48:12.934] [Server thread/INFO] [net.minecraft.gametest.framework.GameTestServer/]: [++++++_+++]
[06окт.2026 15:48:12.977] [Server thread/INFO] [net.minecraft.gametest.framework.GameTestServer/]: [++++++_+++]
[06окт.2026 15:48:13.007] [Server thread/INFO] [net.minecraft.server.MinecraftServer/]: Загрузка территории: 71%, изменено блоков: 0
[06окт.2026 15:48:13.027] [Server thread/INFO] [net.minecraft.gametest.framework.GameTestServer/]: [++++++_+++]
[06окт.2026 15:48:13.076] [Server thread/INFO] [net.minecraft.gametest.framework.GameTestServer/]: [++++++_+++]
[06окт.2026 15:48:13.123] [Server thread/INFO] [net.minecraft.gametest.framework.GameTestServer/]: [++++++_+++]
[06окт.2026 15:48:13.163] [Server thread/INFO] [net.minecraft.gametest.framework.GameTestServer/]: [++++++_+++]
[06окт.2026 15:48:13.198] [Server thread/INFO] [net.minecraft.gametest.framework.GameTestServer/]: [++++++_+++]
[06окт.2026 15:48:13.224] [Server thread/INFO] [net.minecraft.server.MinecraftServer/]: Загрузка территории: 98%, изменено блоков: 0
[06окт.2026 15:48:13.232] [Server thread/INFO] [net.minecraft.server.MinecraftServer/]: Чанки загружены. Подготовка окончательного положения на Y=-49
[06окт.2026 15:48:13.245] [Server thread/INFO] [net.minecraft.gametest.framework.GameTestServer/]: [++++++_+++]
[06окт.2026 15:48:13.306] [Server thread/INFO] [net.minecraft.gametest.framework.GameTestServer/]: [++++++_+++]
[06окт.2026 15:48:13.372] [Server thread/INFO] [net.minecraft.gametest.framework.GameTestServer/]: [++++++_+++]
[06окт.2026 15:48:13.431] [Server thread/INFO] [net.minecraft.gametest.framework.GameTestServer/]: [++++++_+++]
[06окт.2026 15:48:13.505] [Server thread/INFO] [net.minecraft.gametest.framework.GameTestServer/]: [++++++_+++]
[06окт.2026 15:48:13.538] [Server thread/INFO] [net.minecraft.server.MinecraftServer/]: Планирование грунта: 90%, изменено блоков: 0
[06окт.2026 15:48:13.560] [Server thread/INFO] [net.minecraft.gametest.framework.GameTestServer/]: [++++++_+++]
[06окт.2026 15:48:13.636] [Server thread/INFO] [net.minecraft.gametest.framework.GameTestServer/]: [++++++_+++]
[06окт.2026 15:48:13.713] [Server thread/INFO] [net.minecraft.gametest.framework.GameTestServer/]: [++++++_+++]
[06окт.2026 15:48:13.794] [Server thread/INFO] [net.minecraft.gametest.framework.GameTestServer/]: [++++++_+++]
[06окт.2026 15:48:13.878] [Server thread/INFO] [net.minecraft.gametest.framework.GameTestServer/]: [++++++_+++]
[06окт.2026 15:48:13.928] [Server thread/INFO] [net.minecraft.server.MinecraftServer/]: Подготовка грунта: 41%, изменено блоков: 44678
[06окт.2026 15:48:13.965] [Server thread/INFO] [net.minecraft.gametest.framework.GameTestServer/]: [++++++_+++]
[06окт.2026 15:48:14.049] [Server thread/INFO] [net.minecraft.gametest.framework.GameTestServer/]: [++++++_+++]
[06окт.2026 15:48:14.114] [Server thread/INFO] [net.minecraft.server.MinecraftServer/]: Территория подготовлена. Размещается структура...
[06окт.2026 15:48:14.134] [Server thread/INFO] [net.minecraft.gametest.framework.GameTestServer/]: [++++++_+++]
[06окт.2026 15:48:14.199] [Server thread/INFO] [net.minecraft.gametest.framework.GameTestServer/]: [++++++_+++]
[06окт.2026 15:48:14.270] [Server thread/INFO] [net.minecraft.gametest.framework.GameTestServer/]: [++++++_+++]
[06окт.2026 15:48:14.317] [Server thread/INFO] [net.minecraft.server.MinecraftServer/]: Размещение структуры: 21%, изменено блоков: 116339
[06окт.2026 15:48:14.340] [Server thread/INFO] [net.minecraft.gametest.framework.GameTestServer/]: [++++++_+++]
[06окт.2026 15:48:14.408] [Server thread/INFO] [net.minecraft.gametest.framework.GameTestServer/]: [++++++_+++]
[06окт.2026 15:48:14.494] [Server thread/INFO] [net.minecraft.gametest.framework.GameTestServer/]: [++++++_+++]
[06окт.2026 15:48:14.555] [Server thread/INFO] [net.minecraft.gametest.framework.GameTestServer/]: [++++++_+++]
[06окт.2026 15:48:14.627] [Server thread/INFO] [net.minecraft.gametest.framework.GameTestServer/]: [++++++_+++]
[06окт.2026 15:48:14.662] [Server thread/INFO] [net.minecraft.server.MinecraftServer/]: Размещение структуры: 61%, изменено блоков: 116339
[06окт.2026 15:48:14.688] [Server thread/INFO] [net.minecraft.gametest.framework.GameTestServer/]: [++++++_+++]
[06окт.2026 15:48:14.759] [Server thread/INFO] [net.minecraft.gametest.framework.GameTestServer/]: [++++++_+++]
[06окт.2026 15:48:14.824] [Server thread/INFO] [net.minecraft.gametest.framework.GameTestServer/]: [++++++_+++]
[06окт.2026 15:48:14.877] [Server thread/INFO] [net.minecraft.gametest.framework.GameTestServer/]: [++++++_+++]
[06окт.2026 15:48:14.932] [Server thread/INFO] [net.minecraft.gametest.framework.GameTestServer/]: [++++++_+++]
[06окт.2026 15:48:14.961] [Server thread/INFO] [net.minecraft.server.MinecraftServer/]: Структура создана: 915968, -48, 31874
[06окт.2026 15:48:15.448] [Server thread/INFO] [net.minecraft.gametest.framework.GameTestServer/]: [++++++_+++]
[06окт.2026 15:48:15.496] [Server thread/INFO] [net.minecraft.gametest.framework.GameTestServer/]: [++++++_+++]
[06окт.2026 15:48:15.559] [Server thread/INFO] [net.minecraft.gametest.framework.GameTestServer/]: [++++++_+++]
[06окт.2026 15:48:15.631] [Server thread/INFO] [net.minecraft.server.MinecraftServer/]: Подготавливается территория: kurgan / 1. Задание f7649347-fa28-4594-b86f-92913c60bde1
[06окт.2026 15:48:15.656] [Server thread/INFO] [net.minecraft.gametest.framework.GameTestServer/]: [++++++_+++]
[06окт.2026 15:48:15.733] [Server thread/INFO] [net.minecraft.gametest.framework.GameTestServer/]: [++++++_+++]
[06окт.2026 15:48:15.809] [Server thread/INFO] [net.minecraft.gametest.framework.GameTestServer/]: [++++++_+++]
[06окт.2026 15:48:15.881] [Server thread/INFO] [net.minecraft.gametest.framework.GameTestServer/]: [++++++_+++]
[06окт.2026 15:48:15.935] [Server thread/INFO] [net.minecraft.gametest.framework.GameTestServer/]: [++++++_+++]
[06окт.2026 15:48:15.969] [Server thread/INFO] [net.minecraft.server.MinecraftServer/]: Загрузка территории: 8%, изменено блоков: 0
[06окт.2026 15:48:15.981] [Server thread/INFO] [net.minecraft.gametest.framework.GameTestServer/]: [++++++_+++]
[06окт.2026 15:48:16.025] [Server thread/INFO] [net.minecraft.gametest.framework.GameTestServer/]: [++++++_+++]
[06окт.2026 15:48:16.064] [Server thread/INFO] [net.minecraft.gametest.framework.GameTestServer/]: [++++++_+++]
[06окт.2026 15:48:16.103] [Server thread/INFO] [net.minecraft.gametest.framework.GameTestServer/]: [++++++_+++]
[06окт.2026 15:48:16.143] [Server thread/INFO] [net.minecraft.gametest.framework.GameTestServer/]: [++++++_+++]
[06окт.2026 15:48:16.170] [Server thread/INFO] [net.minecraft.server.MinecraftServer/]: Загрузка территории: 28%, изменено блоков: 0
[06окт.2026 15:48:16.182] [Server thread/INFO] [net.minecraft.gametest.framework.GameTestServer/]: [++++++_+++]
[06окт.2026 15:48:16.220] [Server thread/INFO] [net.minecraft.gametest.framework.GameTestServer/]: [++++++_+++]
[06окт.2026 15:48:16.257] [Server thread/INFO] [net.minecraft.gametest.framework.GameTestServer/]: [++++++_+++]
[06окт.2026 15:48:16.295] [Server thread/INFO] [net.minecraft.gametest.framework.GameTestServer/]: [++++++_+++]
[06окт.2026 15:48:16.349] [Server thread/INFO] [net.minecraft.gametest.framework.GameTestServer/]: [++++++_+++]
[06окт.2026 15:48:16.374] [Server thread/INFO] [net.minecraft.server.MinecraftServer/]: Загрузка территории: 50%, изменено блоков: 0
[06окт.2026 15:48:16.387] [Server thread/INFO] [net.minecraft.gametest.framework.GameTestServer/]: [++++++_+++]
[06окт.2026 15:48:16.425] [Server thread/INFO] [net.minecraft.gametest.framework.GameTestServer/]: [++++++_+++]
[06окт.2026 15:48:16.463] [Server thread/INFO] [net.minecraft.gametest.framework.GameTestServer/]: [++++++_+++]
[06окт.2026 15:48:16.500] [Server thread/INFO] [net.minecraft.gametest.framework.GameTestServer/]: [++++++_+++]
[06окт.2026 15:48:16.540] [Server thread/INFO] [net.minecraft.gametest.framework.GameTestServer/]: [++++++_+++]
[06окт.2026 15:48:16.571] [Server thread/INFO] [net.minecraft.server.MinecraftServer/]: Загрузка территории: 71%, изменено блоков: 0
[06окт.2026 15:48:16.585] [Server thread/INFO] [net.minecraft.gametest.framework.GameTestServer/]: [++++++_+++]
[06окт.2026 15:48:16.624] [Server thread/INFO] [net.minecraft.gametest.framework.GameTestServer/]: [++++++_+++]
[06окт.2026 15:48:16.664] [Server thread/INFO] [net.minecraft.gametest.framework.GameTestServer/]: [++++++_+++]
[06окт.2026 15:48:16.706] [Server thread/INFO] [net.minecraft.gametest.framework.GameTestServer/]: [++++++_+++]
[06окт.2026 15:48:16.748] [Server thread/INFO] [net.minecraft.gametest.framework.GameTestServer/]: [++++++_+++]
[06окт.2026 15:48:16.775] [Server thread/INFO] [net.minecraft.server.MinecraftServer/]: Загрузка территории: 91%, изменено блоков: 0
[06окт.2026 15:48:16.787] [Server thread/INFO] [net.minecraft.gametest.framework.GameTestServer/]: [++++++_+++]
[06окт.2026 15:48:16.826] [Server thread/INFO] [net.minecraft.gametest.framework.GameTestServer/]: [++++++_+++]
[06окт.2026 15:48:16.875] [Server thread/INFO] [net.minecraft.gametest.framework.GameTestServer/]: [++++++_+++]
[06окт.2026 15:48:16.939] [Server thread/INFO] [net.minecraft.gametest.framework.GameTestServer/]: [++++++_+++]
[06окт.2026 15:48:16.988] [Server thread/INFO] [net.minecraft.gametest.framework.GameTestServer/]: [++++++_+++]
[06окт.2026 15:48:17.024] [Server thread/INFO] [net.minecraft.server.MinecraftServer/]: Загрузка территории: 18%, изменено блоков: 0
[06окт.2026 15:48:17.041] [Server thread/INFO] [net.minecraft.gametest.framework.GameTestServer/]: [++++++_+++]
[06окт.2026 15:48:17.106] [Server thread/INFO] [net.minecraft.gametest.framework.GameTestServer/]: [++++++_+++]
[06окт.2026 15:48:17.149] [Server thread/INFO] [net.minecraft.gametest.framework.GameTestServer/]: [++++++_+++]
[06окт.2026 15:48:17.197] [Server thread/INFO] [net.minecraft.gametest.framework.GameTestServer/]: [++++++_+++]
[06окт.2026 15:48:17.237] [Server thread/INFO] [net.minecraft.gametest.framework.GameTestServer/]: [++++++_+++]
[06окт.2026 15:48:17.263] [Server thread/INFO] [net.minecraft.server.MinecraftServer/]: Загрузка территории: 35%, изменено блоков: 0
[06окт.2026 15:48:17.277] [Server thread/INFO] [net.minecraft.gametest.framework.GameTestServer/]: [++++++_+++]
[06окт.2026 15:48:17.323] [Server thread/INFO] [net.minecraft.gametest.framework.GameTestServer/]: [++++++_+++]
[06окт.2026 15:48:17.366] [Server thread/INFO] [net.minecraft.gametest.framework.GameTestServer/]: [++++++_+++]
[06окт.2026 15:48:17.413] [Server thread/INFO] [net.minecraft.gametest.framework.GameTestServer/]: [++++++_+++]
[06окт.2026 15:48:17.459] [Server thread/INFO] [net.minecraft.gametest.framework.GameTestServer/]: [++++++_+++]
[06окт.2026 15:48:17.489] [Server thread/INFO] [net.minecraft.server.MinecraftServer/]: Загрузка территории: 49%, изменено блоков: 0
[06окт.2026 15:48:17.504] [Server thread/INFO] [net.minecraft.gametest.framework.GameTestServer/]: [++++++_+++]
[06окт.2026 15:48:17.549] [Server thread/INFO] [net.minecraft.gametest.framework.GameTestServer/]: [++++++_+++]
[06окт.2026 15:48:17.590] [Server thread/INFO] [net.minecraft.gametest.framework.GameTestServer/]: [++++++_+++]
[06окт.2026 15:48:17.628] [Server thread/INFO] [net.minecraft.gametest.framework.GameTestServer/]: [++++++_+++]
[06окт.2026 15:48:17.668] [Server thread/INFO] [net.minecraft.gametest.framework.GameTestServer/]: [++++++_+++]
[06окт.2026 15:48:17.693] [Server thread/INFO] [net.minecraft.server.MinecraftServer/]: Загрузка территории: 58%, изменено блоков: 0
[06окт.2026 15:48:17.704] [Server thread/INFO] [net.minecraft.gametest.framework.GameTestServer/]: [++++++_+++]
[06окт.2026 15:48:17.741] [Server thread/INFO] [net.minecraft.gametest.framework.GameTestServer/]: [++++++_+++]
[06окт.2026 15:48:17.784] [Server thread/INFO] [net.minecraft.gametest.framework.GameTestServer/]: [++++++_+++]
[06окт.2026 15:48:17.825] [Server thread/INFO] [net.minecraft.gametest.framework.GameTestServer/]: [++++++_+++]
[06окт.2026 15:48:17.887] [Server thread/INFO] [net.minecraft.gametest.framework.GameTestServer/]: [++++++_+++]
[06окт.2026 15:48:17.914] [Server thread/INFO] [net.minecraft.server.MinecraftServer/]: Загрузка территории: 67%, изменено блоков: 0
[06окт.2026 15:48:17.929] [Server thread/INFO] [net.minecraft.gametest.framework.GameTestServer/]: [++++++_+++]
[06окт.2026 15:48:17.973] [Server thread/INFO] [net.minecraft.gametest.framework.GameTestServer/]: [++++++_+++]
[06окт.2026 15:48:18.019] [Server thread/INFO] [net.minecraft.gametest.framework.GameTestServer/]: [++++++_+++]
[06окт.2026 15:48:18.061] [Server thread/INFO] [net.minecraft.gametest.framework.GameTestServer/]: [++++++_+++]
[06окт.2026 15:48:18.105] [Server thread/INFO] [net.minecraft.gametest.framework.GameTestServer/]: [++++++_+++]
[06окт.2026 15:48:18.137] [Server thread/INFO] [net.minecraft.server.MinecraftServer/]: Загрузка территории: 75%, изменено блоков: 0
[06окт.2026 15:48:18.150] [Server thread/INFO] [net.minecraft.gametest.framework.GameTestServer/]: [++++++_+++]
[06окт.2026 15:48:18.194] [Server thread/INFO] [net.minecraft.gametest.framework.GameTestServer/]: [++++++_+++]
[06окт.2026 15:48:18.239] [Server thread/INFO] [net.minecraft.gametest.framework.GameTestServer/]: [++++++_+++]
[06окт.2026 15:48:18.283] [Server thread/INFO] [net.minecraft.gametest.framework.GameTestServer/]: [++++++_+++]
[06окт.2026 15:48:18.325] [Server thread/INFO] [net.minecraft.gametest.framework.GameTestServer/]: [++++++_+++]
[06окт.2026 15:48:18.354] [Server thread/INFO] [net.minecraft.server.MinecraftServer/]: Загрузка территории: 83%, изменено блоков: 0
[06окт.2026 15:48:18.366] [Server thread/INFO] [net.minecraft.gametest.framework.GameTestServer/]: [++++++_+++]
[06окт.2026 15:48:18.404] [Server thread/INFO] [net.minecraft.gametest.framework.GameTestServer/]: [++++++_+++]
[06окт.2026 15:48:18.441] [Server thread/INFO] [net.minecraft.gametest.framework.GameTestServer/]: [++++++_+++]
[06окт.2026 15:48:18.478] [Server thread/INFO] [net.minecraft.gametest.framework.GameTestServer/]: [++++++_+++]
[06окт.2026 15:48:18.515] [Server thread/INFO] [net.minecraft.gametest.framework.GameTestServer/]: [++++++_+++]
[06окт.2026 15:48:18.542] [Server thread/INFO] [net.minecraft.server.MinecraftServer/]: Загрузка территории: 91%, изменено блоков: 0
[06окт.2026 15:48:18.552] [Server thread/INFO] [net.minecraft.gametest.framework.GameTestServer/]: [++++++_+++]
[06окт.2026 15:48:18.589] [Server thread/INFO] [net.minecraft.gametest.framework.GameTestServer/]: [++++++_+++]
[06окт.2026 15:48:18.644] [Server thread/INFO] [net.minecraft.gametest.framework.GameTestServer/]: [++++++_+++]
[06окт.2026 15:48:18.681] [Server thread/INFO] [net.minecraft.gametest.framework.GameTestServer/]: [++++++_+++]
[06окт.2026 15:48:18.717] [Server thread/INFO] [net.minecraft.gametest.framework.GameTestServer/]: [++++++_+++]
[06окт.2026 15:48:18.743] [Server thread/INFO] [net.minecraft.server.MinecraftServer/]: Загрузка территории: 99%, изменено блоков: 0
[06окт.2026 15:48:18.746] [Server thread/INFO] [net.minecraft.server.MinecraftServer/]: Чанки загружены. Подготовка окончательного положения на Y=-32
[06окт.2026 15:48:18.761] [Server thread/INFO] [net.minecraft.gametest.framework.GameTestServer/]: [++++++_+++]
[06окт.2026 15:48:18.818] [Server thread/INFO] [net.minecraft.gametest.framework.GameTestServer/]: [++++++_+++]
[06окт.2026 15:48:18.879] [Server thread/INFO] [net.minecraft.gametest.framework.GameTestServer/]: [++++++_+++]
[06окт.2026 15:48:18.944] [Server thread/INFO] [net.minecraft.gametest.framework.GameTestServer/]: [++++++_+++]
[06окт.2026 15:48:19.008] [Server thread/INFO] [net.minecraft.gametest.framework.GameTestServer/]: [++++++_+++]
[06окт.2026 15:48:19.050] [Server thread/INFO] [net.minecraft.server.MinecraftServer/]: Планирование грунта: 28%, изменено блоков: 0
[06окт.2026 15:48:19.065] [Server thread/INFO] [net.minecraft.gametest.framework.GameTestServer/]: [++++++_+++]
[06окт.2026 15:48:19.124] [Server thread/INFO] [net.minecraft.gametest.framework.GameTestServer/]: [++++++_+++]
[06окт.2026 15:48:19.183] [Server thread/INFO] [net.minecraft.gametest.framework.GameTestServer/]: [++++++_+++]
[06окт.2026 15:48:19.241] [Server thread/INFO] [net.minecraft.gametest.framework.GameTestServer/]: [++++++_+++]
[06окт.2026 15:48:19.296] [Server thread/INFO] [net.minecraft.gametest.framework.GameTestServer/]: [++++++_+++]
[06окт.2026 15:48:19.341] [Server thread/INFO] [net.minecraft.server.MinecraftServer/]: Планирование грунта: 58%, изменено блоков: 0
[06окт.2026 15:48:19.361] [Server thread/INFO] [net.minecraft.gametest.framework.GameTestServer/]: [++++++_+++]
[06окт.2026 15:48:19.419] [Server thread/INFO] [net.minecraft.gametest.framework.GameTestServer/]: [++++++_+++]
[06окт.2026 15:48:19.482] [Server thread/INFO] [net.minecraft.gametest.framework.GameTestServer/]: [++++++_+++]
[06окт.2026 15:48:19.543] [Server thread/INFO] [net.minecraft.gametest.framework.GameTestServer/]: [++++++_+++]
[06окт.2026 15:48:19.600] [Server thread/INFO] [net.minecraft.gametest.framework.GameTestServer/]: [++++++_+++]
[06окт.2026 15:48:19.639] [Server thread/INFO] [net.minecraft.server.MinecraftServer/]: Планирование грунта: 87%, изменено блоков: 0
[06окт.2026 15:48:19.673] [Server thread/INFO] [net.minecraft.gametest.framework.GameTestServer/]: [++++++_+++]
[06окт.2026 15:48:19.736] [Server thread/INFO] [net.minecraft.gametest.framework.GameTestServer/]: [++++++_+++]
[06окт.2026 15:48:19.797] [Server thread/INFO] [net.minecraft.gametest.framework.GameTestServer/]: [++++++_+++]
[06окт.2026 15:48:19.864] [Server thread/INFO] [net.minecraft.gametest.framework.GameTestServer/]: [++++++_+++]
[06окт.2026 15:48:19.927] [Server thread/INFO] [net.minecraft.gametest.framework.GameTestServer/]: [++++++_+++]
[06окт.2026 15:48:19.972] [Server thread/INFO] [net.minecraft.server.MinecraftServer/]: Проверка конечного места: 41%, изменено блоков: 0
[06окт.2026 15:48:19.990] [Server thread/INFO] [net.minecraft.gametest.framework.GameTestServer/]: [++++++_+++]
[06окт.2026 15:48:20.053] [Server thread/INFO] [net.minecraft.gametest.framework.GameTestServer/]: [++++++_+++]
[06окт.2026 15:48:20.117] [Server thread/INFO] [net.minecraft.gametest.framework.GameTestServer/]: [++++++_+++]
[06окт.2026 15:48:20.182] [Server thread/INFO] [net.minecraft.gametest.framework.GameTestServer/]: [++++++_+++]
[06окт.2026 15:48:20.250] [Server thread/INFO] [net.minecraft.gametest.framework.GameTestServer/]: [++++++_+++]
[06окт.2026 15:48:20.306] [Server thread/INFO] [net.minecraft.server.MinecraftServer/]: Подготовка грунта: 10%, изменено блоков: 16582
[06окт.2026 15:48:20.335] [Server thread/INFO] [net.minecraft.gametest.framework.GameTestServer/]: [++++++_+++]
[06окт.2026 15:48:20.419] [Server thread/INFO] [net.minecraft.gametest.framework.GameTestServer/]: [++++++_+++]
[06окт.2026 15:48:20.501] [Server thread/INFO] [net.minecraft.gametest.framework.GameTestServer/]: [++++++_+++]
[06окт.2026 15:48:20.586] [Server thread/INFO] [net.minecraft.gametest.framework.GameTestServer/]: [++++++_+++]
[06окт.2026 15:48:20.693] [Server thread/INFO] [net.minecraft.gametest.framework.GameTestServer/]: [++++++_+++]
[06окт.2026 15:48:20.749] [Server thread/INFO] [net.minecraft.server.MinecraftServer/]: Подготовка грунта: 33%, изменено блоков: 246779
[06окт.2026 15:48:20.775] [Server thread/INFO] [net.minecraft.gametest.framework.GameTestServer/]: [++++++_+++]
[06окт.2026 15:48:20.858] [Server thread/INFO] [net.minecraft.gametest.framework.GameTestServer/]: [++++++_+++]
[06окт.2026 15:48:20.940] [Server thread/INFO] [net.minecraft.gametest.framework.GameTestServer/]: [++++++_+++]
[06окт.2026 15:48:21.024] [Server thread/INFO] [net.minecraft.gametest.framework.GameTestServer/]: [++++++_+++]
[06окт.2026 15:48:21.108] [Server thread/INFO] [net.minecraft.gametest.framework.GameTestServer/]: [++++++_+++]
[06окт.2026 15:48:21.164] [Server thread/INFO] [net.minecraft.server.MinecraftServer/]: Подготовка грунта: 54%, изменено блоков: 478121
[06окт.2026 15:48:21.191] [Server thread/INFO] [net.minecraft.gametest.framework.GameTestServer/]: [++++++_+++]
[06окт.2026 15:48:21.274] [Server thread/INFO] [net.minecraft.gametest.framework.GameTestServer/]: [++++++_+++]
[06окт.2026 15:48:21.357] [Server thread/INFO] [net.minecraft.gametest.framework.GameTestServer/]: [++++++_+++]
[06окт.2026 15:48:21.467] [Server thread/INFO] [net.minecraft.gametest.framework.GameTestServer/]: [++++++_+++]
[06окт.2026 15:48:21.554] [Server thread/INFO] [net.minecraft.gametest.framework.GameTestServer/]: [++++++_+++]
[06окт.2026 15:48:21.611] [Server thread/INFO] [net.minecraft.server.MinecraftServer/]: Подготовка грунта: 74%, изменено блоков: 703884
[06окт.2026 15:48:21.639] [Server thread/INFO] [net.minecraft.gametest.framework.GameTestServer/]: [++++++_+++]
[06окт.2026 15:48:21.722] [Server thread/INFO] [net.minecraft.gametest.framework.GameTestServer/]: [++++++_+++]
[06окт.2026 15:48:21.805] [Server thread/INFO] [net.minecraft.gametest.framework.GameTestServer/]: [++++++_+++]
[06окт.2026 15:48:21.891] [Server thread/INFO] [net.minecraft.gametest.framework.GameTestServer/]: [++++++_+++]
[06окт.2026 15:48:21.919] [Server thread/INFO] [net.minecraft.server.MinecraftServer/]: Территория подготовлена. Размещается структура...
[06окт.2026 15:48:21.945] [Server thread/INFO] [net.minecraft.gametest.framework.GameTestServer/]: [++++++_+++]
[06окт.2026 15:48:21.974] [Server thread/INFO] [net.minecraft.server.MinecraftServer/]: Размещение структуры: 2%, изменено блоков: 859455
[06окт.2026 15:48:21.986] [Server thread/INFO] [net.minecraft.gametest.framework.GameTestServer/]: [++++++_+++]
[06окт.2026 15:48:22.027] [Server thread/INFO] [net.minecraft.gametest.framework.GameTestServer/]: [++++++_+++]
[06окт.2026 15:48:22.068] [Server thread/INFO] [net.minecraft.gametest.framework.GameTestServer/]: [++++++_+++]
[06окт.2026 15:48:22.131] [Server thread/INFO] [net.minecraft.gametest.framework.GameTestServer/]: [++++++_+++]
[06окт.2026 15:48:22.177] [Server thread/INFO] [net.minecraft.gametest.framework.GameTestServer/]: [++++++_+++]
[06окт.2026 15:48:22.213] [Server thread/INFO] [net.minecraft.server.MinecraftServer/]: Размещение структуры: 10%, изменено блоков: 859455
[06окт.2026 15:48:22.226] [Server thread/INFO] [net.minecraft.gametest.framework.GameTestServer/]: [++++++_+++]
[06окт.2026 15:48:22.271] [Server thread/INFO] [net.minecraft.gametest.framework.GameTestServer/]: [++++++_+++]
[06окт.2026 15:48:22.312] [Server thread/INFO] [net.minecraft.gametest.framework.GameTestServer/]: [++++++_+++]
[06окт.2026 15:48:22.356] [Server thread/INFO] [net.minecraft.gametest.framework.GameTestServer/]: [++++++_+++]
[06окт.2026 15:48:22.399] [Server thread/INFO] [net.minecraft.gametest.framework.GameTestServer/]: [++++++_+++]
[06окт.2026 15:48:22.445] [Server thread/INFO] [net.minecraft.server.MinecraftServer/]: Размещение структуры: 17%, изменено блоков: 859455
[06окт.2026 15:48:22.463] [Server thread/INFO] [net.minecraft.gametest.framework.GameTestServer/]: [++++++_+++]
[06окт.2026 15:48:22.524] [Server thread/INFO] [net.minecraft.gametest.framework.GameTestServer/]: [++++++_+++]
[06окт.2026 15:48:22.585] [Server thread/INFO] [net.minecraft.gametest.framework.GameTestServer/]: [++++++_+++]
[06окт.2026 15:48:22.647] [Server thread/INFO] [net.minecraft.gametest.framework.GameTestServer/]: [++++++_+++]
[06окт.2026 15:48:22.716] [Server thread/INFO] [net.minecraft.gametest.framework.GameTestServer/]: [++++++_+++]
[06окт.2026 15:48:22.759] [Server thread/INFO] [net.minecraft.server.MinecraftServer/]: Размещение структуры: 25%, изменено блоков: 859455
[06окт.2026 15:48:22.781] [Server thread/INFO] [net.minecraft.gametest.framework.GameTestServer/]: [++++++_+++]
[06окт.2026 15:48:22.834] [Server thread/INFO] [net.minecraft.gametest.framework.GameTestServer/]: [++++++_+++]
[06окт.2026 15:48:22.891] [Server thread/INFO] [net.minecraft.gametest.framework.GameTestServer/]: [++++++_+++]
[06окт.2026 15:48:22.960] [Server thread/INFO] [net.minecraft.gametest.framework.GameTestServer/]: [++++++_+++]
[06окт.2026 15:48:23.031] [Server thread/INFO] [net.minecraft.gametest.framework.GameTestServer/]: [++++++_+++]
[06окт.2026 15:48:23.074] [Server thread/INFO] [net.minecraft.server.MinecraftServer/]: Размещение структуры: 33%, изменено блоков: 859455
[06окт.2026 15:48:23.089] [Server thread/INFO] [net.minecraft.gametest.framework.GameTestServer/]: [++++++_+++]
[06окт.2026 15:48:23.141] [Server thread/INFO] [net.minecraft.gametest.framework.GameTestServer/]: [++++++_+++]
[06окт.2026 15:48:23.197] [Server thread/INFO] [net.minecraft.gametest.framework.GameTestServer/]: [++++++_+++]
[06окт.2026 15:48:23.266] [Server thread/INFO] [net.minecraft.gametest.framework.GameTestServer/]: [++++++_+++]
[06окт.2026 15:48:23.324] [Server thread/INFO] [net.minecraft.gametest.framework.GameTestServer/]: [++++++_+++]
[06окт.2026 15:48:23.362] [Server thread/INFO] [net.minecraft.server.MinecraftServer/]: Размещение структуры: 41%, изменено блоков: 859455
[06окт.2026 15:48:23.380] [Server thread/INFO] [net.minecraft.gametest.framework.GameTestServer/]: [++++++_+++]
[06окт.2026 15:48:23.436] [Server thread/INFO] [net.minecraft.gametest.framework.GameTestServer/]: [++++++_+++]
[06окт.2026 15:48:23.498] [Server thread/INFO] [net.minecraft.gametest.framework.GameTestServer/]: [++++++_+++]
[06окт.2026 15:48:23.567] [Server thread/INFO] [net.minecraft.gametest.framework.GameTestServer/]: [++++++_+++]
[06окт.2026 15:48:23.630] [Server thread/INFO] [net.minecraft.gametest.framework.GameTestServer/]: [++++++_+++]
[06окт.2026 15:48:23.671] [Server thread/INFO] [net.minecraft.server.MinecraftServer/]: Размещение структуры: 49%, изменено блоков: 859455
[06окт.2026 15:48:23.691] [Server thread/INFO] [net.minecraft.gametest.framework.GameTestServer/]: [++++++_+++]
[06окт.2026 15:48:23.748] [Server thread/INFO] [net.minecraft.gametest.framework.GameTestServer/]: [++++++_+++]
[06окт.2026 15:48:23.811] [Server thread/INFO] [net.minecraft.gametest.framework.GameTestServer/]: [++++++_+++]
[06окт.2026 15:48:23.874] [Server thread/INFO] [net.minecraft.gametest.framework.GameTestServer/]: [++++++_+++]
[06окт.2026 15:48:23.936] [Server thread/INFO] [net.minecraft.gametest.framework.GameTestServer/]: [++++++_+++]
[06окт.2026 15:48:23.974] [Server thread/INFO] [net.minecraft.server.MinecraftServer/]: Размещение структуры: 57%, изменено блоков: 859455
[06окт.2026 15:48:23.991] [Server thread/INFO] [net.minecraft.gametest.framework.GameTestServer/]: [++++++_+++]
[06окт.2026 15:48:24.061] [Server thread/INFO] [net.minecraft.gametest.framework.GameTestServer/]: [++++++_+++]
[06окт.2026 15:48:24.117] [Server thread/INFO] [net.minecraft.gametest.framework.GameTestServer/]: [++++++_+++]
[06окт.2026 15:48:24.174] [Server thread/INFO] [net.minecraft.gametest.framework.GameTestServer/]: [++++++_+++]
[06окт.2026 15:48:24.235] [Server thread/INFO] [net.minecraft.gametest.framework.GameTestServer/]: [++++++_+++]
[06окт.2026 15:48:24.278] [Server thread/INFO] [net.minecraft.server.MinecraftServer/]: Размещение структуры: 65%, изменено блоков: 859455
[06окт.2026 15:48:24.294] [Server thread/INFO] [net.minecraft.gametest.framework.GameTestServer/]: [++++++_+++]
[06окт.2026 15:48:24.358] [Server thread/INFO] [net.minecraft.gametest.framework.GameTestServer/]: [++++++_+++]
[06окт.2026 15:48:24.417] [Server thread/INFO] [net.minecraft.gametest.framework.GameTestServer/]: [++++++_+++]
[06окт.2026 15:48:24.476] [Server thread/INFO] [net.minecraft.gametest.framework.GameTestServer/]: [++++++_+++]
[06окт.2026 15:48:24.537] [Server thread/INFO] [net.minecraft.gametest.framework.GameTestServer/]: [++++++_+++]
[06окт.2026 15:48:24.589] [Server thread/INFO] [net.minecraft.server.MinecraftServer/]: Размещение структуры: 73%, изменено блоков: 859455
[06окт.2026 15:48:24.604] [Server thread/INFO] [net.minecraft.gametest.framework.GameTestServer/]: [++++++_+++]
[06окт.2026 15:48:24.664] [Server thread/INFO] [net.minecraft.gametest.framework.GameTestServer/]: [++++++_+++]
[06окт.2026 15:48:24.730] [Server thread/INFO] [net.minecraft.gametest.framework.GameTestServer/]: [++++++_+++]
[06окт.2026 15:48:24.796] [Server thread/INFO] [net.minecraft.gametest.framework.GameTestServer/]: [++++++_+++]
[06окт.2026 15:48:24.860] [Server thread/INFO] [net.minecraft.gametest.framework.GameTestServer/]: [++++++_+++]
[06окт.2026 15:48:24.908] [Server thread/INFO] [net.minecraft.server.MinecraftServer/]: Размещение структуры: 81%, изменено блоков: 859455
[06окт.2026 15:48:24.926] [Server thread/INFO] [net.minecraft.gametest.framework.GameTestServer/]: [++++++_+++]
[06окт.2026 15:48:24.988] [Server thread/INFO] [net.minecraft.gametest.framework.GameTestServer/]: [++++++_+++]
[06окт.2026 15:48:25.043] [Server thread/INFO] [net.minecraft.gametest.framework.GameTestServer/]: [++++++_+++]
[06окт.2026 15:48:25.114] [Server thread/INFO] [net.minecraft.gametest.framework.GameTestServer/]: [++++++_+++]
[06окт.2026 15:48:25.186] [Server thread/INFO] [net.minecraft.gametest.framework.GameTestServer/]: [++++++_+++]
[06окт.2026 15:48:25.230] [Server thread/INFO] [net.minecraft.server.MinecraftServer/]: Размещение структуры: 89%, изменено блоков: 859455
[06окт.2026 15:48:25.249] [Server thread/INFO] [net.minecraft.gametest.framework.GameTestServer/]: [++++++_+++]
[06окт.2026 15:48:25.308] [Server thread/INFO] [net.minecraft.gametest.framework.GameTestServer/]: [++++++_+++]
[06окт.2026 15:48:25.364] [Server thread/INFO] [net.minecraft.gametest.framework.GameTestServer/]: [++++++_+++]
[06окт.2026 15:48:25.421] [Server thread/INFO] [net.minecraft.gametest.framework.GameTestServer/]: [++++++_+++]
[06окт.2026 15:48:25.478] [Server thread/INFO] [net.minecraft.gametest.framework.GameTestServer/]: [++++++_+++]
[06окт.2026 15:48:25.522] [Server thread/INFO] [net.minecraft.server.MinecraftServer/]: Размещение структуры: 97%, изменено блоков: 859455
[06окт.2026 15:48:25.541] [Server thread/INFO] [net.minecraft.gametest.framework.GameTestServer/]: [++++++_+++]
[06окт.2026 15:48:25.607] [Server thread/INFO] [net.minecraft.gametest.framework.GameTestServer/]: [++++++_+++]
[06окт.2026 15:48:25.637] [Server thread/INFO] [net.minecraft.server.MinecraftServer/]: Структура создана: 920064, -31, 31874
[06окт.2026 15:48:26.062] [Server thread/INFO] [net.minecraft.gametest.framework.GameTestServer/]: [++++++_+++]
[06окт.2026 15:48:26.155] [Server thread/INFO] [net.minecraft.gametest.framework.GameTestServer/]: [++++++_+++]
[06окт.2026 15:48:26.217] [Server thread/INFO] [net.minecraft.gametest.framework.GameTestServer/]: [++++++_+++]
[06окт.2026 15:48:26.311] [Server thread/INFO] [net.minecraft.gametest.framework.GameTestServer/]: [++++++_+++]
[06окт.2026 15:48:26.362] [Server thread/INFO] [net.minecraft.gametest.framework.GameTestServer/]: [++++++_+++]
[06окт.2026 15:48:26.431] [Server thread/INFO] [net.minecraft.gametest.framework.GameTestServer/]: [++++++_+++]
[06окт.2026 15:48:26.481] [Server thread/INFO] [net.minecraft.gametest.framework.GameTestServer/]: [++++++_+++]
[06окт.2026 15:48:26.514] [Server thread/INFO] [net.minecraft.server.MinecraftServer/]: Подготавливается территория: kurgan / 2. Задание 1ab68720-87dc-443e-abac-701e46273fb1
[06окт.2026 15:48:26.572] [Server thread/INFO] [net.minecraft.gametest.framework.GameTestServer/]: [++++++_+++]
[06окт.2026 15:48:26.649] [Server thread/INFO] [net.minecraft.gametest.framework.GameTestServer/]: [++++++_+++]
[06окт.2026 15:48:26.720] [Server thread/INFO] [net.minecraft.gametest.framework.GameTestServer/]: [++++++_+++]
[06окт.2026 15:48:26.777] [Server thread/INFO] [net.minecraft.gametest.framework.GameTestServer/]: [++++++_+++]
[06окт.2026 15:48:26.845] [Server thread/INFO] [net.minecraft.gametest.framework.GameTestServer/]: [++++++_+++]
[06окт.2026 15:48:26.873] [Server thread/INFO] [net.minecraft.server.MinecraftServer/]: Загрузка территории: 7%, изменено блоков: 0
[06окт.2026 15:48:26.919] [Server thread/INFO] [net.minecraft.gametest.framework.GameTestServer/]: [++++++_+++]
[06окт.2026 15:48:26.985] [Server thread/INFO] [net.minecraft.gametest.framework.GameTestServer/]: [++++++_+++]
[06окт.2026 15:48:27.044] [Server thread/INFO] [net.minecraft.gametest.framework.GameTestServer/]: [++++++_+++]
[06окт.2026 15:48:27.090] [Server thread/INFO] [net.minecraft.gametest.framework.GameTestServer/]: [++++++_+++]
[06окт.2026 15:48:27.133] [Server thread/INFO] [net.minecraft.gametest.framework.GameTestServer/]: [++++++_+++]
[06окт.2026 15:48:27.147] [Server thread/INFO] [net.minecraft.server.MinecraftServer/]: Загрузка территории: 27%, изменено блоков: 0
[06окт.2026 15:48:27.175] [Server thread/INFO] [net.minecraft.gametest.framework.GameTestServer/]: [++++++_+++]
[06окт.2026 15:48:27.215] [Server thread/INFO] [net.minecraft.gametest.framework.GameTestServer/]: [++++++_+++]
[06окт.2026 15:48:27.259] [Server thread/INFO] [net.minecraft.gametest.framework.GameTestServer/]: [++++++_+++]
[06окт.2026 15:48:27.303] [Server thread/INFO] [net.minecraft.gametest.framework.GameTestServer/]: [++++++_+++]
[06окт.2026 15:48:27.351] [Server thread/INFO] [net.minecraft.gametest.framework.GameTestServer/]: [++++++_+++]
[06окт.2026 15:48:27.368] [Server thread/INFO] [net.minecraft.server.MinecraftServer/]: Загрузка территории: 48%, изменено блоков: 0
[06окт.2026 15:48:27.399] [Server thread/INFO] [net.minecraft.gametest.framework.GameTestServer/]: [++++++_+++]
[06окт.2026 15:48:27.444] [Server thread/INFO] [net.minecraft.gametest.framework.GameTestServer/]: [++++++_+++]
[06окт.2026 15:48:27.487] [Server thread/INFO] [net.minecraft.gametest.framework.GameTestServer/]: [++++++_+++]
[06окт.2026 15:48:27.535] [Server thread/INFO] [net.minecraft.gametest.framework.GameTestServer/]: [++++++_+++]
[06окт.2026 15:48:27.583] [Server thread/INFO] [net.minecraft.gametest.framework.GameTestServer/]: [++++++_+++]
[06окт.2026 15:48:27.598] [Server thread/INFO] [net.minecraft.server.MinecraftServer/]: Загрузка территории: 70%, изменено блоков: 0
[06окт.2026 15:48:27.623] [Server thread/INFO] [net.minecraft.gametest.framework.GameTestServer/]: [++++++_+++]
[06окт.2026 15:48:27.660] [Server thread/INFO] [net.minecraft.gametest.framework.GameTestServer/]: [++++++_+++]
[06окт.2026 15:48:27.707] [Server thread/INFO] [net.minecraft.gametest.framework.GameTestServer/]: [++++++_+++]
[06окт.2026 15:48:27.745] [Server thread/INFO] [net.minecraft.gametest.framework.GameTestServer/]: [++++++_+++]
[06окт.2026 15:48:27.781] [Server thread/INFO] [net.minecraft.gametest.framework.GameTestServer/]: [++++++_+++]
[06окт.2026 15:48:27.795] [Server thread/INFO] [net.minecraft.server.MinecraftServer/]: Загрузка территории: 90%, изменено блоков: 0
[06окт.2026 15:48:27.819] [Server thread/INFO] [net.minecraft.gametest.framework.GameTestServer/]: [++++++_+++]
[06окт.2026 15:48:27.856] [Server thread/INFO] [net.minecraft.gametest.framework.GameTestServer/]: [++++++_+++]
[06окт.2026 15:48:27.907] [Server thread/INFO] [net.minecraft.gametest.framework.GameTestServer/]: [++++++_+++]
[06окт.2026 15:48:27.963] [Server thread/INFO] [net.minecraft.gametest.framework.GameTestServer/]: [++++++_+++]
[06окт.2026 15:48:28.012] [Server thread/INFO] [net.minecraft.gametest.framework.GameTestServer/]: [++++++_+++]
[06окт.2026 15:48:28.028] [Server thread/INFO] [net.minecraft.server.MinecraftServer/]: Загрузка территории: 10%, изменено блоков: 0
[06окт.2026 15:48:28.056] [Server thread/INFO] [net.minecraft.gametest.framework.GameTestServer/]: [++++++_+++]
[06окт.2026 15:48:28.097] [Server thread/INFO] [net.minecraft.gametest.framework.GameTestServer/]: [++++++_+++]
[06окт.2026 15:48:28.136] [Server thread/INFO] [net.minecraft.gametest.framework.GameTestServer/]: [++++++_+++]
[06окт.2026 15:48:28.187] [Server thread/INFO] [net.minecraft.gametest.framework.GameTestServer/]: [++++++_+++]
[06окт.2026 15:48:28.234] [Server thread/INFO] [net.minecraft.gametest.framework.GameTestServer/]: [++++++_+++]
[06окт.2026 15:48:28.252] [Server thread/INFO] [net.minecraft.server.MinecraftServer/]: Загрузка территории: 20%, изменено блоков: 0
[06окт.2026 15:48:28.276] [Server thread/INFO] [net.minecraft.gametest.framework.GameTestServer/]: [++++++_+++]
[06окт.2026 15:48:28.314] [Server thread/INFO] [net.minecraft.gametest.framework.GameTestServer/]: [++++++_+++]
[06окт.2026 15:48:28.360] [Server thread/INFO] [net.minecraft.gametest.framework.GameTestServer/]: [++++++_+++]
[06окт.2026 15:48:28.407] [Server thread/INFO] [net.minecraft.gametest.framework.GameTestServer/]: [++++++_+++]
[06окт.2026 15:48:28.457] [Server thread/INFO] [net.minecraft.gametest.framework.GameTestServer/]: [++++++_+++]
[06окт.2026 15:48:28.477] [Server thread/INFO] [net.minecraft.server.MinecraftServer/]: Загрузка территории: 27%, изменено блоков: 0
[06окт.2026 15:48:28.518] [Server thread/INFO] [net.minecraft.gametest.framework.GameTestServer/]: [++++++_+++]
[06окт.2026 15:48:28.561] [Server thread/INFO] [net.minecraft.gametest.framework.GameTestServer/]: [++++++_+++]
[06окт.2026 15:48:28.608] [Server thread/INFO] [net.minecraft.gametest.framework.GameTestServer/]: [++++++_+++]
[06окт.2026 15:48:28.654] [Server thread/INFO] [net.minecraft.gametest.framework.GameTestServer/]: [++++++_+++]
[06окт.2026 15:48:28.695] [Server thread/INFO] [net.minecraft.gametest.framework.GameTestServer/]: [++++++_+++]
[06окт.2026 15:48:28.710] [Server thread/INFO] [net.minecraft.server.MinecraftServer/]: Загрузка территории: 34%, изменено блоков: 0
[06окт.2026 15:48:28.737] [Server thread/INFO] [net.minecraft.gametest.framework.GameTestServer/]: [++++++_+++]
[06окт.2026 15:48:28.775] [Server thread/INFO] [net.minecraft.gametest.framework.GameTestServer/]: [++++++_+++]
[06окт.2026 15:48:28.813] [Server thread/INFO] [net.minecraft.gametest.framework.GameTestServer/]: [++++++_+++]
[06окт.2026 15:48:28.850] [Server thread/INFO] [net.minecraft.gametest.framework.GameTestServer/]: [++++++_+++]
[06окт.2026 15:48:28.892] [Server thread/INFO] [net.minecraft.gametest.framework.GameTestServer/]: [++++++_+++]
[06окт.2026 15:48:28.909] [Server thread/INFO] [net.minecraft.server.MinecraftServer/]: Загрузка территории: 40%, изменено блоков: 0
[06окт.2026 15:48:28.937] [Server thread/INFO] [net.minecraft.gametest.framework.GameTestServer/]: [++++++_+++]
[06окт.2026 15:48:28.980] [Server thread/INFO] [net.minecraft.gametest.framework.GameTestServer/]: [++++++_+++]
[06окт.2026 15:48:29.019] [Server thread/INFO] [net.minecraft.gametest.framework.GameTestServer/]: [++++++_+++]
[06окт.2026 15:48:29.055] [Server thread/INFO] [net.minecraft.gametest.framework.GameTestServer/]: [++++++_+++]
[06окт.2026 15:48:29.091] [Server thread/INFO] [net.minecraft.gametest.framework.GameTestServer/]: [++++++_+++]
[06окт.2026 15:48:29.104] [Server thread/INFO] [net.minecraft.server.MinecraftServer/]: Загрузка территории: 45%, изменено блоков: 0
[06окт.2026 15:48:29.129] [Server thread/INFO] [net.minecraft.gametest.framework.GameTestServer/]: [++++++_+++]
[06окт.2026 15:48:29.164] [Server thread/INFO] [net.minecraft.gametest.framework.GameTestServer/]: [++++++_+++]
[06окт.2026 15:48:29.201] [Server thread/INFO] [net.minecraft.gametest.framework.GameTestServer/]: [++++++_+++]
[06окт.2026 15:48:29.247] [Server thread/INFO] [net.minecraft.gametest.framework.GameTestServer/]: [++++++_+++]
[06окт.2026 15:48:29.285] [Server thread/INFO] [net.minecraft.gametest.framework.GameTestServer/]: [++++++_+++]
[06окт.2026 15:48:29.298] [Server thread/INFO] [net.minecraft.server.MinecraftServer/]: Загрузка территории: 51%, изменено блоков: 0
[06окт.2026 15:48:29.324] [Server thread/INFO] [net.minecraft.gametest.framework.GameTestServer/]: [++++++_+++]
[06окт.2026 15:48:29.391] [Server thread/INFO] [net.minecraft.gametest.framework.GameTestServer/]: [++++++_+++]
[06окт.2026 15:48:29.442] [Server thread/INFO] [net.minecraft.gametest.framework.GameTestServer/]: [++++++_+++]
[06окт.2026 15:48:29.485] [Server thread/INFO] [net.minecraft.gametest.framework.GameTestServer/]: [++++++_+++]
[06окт.2026 15:48:29.531] [Server thread/INFO] [net.minecraft.gametest.framework.GameTestServer/]: [++++++_+++]
[06окт.2026 15:48:29.547] [Server thread/INFO] [net.minecraft.server.MinecraftServer/]: Загрузка территории: 56%, изменено блоков: 0
[06окт.2026 15:48:29.578] [Server thread/INFO] [net.minecraft.gametest.framework.GameTestServer/]: [++++++_+++]
[06окт.2026 15:48:29.619] [Server thread/INFO] [net.minecraft.gametest.framework.GameTestServer/]: [++++++_+++]
[06окт.2026 15:48:29.656] [Server thread/INFO] [net.minecraft.gametest.framework.GameTestServer/]: [++++++_+++]
[06окт.2026 15:48:29.694] [Server thread/INFO] [net.minecraft.gametest.framework.GameTestServer/]: [++++++_+++]
[06окт.2026 15:48:29.732] [Server thread/INFO] [net.minecraft.gametest.framework.GameTestServer/]: [++++++_+++]
[06окт.2026 15:48:29.746] [Server thread/INFO] [net.minecraft.server.MinecraftServer/]: Загрузка территории: 61%, изменено блоков: 0
[06окт.2026 15:48:29.771] [Server thread/INFO] [net.minecraft.gametest.framework.GameTestServer/]: [++++++_+++]
[06окт.2026 15:48:29.808] [Server thread/INFO] [net.minecraft.gametest.framework.GameTestServer/]: [++++++_+++]
[06окт.2026 15:48:29.847] [Server thread/INFO] [net.minecraft.gametest.framework.GameTestServer/]: [++++++_+++]
[06окт.2026 15:48:29.884] [Server thread/INFO] [net.minecraft.gametest.framework.GameTestServer/]: [++++++_+++]
[06окт.2026 15:48:29.921] [Server thread/INFO] [net.minecraft.gametest.framework.GameTestServer/]: [++++++_+++]
[06окт.2026 15:48:29.934] [Server thread/INFO] [net.minecraft.server.MinecraftServer/]: Загрузка территории: 65%, изменено блоков: 0
[06окт.2026 15:48:29.958] [Server thread/INFO] [net.minecraft.gametest.framework.GameTestServer/]: [++++++_+++]
[06окт.2026 15:48:30.007] [Server thread/INFO] [net.minecraft.gametest.framework.GameTestServer/]: [++++++_+++]
[06окт.2026 15:48:30.052] [Server thread/INFO] [net.minecraft.gametest.framework.GameTestServer/]: [++++++_+++]
[06окт.2026 15:48:30.096] [Server thread/INFO] [net.minecraft.gametest.framework.GameTestServer/]: [++++++_+++]
[06окт.2026 15:48:30.137] [Server thread/INFO] [net.minecraft.gametest.framework.GameTestServer/]: [++++++_+++]
[06окт.2026 15:48:30.150] [Server thread/INFO] [net.minecraft.server.MinecraftServer/]: Загрузка территории: 70%, изменено блоков: 0
[06окт.2026 15:48:30.175] [Server thread/INFO] [net.minecraft.gametest.framework.GameTestServer/]: [++++++_+++]
[06окт.2026 15:48:30.213] [Server thread/INFO] [net.minecraft.gametest.framework.GameTestServer/]: [++++++_+++]
[06окт.2026 15:48:30.253] [Server thread/INFO] [net.minecraft.gametest.framework.GameTestServer/]: [++++++_+++]
[06окт.2026 15:48:30.301] [Server thread/INFO] [net.minecraft.gametest.framework.GameTestServer/]: [++++++_+++]
[06окт.2026 15:48:30.350] [Server thread/INFO] [net.minecraft.gametest.framework.GameTestServer/]: [++++++_+++]
[06окт.2026 15:48:30.368] [Server thread/INFO] [net.minecraft.server.MinecraftServer/]: Загрузка территории: 75%, изменено блоков: 0
[06окт.2026 15:48:30.399] [Server thread/INFO] [net.minecraft.gametest.framework.GameTestServer/]: [++++++_+++]
[06окт.2026 15:48:30.443] [Server thread/INFO] [net.minecraft.gametest.framework.GameTestServer/]: [++++++_+++]
[06окт.2026 15:48:30.485] [Server thread/INFO] [net.minecraft.gametest.framework.GameTestServer/]: [++++++_+++]
[06окт.2026 15:48:30.530] [Server thread/INFO] [net.minecraft.gametest.framework.GameTestServer/]: [++++++_+++]
[06окт.2026 15:48:30.574] [Server thread/INFO] [net.minecraft.gametest.framework.GameTestServer/]: [++++++_+++]
[06окт.2026 15:48:30.588] [Server thread/INFO] [net.minecraft.server.MinecraftServer/]: Загрузка территории: 80%, изменено блоков: 0
[06окт.2026 15:48:30.616] [Server thread/INFO] [net.minecraft.gametest.framework.GameTestServer/]: [++++++_+++]
[06окт.2026 15:48:30.658] [Server thread/INFO] [net.minecraft.gametest.framework.GameTestServer/]: [++++++_+++]
[06окт.2026 15:48:30.703] [Server thread/INFO] [net.minecraft.gametest.framework.GameTestServer/]: [++++++_+++]
[06окт.2026 15:48:30.745] [Server thread/INFO] [net.minecraft.gametest.framework.GameTestServer/]: [++++++_+++]
[06окт.2026 15:48:30.805] [Server thread/INFO] [net.minecraft.gametest.framework.GameTestServer/]: [++++++_+++]
[06окт.2026 15:48:30.822] [Server thread/INFO] [net.minecraft.server.MinecraftServer/]: Загрузка территории: 85%, изменено блоков: 0
[06окт.2026 15:48:30.849] [Server thread/INFO] [net.minecraft.gametest.framework.GameTestServer/]: [++++++_+++]
[06окт.2026 15:48:30.892] [Server thread/INFO] [net.minecraft.gametest.framework.GameTestServer/]: [++++++_+++]
[06окт.2026 15:48:30.932] [Server thread/INFO] [net.minecraft.gametest.framework.GameTestServer/]: [++++++_+++]
[06окт.2026 15:48:30.968] [Server thread/INFO] [net.minecraft.gametest.framework.GameTestServer/]: [++++++_+++]
[06окт.2026 15:48:31.004] [Server thread/INFO] [net.minecraft.gametest.framework.GameTestServer/]: [++++++_+++]
[06окт.2026 15:48:31.018] [Server thread/INFO] [net.minecraft.server.MinecraftServer/]: Загрузка территории: 90%, изменено блоков: 0
[06окт.2026 15:48:31.042] [Server thread/INFO] [net.minecraft.gametest.framework.GameTestServer/]: [++++++_+++]
[06окт.2026 15:48:31.078] [Server thread/INFO] [net.minecraft.gametest.framework.GameTestServer/]: [++++++_+++]
[06окт.2026 15:48:31.114] [Server thread/INFO] [net.minecraft.gametest.framework.GameTestServer/]: [++++++_+++]
[06окт.2026 15:48:31.152] [Server thread/INFO] [net.minecraft.gametest.framework.GameTestServer/]: [++++++_+++]
[06окт.2026 15:48:31.196] [Server thread/INFO] [net.minecraft.gametest.framework.GameTestServer/]: [++++++_+++]
[06окт.2026 15:48:31.211] [Server thread/INFO] [net.minecraft.server.MinecraftServer/]: Загрузка территории: 95%, изменено блоков: 0
[06окт.2026 15:48:31.242] [Server thread/INFO] [net.minecraft.gametest.framework.GameTestServer/]: [++++++_+++]
[06окт.2026 15:48:31.281] [Server thread/INFO] [net.minecraft.gametest.framework.GameTestServer/]: [++++++_+++]
[06окт.2026 15:48:31.321] [Server thread/INFO] [net.minecraft.gametest.framework.GameTestServer/]: [++++++_+++]
[06окт.2026 15:48:31.364] [Server thread/INFO] [net.minecraft.gametest.framework.GameTestServer/]: [++++++_+++]
[06окт.2026 15:48:31.405] [Server thread/INFO] [net.minecraft.gametest.framework.GameTestServer/]: [++++++_+++]
[06окт.2026 15:48:31.413] [Server thread/INFO] [net.minecraft.server.MinecraftServer/]: Чанки загружены. Подготовка окончательного положения на Y=0
[06окт.2026 15:48:31.422] [Server thread/INFO] [net.minecraft.server.MinecraftServer/]: Планирование грунта: 0%, изменено блоков: 0
[06окт.2026 15:48:31.463] [Server thread/INFO] [net.minecraft.gametest.framework.GameTestServer/]: [++++++_+++]
[06окт.2026 15:48:31.524] [Server thread/INFO] [net.minecraft.gametest.framework.GameTestServer/]: [++++++_+++]
[06окт.2026 15:48:31.593] [Server thread/INFO] [net.minecraft.gametest.framework.GameTestServer/]: [++++++_+++]
[06окт.2026 15:48:31.669] [Server thread/INFO] [net.minecraft.gametest.framework.GameTestServer/]: [++++++_+++]
[06окт.2026 15:48:31.728] [Server thread/INFO] [net.minecraft.gametest.framework.GameTestServer/]: [++++++_+++]
[06окт.2026 15:48:31.744] [Server thread/INFO] [net.minecraft.server.MinecraftServer/]: Планирование грунта: 17%, изменено блоков: 0
[06окт.2026 15:48:31.781] [Server thread/INFO] [net.minecraft.gametest.framework.GameTestServer/]: [++++++_+++]
[06окт.2026 15:48:31.839] [Server thread/INFO] [net.minecraft.gametest.framework.GameTestServer/]: [++++++_+++]
[06окт.2026 15:48:31.897] [Server thread/INFO] [net.minecraft.gametest.framework.GameTestServer/]: [++++++_+++]
[06окт.2026 15:48:31.957] [Server thread/INFO] [net.minecraft.gametest.framework.GameTestServer/]: [++++++_+++]
[06окт.2026 15:48:32.021] [Server thread/INFO] [net.minecraft.gametest.framework.GameTestServer/]: [++++++_+++]
[06окт.2026 15:48:32.043] [Server thread/INFO] [net.minecraft.server.MinecraftServer/]: Планирование грунта: 34%, изменено блоков: 0
[06окт.2026 15:48:32.083] [Server thread/INFO] [net.minecraft.gametest.framework.GameTestServer/]: [++++++_+++]
[06окт.2026 15:48:32.139] [Server thread/INFO] [net.minecraft.gametest.framework.GameTestServer/]: [++++++_+++]
[06окт.2026 15:48:32.200] [Server thread/INFO] [net.minecraft.gametest.framework.GameTestServer/]: [++++++_+++]
[06окт.2026 15:48:32.260] [Server thread/INFO] [net.minecraft.gametest.framework.GameTestServer/]: [++++++_+++]
[06окт.2026 15:48:32.323] [Server thread/INFO] [net.minecraft.gametest.framework.GameTestServer/]: [++++++_+++]
[06окт.2026 15:48:32.345] [Server thread/INFO] [net.minecraft.server.MinecraftServer/]: Планирование грунта: 51%, изменено блоков: 0
[06окт.2026 15:48:32.385] [Server thread/INFO] [net.minecraft.gametest.framework.GameTestServer/]: [++++++_+++]
[06окт.2026 15:48:32.447] [Server thread/INFO] [net.minecraft.gametest.framework.GameTestServer/]: [++++++_+++]
[06окт.2026 15:48:32.507] [Server thread/INFO] [net.minecraft.gametest.framework.GameTestServer/]: [++++++_+++]
[06окт.2026 15:48:32.569] [Server thread/INFO] [net.minecraft.gametest.framework.GameTestServer/]: [++++++_+++]
[06окт.2026 15:48:32.630] [Server thread/INFO] [net.minecraft.gametest.framework.GameTestServer/]: [++++++_+++]
[06окт.2026 15:48:32.651] [Server thread/INFO] [net.minecraft.server.MinecraftServer/]: Планирование грунта: 68%, изменено блоков: 0
[06окт.2026 15:48:32.691] [Server thread/INFO] [net.minecraft.gametest.framework.GameTestServer/]: [++++++_+++]
[06окт.2026 15:48:32.746] [Server thread/INFO] [net.minecraft.gametest.framework.GameTestServer/]: [++++++_+++]
[06окт.2026 15:48:32.810] [Server thread/INFO] [net.minecraft.gametest.framework.GameTestServer/]: [++++++_+++]
[06окт.2026 15:48:32.873] [Server thread/INFO] [net.minecraft.gametest.framework.GameTestServer/]: [++++++_+++]
[06окт.2026 15:48:32.933] [Server thread/INFO] [net.minecraft.gametest.framework.GameTestServer/]: [++++++_+++]
[06окт.2026 15:48:32.954] [Server thread/INFO] [net.minecraft.server.MinecraftServer/]: Планирование грунта: 85%, изменено блоков: 0
[06окт.2026 15:48:32.994] [Server thread/INFO] [net.minecraft.gametest.framework.GameTestServer/]: [++++++_+++]
[06окт.2026 15:48:33.051] [Server thread/INFO] [net.minecraft.gametest.framework.GameTestServer/]: [++++++_+++]
[06окт.2026 15:48:33.110] [Server thread/INFO] [net.minecraft.gametest.framework.GameTestServer/]: [++++++_+++]
[06окт.2026 15:48:33.177] [Server thread/INFO] [net.minecraft.gametest.framework.GameTestServer/]: [++++++_+++]
[06окт.2026 15:48:33.245] [Server thread/INFO] [net.minecraft.gametest.framework.GameTestServer/]: [++++++_+++]
[06окт.2026 15:48:33.270] [Server thread/INFO] [net.minecraft.server.MinecraftServer/]: Проверка конечного места: 10%, изменено блоков: 0
[06окт.2026 15:48:33.311] [Server thread/INFO] [net.minecraft.gametest.framework.GameTestServer/]: [++++++_+++]
[06окт.2026 15:48:33.378] [Server thread/INFO] [net.minecraft.gametest.framework.GameTestServer/]: [++++++_+++]
[06окт.2026 15:48:33.441] [Server thread/INFO] [net.minecraft.gametest.framework.GameTestServer/]: [++++++_+++]
[06окт.2026 15:48:33.503] [Server thread/INFO] [net.minecraft.gametest.framework.GameTestServer/]: [++++++_+++]
[06окт.2026 15:48:33.571] [Server thread/INFO] [net.minecraft.gametest.framework.GameTestServer/]: [++++++_+++]
[06окт.2026 15:48:33.594] [Server thread/INFO] [net.minecraft.server.MinecraftServer/]: Проверка конечного места: 35%, изменено блоков: 0
[06окт.2026 15:48:33.635] [Server thread/INFO] [net.minecraft.gametest.framework.GameTestServer/]: [++++++_+++]
[06окт.2026 15:48:33.699] [Server thread/INFO] [net.minecraft.gametest.framework.GameTestServer/]: [++++++_+++]
[06окт.2026 15:48:33.766] [Server thread/INFO] [net.minecraft.gametest.framework.GameTestServer/]: [++++++_+++]
[06окт.2026 15:48:33.836] [Server thread/INFO] [net.minecraft.gametest.framework.GameTestServer/]: [++++++_+++]
[06окт.2026 15:48:33.903] [Server thread/INFO] [net.minecraft.gametest.framework.GameTestServer/]: [++++++_+++]
[06окт.2026 15:48:33.924] [Server thread/INFO] [net.minecraft.server.MinecraftServer/]: Проверка конечного места: 55%, изменено блоков: 0
[06окт.2026 15:48:33.966] [Server thread/INFO] [net.minecraft.gametest.framework.GameTestServer/]: [++++++_+++]
[06окт.2026 15:48:34.039] [Server thread/INFO] [net.minecraft.gametest.framework.GameTestServer/]: [++++++_+++]
[06окт.2026 15:48:34.103] [Server thread/INFO] [net.minecraft.gametest.framework.GameTestServer/]: [++++++_+++]
[06окт.2026 15:48:34.167] [Server thread/INFO] [net.minecraft.gametest.framework.GameTestServer/]: [++++++_+++]
[06окт.2026 15:48:34.232] [Server thread/INFO] [net.minecraft.gametest.framework.GameTestServer/]: [++++++_+++]
[06окт.2026 15:48:34.257] [Server thread/INFO] [net.minecraft.server.MinecraftServer/]: Проверка конечного места: 75%, изменено блоков: 0
[06окт.2026 15:48:34.300] [Server thread/INFO] [net.minecraft.gametest.framework.GameTestServer/]: [++++++_+++]
[06окт.2026 15:48:34.364] [Server thread/INFO] [net.minecraft.gametest.framework.GameTestServer/]: [++++++_+++]
[06окт.2026 15:48:34.438] [Server thread/INFO] [net.minecraft.gametest.framework.GameTestServer/]: [++++++_+++]
[06окт.2026 15:48:34.521] [Server thread/INFO] [net.minecraft.gametest.framework.GameTestServer/]: [++++++_+++]
[06окт.2026 15:48:34.602] [Server thread/INFO] [net.minecraft.gametest.framework.GameTestServer/]: [++++++_+++]
[06окт.2026 15:48:34.628] [Server thread/INFO] [net.minecraft.server.MinecraftServer/]: Подготовка грунта: 13%, изменено блоков: 96364
[06окт.2026 15:48:34.684] [Server thread/INFO] [net.minecraft.gametest.framework.GameTestServer/]: [++++++_+++]
[06окт.2026 15:48:34.765] [Server thread/INFO] [net.minecraft.gametest.framework.GameTestServer/]: [++++++_+++]
[06окт.2026 15:48:34.848] [Server thread/INFO] [net.minecraft.gametest.framework.GameTestServer/]: [++++++_+++]
[06окт.2026 15:48:34.945] [Server thread/INFO] [net.minecraft.gametest.framework.GameTestServer/]: [++++++_+++]
[06окт.2026 15:48:35.029] [Server thread/INFO] [net.minecraft.gametest.framework.GameTestServer/]: [++++++_+++]
[06окт.2026 15:48:35.057] [Server thread/INFO] [net.minecraft.server.MinecraftServer/]: Подготовка грунта: 22%, изменено блоков: 326353
[06окт.2026 15:48:35.115] [Server thread/INFO] [net.minecraft.gametest.framework.GameTestServer/]: [++++++_+++]
[06окт.2026 15:48:35.198] [Server thread/INFO] [net.minecraft.gametest.framework.GameTestServer/]: [++++++_+++]
[06окт.2026 15:48:35.282] [Server thread/INFO] [net.minecraft.gametest.framework.GameTestServer/]: [++++++_+++]
[06окт.2026 15:48:35.366] [Server thread/INFO] [net.minecraft.gametest.framework.GameTestServer/]: [++++++_+++]
[06окт.2026 15:48:35.449] [Server thread/INFO] [net.minecraft.gametest.framework.GameTestServer/]: [++++++_+++]
[06окт.2026 15:48:35.476] [Server thread/INFO] [net.minecraft.server.MinecraftServer/]: Подготовка грунта: 29%, изменено блоков: 563808
[06окт.2026 15:48:35.532] [Server thread/INFO] [net.minecraft.gametest.framework.GameTestServer/]: [++++++_+++]
[06окт.2026 15:48:35.616] [Server thread/INFO] [net.minecraft.gametest.framework.GameTestServer/]: [++++++_+++]
[06окт.2026 15:48:35.725] [Server thread/INFO] [net.minecraft.gametest.framework.GameTestServer/]: [++++++_+++]
[06окт.2026 15:48:35.808] [Server thread/INFO] [net.minecraft.gametest.framework.GameTestServer/]: [++++++_+++]
[06окт.2026 15:48:35.892] [Server thread/INFO] [net.minecraft.gametest.framework.GameTestServer/]: [++++++_+++]
[06окт.2026 15:48:35.919] [Server thread/INFO] [net.minecraft.server.MinecraftServer/]: Подготовка грунта: 36%, изменено блоков: 805440
[06окт.2026 15:48:35.977] [Server thread/INFO] [net.minecraft.gametest.framework.GameTestServer/]: [++++++_+++]
[06окт.2026 15:48:36.061] [Server thread/INFO] [net.minecraft.gametest.framework.GameTestServer/]: [++++++_+++]
[06окт.2026 15:48:36.149] [Server thread/INFO] [net.minecraft.gametest.framework.GameTestServer/]: [++++++_+++]
[06окт.2026 15:48:36.236] [Server thread/INFO] [net.minecraft.gametest.framework.GameTestServer/]: [++++++_+++]
[06окт.2026 15:48:36.327] [Server thread/INFO] [net.minecraft.gametest.framework.GameTestServer/]: [++++++_+++]
[06окт.2026 15:48:36.356] [Server thread/INFO] [net.minecraft.server.MinecraftServer/]: Подготовка грунта: 43%, изменено блоков: 1047290
[06окт.2026 15:48:36.440] [Server thread/INFO] [net.minecraft.gametest.framework.GameTestServer/]: [++++++_+++]
[06окт.2026 15:48:36.526] [Server thread/INFO] [net.minecraft.gametest.framework.GameTestServer/]: [++++++_+++]
[06окт.2026 15:48:36.612] [Server thread/INFO] [net.minecraft.gametest.framework.GameTestServer/]: [++++++_+++]
[06окт.2026 15:48:36.696] [Server thread/INFO] [net.minecraft.gametest.framework.GameTestServer/]: [++++++_+++]
[06окт.2026 15:48:36.783] [Server thread/INFO] [net.minecraft.gametest.framework.GameTestServer/]: [++++++_+++]
[06окт.2026 15:48:36.811] [Server thread/INFO] [net.minecraft.server.MinecraftServer/]: Подготовка грунта: 50%, изменено блоков: 1284724
[06окт.2026 15:48:36.870] [Server thread/INFO] [net.minecraft.gametest.framework.GameTestServer/]: [++++++_+++]
[06окт.2026 15:48:36.958] [Server thread/INFO] [net.minecraft.gametest.framework.GameTestServer/]: [++++++_+++]
[06окт.2026 15:48:37.043] [Server thread/INFO] [net.minecraft.gametest.framework.GameTestServer/]: [++++++_+++]
[06окт.2026 15:48:37.132] [Server thread/INFO] [net.minecraft.gametest.framework.GameTestServer/]: [++++++_+++]
[06окт.2026 15:48:37.255] [Server thread/INFO] [net.minecraft.gametest.framework.GameTestServer/]: [++++++_+++]
[06окт.2026 15:48:37.287] [Server thread/INFO] [net.minecraft.server.MinecraftServer/]: Подготовка грунта: 56%, изменено блоков: 1518307
[06окт.2026 15:48:37.346] [Server thread/INFO] [net.minecraft.gametest.framework.GameTestServer/]: [++++++_+++]
[06окт.2026 15:48:37.436] [Server thread/INFO] [net.minecraft.gametest.framework.GameTestServer/]: [++++++_+++]
[06окт.2026 15:48:37.529] [Server thread/INFO] [net.minecraft.gametest.framework.GameTestServer/]: [++++++_+++]
[06окт.2026 15:48:37.619] [Server thread/INFO] [net.minecraft.gametest.framework.GameTestServer/]: [++++++_+++]
[06окт.2026 15:48:37.707] [Server thread/INFO] [net.minecraft.gametest.framework.GameTestServer/]: [++++++_+++]
[06окт.2026 15:48:37.735] [Server thread/INFO] [net.minecraft.server.MinecraftServer/]: Подготовка грунта: 63%, изменено блоков: 1750728
[06окт.2026 15:48:37.796] [Server thread/INFO] [net.minecraft.gametest.framework.GameTestServer/]: [++++++_+++]
[06окт.2026 15:48:37.885] [Server thread/INFO] [net.minecraft.gametest.framework.GameTestServer/]: [++++++_+++]
[06окт.2026 15:48:37.999] [Server thread/INFO] [net.minecraft.gametest.framework.GameTestServer/]: [++++++_+++]
[06окт.2026 15:48:38.087] [Server thread/INFO] [net.minecraft.gametest.framework.GameTestServer/]: [++++++_+++]
[06окт.2026 15:48:38.173] [Server thread/INFO] [net.minecraft.gametest.framework.GameTestServer/]: [++++++_+++]
[06окт.2026 15:48:38.201] [Server thread/INFO] [net.minecraft.server.MinecraftServer/]: Подготовка грунта: 70%, изменено блоков: 1989759
[06окт.2026 15:48:38.260] [Server thread/INFO] [net.minecraft.gametest.framework.GameTestServer/]: [++++++_+++]
[06окт.2026 15:48:38.350] [Server thread/INFO] [net.minecraft.gametest.framework.GameTestServer/]: [++++++_+++]
[06окт.2026 15:48:38.437] [Server thread/INFO] [net.minecraft.gametest.framework.GameTestServer/]: [++++++_+++]
[06окт.2026 15:48:38.524] [Server thread/INFO] [net.minecraft.gametest.framework.GameTestServer/]: [++++++_+++]
[06окт.2026 15:48:38.613] [Server thread/INFO] [net.minecraft.gametest.framework.GameTestServer/]: [++++++_+++]
[06окт.2026 15:48:38.668] [Server thread/INFO] [net.minecraft.server.MinecraftServer/]: Подготовка грунта: 77%, изменено блоков: 2225489
[06окт.2026 15:48:38.726] [Server thread/INFO] [net.minecraft.gametest.framework.GameTestServer/]: [++++++_+++]
[06окт.2026 15:48:38.816] [Server thread/INFO] [net.minecraft.gametest.framework.GameTestServer/]: [++++++_+++]
[06окт.2026 15:48:38.907] [Server thread/INFO] [net.minecraft.gametest.framework.GameTestServer/]: [++++++_+++]
[06окт.2026 15:48:38.995] [Server thread/INFO] [net.minecraft.gametest.framework.GameTestServer/]: [++++++_+++]
[06окт.2026 15:48:39.084] [Server thread/INFO] [net.minecraft.gametest.framework.GameTestServer/]: [++++++_+++]
[06окт.2026 15:48:39.112] [Server thread/INFO] [net.minecraft.server.MinecraftServer/]: Подготовка грунта: 86%, изменено блоков: 2455553
[06окт.2026 15:48:39.172] [Server thread/INFO] [net.minecraft.gametest.framework.GameTestServer/]: [++++++_+++]
[06окт.2026 15:48:39.258] [Server thread/INFO] [net.minecraft.gametest.framework.GameTestServer/]: [++++++_+++]
[06окт.2026 15:48:39.301] [Server thread/INFO] [net.minecraft.server.MinecraftServer/]: Территория подготовлена. Размещается структура...
[06окт.2026 15:48:39.326] [Server thread/INFO] [net.minecraft.gametest.framework.GameTestServer/]: [++++++_+++]
[06окт.2026 15:48:39.399] [Server thread/INFO] [net.minecraft.gametest.framework.GameTestServer/]: [++++++_+++]
[06окт.2026 15:48:39.440] [Server thread/INFO] [net.minecraft.gametest.framework.GameTestServer/]: [++++++_+++]
[06окт.2026 15:48:39.455] [Server thread/INFO] [net.minecraft.server.MinecraftServer/]: Размещение структуры: 1%, изменено блоков: 2546507
[06окт.2026 15:48:39.482] [Server thread/INFO] [net.minecraft.gametest.framework.GameTestServer/]: [++++++_+++]
[06окт.2026 15:48:39.527] [Server thread/INFO] [net.minecraft.gametest.framework.GameTestServer/]: [++++++_+++]
[06окт.2026 15:48:39.572] [Server thread/INFO] [net.minecraft.gametest.framework.GameTestServer/]: [++++++_+++]
[06окт.2026 15:48:39.613] [Server thread/INFO] [net.minecraft.gametest.framework.GameTestServer/]: [++++++_+++]
[06окт.2026 15:48:39.659] [Server thread/INFO] [net.minecraft.gametest.framework.GameTestServer/]: [++++++_+++]
[06окт.2026 15:48:39.673] [Server thread/INFO] [net.minecraft.server.MinecraftServer/]: Размещение структуры: 4%, изменено блоков: 2546507
[06окт.2026 15:48:39.704] [Server thread/INFO] [net.minecraft.gametest.framework.GameTestServer/]: [++++++_+++]
[06окт.2026 15:48:39.752] [Server thread/INFO] [net.minecraft.gametest.framework.GameTestServer/]: [++++++_+++]
[06окт.2026 15:48:39.794] [Server thread/INFO] [net.minecraft.gametest.framework.GameTestServer/]: [++++++_+++]
[06окт.2026 15:48:39.838] [Server thread/INFO] [net.minecraft.gametest.framework.GameTestServer/]: [++++++_+++]
[06окт.2026 15:48:39.900] [Server thread/INFO] [net.minecraft.gametest.framework.GameTestServer/]: [++++++_+++]
[06окт.2026 15:48:39.916] [Server thread/INFO] [net.minecraft.server.MinecraftServer/]: Размещение структуры: 7%, изменено блоков: 2546507
[06окт.2026 15:48:39.945] [Server thread/INFO] [net.minecraft.gametest.framework.GameTestServer/]: [++++++_+++]
[06окт.2026 15:48:39.987] [Server thread/INFO] [net.minecraft.gametest.framework.GameTestServer/]: [++++++_+++]
[06окт.2026 15:48:40.028] [Server thread/INFO] [net.minecraft.gametest.framework.GameTestServer/]: [++++++_+++]
[06окт.2026 15:48:40.069] [Server thread/INFO] [net.minecraft.gametest.framework.GameTestServer/]: [++++++_+++]
[06окт.2026 15:48:40.111] [Server thread/INFO] [net.minecraft.gametest.framework.GameTestServer/]: [++++++_+++]
[06окт.2026 15:48:40.125] [Server thread/INFO] [net.minecraft.server.MinecraftServer/]: Размещение структуры: 10%, изменено блоков: 2546507
[06окт.2026 15:48:40.152] [Server thread/INFO] [net.minecraft.gametest.framework.GameTestServer/]: [++++++_+++]
[06окт.2026 15:48:40.195] [Server thread/INFO] [net.minecraft.gametest.framework.GameTestServer/]: [++++++_+++]
[06окт.2026 15:48:40.236] [Server thread/INFO] [net.minecraft.gametest.framework.GameTestServer/]: [++++++_+++]
[06окт.2026 15:48:40.278] [Server thread/INFO] [net.minecraft.gametest.framework.GameTestServer/]: [++++++_+++]
[06окт.2026 15:48:40.322] [Server thread/INFO] [net.minecraft.gametest.framework.GameTestServer/]: [++++++_+++]
[06окт.2026 15:48:40.338] [Server thread/INFO] [net.minecraft.server.MinecraftServer/]: Размещение структуры: 13%, изменено блоков: 2546507
[06окт.2026 15:48:40.365] [Server thread/INFO] [net.minecraft.gametest.framework.GameTestServer/]: [++++++_+++]
[06окт.2026 15:48:40.416] [Server thread/INFO] [net.minecraft.gametest.framework.GameTestServer/]: [++++++_+++]
[06окт.2026 15:48:40.495] [Server thread/INFO] [net.minecraft.gametest.framework.GameTestServer/]: [++++++_+++]
[06окт.2026 15:48:40.566] [Server thread/INFO] [net.minecraft.gametest.framework.GameTestServer/]: [++++++_+++]
[06окт.2026 15:48:40.626] [Server thread/INFO] [net.minecraft.gametest.framework.GameTestServer/]: [++++++_+++]
[06окт.2026 15:48:40.646] [Server thread/INFO] [net.minecraft.server.MinecraftServer/]: Размещение структуры: 16%, изменено блоков: 2546507
[06окт.2026 15:48:40.680] [Server thread/INFO] [net.minecraft.gametest.framework.GameTestServer/]: [++++++_+++]
[06окт.2026 15:48:40.729] [Server thread/INFO] [net.minecraft.gametest.framework.GameTestServer/]: [++++++_+++]
[06окт.2026 15:48:40.782] [Server thread/INFO] [net.minecraft.gametest.framework.GameTestServer/]: [++++++_+++]
[06окт.2026 15:48:40.829] [Server thread/INFO] [net.minecraft.gametest.framework.GameTestServer/]: [++++++_+++]
[06окт.2026 15:48:40.887] [Server thread/INFO] [net.minecraft.gametest.framework.GameTestServer/]: [++++++_+++]
[06окт.2026 15:48:40.911] [Server thread/INFO] [net.minecraft.server.MinecraftServer/]: Размещение структуры: 19%, изменено блоков: 2546507
[06окт.2026 15:48:40.948] [Server thread/INFO] [net.minecraft.gametest.framework.GameTestServer/]: [++++++_+++]
[06окт.2026 15:48:41.009] [Server thread/INFO] [net.minecraft.gametest.framework.GameTestServer/]: [++++++_+++]
[06окт.2026 15:48:41.074] [Server thread/INFO] [net.minecraft.gametest.framework.GameTestServer/]: [++++++_+++]
[06окт.2026 15:48:41.137] [Server thread/INFO] [net.minecraft.gametest.framework.GameTestServer/]: [++++++_+++]
[06окт.2026 15:48:41.208] [Server thread/INFO] [net.minecraft.gametest.framework.GameTestServer/]: [++++++_+++]
[06окт.2026 15:48:41.233] [Server thread/INFO] [net.minecraft.server.MinecraftServer/]: Размещение структуры: 22%, изменено блоков: 2546507
[06окт.2026 15:48:41.278] [Server thread/INFO] [net.minecraft.gametest.framework.GameTestServer/]: [++++++_+++]
[06окт.2026 15:48:41.351] [Server thread/INFO] [net.minecraft.gametest.framework.GameTestServer/]: [++++++_+++]
[06окт.2026 15:48:41.422] [Server thread/INFO] [net.minecraft.gametest.framework.GameTestServer/]: [++++++_+++]
[06окт.2026 15:48:41.493] [Server thread/INFO] [net.minecraft.gametest.framework.GameTestServer/]: [++++++_+++]
[06окт.2026 15:48:41.558] [Server thread/INFO] [net.minecraft.gametest.framework.GameTestServer/]: [++++++_+++]
[06окт.2026 15:48:41.581] [Server thread/INFO] [net.minecraft.server.MinecraftServer/]: Размещение структуры: 25%, изменено блоков: 2546507
[06окт.2026 15:48:41.626] [Server thread/INFO] [net.minecraft.gametest.framework.GameTestServer/]: [++++++_+++]
[06окт.2026 15:48:41.689] [Server thread/INFO] [net.minecraft.gametest.framework.GameTestServer/]: [++++++_+++]
[06окт.2026 15:48:41.754] [Server thread/INFO] [net.minecraft.gametest.framework.GameTestServer/]: [++++++_+++]
[06окт.2026 15:48:41.820] [Server thread/INFO] [net.minecraft.gametest.framework.GameTestServer/]: [++++++_+++]
[06окт.2026 15:48:41.882] [Server thread/INFO] [net.minecraft.gametest.framework.GameTestServer/]: [++++++_+++]
[06окт.2026 15:48:41.905] [Server thread/INFO] [net.minecraft.server.MinecraftServer/]: Размещение структуры: 27%, изменено блоков: 2546507
[06окт.2026 15:48:41.945] [Server thread/INFO] [net.minecraft.gametest.framework.GameTestServer/]: [++++++_+++]
[06окт.2026 15:48:42.010] [Server thread/INFO] [net.minecraft.gametest.framework.GameTestServer/]: [++++++_+++]
[06окт.2026 15:48:42.072] [Server thread/INFO] [net.minecraft.gametest.framework.GameTestServer/]: [++++++_+++]
[06окт.2026 15:48:42.145] [Server thread/INFO] [net.minecraft.gametest.framework.GameTestServer/]: [++++++_+++]
[06окт.2026 15:48:42.212] [Server thread/INFO] [net.minecraft.gametest.framework.GameTestServer/]: [++++++_+++]
[06окт.2026 15:48:42.234] [Server thread/INFO] [net.minecraft.server.MinecraftServer/]: Размещение структуры: 30%, изменено блоков: 2546507
[06окт.2026 15:48:42.281] [Server thread/INFO] [net.minecraft.gametest.framework.GameTestServer/]: [++++++_+++]
[06окт.2026 15:48:42.351] [Server thread/INFO] [net.minecraft.gametest.framework.GameTestServer/]: [++++++_+++]
[06окт.2026 15:48:42.417] [Server thread/INFO] [net.minecraft.gametest.framework.GameTestServer/]: [++++++_+++]
[06окт.2026 15:48:42.481] [Server thread/INFO] [net.minecraft.gametest.framework.GameTestServer/]: [++++++_+++]
[06окт.2026 15:48:42.551] [Server thread/INFO] [net.minecraft.gametest.framework.GameTestServer/]: [++++++_+++]
[06окт.2026 15:48:42.577] [Server thread/INFO] [net.minecraft.server.MinecraftServer/]: Размещение структуры: 33%, изменено блоков: 2546507
[06окт.2026 15:48:42.619] [Server thread/INFO] [net.minecraft.gametest.framework.GameTestServer/]: [++++++_+++]
[06окт.2026 15:48:42.686] [Server thread/INFO] [net.minecraft.gametest.framework.GameTestServer/]: [++++++_+++]
[06окт.2026 15:48:42.755] [Server thread/INFO] [net.minecraft.gametest.framework.GameTestServer/]: [++++++_+++]
[06окт.2026 15:48:42.824] [Server thread/INFO] [net.minecraft.gametest.framework.GameTestServer/]: [++++++_+++]
[06окт.2026 15:48:42.893] [Server thread/INFO] [net.minecraft.gametest.framework.GameTestServer/]: [++++++_+++]
[06окт.2026 15:48:42.923] [Server thread/INFO] [net.minecraft.server.MinecraftServer/]: Размещение структуры: 36%, изменено блоков: 2546507
[06окт.2026 15:48:42.967] [Server thread/INFO] [net.minecraft.gametest.framework.GameTestServer/]: [++++++_+++]
[06окт.2026 15:48:43.022] [Server thread/INFO] [net.minecraft.gametest.framework.GameTestServer/]: [++++++_+++]
[06окт.2026 15:48:43.086] [Server thread/INFO] [net.minecraft.gametest.framework.GameTestServer/]: [++++++_+++]
[06окт.2026 15:48:43.145] [Server thread/INFO] [net.minecraft.gametest.framework.GameTestServer/]: [++++++_+++]
[06окт.2026 15:48:43.209] [Server thread/INFO] [net.minecraft.gametest.framework.GameTestServer/]: [++++++_+++]
[06окт.2026 15:48:43.229] [Server thread/INFO] [net.minecraft.server.MinecraftServer/]: Размещение структуры: 39%, изменено блоков: 2546507
[06окт.2026 15:48:43.269] [Server thread/INFO] [net.minecraft.gametest.framework.GameTestServer/]: [++++++_+++]
[06окт.2026 15:48:43.340] [Server thread/INFO] [net.minecraft.gametest.framework.GameTestServer/]: [++++++_+++]
[06окт.2026 15:48:43.404] [Server thread/INFO] [net.minecraft.gametest.framework.GameTestServer/]: [++++++_+++]
[06окт.2026 15:48:43.475] [Server thread/INFO] [net.minecraft.gametest.framework.GameTestServer/]: [++++++_+++]
[06окт.2026 15:48:43.535] [Server thread/INFO] [net.minecraft.gametest.framework.GameTestServer/]: [++++++_+++]
[06окт.2026 15:48:43.558] [Server thread/INFO] [net.minecraft.server.MinecraftServer/]: Размещение структуры: 42%, изменено блоков: 2546507
[06окт.2026 15:48:43.596] [Server thread/INFO] [net.minecraft.gametest.framework.GameTestServer/]: [++++++_+++]
[06окт.2026 15:48:43.659] [Server thread/INFO] [net.minecraft.gametest.framework.GameTestServer/]: [++++++_+++]
[06окт.2026 15:48:43.726] [Server thread/INFO] [net.minecraft.gametest.framework.GameTestServer/]: [++++++_+++]
[06окт.2026 15:48:43.796] [Server thread/INFO] [net.minecraft.gametest.framework.GameTestServer/]: [++++++_+++]
[06окт.2026 15:48:43.869] [Server thread/INFO] [net.minecraft.gametest.framework.GameTestServer/]: [++++++_+++]
[06окт.2026 15:48:43.892] [Server thread/INFO] [net.minecraft.server.MinecraftServer/]: Размещение структуры: 45%, изменено блоков: 2546507
[06окт.2026 15:48:43.933] [Server thread/INFO] [net.minecraft.gametest.framework.GameTestServer/]: [++++++_+++]
[06окт.2026 15:48:43.999] [Server thread/INFO] [net.minecraft.gametest.framework.GameTestServer/]: [++++++_+++]
[06окт.2026 15:48:44.068] [Server thread/INFO] [net.minecraft.gametest.framework.GameTestServer/]: [++++++_+++]
[06окт.2026 15:48:44.121] [Server thread/INFO] [net.minecraft.gametest.framework.GameTestServer/]: [++++++_+++]
[06окт.2026 15:48:44.185] [Server thread/INFO] [net.minecraft.gametest.framework.GameTestServer/]: [++++++_+++]
[06окт.2026 15:48:44.211] [Server thread/INFO] [net.minecraft.server.MinecraftServer/]: Размещение структуры: 48%, изменено блоков: 2546507
[06окт.2026 15:48:44.259] [Server thread/INFO] [net.minecraft.gametest.framework.GameTestServer/]: [++++++_+++]
[06окт.2026 15:48:44.332] [Server thread/INFO] [net.minecraft.gametest.framework.GameTestServer/]: [++++++_+++]
[06окт.2026 15:48:44.398] [Server thread/INFO] [net.minecraft.gametest.framework.GameTestServer/]: [++++++_+++]
[06окт.2026 15:48:44.464] [Server thread/INFO] [net.minecraft.gametest.framework.GameTestServer/]: [++++++_+++]
[06окт.2026 15:48:44.523] [Server thread/INFO] [net.minecraft.gametest.framework.GameTestServer/]: [++++++_+++]
[06окт.2026 15:48:44.543] [Server thread/INFO] [net.minecraft.server.MinecraftServer/]: Размещение структуры: 51%, изменено блоков: 2546507
[06окт.2026 15:48:44.577] [Server thread/INFO] [net.minecraft.gametest.framework.GameTestServer/]: [++++++_+++]
[06окт.2026 15:48:44.630] [Server thread/INFO] [net.minecraft.gametest.framework.GameTestServer/]: [++++++_+++]
[06окт.2026 15:48:44.697] [Server thread/INFO] [net.minecraft.gametest.framework.GameTestServer/]: [++++++_+++]
[06окт.2026 15:48:44.765] [Server thread/INFO] [net.minecraft.gametest.framework.GameTestServer/]: [++++++_+++]
[06окт.2026 15:48:44.819] [Server thread/INFO] [net.minecraft.gametest.framework.GameTestServer/]: [++++++_+++]
[06окт.2026 15:48:44.843] [Server thread/INFO] [net.minecraft.server.MinecraftServer/]: Размещение структуры: 54%, изменено блоков: 2546507
[06окт.2026 15:48:44.886] [Server thread/INFO] [net.minecraft.gametest.framework.GameTestServer/]: [++++++_+++]
[06окт.2026 15:48:44.949] [Server thread/INFO] [net.minecraft.gametest.framework.GameTestServer/]: [++++++_+++]
[06окт.2026 15:48:45.013] [Server thread/INFO] [net.minecraft.gametest.framework.GameTestServer/]: [++++++_+++]
[06окт.2026 15:48:45.080] [Server thread/INFO] [net.minecraft.gametest.framework.GameTestServer/]: [++++++_+++]
[06окт.2026 15:48:45.148] [Server thread/INFO] [net.minecraft.gametest.framework.GameTestServer/]: [++++++_+++]
[06окт.2026 15:48:45.167] [Server thread/INFO] [net.minecraft.server.MinecraftServer/]: Размещение структуры: 57%, изменено блоков: 2546507
[06окт.2026 15:48:45.204] [Server thread/INFO] [net.minecraft.gametest.framework.GameTestServer/]: [++++++_+++]
[06окт.2026 15:48:45.281] [Server thread/INFO] [net.minecraft.gametest.framework.GameTestServer/]: [++++++_+++]
[06окт.2026 15:48:45.353] [Server thread/INFO] [net.minecraft.gametest.framework.GameTestServer/]: [++++++_+++]
[06окт.2026 15:48:45.425] [Server thread/INFO] [net.minecraft.gametest.framework.GameTestServer/]: [++++++_+++]
[06окт.2026 15:48:45.486] [Server thread/INFO] [net.minecraft.gametest.framework.GameTestServer/]: [++++++_+++]
[06окт.2026 15:48:45.507] [Server thread/INFO] [net.minecraft.server.MinecraftServer/]: Размещение структуры: 60%, изменено блоков: 2546507
[06окт.2026 15:48:45.551] [Server thread/INFO] [net.minecraft.gametest.framework.GameTestServer/]: [++++++_+++]
[06окт.2026 15:48:45.616] [Server thread/INFO] [net.minecraft.gametest.framework.GameTestServer/]: [++++++_+++]
[06окт.2026 15:48:45.681] [Server thread/INFO] [net.minecraft.gametest.framework.GameTestServer/]: [++++++_+++]
[06окт.2026 15:48:45.742] [Server thread/INFO] [net.minecraft.gametest.framework.GameTestServer/]: [++++++_+++]
[06окт.2026 15:48:45.799] [Server thread/INFO] [net.minecraft.gametest.framework.GameTestServer/]: [++++++_+++]
[06окт.2026 15:48:45.818] [Server thread/INFO] [net.minecraft.server.MinecraftServer/]: Размещение структуры: 63%, изменено блоков: 2546507
[06окт.2026 15:48:45.860] [Server thread/INFO] [net.minecraft.gametest.framework.GameTestServer/]: [++++++_+++]
[06окт.2026 15:48:45.919] [Server thread/INFO] [net.minecraft.gametest.framework.GameTestServer/]: [++++++_+++]
[06окт.2026 15:48:45.983] [Server thread/INFO] [net.minecraft.gametest.framework.GameTestServer/]: [++++++_+++]
[06окт.2026 15:48:46.044] [Server thread/INFO] [net.minecraft.gametest.framework.GameTestServer/]: [++++++_+++]
[06окт.2026 15:48:46.103] [Server thread/INFO] [net.minecraft.gametest.framework.GameTestServer/]: [++++++_+++]
[06окт.2026 15:48:46.127] [Server thread/INFO] [net.minecraft.server.MinecraftServer/]: Размещение структуры: 65%, изменено блоков: 2546507
[06окт.2026 15:48:46.164] [Server thread/INFO] [net.minecraft.gametest.framework.GameTestServer/]: [++++++_+++]
[06окт.2026 15:48:46.228] [Server thread/INFO] [net.minecraft.gametest.framework.GameTestServer/]: [++++++_+++]
[06окт.2026 15:48:46.285] [Server thread/INFO] [net.minecraft.gametest.framework.GameTestServer/]: [++++++_+++]
[06окт.2026 15:48:46.351] [Server thread/INFO] [net.minecraft.gametest.framework.GameTestServer/]: [++++++_+++]
[06окт.2026 15:48:46.412] [Server thread/INFO] [net.minecraft.gametest.framework.GameTestServer/]: [++++++_+++]
[06окт.2026 15:48:46.434] [Server thread/INFO] [net.minecraft.server.MinecraftServer/]: Размещение структуры: 68%, изменено блоков: 2546507
[06окт.2026 15:48:46.474] [Server thread/INFO] [net.minecraft.gametest.framework.GameTestServer/]: [++++++_+++]
[06окт.2026 15:48:46.539] [Server thread/INFO] [net.minecraft.gametest.framework.GameTestServer/]: [++++++_+++]
[06окт.2026 15:48:46.606] [Server thread/INFO] [net.minecraft.gametest.framework.GameTestServer/]: [++++++_+++]
[06окт.2026 15:48:46.668] [Server thread/INFO] [net.minecraft.gametest.framework.GameTestServer/]: [++++++_+++]
[06окт.2026 15:48:46.738] [Server thread/INFO] [net.minecraft.gametest.framework.GameTestServer/]: [++++++_+++]
[06окт.2026 15:48:46.760] [Server thread/INFO] [net.minecraft.server.MinecraftServer/]: Размещение структуры: 71%, изменено блоков: 2546507
[06окт.2026 15:48:46.801] [Server thread/INFO] [net.minecraft.gametest.framework.GameTestServer/]: [++++++_+++]
[06окт.2026 15:48:46.863] [Server thread/INFO] [net.minecraft.gametest.framework.GameTestServer/]: [++++++_+++]
[06окт.2026 15:48:46.925] [Server thread/INFO] [net.minecraft.gametest.framework.GameTestServer/]: [++++++_+++]
[06окт.2026 15:48:46.987] [Server thread/INFO] [net.minecraft.gametest.framework.GameTestServer/]: [++++++_+++]
[06окт.2026 15:48:47.056] [Server thread/INFO] [net.minecraft.gametest.framework.GameTestServer/]: [++++++_+++]
[06окт.2026 15:48:47.082] [Server thread/INFO] [net.minecraft.server.MinecraftServer/]: Размещение структуры: 74%, изменено блоков: 2546507
[06окт.2026 15:48:47.129] [Server thread/INFO] [net.minecraft.gametest.framework.GameTestServer/]: [++++++_+++]
[06окт.2026 15:48:47.199] [Server thread/INFO] [net.minecraft.gametest.framework.GameTestServer/]: [++++++_+++]
[06окт.2026 15:48:47.262] [Server thread/INFO] [net.minecraft.gametest.framework.GameTestServer/]: [++++++_+++]
[06окт.2026 15:48:47.331] [Server thread/INFO] [net.minecraft.gametest.framework.GameTestServer/]: [++++++_+++]
[06окт.2026 15:48:47.401] [Server thread/INFO] [net.minecraft.gametest.framework.GameTestServer/]: [++++++_+++]
[06окт.2026 15:48:47.424] [Server thread/INFO] [net.minecraft.server.MinecraftServer/]: Размещение структуры: 77%, изменено блоков: 2546507
[06окт.2026 15:48:47.469] [Server thread/INFO] [net.minecraft.gametest.framework.GameTestServer/]: [++++++_+++]
[06окт.2026 15:48:47.531] [Server thread/INFO] [net.minecraft.gametest.framework.GameTestServer/]: [++++++_+++]
[06окт.2026 15:48:47.595] [Server thread/INFO] [net.minecraft.gametest.framework.GameTestServer/]: [++++++_+++]
[06окт.2026 15:48:47.657] [Server thread/INFO] [net.minecraft.gametest.framework.GameTestServer/]: [++++++_+++]
[06окт.2026 15:48:47.723] [Server thread/INFO] [net.minecraft.gametest.framework.GameTestServer/]: [++++++_+++]
[06окт.2026 15:48:47.746] [Server thread/INFO] [net.minecraft.server.MinecraftServer/]: Размещение структуры: 80%, изменено блоков: 2546507
[06окт.2026 15:48:47.790] [Server thread/INFO] [net.minecraft.gametest.framework.GameTestServer/]: [++++++_+++]
[06окт.2026 15:48:47.854] [Server thread/INFO] [net.minecraft.gametest.framework.GameTestServer/]: [++++++_+++]
[06окт.2026 15:48:47.918] [Server thread/INFO] [net.minecraft.gametest.framework.GameTestServer/]: [++++++_+++]
[06окт.2026 15:48:47.982] [Server thread/INFO] [net.minecraft.gametest.framework.GameTestServer/]: [++++++_+++]
[06окт.2026 15:48:48.050] [Server thread/INFO] [net.minecraft.gametest.framework.GameTestServer/]: [++++++_+++]
[06окт.2026 15:48:48.071] [Server thread/INFO] [net.minecraft.server.MinecraftServer/]: Размещение структуры: 83%, изменено блоков: 2546507
[06окт.2026 15:48:48.106] [Server thread/INFO] [net.minecraft.gametest.framework.GameTestServer/]: [++++++_+++]
[06окт.2026 15:48:48.168] [Server thread/INFO] [net.minecraft.gametest.framework.GameTestServer/]: [++++++_+++]
[06окт.2026 15:48:48.230] [Server thread/INFO] [net.minecraft.gametest.framework.GameTestServer/]: [++++++_+++]
[06окт.2026 15:48:48.297] [Server thread/INFO] [net.minecraft.gametest.framework.GameTestServer/]: [++++++_+++]
[06окт.2026 15:48:48.362] [Server thread/INFO] [net.minecraft.gametest.framework.GameTestServer/]: [++++++_+++]
[06окт.2026 15:48:48.382] [Server thread/INFO] [net.minecraft.server.MinecraftServer/]: Размещение структуры: 86%, изменено блоков: 2546507
[06окт.2026 15:48:48.422] [Server thread/INFO] [net.minecraft.gametest.framework.GameTestServer/]: [++++++_+++]
[06окт.2026 15:48:48.498] [Server thread/INFO] [net.minecraft.gametest.framework.GameTestServer/]: [++++++_+++]
[06окт.2026 15:48:48.561] [Server thread/INFO] [net.minecraft.gametest.framework.GameTestServer/]: [++++++_+++]
[06окт.2026 15:48:48.629] [Server thread/INFO] [net.minecraft.gametest.framework.GameTestServer/]: [++++++_+++]
[06окт.2026 15:48:48.694] [Server thread/INFO] [net.minecraft.gametest.framework.GameTestServer/]: [++++++_+++]
[06окт.2026 15:48:48.717] [Server thread/INFO] [net.minecraft.server.MinecraftServer/]: Размещение структуры: 89%, изменено блоков: 2546507
[06окт.2026 15:48:48.759] [Server thread/INFO] [net.minecraft.gametest.framework.GameTestServer/]: [++++++_+++]
[06окт.2026 15:48:48.826] [Server thread/INFO] [net.minecraft.gametest.framework.GameTestServer/]: [++++++_+++]
[06окт.2026 15:48:48.893] [Server thread/INFO] [net.minecraft.gametest.framework.GameTestServer/]: [++++++_+++]
[06окт.2026 15:48:48.957] [Server thread/INFO] [net.minecraft.gametest.framework.GameTestServer/]: [++++++_+++]
[06окт.2026 15:48:49.026] [Server thread/INFO] [net.minecraft.gametest.framework.GameTestServer/]: [++++++_+++]
[06окт.2026 15:48:49.051] [Server thread/INFO] [net.minecraft.server.MinecraftServer/]: Размещение структуры: 92%, изменено блоков: 2546507
[06окт.2026 15:48:49.089] [Server thread/INFO] [net.minecraft.gametest.framework.GameTestServer/]: [++++++_+++]
[06окт.2026 15:48:49.153] [Server thread/INFO] [net.minecraft.gametest.framework.GameTestServer/]: [++++++_+++]
[06окт.2026 15:48:49.218] [Server thread/INFO] [net.minecraft.gametest.framework.GameTestServer/]: [++++++_+++]
[06окт.2026 15:48:49.284] [Server thread/INFO] [net.minecraft.gametest.framework.GameTestServer/]: [++++++_+++]
[06окт.2026 15:48:49.355] [Server thread/INFO] [net.minecraft.gametest.framework.GameTestServer/]: [++++++_+++]
[06окт.2026 15:48:49.377] [Server thread/INFO] [net.minecraft.server.MinecraftServer/]: Размещение структуры: 95%, изменено блоков: 2546507
[06окт.2026 15:48:49.421] [Server thread/INFO] [net.minecraft.gametest.framework.GameTestServer/]: [++++++_+++]
[06окт.2026 15:48:49.489] [Server thread/INFO] [net.minecraft.gametest.framework.GameTestServer/]: [++++++_+++]
[06окт.2026 15:48:49.561] [Server thread/INFO] [net.minecraft.gametest.framework.GameTestServer/]: [++++++_+++]
[06окт.2026 15:48:49.630] [Server thread/INFO] [net.minecraft.gametest.framework.GameTestServer/]: [++++++_+++]
[06окт.2026 15:48:49.694] [Server thread/INFO] [net.minecraft.gametest.framework.GameTestServer/]: [++++++_+++]
[06окт.2026 15:48:49.717] [Server thread/INFO] [net.minecraft.server.MinecraftServer/]: Размещение структуры: 98%, изменено блоков: 2546507
[06окт.2026 15:48:49.770] [Server thread/INFO] [net.minecraft.gametest.framework.GameTestServer/]: [++++++_+++]
[06окт.2026 15:48:49.843] [Server thread/INFO] [net.minecraft.gametest.framework.GameTestServer/]: [++++++_+++]
[06окт.2026 15:48:49.910] [Server thread/INFO] [net.minecraft.gametest.framework.GameTestServer/]: [++++++_+++]
[06окт.2026 15:48:49.947] [Server thread/INFO] [net.minecraft.server.MinecraftServer/]: Структура создана: 924160, 1, 31874
[06окт.2026 15:48:50.310] [Server thread/INFO] [net.minecraft.gametest.framework.GameTestServer/]: [++++++_+++]
[06окт.2026 15:48:50.346] [Server thread/INFO] [net.minecraft.gametest.framework.GameTestServer/]: [++++++_+++]
[06окт.2026 15:48:50.406] [Server thread/INFO] [net.minecraft.gametest.framework.GameTestServer/]: [++++++_+++]
[06окт.2026 15:48:50.461] [Server thread/INFO] [net.minecraft.gametest.framework.GameTestServer/]: [++++++_+++]
[06окт.2026 15:48:50.531] [Server thread/INFO] [net.minecraft.gametest.framework.GameTestServer/]: [++++++_+++]
[06окт.2026 15:48:50.604] [Server thread/INFO] [net.minecraft.gametest.framework.GameTestServer/]: [++++++_+++]
[06окт.2026 15:48:50.667] [Server thread/INFO] [net.minecraft.gametest.framework.GameTestServer/]: [++++++_+++]
[06окт.2026 15:48:50.701] [Server thread/INFO] [net.minecraft.gametest.framework.GameTestServer/]: [++++++++++]
[06окт.2026 15:48:50.701] [Server thread/INFO] [net.minecraft.gametest.framework.GameTestServer/]: ========= 10 GAME TESTS COMPLETE IN 53.16 s ======================
[06окт.2026 15:48:50.702] [Server thread/INFO] [net.minecraft.gametest.framework.GameTestServer/]: All 10 required tests passed :)
[06окт.2026 15:48:50.702] [Server thread/INFO] [net.minecraft.gametest.framework.GameTestServer/]: ====================================================
[06окт.2026 15:48:50.719] [Server thread/INFO] [net.minecraft.server.MinecraftServer/]: Stopping server
[06окт.2026 15:48:50.719] [Server thread/INFO] [net.minecraft.server.MinecraftServer/]: Saving players
[06окт.2026 15:48:50.720] [Server thread/INFO] [net.minecraft.server.MinecraftServer/]: Saving worlds
[06окт.2026 15:48:51.046] [Server thread/INFO] [net.minecraft.server.MinecraftServer/]: Saving chunks for level 'ServerLevel[Test Level]'/minecraft:overworld
[06окт.2026 15:48:52.199] [Server thread/INFO] [net.minecraft.server.MinecraftServer/]: Saving chunks for level 'ServerLevel[Test Level]'/minecraft:the_end
[06окт.2026 15:48:52.205] [Server thread/INFO] [net.minecraft.server.MinecraftServer/]: Saving chunks for level 'ServerLevel[Test Level]'/minecraft:the_nether
[06окт.2026 15:48:52.216] [Server thread/INFO] [net.minecraft.server.MinecraftServer/]: ThreadedAnvilChunkStorage (world): All chunks are saved
[06окт.2026 15:48:52.216] [Server thread/INFO] [net.minecraft.server.MinecraftServer/]: ThreadedAnvilChunkStorage (DIM1): All chunks are saved
[06окт.2026 15:48:52.216] [Server thread/INFO] [net.minecraft.server.MinecraftServer/]: ThreadedAnvilChunkStorage (DIM-1): All chunks are saved
[06окт.2026 15:48:52.216] [Server thread/INFO] [net.minecraft.server.MinecraftServer/]: ThreadedAnvilChunkStorage: All dimensions are saved
[06окт.2026 15:48:52.353] [Server thread/INFO] [net.minecraft.gametest.framework.GameTestServer/]: Game test server shutting down
