To honour the JVM settings for this build a single-use Daemon process will be forked. For more on this, please refer to https://docs.gradle.org/9.2.1/userguide/gradle_daemon.html#sec:disabling_the_daemon in the Gradle documentation.
Daemon will be stopped at the end of the build 
> Task :createMinecraftArtifacts UP-TO-DATE
> Task :compileJava UP-TO-DATE
> Task :processResources UP-TO-DATE
> Task :classes UP-TO-DATE
> Task :compileVillageCheckJava UP-TO-DATE
> Task :downloadAssets UP-TO-DATE
> Task :writeVillageChecksLegacyClasspath UP-TO-DATE
> Task :prepareVillageChecksRun
> Task :processVillageCheckResources UP-TO-DATE
> Task :villageCheckClasses UP-TO-DATE

> Task :runVillageChecks
WARN StatusConsoleListener Advanced terminal features are not available in this environment
[08:04:22] [main/INFO] [cp.mo.mo.Launcher/MODLAUNCHER]: ModLauncher running: args [--launchTarget, forgeserverdev, --gameDir, ., --fml.fmlVersion, 4.0.45, --fml.mcVersion, 1.21.1, --fml.neoForgeVersion, 21.1.255, --fml.neoFormVersion, 20240808.144430]
[08:04:22] [main/INFO] [cp.mo.mo.Launcher/MODLAUNCHER]: JVM identified as Oracle Corporation Java HotSpot(TM) 64-Bit Server VM 21.0.12+7-LTS-205
[08:04:22] [main/INFO] [cp.mo.mo.Launcher/MODLAUNCHER]: ModLauncher 11.0.5+main.901c6ea8 starting: java version 21.0.12 by Oracle Corporation; OS Windows 10 arch amd64 version 10.0
[08:04:22] [main/INFO] [ne.ne.fm.lo.ImmediateWindowHandler/]: ImmediateWindowProvider not loading because launch target is forgeserverdev
[08:04:22] [main/INFO] [mixin/]: SpongePowered MIXIN Subsystem Version=0.8.7 Source=union:/C:/Users/pavel/.gradle/caches/modules-2/files-2.1/net.fabricmc/sponge-mixin/0.16.4+mixin.0.8.7/26d01f0567ab46e9ca0d2ed89d0ecc11aadbd433/sponge-mixin-0.16.4+mixin.0.8.7.jar%2394!/ Service=ModLauncher Env=SERVER
[08:04:22] [main/INFO] [ne.ne.fm.lo.mo.lo.JarInJarDependencyLocator/]: Found 2 dependencies adding them to mods collection
[08:04:22] [main/INFO] [ne.ne.fm.lo.mo.ModDiscoverer/]: 
     Mod List:
		Name Version (Mod Id)

		Curios API 9.5.1+1.21.1 (curios)
		Minecraft 1.21.1 (minecraft)
		NeoForge 21.1.255 (neoforge)
		Slavic Myths 1.2.5 (slavicmyths)
[08:04:23] [main/INFO] [mixin/]: Compatibility level set to JAVA_21
[08:04:23] [main/INFO] [cp.mo.mo.LaunchServiceHandler/MODLAUNCHER]: Launching target 'forgeserverdev' with arguments [--gameDir, .]
[08:04:23] [main/WARN] [mixin/]: Reference map 'curios.refmap.json' for curios.neoforge.mixins.json could not be read. If this is a development environment you can ignore this message
[08:04:23] [main/WARN] [mixin/]: Reference map 'curios.refmap.json' for curios.mixins.json could not be read. If this is a development environment you can ignore this message
[08:04:24] [main/WARN] [os.dr.wi.pe.PerfmonDisabled/]: Invalid registry value type detected for PerfOS counters. Should be REG_DWORD. Ignoring: HKEY_LOCAL_MACHINE\SYSTEM\CurrentControlSet\Services\PerfOS\Performance\Disable Performance Counters.
[08:04:24] [main/INFO] [MixinExtras|Service/]: Initializing MixinExtras via com.llamalad7.mixinextras.service.MixinExtrasServiceImpl(version=0.5.5).
[08:04:29] [main/WARN] [minecraft/Commands]: Ambiguity between arguments [teleport, location] and [teleport, destination] with inputs: [0.1 -0.5 .9, 0 0 0]
[08:04:29] [main/WARN] [minecraft/Commands]: Ambiguity between arguments [teleport, location] and [teleport, targets] with inputs: [0.1 -0.5 .9, 0 0 0]
[08:04:29] [main/WARN] [minecraft/Commands]: Ambiguity between arguments [teleport, destination] and [teleport, targets] with inputs: [Player, 0123, @e, dd12be42-52a9-4a91-a8a1-11c01849e498]
[08:04:29] [main/WARN] [minecraft/Commands]: Ambiguity between arguments [teleport, targets] and [teleport, destination] with inputs: [Player, 0123, dd12be42-52a9-4a91-a8a1-11c01849e498]
[08:04:29] [main/WARN] [minecraft/Commands]: Ambiguity between arguments [teleport, targets, location] and [teleport, targets, destination] with inputs: [0.1 -0.5 .9, 0 0 0]
[08:04:29] [modloading-worker-0/INFO] [ne.ne.ne.co.NeoForgeMod/NEOFORGE-MOD]: NeoForge mod loading, version 21.1.255, for MC 1.21.1
[08:04:30] [main/INFO] [mojang/YggdrasilAuthenticationService]: Environment: Environment[sessionHost=https://sessionserver.mojang.com, servicesHost=https://api.minecraftservices.com, name=PROD]
[08:04:30] [main/WARN] [minecraft/VanillaPackResourcesBuilder]: Assets URL 'union:/D:/slavic-myths/build/moddev/artifacts/neoforge-21.1.255.jar%23125!/assets/.mcassetsroot' uses unexpected schema
[08:04:30] [main/WARN] [minecraft/VanillaPackResourcesBuilder]: Assets URL 'union:/D:/slavic-myths/build/moddev/artifacts/neoforge-21.1.255.jar%23125!/data/.mcassetsroot' uses unexpected schema
[08:04:30] [main/INFO] [ne.ne.ne.ga.GameTestHooks/]: Enabled Gametest Namespaces: [slavicmyths_village]
[08:04:31] [main/INFO] [minecraft/RecipeManager]: Loaded 1673 recipes
[08:04:31] [main/INFO] [minecraft/AdvancementTree]: Loaded 1561 advancements
[08:04:31] [main/INFO] [Curios API/]: Loaded 10 curio slots
[08:04:31] [main/INFO] [Curios API/]: Loaded 1 curio entities
[08:04:32] [Server thread/INFO] [minecraft/MinecraftServer]: Preparing start region for dimension minecraft:overworld
[08:04:32] [worldgen/INFO] [minecraft/LoggerChunkProgressListener]: Preparing spawn area: 2%
[08:04:32] [Server thread/INFO] [minecraft/LoggerChunkProgressListener]: Time elapsed: 113 ms
[08:04:32] [Server thread/INFO] [minecraft/GameTestServer]: Started game test server
[08:04:32] [Server thread/INFO] [ne.ne.ne.se.pe.PermissionAPI/]: Successfully initialized permission handler neoforge:default_handler
[08:04:32] [Server thread/INFO] [minecraft/GameTestServer]: 53 tests are now running at position -9564683, -59, 10568685!
[08:04:32] [Server thread/INFO] [minecraft/GameTestRunner]: Running test batch 'guard_loss:0' (1 tests)...
[08:04:32] [Server thread/INFO] [minecraft/GameTestServer]: [                                                     ]
[08:04:32] [Server thread/INFO] [minecraft/GameTestServer]: [                                                     ]
[08:04:32] [Server thread/INFO] [minecraft/GameTestServer]: [_                                                    ]
[08:04:32] [Server thread/INFO] [minecraft/GameTestServer]: [_                                                    ]
[08:04:32] [Server thread/INFO] [minecraft/GameTestServer]: [_                                                    ]
[08:04:32] [Server thread/INFO] [minecraft/GameTestServer]: [_                                                    ]
[08:04:32] [Server thread/INFO] [minecraft/GameTestServer]: [_                                                    ]
[08:04:32] [Server thread/INFO] [minecraft/GameTestServer]: [_                                                    ]
[08:04:33] [Server thread/INFO] [minecraft/GameTestServer]: [_                                                    ]
[08:04:33] [Server thread/INFO] [minecraft/GameTestServer]: [_                                                    ]
[08:04:33] [Server thread/INFO] [minecraft/GameTestServer]: [_                                                    ]
[08:04:33] [Server thread/INFO] [minecraft/GameTestServer]: [_                                                    ]
[08:04:33] [Server thread/INFO] [minecraft/GameTestServer]: [_                                                    ]
[08:04:33] [Server thread/INFO] [minecraft/GameTestServer]: [_                                                    ]
[08:04:33] [Server thread/INFO] [minecraft/GameTestServer]: [_                                                    ]
[08:04:33] [Server thread/INFO] [minecraft/GameTestServer]: [_                                                    ]
[08:04:33] [Server thread/INFO] [minecraft/GameTestServer]: [_                                                    ]
[08:04:33] [Server thread/INFO] [minecraft/GameTestServer]: [_                                                    ]
[08:04:33] [Server thread/INFO] [minecraft/GameTestServer]: [_                                                    ]
[08:04:33] [Server thread/INFO] [minecraft/GameTestServer]: [_                                                    ]
[08:04:33] [Server thread/INFO] [minecraft/GameTestServer]: [_                                                    ]
[08:04:33] [Server thread/INFO] [minecraft/GameTestServer]: [_                                                    ]
[08:04:33] [Server thread/INFO] [minecraft/GameTestServer]: [_                                                    ]
[08:04:33] [Server thread/INFO] [minecraft/GameTestServer]: [_                                                    ]
[08:04:33] [Server thread/INFO] [minecraft/GameTestServer]: [_                                                    ]
[08:04:33] [Server thread/INFO] [minecraft/GameTestServer]: [_                                                    ]
[08:04:33] [Server thread/INFO] [minecraft/GameTestServer]: [_                                                    ]
[08:04:33] [Server thread/INFO] [minecraft/GameTestServer]: [_                                                    ]
[08:04:33] [Server thread/INFO] [minecraft/GameTestServer]: [_                                                    ]
[08:04:33] [Server thread/INFO] [minecraft/GameTestServer]: [_                                                    ]
[08:04:33] [Server thread/INFO] [minecraft/GameTestServer]: [_                                                    ]
[08:04:33] [Server thread/INFO] [minecraft/GameTestServer]: [_                                                    ]
[08:04:33] [Server thread/INFO] [minecraft/GameTestServer]: [_                                                    ]
[08:04:33] [Server thread/INFO] [minecraft/GameTestServer]: [_                                                    ]
[08:04:33] [Server thread/INFO] [minecraft/GameTestServer]: [_                                                    ]
[08:04:33] [Server thread/INFO] [minecraft/GameTestServer]: [_                                                    ]
[08:04:33] [Server thread/INFO] [minecraft/GameTestServer]: [_                                                    ]
[08:04:33] [Server thread/INFO] [minecraft/GameTestServer]: [_                                                    ]
[08:04:33] [Server thread/INFO] [minecraft/GameTestServer]: [_                                                    ]
[08:04:33] [Server thread/INFO] [minecraft/GameTestServer]: [_                                                    ]
[08:04:33] [Server thread/INFO] [minecraft/GameTestServer]: [_                                                    ]
[08:04:33] [Server thread/INFO] [minecraft/GameTestServer]: [_                                                    ]
[08:04:33] [Server thread/INFO] [minecraft/GameTestServer]: [_                                                    ]
[08:04:33] [Server thread/INFO] [minecraft/GameTestServer]: [_                                                    ]
[08:04:33] [Server thread/INFO] [minecraft/GameTestServer]: [_                                                    ]
[08:04:33] [Server thread/INFO] [minecraft/GameTestServer]: [_                                                    ]
[08:04:33] [Server thread/INFO] [minecraft/GameTestServer]: [_                                                    ]
[08:04:33] [Server thread/INFO] [minecraft/GameTestServer]: [_                                                    ]
[08:04:33] [Server thread/INFO] [minecraft/GameTestServer]: [_                                                    ]
[08:04:33] [Server thread/INFO] [minecraft/GameTestServer]: [_                                                    ]
[08:04:33] [Server thread/INFO] [minecraft/GameTestServer]: [_                                                    ]
[08:04:33] [Server thread/INFO] [minecraft/GameTestServer]: [_                                                    ]
[08:04:33] [Server thread/INFO] [minecraft/GameTestServer]: [_                                                    ]
[08:04:33] [Server thread/INFO] [minecraft/GameTestServer]: [_                                                    ]
[08:04:33] [Server thread/INFO] [minecraft/GameTestServer]: [_                                                    ]
[08:04:33] [Server thread/INFO] [minecraft/GameTestServer]: [_                                                    ]
[08:04:33] [Server thread/INFO] [minecraft/GameTestServer]: [_                                                    ]
[08:04:33] [Server thread/INFO] [minecraft/GameTestServer]: [_                                                    ]
[08:04:33] [Server thread/INFO] [minecraft/GameTestServer]: [_                                                    ]
[08:04:33] [Server thread/INFO] [minecraft/GameTestServer]: [_                                                    ]
[08:04:33] [Server thread/INFO] [minecraft/GameTestServer]: [_                                                    ]
[08:04:33] [Server thread/INFO] [minecraft/GameTestServer]: [_                                                    ]
[08:04:33] [Server thread/INFO] [minecraft/GameTestServer]: [_                                                    ]
[08:04:33] [Server thread/INFO] [minecraft/GameTestServer]: [_                                                    ]
[08:04:33] [Server thread/INFO] [minecraft/GameTestServer]: [_                                                    ]
[08:04:33] [Server thread/INFO] [minecraft/GameTestServer]: [_                                                    ]
[08:04:33] [Server thread/INFO] [minecraft/GameTestServer]: [_                                                    ]
[08:04:33] [Server thread/INFO] [minecraft/GameTestServer]: [_                                                    ]
[08:04:33] [Server thread/INFO] [minecraft/GameTestServer]: [_                                                    ]
[08:04:33] [Server thread/INFO] [minecraft/GameTestServer]: [_                                                    ]
[08:04:33] [Server thread/INFO] [minecraft/GameTestServer]: [_                                                    ]
[08:04:33] [Server thread/INFO] [minecraft/GameTestServer]: [_                                                    ]
[08:04:33] [Server thread/INFO] [minecraft/GameTestServer]: [_                                                    ]
[08:04:33] [Server thread/INFO] [minecraft/GameTestServer]: [_                                                    ]
[08:04:33] [Server thread/INFO] [minecraft/GameTestServer]: [_                                                    ]
[08:04:33] [Server thread/INFO] [minecraft/GameTestServer]: [_                                                    ]
[08:04:33] [Server thread/INFO] [minecraft/GameTestServer]: [_                                                    ]
MILITARY_TABLE_LOSS_PASS grace=true demotion=true roleModifiersRemoved=true noGear=true
[08:04:33] [Server thread/INFO] [minecraft/GameTestRunner]: Running test batch 'guard_boundary:0' (1 tests)...
[08:04:33] [Server thread/INFO] [minecraft/GameTestServer]: [+                                                    ]
[08:04:33] [Server thread/INFO] [minecraft/GameTestServer]: [+                                                    ]
[08:04:33] [Server thread/INFO] [minecraft/GameTestServer]: [+                                                    ]
[08:04:33] [Server thread/INFO] [minecraft/GameTestServer]: [+                                                    ]
MILITARY_PURSUIT_PASS acquiredRealThreat=true targetReleasedBeyond48=true withinPatrol32=true
[08:04:33] [Server thread/INFO] [minecraft/GameTestRunner]: Running test batch 'bandit_archer_resident:0' (1 tests)...
[08:04:33] [Server thread/INFO] [minecraft/GameTestServer]: [++                                                   ]
[08:04:33] [Server thread/INFO] [minecraft/GameTestServer]: [++                                                   ]
[08:04:33] [Server thread/INFO] [minecraft/GameTestServer]: [++                                                   ]
[08:04:33] [Server thread/INFO] [minecraft/GameTestServer]: [++                                                   ]
[08:04:33] [Server thread/INFO] [minecraft/GameTestServer]: [++_                                                  ]
[08:04:33] [Server thread/INFO] [minecraft/GameTestServer]: [++_                                                  ]
[08:04:33] [Server thread/INFO] [minecraft/GameTestServer]: [++_                                                  ]
[08:04:33] [Server thread/INFO] [minecraft/GameTestServer]: [++_                                                  ]
MILITARY_BANDIT_ARCHER_PASS autonomousResidentTarget=true realArrowDamage=true
[08:04:33] [Server thread/INFO] [minecraft/GameTestRunner]: Running test batch 'bandit_aggression:0' (1 tests)...
[08:04:33] [Server thread/INFO] [minecraft/GameTestServer]: [+++                                                  ]
[08:04:33] [Server thread/INFO] [minecraft/GameTestServer]: [+++                                                  ]
[08:04:33] [Server thread/INFO] [minecraft/GameTestServer]: [+++_                                                 ]
[08:04:33] [Server thread/INFO] [minecraft/GameTestServer]: [+++_                                                 ]
[08:04:33] [Server thread/INFO] [minecraft/GameTestServer]: [+++_                                                 ]
MILITARY_BANDIT_RESIDENT_PASS ordinarySpawn=true actualTarget=true nativePath=true realDamage=true
[08:04:34] [Server thread/INFO] [minecraft/GameTestRunner]: Running test batch 'defaultBatch:0' (32 tests)...
[08:04:34] [Server thread/INFO] [minecraft/GameTestServer]: [++++                                                 ]
VILLAGE_POOLS_PASS samples=360 variants=180 offers=2 restock=true NBT=true
VILLAGE_VANILLA_TRADES_PASS professions=13 levels=65 restock=true
SETTLEMENT_TEXTILE_PASS nativeSteps=160 linenThread=4 linenCloth=1
SETTLEMENT_POLICY_PASS virtualTradesIndependent=true blockedSell=true actualHarvestException=true
MILITARY_QUEST_PASS serverValidated=true tokensConsumed=6 rewardOnce=true reopenStable=true attachmentRoundtrip=true
SETTLEMENT_CAPACITY_PASS inputsRetained=64
MILITARY_TARGETS_PASS tags=true alliesSafe=true creeperSafe=true
MILITARY_GOLEM_PASS realTargetSelection=true banditThreat=true
[08:04:34] [Server thread/INFO] [minecraft/GameTestServer]: [+++++___ _++___  ++++__  _+                          ]
VILLAGE_CONVERSION_PASS infection=true cure=true sameOffers=true sameOutfit=true uuidChanged=true
VILLAGE_REGISTRATIONS_PASS roles=7 vanillaIds=15 mappedStates=57
MILITARY_SHIELD_PASS frontalDamage=4.5 noInvulnerability=true
MILITARY_NATURAL_PLANNING_PASS nativeVillagePlans=57 barracksPlans=3 maxPerVillage=1 noChunkLoading=true
SETTLEMENT_TRANSACTION_PASS 64slots=64 save=true twoWorkers=true full=true comparator=15 capabilities=true
MILITARY_ASSIGN_PASS nativeJob=true stableArchetype=true hp=30 noFakeTrade=true renderOwnedGear=true
SETTLEMENT_THREAT_PASS actualZombie=true nativePanic=true workStopped=true
SETTLEMENT_ACTIVITY_PASS panic=false rest=false baby=false nitwit=false
MILITARY_LOOT_PASS samples=1000 diamonds=9 saddles=23 bread=796 diamondCount=1
MILITARY_RESIDENT_PASS nativeThreatSensor=true panic=true
[08:04:38] [Server thread/INFO] [minecraft/GameTestServer]: [++++++__++++__+++++++__+__+__+____++                 ]
[08:04:38] [Server thread/INFO] [minecraft/GameTestServer]: [++++++__++++__+++++++__+__+__+____++                 ]
SETTLEMENT_HOPPER_BREAK_PASS input=true output=true exactDrop=11
[08:04:38] [Server thread/INFO] [minecraft/GameTestServer]: [++++++__++++__++++++++_+__+__+____++                 ]
[08:04:38] [Server thread/INFO] [minecraft/GameTestServer]: [++++++__++++__++++++++_+__+__+____++                 ]
[08:04:38] [Server thread/INFO] [minecraft/GameTestServer]: [++++++__++++__++++++++_+__+__+____++                 ]
SETTLEMENT_RESTART_LOAD_PASS actualNewServer=true regionData=true savedVillager=true cacheReset=true resumedVatMalt=4
[08:04:39] [Server thread/INFO] [minecraft/GameTestServer]: [++++++__++++__++++++++_+__+__+___+++                 ]
SETTLEMENT_FARMER_PASS nativeHarvest=true replant=true playerField=true immatureRetained=true
MILITARY_COMBAT_PASS actualNativeBrain=true realZombieKilled=true
[08:04:39] [Server thread/INFO] [minecraft/GameTestServer]: [++++++__++++__++++++++++__+__+__++++                 ]
[08:04:39] [Server thread/INFO] [minecraft/GameTestServer]: [++++++__++++__++++++++++__+__+__++++                 ]
[08:04:39] [Server thread/INFO] [minecraft/GameTestServer]: [++++++__++++__++++++++++__+__+__++++                 ]
[08:04:39] [Server thread/INFO] [minecraft/Villager]: Villager Villager['Villager'/814, l='ServerLevel[Test Level]', x=-9564612.50, y=-58.00, z=10568715.85] died, message: 'Villager suffocated in a wall'
[08:04:39] [Server thread/INFO] [minecraft/Villager]: Villager Villager['Idler'/815, l='ServerLevel[Test Level]', x=-9564612.50, y=-58.00, z=10568715.70] died, message: 'Idler suffocated in a wall'
VILLAGE_LEVEL_PASS professions=6 noviceToMaster=true offersPerMaster=10
[08:04:39] [Server thread/INFO] [minecraft/GameTestServer]: [++++++__++++__++++++++++__+_++__++++                 ]
VILLAGE_NEGATIVE_POI_PASS children=6 nitwits=6
[08:04:39] [Server thread/INFO] [minecraft/GameTestServer]: [++++++__+++++_++++++++++__+_++__++++                 ]
[08:04:39] [Server thread/INFO] [minecraft/GameTestServer]: [++++++__+++++_++++++++++__+_++__++++                 ]
[08:04:39] [Server thread/INFO] [minecraft/GameTestServer]: [++++++__+++++_++++++++++__+_++__++++                 ]
[08:04:39] [Server thread/INFO] [minecraft/GameTestServer]: [++++++__+++++_++++++++++__+_++__++++                 ]
SETTLEMENT_KITCHEN_PASS existingRecipe=true actualProcess=true flour=3 water=1 bread=1 bucket=1 retainedTool=true
[08:04:39] [Server thread/INFO] [minecraft/GameTestServer]: [++++++__++++++++++++++++__+_++__++++                 ]
[08:04:39] [Server thread/INFO] [minecraft/GameTestServer]: [++++++__++++++++++++++++__+_++__++++                 ]
[08:04:39] [Server thread/INFO] [minecraft/GameTestServer]: [++++++__++++++++++++++++__+_++__++++                 ]
[08:04:39] [Server thread/INFO] [minecraft/GameTestServer]: [++++++__++++++++++++++++__+_++__++++                 ]
[08:04:39] [Server thread/INFO] [minecraft/GameTestServer]: [++++++__++++++++++++++++__+_++__++++                 ]
[08:04:39] [Server thread/INFO] [minecraft/GameTestServer]: [++++++__++++++++++++++++__+_++__++++                 ]
[08:04:39] [Server thread/INFO] [minecraft/GameTestServer]: [++++++__++++++++++++++++__+_++__++++                 ]
[08:04:39] [Server thread/INFO] [minecraft/GameTestServer]: [++++++__++++++++++++++++__+_++__++++                 ]
[08:04:39] [Server thread/INFO] [minecraft/GameTestServer]: [++++++__++++++++++++++++__+_++__++++                 ]
[08:04:39] [Server thread/INFO] [minecraft/GameTestServer]: [++++++__++++++++++++++++__+_++__++++                 ]
[08:04:39] [Server thread/INFO] [minecraft/GameTestServer]: [++++++__++++++++++++++++__+_++__++++                 ]
[08:04:39] [Server thread/INFO] [minecraft/GameTestServer]: [++++++__++++++++++++++++__+_++__++++                 ]
[08:04:39] [Server thread/INFO] [minecraft/GameTestServer]: [++++++__++++++++++++++++__+_++__++++                 ]
SETTLEMENT_FULL_CARGO_PASS actualFlourRetained=1 failure=STORAGE_FULL
[08:04:39] [Server thread/INFO] [minecraft/GameTestServer]: [++++++__++++++++++++++++__+_++_+++++                 ]
[08:04:39] [Server thread/INFO] [minecraft/GameTestServer]: [++++++__++++++++++++++++__+_++_+++++                 ]
[08:04:39] [Server thread/INFO] [minecraft/GameTestServer]: [++++++__++++++++++++++++__+_++_+++++                 ]
SETTLEMENT_DESTROYED_TARGET_PASS cacheCleared=true remoteTransfer=false
SETTLEMENT_HALL_PASS nativeMerchantMenuPayment=true tradeXP=true professionLocked=true automaticRestock=true storageRequired=false paths=3
SETTLEMENT_PLAYER_SECURITY_PASS chest=16 barrel=16 noInput=true
[08:04:39] [Server thread/INFO] [minecraft/GameTestServer]: [++++++__+++++++++++++++++_++++++++++                 ]
[08:04:39] [Server thread/INFO] [minecraft/GameTestServer]: [++++++__+++++++++++++++++_++++++++++                 ]
[08:04:39] [Server thread/INFO] [minecraft/GameTestServer]: [++++++__+++++++++++++++++_++++++++++                 ]
[08:04:39] [Server thread/INFO] [minecraft/GameTestServer]: [++++++__+++++++++++++++++_++++++++++                 ]
[08:04:39] [Server thread/INFO] [minecraft/GameTestServer]: [++++++__+++++++++++++++++_++++++++++                 ]
[08:04:39] [Server thread/INFO] [minecraft/GameTestServer]: [++++++__+++++++++++++++++_++++++++++                 ]
[08:04:39] [Server thread/INFO] [minecraft/GameTestServer]: [++++++__+++++++++++++++++_++++++++++                 ]
[08:04:39] [Server thread/INFO] [minecraft/GameTestServer]: [++++++__+++++++++++++++++_++++++++++                 ]
[08:04:39] [Server thread/INFO] [minecraft/GameTestServer]: [++++++__+++++++++++++++++_++++++++++                 ]
[08:04:39] [Server thread/INFO] [minecraft/GameTestServer]: [++++++__+++++++++++++++++_++++++++++                 ]
[08:04:39] [Server thread/INFO] [minecraft/GameTestServer]: [++++++__+++++++++++++++++_++++++++++                 ]
CHAIN_DIAGNOSTIC activity=Optional[work] job=Optional[ResourceKey[minecraft:dimension / minecraft:overworld] BlockPos{x=-9564664, y=-58, z=10568741}] task=WORKSTATION failure=PRODUCED paths=2 inventory=[2 minecraft:wheat, 1 slavicmyths:wheat_flour, 0 minecraft:air, 0 minecraft:air, 0 minecraft:air, 0 minecraft:air, 0 minecraft:air, 0 minecraft:air] walk=Optional.empty time=3832
[08:04:39] [Server thread/INFO] [minecraft/GameTestServer]: [++++++__+++++++++++++++++_++++++++++                 ]
[08:04:39] [Server thread/INFO] [minecraft/GameTestServer]: [++++++__+++++++++++++++++_++++++++++                 ]
[08:04:39] [Server thread/INFO] [minecraft/GameTestServer]: [++++++__+++++++++++++++++_++++++++++                 ]
[08:04:39] [Server thread/INFO] [minecraft/GameTestServer]: [++++++__+++++++++++++++++_++++++++++                 ]
[08:04:39] [Server thread/INFO] [minecraft/GameTestServer]: [++++++__+++++++++++++++++_++++++++++                 ]
[08:04:39] [Server thread/INFO] [minecraft/GameTestServer]: [++++++__+++++++++++++++++_++++++++++                 ]
[08:04:39] [Server thread/INFO] [minecraft/GameTestServer]: [++++++__+++++++++++++++++_++++++++++                 ]
[08:04:39] [Server thread/INFO] [minecraft/GameTestServer]: [++++++__+++++++++++++++++_++++++++++                 ]
[08:04:39] [Server thread/INFO] [minecraft/GameTestServer]: [++++++__+++++++++++++++++_++++++++++                 ]
[08:04:39] [Server thread/INFO] [minecraft/GameTestServer]: [++++++__+++++++++++++++++_++++++++++                 ]
[08:04:39] [Server thread/INFO] [minecraft/GameTestServer]: [++++++__+++++++++++++++++_++++++++++                 ]
[08:04:39] [Server thread/INFO] [minecraft/GameTestServer]: [++++++__+++++++++++++++++_++++++++++                 ]
[08:04:39] [Server thread/INFO] [minecraft/GameTestServer]: [++++++__+++++++++++++++++_++++++++++                 ]
[08:04:39] [Server thread/INFO] [minecraft/GameTestServer]: [++++++__+++++++++++++++++_++++++++++                 ]
[08:04:39] [Server thread/INFO] [minecraft/GameTestServer]: [++++++__+++++++++++++++++_++++++++++                 ]
[08:04:39] [Server thread/INFO] [minecraft/GameTestServer]: [++++++__+++++++++++++++++_++++++++++                 ]
[08:04:39] [Server thread/INFO] [minecraft/GameTestServer]: [++++++__+++++++++++++++++_++++++++++                 ]
[08:04:39] [Server thread/INFO] [minecraft/GameTestServer]: [++++++__+++++++++++++++++_++++++++++                 ]
[08:04:39] [Server thread/INFO] [minecraft/GameTestServer]: [++++++__+++++++++++++++++_++++++++++                 ]
[08:04:39] [Server thread/INFO] [minecraft/GameTestServer]: [++++++__+++++++++++++++++_++++++++++                 ]
[08:04:39] [Server thread/INFO] [minecraft/GameTestServer]: [++++++__+++++++++++++++++_++++++++++                 ]
[08:04:39] [Server thread/INFO] [minecraft/GameTestServer]: [++++++__+++++++++++++++++_++++++++++                 ]
[08:04:39] [Server thread/INFO] [minecraft/GameTestServer]: [++++++__+++++++++++++++++_++++++++++                 ]
[08:04:39] [Server thread/INFO] [minecraft/GameTestServer]: [++++++__+++++++++++++++++_++++++++++                 ]
[08:04:39] [Server thread/INFO] [minecraft/GameTestServer]: [++++++__+++++++++++++++++_++++++++++                 ]
[08:04:40] [Server thread/INFO] [minecraft/GameTestServer]: [++++++__+++++++++++++++++_++++++++++                 ]
[08:04:40] [Server thread/INFO] [minecraft/GameTestServer]: [++++++__+++++++++++++++++_++++++++++                 ]
[08:04:40] [Server thread/INFO] [minecraft/GameTestServer]: [++++++__+++++++++++++++++_++++++++++                 ]
SETTLEMENT_BREWER_PASS existingVat=true duration=1200 malt=4 bucket=1
[08:04:40] [Server thread/INFO] [minecraft/GameTestServer]: [+++++++_+++++++++++++++++_++++++++++                 ]
[08:04:40] [Server thread/INFO] [minecraft/GameTestServer]: [+++++++_+++++++++++++++++_++++++++++                 ]
[08:04:40] [Server thread/INFO] [minecraft/GameTestServer]: [+++++++_+++++++++++++++++_++++++++++                 ]
[08:04:40] [Server thread/INFO] [minecraft/GameTestServer]: [+++++++_+++++++++++++++++_++++++++++                 ]
[08:04:40] [Server thread/INFO] [minecraft/GameTestServer]: [+++++++_+++++++++++++++++_++++++++++                 ]
[08:04:40] [Server thread/INFO] [minecraft/GameTestServer]: [+++++++_+++++++++++++++++_++++++++++                 ]
[08:04:40] [Server thread/INFO] [minecraft/GameTestServer]: [+++++++_+++++++++++++++++_++++++++++                 ]
[08:04:40] [Server thread/INFO] [minecraft/GameTestServer]: [+++++++_+++++++++++++++++_++++++++++                 ]
[08:04:40] [Server thread/INFO] [minecraft/GameTestServer]: [+++++++_+++++++++++++++++_++++++++++                 ]
[08:04:40] [Server thread/INFO] [minecraft/GameTestServer]: [+++++++_+++++++++++++++++_++++++++++                 ]
[08:04:40] [Server thread/INFO] [minecraft/GameTestServer]: [+++++++_+++++++++++++++++_++++++++++                 ]
[08:04:40] [Server thread/INFO] [minecraft/GameTestServer]: [+++++++_+++++++++++++++++_++++++++++                 ]
SETTLEMENT_FISHING_PASS existingWaterFishing=true catch=1 rodDamage=1 physicalDeposit=true
[08:04:40] [Server thread/INFO] [minecraft/GameTestServer]: [+++++++++++++++++++++++++_++++++++++                 ]
[08:04:40] [Server thread/INFO] [minecraft/GameTestServer]: [+++++++++++++++++++++++++_++++++++++                 ]
[08:04:40] [Server thread/INFO] [minecraft/GameTestServer]: [+++++++++++++++++++++++++_++++++++++                 ]
[08:04:40] [Server thread/INFO] [minecraft/GameTestServer]: [+++++++++++++++++++++++++_++++++++++                 ]
[08:04:40] [Server thread/INFO] [minecraft/GameTestServer]: [+++++++++++++++++++++++++_++++++++++                 ]
CHAIN_FINAL_DIAGNOSTIC pos=(-9564661.71739521, -58.0, 1.0568742515009275E7) storage=BlockPos{x=-9564658, y=-58, z=10568741} task=DEPOSIT failure=PRODUCED paths=6 actions=6 cooldown=208 inventory=[1 slavicmyths:wheat_flour, 0 minecraft:air, 0 minecraft:air, 0 minecraft:air, 0 minecraft:air, 0 minecraft:air, 0 minecraft:air, 0 minecraft:air] walk=Optional[net.minecraft.world.entity.ai.memory.WalkTarget@eb3eafd] depositAllowed=[true, false, false, false, false, false, false, false] running=[LookAtTargetSink, MoveToTargetSink, VillageWork]
[08:04:40] [Server thread/INFO] [minecraft/GameTestServer]: [+++++++++++++++++++++++++_++++++++++                 ]
[08:04:40] [Server thread/INFO] [minecraft/GameTestServer]: [+++++++++++++++++++++++++_++++++++++                 ]
[08:04:40] [Server thread/INFO] [minecraft/GameTestServer]: [+++++++++++++++++++++++++_++++++++++                 ]
[08:04:40] [Server thread/INFO] [minecraft/GameTestServer]: [+++++++++++++++++++++++++_++++++++++                 ]
[08:04:40] [Server thread/INFO] [minecraft/GameTestServer]: [+++++++++++++++++++++++++_++++++++++                 ]
[08:04:40] [Server thread/INFO] [minecraft/GameTestServer]: [+++++++++++++++++++++++++_++++++++++                 ]
[08:04:40] [Server thread/INFO] [minecraft/GameTestServer]: [+++++++++++++++++++++++++_++++++++++                 ]
[08:04:40] [Server thread/INFO] [minecraft/GameTestServer]: [+++++++++++++++++++++++++_++++++++++                 ]
[08:04:40] [Server thread/INFO] [minecraft/GameTestServer]: [+++++++++++++++++++++++++_++++++++++                 ]
[08:04:40] [Server thread/INFO] [minecraft/GameTestServer]: [+++++++++++++++++++++++++_++++++++++                 ]
[08:04:40] [Server thread/INFO] [minecraft/GameTestServer]: [+++++++++++++++++++++++++_++++++++++                 ]
[08:04:40] [Server thread/INFO] [minecraft/GameTestServer]: [+++++++++++++++++++++++++_++++++++++                 ]
[08:04:40] [Server thread/INFO] [minecraft/GameTestServer]: [+++++++++++++++++++++++++_++++++++++                 ]
[08:04:40] [Server thread/INFO] [minecraft/GameTestServer]: [+++++++++++++++++++++++++_++++++++++                 ]
[08:04:40] [Server thread/INFO] [minecraft/GameTestServer]: [+++++++++++++++++++++++++_++++++++++                 ]
[08:04:40] [Server thread/INFO] [minecraft/GameTestServer]: [+++++++++++++++++++++++++_++++++++++                 ]
SETTLEMENT_PHYSICAL_CHAIN_PASS wheat=4 flour=2 physicalActions=7 tradeXPunchanged=true
[08:04:40] [Server thread/INFO] [minecraft/GameTestRunner]: Running test batch 'night:0' (1 tests)...
[08:04:40] [Server thread/INFO] [minecraft/GameTestServer]: [++++++++++++++++++++++++++++++++++++                 ]
[08:04:40] [Server thread/INFO] [minecraft/GameTestServer]: [++++++++++++++++++++++++++++++++++++                 ]
[08:04:40] [Server thread/INFO] [minecraft/GameTestServer]: [++++++++++++++++++++++++++++++++++++_                ]
[08:04:40] [Server thread/INFO] [minecraft/GameTestServer]: [++++++++++++++++++++++++++++++++++++_                ]
[08:04:40] [Server thread/INFO] [minecraft/GameTestServer]: [++++++++++++++++++++++++++++++++++++_                ]
[08:04:40] [Server thread/INFO] [minecraft/GameTestServer]: [++++++++++++++++++++++++++++++++++++_                ]
[08:04:40] [Server thread/INFO] [minecraft/GameTestServer]: [++++++++++++++++++++++++++++++++++++_                ]
[08:04:40] [Server thread/INFO] [minecraft/GameTestServer]: [++++++++++++++++++++++++++++++++++++_                ]
[08:04:40] [Server thread/INFO] [minecraft/GameTestServer]: [++++++++++++++++++++++++++++++++++++_                ]
[08:04:40] [Server thread/INFO] [minecraft/GameTestServer]: [++++++++++++++++++++++++++++++++++++_                ]
[08:04:40] [Server thread/INFO] [minecraft/GameTestServer]: [++++++++++++++++++++++++++++++++++++_                ]
[08:04:40] [Server thread/INFO] [minecraft/GameTestServer]: [++++++++++++++++++++++++++++++++++++_                ]
[08:04:40] [Server thread/INFO] [minecraft/GameTestServer]: [++++++++++++++++++++++++++++++++++++_                ]
[08:04:40] [Server thread/INFO] [minecraft/GameTestServer]: [++++++++++++++++++++++++++++++++++++_                ]
[08:04:40] [Server thread/INFO] [minecraft/GameTestServer]: [++++++++++++++++++++++++++++++++++++_                ]
[08:04:40] [Server thread/INFO] [minecraft/GameTestServer]: [++++++++++++++++++++++++++++++++++++_                ]
[08:04:40] [Server thread/INFO] [minecraft/GameTestServer]: [++++++++++++++++++++++++++++++++++++_                ]
[08:04:40] [Server thread/INFO] [minecraft/GameTestServer]: [++++++++++++++++++++++++++++++++++++_                ]
[08:04:40] [Server thread/INFO] [minecraft/GameTestServer]: [++++++++++++++++++++++++++++++++++++_                ]
[08:04:40] [Server thread/INFO] [minecraft/GameTestServer]: [++++++++++++++++++++++++++++++++++++_                ]
[08:04:40] [Server thread/INFO] [minecraft/GameTestServer]: [++++++++++++++++++++++++++++++++++++_                ]
[08:04:40] [Server thread/INFO] [minecraft/GameTestServer]: [++++++++++++++++++++++++++++++++++++_                ]
[08:04:40] [Server thread/INFO] [minecraft/GameTestServer]: [++++++++++++++++++++++++++++++++++++_                ]
[08:04:40] [Server thread/INFO] [minecraft/GameTestServer]: [++++++++++++++++++++++++++++++++++++_                ]
[08:04:40] [Server thread/INFO] [minecraft/GameTestServer]: [++++++++++++++++++++++++++++++++++++_                ]
[08:04:40] [Server thread/INFO] [minecraft/GameTestServer]: [++++++++++++++++++++++++++++++++++++_                ]
[08:04:40] [Server thread/INFO] [minecraft/GameTestServer]: [++++++++++++++++++++++++++++++++++++_                ]
SETTLEMENT_NIGHT_PASS actualDayTime=13000 noIndustry=true nativeSchedule=true
[08:04:40] [Server thread/INFO] [minecraft/GameTestRunner]: Running test batch 'military_restart:0' (1 tests)...
[08:04:40] [Server thread/INFO] [minecraft/GameTestServer]: [+++++++++++++++++++++++++++++++++++++                ]
[08:04:40] [Server thread/INFO] [minecraft/GameTestServer]: [+++++++++++++++++++++++++++++++++++++                ]
[08:04:40] [Server thread/INFO] [minecraft/GameTestServer]: [+++++++++++++++++++++++++++++++++++++_               ]
[08:04:40] [Server thread/INFO] [minecraft/GameTestServer]: [+++++++++++++++++++++++++++++++++++++_               ]
[08:04:40] [Server thread/INFO] [minecraft/GameTestServer]: [+++++++++++++++++++++++++++++++++++++_               ]
[08:04:40] [Server thread/INFO] [minecraft/GameTestServer]: [+++++++++++++++++++++++++++++++++++++_               ]
[08:04:40] [Server thread/INFO] [minecraft/GameTestServer]: [+++++++++++++++++++++++++++++++++++++_               ]
MILITARY_RESTART_LOAD_PASS actualNewServer=true nativePlayerDataLoad=true partialProgress=3 claimedReplayRejected=true coins=6 guardArchetype=4
[08:04:40] [Server thread/INFO] [minecraft/GameTestRunner]: Running test batch 'shepherd:0' (1 tests)...
[08:04:40] [Server thread/INFO] [minecraft/GameTestServer]: [++++++++++++++++++++++++++++++++++++++               ]
[08:04:40] [Server thread/INFO] [minecraft/GameTestServer]: [++++++++++++++++++++++++++++++++++++++_              ]
[08:04:40] [Server thread/INFO] [minecraft/GameTestServer]: [++++++++++++++++++++++++++++++++++++++_              ]
[08:04:40] [Server thread/INFO] [minecraft/GameTestServer]: [++++++++++++++++++++++++++++++++++++++_              ]
[08:04:40] [Server thread/INFO] [minecraft/GameTestServer]: [++++++++++++++++++++++++++++++++++++++_              ]
[08:04:40] [Server thread/INFO] [minecraft/GameTestServer]: [++++++++++++++++++++++++++++++++++++++_              ]
[08:04:40] [Server thread/INFO] [minecraft/GameTestServer]: [++++++++++++++++++++++++++++++++++++++_              ]
[08:04:40] [Server thread/INFO] [minecraft/GameTestServer]: [++++++++++++++++++++++++++++++++++++++_              ]
[08:04:40] [Server thread/INFO] [minecraft/GameTestServer]: [++++++++++++++++++++++++++++++++++++++_              ]
[08:04:40] [Server thread/INFO] [minecraft/GameTestServer]: [++++++++++++++++++++++++++++++++++++++_              ]
[08:04:40] [Server thread/INFO] [minecraft/GameTestServer]: [++++++++++++++++++++++++++++++++++++++_              ]
[08:04:40] [Server thread/INFO] [minecraft/GameTestServer]: [++++++++++++++++++++++++++++++++++++++_              ]
[08:04:40] [Server thread/INFO] [minecraft/GameTestServer]: [++++++++++++++++++++++++++++++++++++++_              ]
[08:04:40] [Server thread/INFO] [minecraft/GameTestServer]: [++++++++++++++++++++++++++++++++++++++_              ]
[08:04:40] [Server thread/INFO] [minecraft/GameTestServer]: [++++++++++++++++++++++++++++++++++++++_              ]
[08:04:40] [Server thread/INFO] [minecraft/GameTestServer]: [++++++++++++++++++++++++++++++++++++++_              ]
[08:04:40] [Server thread/INFO] [minecraft/GameTestServer]: [++++++++++++++++++++++++++++++++++++++_              ]
[08:04:40] [Server thread/INFO] [minecraft/GameTestServer]: [++++++++++++++++++++++++++++++++++++++_              ]
[08:04:40] [Server thread/INFO] [minecraft/GameTestServer]: [++++++++++++++++++++++++++++++++++++++_              ]
[08:04:40] [Server thread/INFO] [minecraft/GameTestServer]: [++++++++++++++++++++++++++++++++++++++_              ]
[08:04:40] [Server thread/INFO] [minecraft/GameTestServer]: [++++++++++++++++++++++++++++++++++++++_              ]
[08:04:40] [Server thread/INFO] [minecraft/GameTestServer]: [++++++++++++++++++++++++++++++++++++++_              ]
[08:04:40] [Server thread/INFO] [minecraft/GameTestServer]: [++++++++++++++++++++++++++++++++++++++_              ]
[08:04:40] [Server thread/INFO] [minecraft/GameTestServer]: [++++++++++++++++++++++++++++++++++++++_              ]
SETTLEMENT_SHEPHERD_PASS nativeShearing=true realWool=2 shearsDamage=1 actualHarvestException=true
[08:04:40] [Server thread/INFO] [minecraft/GameTestRunner]: Running test batch 'guard_night:0' (1 tests)...
[08:04:40] [Server thread/INFO] [minecraft/GameTestServer]: [+++++++++++++++++++++++++++++++++++++++              ]
[08:04:40] [Server thread/INFO] [minecraft/GameTestServer]: [+++++++++++++++++++++++++++++++++++++++              ]
[08:04:40] [Server thread/INFO] [minecraft/GameTestServer]: [+++++++++++++++++++++++++++++++++++++++_             ]
[08:04:40] [Server thread/INFO] [minecraft/GameTestServer]: [+++++++++++++++++++++++++++++++++++++++_             ]
[08:04:40] [Server thread/INFO] [minecraft/GameTestServer]: [+++++++++++++++++++++++++++++++++++++++_             ]
[08:04:40] [Server thread/INFO] [minecraft/GameTestServer]: [+++++++++++++++++++++++++++++++++++++++_             ]
[08:04:40] [Server thread/INFO] [minecraft/GameTestServer]: [+++++++++++++++++++++++++++++++++++++++_             ]
[08:04:40] [Server thread/INFO] [minecraft/GameTestServer]: [+++++++++++++++++++++++++++++++++++++++_             ]
[08:04:40] [Server thread/INFO] [minecraft/GameTestServer]: [+++++++++++++++++++++++++++++++++++++++_             ]
[08:04:40] [Server thread/INFO] [minecraft/GameTestServer]: [+++++++++++++++++++++++++++++++++++++++_             ]
[08:04:40] [Server thread/INFO] [minecraft/GameTestServer]: [+++++++++++++++++++++++++++++++++++++++_             ]
[08:04:40] [Server thread/INFO] [minecraft/GameTestServer]: [+++++++++++++++++++++++++++++++++++++++_             ]
[08:04:40] [Server thread/INFO] [minecraft/GameTestServer]: [+++++++++++++++++++++++++++++++++++++++_             ]
[08:04:40] [Server thread/INFO] [minecraft/GameTestServer]: [+++++++++++++++++++++++++++++++++++++++_             ]
[08:04:40] [Server thread/INFO] [minecraft/GameTestServer]: [+++++++++++++++++++++++++++++++++++++++_             ]
[08:04:40] [Server thread/INFO] [minecraft/GameTestServer]: [+++++++++++++++++++++++++++++++++++++++_             ]
[08:04:40] [Server thread/INFO] [minecraft/GameTestServer]: [+++++++++++++++++++++++++++++++++++++++_             ]
MILITARY_NIGHT_PASS actualSleep=true directThreatKilled=true resumedRest=true
[08:04:40] [Server thread/INFO] [minecraft/GameTestRunner]: Running test batch 'golem_real_combat:0' (1 tests)...
[08:04:40] [Server thread/INFO] [minecraft/GameTestServer]: [++++++++++++++++++++++++++++++++++++++++             ]
[08:04:40] [Server thread/INFO] [minecraft/GameTestServer]: [++++++++++++++++++++++++++++++++++++++++             ]
[08:04:40] [Server thread/INFO] [minecraft/GameTestServer]: [++++++++++++++++++++++++++++++++++++++++_            ]
[08:04:40] [Server thread/INFO] [minecraft/GameTestServer]: [++++++++++++++++++++++++++++++++++++++++_            ]
[08:04:40] [Server thread/INFO] [minecraft/GameTestServer]: [++++++++++++++++++++++++++++++++++++++++_            ]
[08:04:40] [Server thread/INFO] [minecraft/GameTestServer]: [++++++++++++++++++++++++++++++++++++++++_            ]
MILITARY_GOLEM_COMBAT_PASS liveBandit=true actualMelee=true banditDefeated=true
[08:04:40] [Server thread/INFO] [minecraft/GameTestRunner]: Running test batch 'guard_neutral:0' (1 tests)...
[08:04:40] [Server thread/INFO] [minecraft/GameTestServer]: [+++++++++++++++++++++++++++++++++++++++++            ]
MILITARY_NEUTRAL_PASS calmExcluded=true actualResidentAttackAccepted=true
[08:04:40] [Server thread/INFO] [minecraft/GameTestRunner]: Running test batch 'guard_archer:0' (1 tests)...
[08:04:40] [Server thread/INFO] [minecraft/GameTestServer]: [++++++++++++++++++++++++++++++++++++++++++           ]
[08:04:40] [Server thread/INFO] [minecraft/GameTestServer]: [++++++++++++++++++++++++++++++++++++++++++           ]
MILITARY_ARCHER_PASS realArrowDamage=true rangedDistance=true
[08:04:40] [Server thread/INFO] [minecraft/GameTestRunner]: Running test batch 'load20:0' (1 tests)...
[08:04:40] [Server thread/INFO] [minecraft/GameTestServer]: [+++++++++++++++++++++++++++++++++++++++++++          ]
[08:04:40] [Server thread/INFO] [minecraft/GameTestServer]: [+++++++++++++++++++++++++++++++++++++++++++          ]
[08:04:40] [Server thread/INFO] [minecraft/GameTestServer]: [+++++++++++++++++++++++++++++++++++++++++++_         ]
[08:04:40] [Server thread/INFO] [minecraft/GameTestServer]: [+++++++++++++++++++++++++++++++++++++++++++_         ]
[08:04:40] [Server thread/INFO] [minecraft/GameTestServer]: [+++++++++++++++++++++++++++++++++++++++++++_         ]
[08:04:40] [Server thread/INFO] [minecraft/GameTestServer]: [+++++++++++++++++++++++++++++++++++++++++++_         ]
[08:04:40] [Server thread/INFO] [minecraft/GameTestServer]: [+++++++++++++++++++++++++++++++++++++++++++_         ]
[08:04:41] [Server thread/INFO] [minecraft/GameTestServer]: [+++++++++++++++++++++++++++++++++++++++++++_         ]
[08:04:41] [Server thread/INFO] [minecraft/GameTestServer]: [+++++++++++++++++++++++++++++++++++++++++++_         ]
[08:04:41] [Server thread/INFO] [minecraft/GameTestServer]: [+++++++++++++++++++++++++++++++++++++++++++_         ]
[08:04:41] [Server thread/INFO] [minecraft/GameTestServer]: [+++++++++++++++++++++++++++++++++++++++++++_         ]
[08:04:41] [Server thread/INFO] [minecraft/GameTestServer]: [+++++++++++++++++++++++++++++++++++++++++++_         ]
[08:04:41] [Server thread/INFO] [minecraft/GameTestServer]: [+++++++++++++++++++++++++++++++++++++++++++_         ]
[08:04:41] [Server thread/INFO] [minecraft/GameTestServer]: [+++++++++++++++++++++++++++++++++++++++++++_         ]
[08:04:41] [Server thread/INFO] [minecraft/GameTestServer]: [+++++++++++++++++++++++++++++++++++++++++++_         ]
[08:04:41] [Server thread/INFO] [minecraft/GameTestServer]: [+++++++++++++++++++++++++++++++++++++++++++_         ]
[08:04:41] [Server thread/INFO] [minecraft/GameTestServer]: [+++++++++++++++++++++++++++++++++++++++++++_         ]
[08:04:41] [Server thread/INFO] [minecraft/GameTestServer]: [+++++++++++++++++++++++++++++++++++++++++++_         ]
[08:04:41] [Server thread/INFO] [minecraft/GameTestServer]: [+++++++++++++++++++++++++++++++++++++++++++_         ]
[08:04:41] [Server thread/INFO] [minecraft/GameTestServer]: [+++++++++++++++++++++++++++++++++++++++++++_         ]
[08:04:41] [Server thread/INFO] [minecraft/GameTestServer]: [+++++++++++++++++++++++++++++++++++++++++++_         ]
[08:04:41] [Server thread/INFO] [minecraft/GameTestServer]: [+++++++++++++++++++++++++++++++++++++++++++_         ]
[08:04:41] [Server thread/INFO] [minecraft/GameTestServer]: [+++++++++++++++++++++++++++++++++++++++++++_         ]
[08:04:41] [Server thread/INFO] [minecraft/GameTestServer]: [+++++++++++++++++++++++++++++++++++++++++++_         ]
[08:04:41] [Server thread/INFO] [minecraft/GameTestServer]: [+++++++++++++++++++++++++++++++++++++++++++_         ]
[08:04:41] [Server thread/INFO] [minecraft/GameTestServer]: [+++++++++++++++++++++++++++++++++++++++++++_         ]
[08:04:41] [Server thread/INFO] [minecraft/GameTestServer]: [+++++++++++++++++++++++++++++++++++++++++++_         ]
[08:04:41] [Server thread/INFO] [minecraft/GameTestServer]: [+++++++++++++++++++++++++++++++++++++++++++_         ]
[08:04:41] [Server thread/INFO] [minecraft/GameTestServer]: [+++++++++++++++++++++++++++++++++++++++++++_         ]
[08:04:41] [Server thread/INFO] [minecraft/GameTestServer]: [+++++++++++++++++++++++++++++++++++++++++++_         ]
[08:04:41] [Server thread/INFO] [minecraft/GameTestServer]: [+++++++++++++++++++++++++++++++++++++++++++_         ]
[08:04:41] [Server thread/INFO] [minecraft/GameTestServer]: [+++++++++++++++++++++++++++++++++++++++++++_         ]
[08:04:41] [Server thread/INFO] [minecraft/GameTestServer]: [+++++++++++++++++++++++++++++++++++++++++++_         ]
[08:04:41] [Server thread/INFO] [minecraft/GameTestServer]: [+++++++++++++++++++++++++++++++++++++++++++_         ]
[08:04:41] [Server thread/INFO] [minecraft/GameTestServer]: [+++++++++++++++++++++++++++++++++++++++++++_         ]
[08:04:41] [Server thread/INFO] [minecraft/GameTestServer]: [+++++++++++++++++++++++++++++++++++++++++++_         ]
[08:04:41] [Server thread/INFO] [minecraft/GameTestServer]: [+++++++++++++++++++++++++++++++++++++++++++_         ]
[08:04:41] [Server thread/INFO] [minecraft/GameTestServer]: [+++++++++++++++++++++++++++++++++++++++++++_         ]
[08:04:41] [Server thread/INFO] [minecraft/GameTestServer]: [+++++++++++++++++++++++++++++++++++++++++++_         ]
[08:04:41] [Server thread/INFO] [minecraft/GameTestServer]: [+++++++++++++++++++++++++++++++++++++++++++_         ]
[08:04:41] [Server thread/INFO] [minecraft/GameTestServer]: [+++++++++++++++++++++++++++++++++++++++++++_         ]
[08:04:41] [Server thread/INFO] [minecraft/GameTestServer]: [+++++++++++++++++++++++++++++++++++++++++++_         ]
[08:04:41] [Server thread/INFO] [minecraft/GameTestServer]: [+++++++++++++++++++++++++++++++++++++++++++_         ]
[08:04:41] [Server thread/INFO] [minecraft/GameTestServer]: [+++++++++++++++++++++++++++++++++++++++++++_         ]
[08:04:41] [Server thread/INFO] [minecraft/GameTestServer]: [+++++++++++++++++++++++++++++++++++++++++++_         ]
[08:04:41] [Server thread/INFO] [minecraft/GameTestServer]: [+++++++++++++++++++++++++++++++++++++++++++_         ]
[08:04:41] [Server thread/INFO] [minecraft/GameTestServer]: [+++++++++++++++++++++++++++++++++++++++++++_         ]
[08:04:41] [Server thread/INFO] [minecraft/GameTestServer]: [+++++++++++++++++++++++++++++++++++++++++++_         ]
[08:04:41] [Server thread/INFO] [minecraft/GameTestServer]: [+++++++++++++++++++++++++++++++++++++++++++_         ]
[08:04:41] [Server thread/INFO] [minecraft/GameTestServer]: [+++++++++++++++++++++++++++++++++++++++++++_         ]
[08:04:41] [Server thread/INFO] [minecraft/GameTestServer]: [+++++++++++++++++++++++++++++++++++++++++++_         ]
[08:04:41] [Server thread/INFO] [minecraft/GameTestServer]: [+++++++++++++++++++++++++++++++++++++++++++_         ]
SETTLEMENT_LOAD_PASS villagers=20 ticks=1000 paths=102 searches=40 actions=65 metric=actualCountersNotMSPT
[08:04:41] [Server thread/INFO] [minecraft/GameTestRunner]: Running test batch 'economic_jobs:0' (1 tests)...
[08:04:41] [Server thread/INFO] [minecraft/GameTestServer]: [++++++++++++++++++++++++++++++++++++++++++++         ]
[08:04:41] [Server thread/INFO] [minecraft/GameTestServer]: [++++++++++++++++++++++++++++++++++++++++++++         ]
[08:04:41] [Server thread/INFO] [minecraft/GameTestServer]: [++++++++++++++++++++++++++++++++++++++++++++_        ]
[08:04:41] [Server thread/INFO] [minecraft/GameTestServer]: [++++++++++++++++++++++++++++++++++++++++++++_        ]
[08:04:41] [Server thread/INFO] [minecraft/GameTestServer]: [++++++++++++++++++++++++++++++++++++++++++++_        ]
VILLAGE_NATIVE_POI_PASS adultJobs=6 distinctOwners=6
[08:04:41] [Server thread/INFO] [minecraft/GameTestRunner]: Running test batch 'bandit_stronghold_aggression:0' (1 tests)...
[08:04:41] [Server thread/INFO] [minecraft/GameTestServer]: [+++++++++++++++++++++++++++++++++++++++++++++        ]
[08:04:41] [Server thread/INFO] [minecraft/GameTestServer]: [+++++++++++++++++++++++++++++++++++++++++++++        ]
[08:04:41] [Server thread/INFO] [minecraft/GameTestServer]: [+++++++++++++++++++++++++++++++++++++++++++++_       ]
[08:04:41] [Server thread/INFO] [minecraft/GameTestServer]: [+++++++++++++++++++++++++++++++++++++++++++++_       ]
MILITARY_STRONGHOLD_RESIDENT_PASS calmZone=true npcTargetNotAlarmBlocked=true realDamage=true
[08:04:41] [Server thread/INFO] [minecraft/GameTestRunner]: Running test batch 'barracks_124:0' (1 tests)...
[08:04:41] [Server thread/INFO] [minecraft/GameTestServer]: [++++++++++++++++++++++++++++++++++++++++++++++       ]
[08:04:42] [Server thread/INFO] [minecraft/GameTestServer]: [++++++++++++++++++++++++++++++++++++++++++++++       ]
[08:04:42] [Server thread/INFO] [minecraft/GameTestServer]: [++++++++++++++++++++++++++++++++++++++++++++++_      ]
MILITARY_BARRACKS_PASS rebuilt=true twoTablesReachable=true supportedPlayerLadder=true supplyChest=true
[08:04:42] [Server thread/INFO] [minecraft/GameTestRunner]: Running test batch 'load40:0' (1 tests)...
[08:04:42] [Server thread/INFO] [minecraft/GameTestServer]: [+++++++++++++++++++++++++++++++++++++++++++++++      ]
[08:04:42] [Server thread/INFO] [minecraft/GameTestServer]: [+++++++++++++++++++++++++++++++++++++++++++++++_     ]
[08:04:42] [Server thread/INFO] [minecraft/GameTestServer]: [+++++++++++++++++++++++++++++++++++++++++++++++_     ]
[08:04:42] [Server thread/INFO] [minecraft/GameTestServer]: [+++++++++++++++++++++++++++++++++++++++++++++++_     ]
[08:04:42] [Server thread/INFO] [minecraft/GameTestServer]: [+++++++++++++++++++++++++++++++++++++++++++++++_     ]
[08:04:42] [Server thread/INFO] [minecraft/GameTestServer]: [+++++++++++++++++++++++++++++++++++++++++++++++_     ]
[08:04:42] [Server thread/INFO] [minecraft/GameTestServer]: [+++++++++++++++++++++++++++++++++++++++++++++++_     ]
[08:04:42] [Server thread/INFO] [minecraft/GameTestServer]: [+++++++++++++++++++++++++++++++++++++++++++++++_     ]
[08:04:42] [Server thread/INFO] [minecraft/GameTestServer]: [+++++++++++++++++++++++++++++++++++++++++++++++_     ]
[08:04:42] [Server thread/INFO] [minecraft/GameTestServer]: [+++++++++++++++++++++++++++++++++++++++++++++++_     ]
[08:04:42] [Server thread/INFO] [minecraft/GameTestServer]: [+++++++++++++++++++++++++++++++++++++++++++++++_     ]
[08:04:42] [Server thread/INFO] [minecraft/GameTestServer]: [+++++++++++++++++++++++++++++++++++++++++++++++_     ]
[08:04:42] [Server thread/INFO] [minecraft/GameTestServer]: [+++++++++++++++++++++++++++++++++++++++++++++++_     ]
[08:04:42] [Server thread/INFO] [minecraft/GameTestServer]: [+++++++++++++++++++++++++++++++++++++++++++++++_     ]
[08:04:42] [Server thread/INFO] [minecraft/GameTestServer]: [+++++++++++++++++++++++++++++++++++++++++++++++_     ]
[08:04:42] [Server thread/INFO] [minecraft/GameTestServer]: [+++++++++++++++++++++++++++++++++++++++++++++++_     ]
[08:04:42] [Server thread/INFO] [minecraft/GameTestServer]: [+++++++++++++++++++++++++++++++++++++++++++++++_     ]
[08:04:42] [Server thread/INFO] [minecraft/GameTestServer]: [+++++++++++++++++++++++++++++++++++++++++++++++_     ]
[08:04:42] [Server thread/INFO] [minecraft/GameTestServer]: [+++++++++++++++++++++++++++++++++++++++++++++++_     ]
[08:04:42] [Server thread/INFO] [minecraft/GameTestServer]: [+++++++++++++++++++++++++++++++++++++++++++++++_     ]
[08:04:42] [Server thread/INFO] [minecraft/GameTestServer]: [+++++++++++++++++++++++++++++++++++++++++++++++_     ]
[08:04:42] [Server thread/INFO] [minecraft/GameTestServer]: [+++++++++++++++++++++++++++++++++++++++++++++++_     ]
[08:04:43] [Server thread/INFO] [minecraft/GameTestServer]: [+++++++++++++++++++++++++++++++++++++++++++++++_     ]
[08:04:43] [Server thread/INFO] [minecraft/GameTestServer]: [+++++++++++++++++++++++++++++++++++++++++++++++_     ]
[08:04:43] [Server thread/INFO] [minecraft/GameTestServer]: [+++++++++++++++++++++++++++++++++++++++++++++++_     ]
[08:04:43] [Server thread/INFO] [minecraft/GameTestServer]: [+++++++++++++++++++++++++++++++++++++++++++++++_     ]
[08:04:43] [Server thread/INFO] [minecraft/GameTestServer]: [+++++++++++++++++++++++++++++++++++++++++++++++_     ]
[08:04:43] [Server thread/INFO] [minecraft/GameTestServer]: [+++++++++++++++++++++++++++++++++++++++++++++++_     ]
[08:04:43] [Server thread/INFO] [minecraft/GameTestServer]: [+++++++++++++++++++++++++++++++++++++++++++++++_     ]
[08:04:43] [Server thread/INFO] [minecraft/GameTestServer]: [+++++++++++++++++++++++++++++++++++++++++++++++_     ]
[08:04:43] [Server thread/INFO] [minecraft/GameTestServer]: [+++++++++++++++++++++++++++++++++++++++++++++++_     ]
[08:04:43] [Server thread/INFO] [minecraft/GameTestServer]: [+++++++++++++++++++++++++++++++++++++++++++++++_     ]
[08:04:43] [Server thread/INFO] [minecraft/GameTestServer]: [+++++++++++++++++++++++++++++++++++++++++++++++_     ]
[08:04:43] [Server thread/INFO] [minecraft/GameTestServer]: [+++++++++++++++++++++++++++++++++++++++++++++++_     ]
[08:04:43] [Server thread/INFO] [minecraft/GameTestServer]: [+++++++++++++++++++++++++++++++++++++++++++++++_     ]
[08:04:43] [Server thread/INFO] [minecraft/GameTestServer]: [+++++++++++++++++++++++++++++++++++++++++++++++_     ]
[08:04:43] [Server thread/INFO] [minecraft/GameTestServer]: [+++++++++++++++++++++++++++++++++++++++++++++++_     ]
[08:04:43] [Server thread/INFO] [minecraft/GameTestServer]: [+++++++++++++++++++++++++++++++++++++++++++++++_     ]
[08:04:43] [Server thread/INFO] [minecraft/GameTestServer]: [+++++++++++++++++++++++++++++++++++++++++++++++_     ]
[08:04:43] [Server thread/INFO] [minecraft/GameTestServer]: [+++++++++++++++++++++++++++++++++++++++++++++++_     ]
[08:04:43] [Server thread/INFO] [minecraft/GameTestServer]: [+++++++++++++++++++++++++++++++++++++++++++++++_     ]
[08:04:43] [Server thread/INFO] [minecraft/GameTestServer]: [+++++++++++++++++++++++++++++++++++++++++++++++_     ]
[08:04:43] [Server thread/INFO] [minecraft/GameTestServer]: [+++++++++++++++++++++++++++++++++++++++++++++++_     ]
[08:04:43] [Server thread/INFO] [minecraft/GameTestServer]: [+++++++++++++++++++++++++++++++++++++++++++++++_     ]
[08:04:43] [Server thread/INFO] [minecraft/GameTestServer]: [+++++++++++++++++++++++++++++++++++++++++++++++_     ]
[08:04:44] [Server thread/INFO] [minecraft/GameTestServer]: [+++++++++++++++++++++++++++++++++++++++++++++++_     ]
[08:04:44] [Server thread/INFO] [minecraft/GameTestServer]: [+++++++++++++++++++++++++++++++++++++++++++++++_     ]
[08:04:44] [Server thread/INFO] [minecraft/GameTestServer]: [+++++++++++++++++++++++++++++++++++++++++++++++_     ]
[08:04:44] [Server thread/INFO] [minecraft/GameTestServer]: [+++++++++++++++++++++++++++++++++++++++++++++++_     ]
[08:04:44] [Server thread/INFO] [minecraft/GameTestServer]: [+++++++++++++++++++++++++++++++++++++++++++++++_     ]
[08:04:44] [Server thread/INFO] [minecraft/GameTestServer]: [+++++++++++++++++++++++++++++++++++++++++++++++_     ]
SETTLEMENT_LOAD_PASS villagers=40 ticks=1000 paths=203 searches=80 actions=129 metric=actualCountersNotMSPT
[08:04:44] [Server thread/INFO] [minecraft/GameTestRunner]: Running test batch 'vanilla_raid_conflict:0' (1 tests)...
[08:04:44] [Server thread/INFO] [minecraft/GameTestServer]: [++++++++++++++++++++++++++++++++++++++++++++++++     ]
[08:04:44] [Server thread/INFO] [minecraft/GameTestServer]: [++++++++++++++++++++++++++++++++++++++++++++++++     ]
[08:04:44] [Server thread/INFO] [minecraft/GameTestServer]: [++++++++++++++++++++++++++++++++++++++++++++++++     ]
MILITARY_VANILLA_RAID_PASS actualVanillaRaid=true banditStartBlocked=true
[08:04:44] [Server thread/INFO] [minecraft/GameTestRunner]: Running test batch 'linen:0' (1 tests)...
[08:04:44] [Server thread/INFO] [minecraft/GameTestServer]: [+++++++++++++++++++++++++++++++++++++++++++++++++    ]
[08:04:44] [Server thread/INFO] [minecraft/GameTestServer]: [+++++++++++++++++++++++++++++++++++++++++++++++++_   ]
[08:04:44] [Server thread/INFO] [minecraft/GameTestServer]: [+++++++++++++++++++++++++++++++++++++++++++++++++_   ]
[08:04:44] [Server thread/INFO] [minecraft/GameTestServer]: [+++++++++++++++++++++++++++++++++++++++++++++++++_   ]
[08:04:44] [Server thread/INFO] [minecraft/GameTestServer]: [+++++++++++++++++++++++++++++++++++++++++++++++++_   ]
[08:04:44] [Server thread/INFO] [minecraft/GameTestServer]: [+++++++++++++++++++++++++++++++++++++++++++++++++_   ]
[08:04:44] [Server thread/INFO] [minecraft/GameTestServer]: [+++++++++++++++++++++++++++++++++++++++++++++++++_   ]
[08:04:44] [Server thread/INFO] [minecraft/GameTestServer]: [+++++++++++++++++++++++++++++++++++++++++++++++++_   ]
[08:04:44] [Server thread/INFO] [minecraft/GameTestServer]: [+++++++++++++++++++++++++++++++++++++++++++++++++_   ]
[08:04:44] [Server thread/INFO] [minecraft/GameTestServer]: [+++++++++++++++++++++++++++++++++++++++++++++++++_   ]
[08:04:44] [Server thread/INFO] [minecraft/GameTestServer]: [+++++++++++++++++++++++++++++++++++++++++++++++++_   ]
[08:04:44] [Server thread/INFO] [minecraft/GameTestServer]: [+++++++++++++++++++++++++++++++++++++++++++++++++_   ]
[08:04:44] [Server thread/INFO] [minecraft/GameTestServer]: [+++++++++++++++++++++++++++++++++++++++++++++++++_   ]
[08:04:44] [Server thread/INFO] [minecraft/GameTestServer]: [+++++++++++++++++++++++++++++++++++++++++++++++++_   ]
[08:04:44] [Server thread/INFO] [minecraft/GameTestServer]: [+++++++++++++++++++++++++++++++++++++++++++++++++_   ]
[08:04:44] [Server thread/INFO] [minecraft/GameTestServer]: [+++++++++++++++++++++++++++++++++++++++++++++++++_   ]
[08:04:44] [Server thread/INFO] [minecraft/GameTestServer]: [+++++++++++++++++++++++++++++++++++++++++++++++++_   ]
[08:04:44] [Server thread/INFO] [minecraft/GameTestServer]: [+++++++++++++++++++++++++++++++++++++++++++++++++_   ]
[08:04:44] [Server thread/INFO] [minecraft/GameTestServer]: [+++++++++++++++++++++++++++++++++++++++++++++++++_   ]
[08:04:44] [Server thread/INFO] [minecraft/GameTestServer]: [+++++++++++++++++++++++++++++++++++++++++++++++++_   ]
[08:04:44] [Server thread/INFO] [minecraft/GameTestServer]: [+++++++++++++++++++++++++++++++++++++++++++++++++_   ]
[08:04:44] [Server thread/INFO] [minecraft/GameTestServer]: [+++++++++++++++++++++++++++++++++++++++++++++++++_   ]
[08:04:44] [Server thread/INFO] [minecraft/GameTestServer]: [+++++++++++++++++++++++++++++++++++++++++++++++++_   ]
[08:04:44] [Server thread/INFO] [minecraft/GameTestServer]: [+++++++++++++++++++++++++++++++++++++++++++++++++_   ]
[08:04:44] [Server thread/INFO] [minecraft/GameTestServer]: [+++++++++++++++++++++++++++++++++++++++++++++++++_   ]
[08:04:44] [Server thread/INFO] [minecraft/GameTestServer]: [+++++++++++++++++++++++++++++++++++++++++++++++++_   ]
[08:04:44] [Server thread/INFO] [minecraft/GameTestServer]: [+++++++++++++++++++++++++++++++++++++++++++++++++_   ]
[08:04:44] [Server thread/INFO] [minecraft/GameTestServer]: [+++++++++++++++++++++++++++++++++++++++++++++++++_   ]
[08:04:44] [Server thread/INFO] [minecraft/GameTestServer]: [+++++++++++++++++++++++++++++++++++++++++++++++++_   ]
[08:04:44] [Server thread/INFO] [minecraft/GameTestServer]: [+++++++++++++++++++++++++++++++++++++++++++++++++_   ]
[08:04:44] [Server thread/INFO] [minecraft/GameTestServer]: [+++++++++++++++++++++++++++++++++++++++++++++++++_   ]
[08:04:44] [Server thread/INFO] [minecraft/GameTestServer]: [+++++++++++++++++++++++++++++++++++++++++++++++++_   ]
[08:04:44] [Server thread/INFO] [minecraft/GameTestServer]: [+++++++++++++++++++++++++++++++++++++++++++++++++_   ]
[08:04:44] [Server thread/INFO] [minecraft/GameTestServer]: [+++++++++++++++++++++++++++++++++++++++++++++++++_   ]
[08:04:44] [Server thread/INFO] [minecraft/GameTestServer]: [+++++++++++++++++++++++++++++++++++++++++++++++++_   ]
[08:04:44] [Server thread/INFO] [minecraft/GameTestServer]: [+++++++++++++++++++++++++++++++++++++++++++++++++_   ]
[08:04:44] [Server thread/INFO] [minecraft/GameTestServer]: [+++++++++++++++++++++++++++++++++++++++++++++++++_   ]
[08:04:44] [Server thread/INFO] [minecraft/GameTestServer]: [+++++++++++++++++++++++++++++++++++++++++++++++++_   ]
[08:04:44] [Server thread/INFO] [minecraft/GameTestServer]: [+++++++++++++++++++++++++++++++++++++++++++++++++_   ]
[08:04:44] [Server thread/INFO] [minecraft/GameTestServer]: [+++++++++++++++++++++++++++++++++++++++++++++++++_   ]
[08:04:44] [Server thread/INFO] [minecraft/GameTestServer]: [+++++++++++++++++++++++++++++++++++++++++++++++++_   ]
[08:04:44] [Server thread/INFO] [minecraft/GameTestServer]: [+++++++++++++++++++++++++++++++++++++++++++++++++_   ]
[08:04:44] [Server thread/INFO] [minecraft/GameTestServer]: [+++++++++++++++++++++++++++++++++++++++++++++++++_   ]
[08:04:44] [Server thread/INFO] [minecraft/GameTestServer]: [+++++++++++++++++++++++++++++++++++++++++++++++++_   ]
[08:04:44] [Server thread/INFO] [minecraft/GameTestServer]: [+++++++++++++++++++++++++++++++++++++++++++++++++_   ]
[08:04:44] [Server thread/INFO] [minecraft/GameTestServer]: [+++++++++++++++++++++++++++++++++++++++++++++++++_   ]
[08:04:44] [Server thread/INFO] [minecraft/GameTestServer]: [+++++++++++++++++++++++++++++++++++++++++++++++++_   ]
[08:04:44] [Server thread/INFO] [minecraft/GameTestServer]: [+++++++++++++++++++++++++++++++++++++++++++++++++_   ]
[08:04:44] [Server thread/INFO] [minecraft/GameTestServer]: [+++++++++++++++++++++++++++++++++++++++++++++++++_   ]
[08:04:44] [Server thread/INFO] [minecraft/GameTestServer]: [+++++++++++++++++++++++++++++++++++++++++++++++++_   ]
[08:04:44] [Server thread/INFO] [minecraft/GameTestServer]: [+++++++++++++++++++++++++++++++++++++++++++++++++_   ]
[08:04:44] [Server thread/INFO] [minecraft/GameTestServer]: [+++++++++++++++++++++++++++++++++++++++++++++++++_   ]
[08:04:44] [Server thread/INFO] [minecraft/GameTestServer]: [+++++++++++++++++++++++++++++++++++++++++++++++++_   ]
[08:04:44] [Server thread/INFO] [minecraft/GameTestServer]: [+++++++++++++++++++++++++++++++++++++++++++++++++_   ]
[08:04:44] [Server thread/INFO] [minecraft/GameTestServer]: [+++++++++++++++++++++++++++++++++++++++++++++++++_   ]
[08:04:44] [Server thread/INFO] [minecraft/GameTestServer]: [+++++++++++++++++++++++++++++++++++++++++++++++++_   ]
[08:04:44] [Server thread/INFO] [minecraft/GameTestServer]: [+++++++++++++++++++++++++++++++++++++++++++++++++_   ]
[08:04:44] [Server thread/INFO] [minecraft/GameTestServer]: [+++++++++++++++++++++++++++++++++++++++++++++++++_   ]
[08:04:44] [Server thread/INFO] [minecraft/GameTestServer]: [+++++++++++++++++++++++++++++++++++++++++++++++++_   ]
[08:04:44] [Server thread/INFO] [minecraft/GameTestServer]: [+++++++++++++++++++++++++++++++++++++++++++++++++_   ]
[08:04:44] [Server thread/INFO] [minecraft/GameTestServer]: [+++++++++++++++++++++++++++++++++++++++++++++++++_   ]
[08:04:44] [Server thread/INFO] [minecraft/GameTestServer]: [+++++++++++++++++++++++++++++++++++++++++++++++++_   ]
[08:04:44] [Server thread/INFO] [minecraft/GameTestServer]: [+++++++++++++++++++++++++++++++++++++++++++++++++_   ]
[08:04:44] [Server thread/INFO] [minecraft/GameTestServer]: [+++++++++++++++++++++++++++++++++++++++++++++++++_   ]
[08:04:44] [Server thread/INFO] [minecraft/GameTestServer]: [+++++++++++++++++++++++++++++++++++++++++++++++++_   ]
[08:04:44] [Server thread/INFO] [minecraft/GameTestServer]: [+++++++++++++++++++++++++++++++++++++++++++++++++_   ]
[08:04:44] [Server thread/INFO] [minecraft/GameTestServer]: [+++++++++++++++++++++++++++++++++++++++++++++++++_   ]
[08:04:44] [Server thread/INFO] [minecraft/GameTestServer]: [+++++++++++++++++++++++++++++++++++++++++++++++++_   ]
[08:04:44] [Server thread/INFO] [minecraft/GameTestServer]: [+++++++++++++++++++++++++++++++++++++++++++++++++_   ]
[08:04:44] [Server thread/INFO] [minecraft/GameTestServer]: [+++++++++++++++++++++++++++++++++++++++++++++++++_   ]
[08:04:44] [Server thread/INFO] [minecraft/GameTestServer]: [+++++++++++++++++++++++++++++++++++++++++++++++++_   ]
[08:04:44] [Server thread/INFO] [minecraft/GameTestServer]: [+++++++++++++++++++++++++++++++++++++++++++++++++_   ]
[08:04:44] [Server thread/INFO] [minecraft/GameTestServer]: [+++++++++++++++++++++++++++++++++++++++++++++++++_   ]
[08:04:44] [Server thread/INFO] [minecraft/GameTestServer]: [+++++++++++++++++++++++++++++++++++++++++++++++++_   ]
[08:04:44] [Server thread/INFO] [minecraft/GameTestServer]: [+++++++++++++++++++++++++++++++++++++++++++++++++_   ]
[08:04:44] [Server thread/INFO] [minecraft/GameTestServer]: [+++++++++++++++++++++++++++++++++++++++++++++++++_   ]
[08:04:44] [Server thread/INFO] [minecraft/GameTestServer]: [+++++++++++++++++++++++++++++++++++++++++++++++++_   ]
[08:04:44] [Server thread/INFO] [minecraft/GameTestServer]: [+++++++++++++++++++++++++++++++++++++++++++++++++_   ]
[08:04:44] [Server thread/INFO] [minecraft/GameTestServer]: [+++++++++++++++++++++++++++++++++++++++++++++++++_   ]
[08:04:44] [Server thread/INFO] [minecraft/GameTestServer]: [+++++++++++++++++++++++++++++++++++++++++++++++++_   ]
[08:04:44] [Server thread/INFO] [minecraft/GameTestServer]: [+++++++++++++++++++++++++++++++++++++++++++++++++_   ]
[08:04:44] [Server thread/INFO] [minecraft/GameTestServer]: [+++++++++++++++++++++++++++++++++++++++++++++++++_   ]
[08:04:44] [Server thread/INFO] [minecraft/GameTestServer]: [+++++++++++++++++++++++++++++++++++++++++++++++++_   ]
[08:04:44] [Server thread/INFO] [minecraft/GameTestServer]: [+++++++++++++++++++++++++++++++++++++++++++++++++_   ]
[08:04:44] [Server thread/INFO] [minecraft/GameTestServer]: [+++++++++++++++++++++++++++++++++++++++++++++++++_   ]
[08:04:44] [Server thread/INFO] [minecraft/GameTestServer]: [+++++++++++++++++++++++++++++++++++++++++++++++++_   ]
[08:04:44] [Server thread/INFO] [minecraft/GameTestServer]: [+++++++++++++++++++++++++++++++++++++++++++++++++_   ]
[08:04:44] [Server thread/INFO] [minecraft/GameTestServer]: [+++++++++++++++++++++++++++++++++++++++++++++++++_   ]
[08:04:44] [Server thread/INFO] [minecraft/GameTestServer]: [+++++++++++++++++++++++++++++++++++++++++++++++++_   ]
[08:04:44] [Server thread/INFO] [minecraft/GameTestServer]: [+++++++++++++++++++++++++++++++++++++++++++++++++_   ]
[08:04:44] [Server thread/INFO] [minecraft/GameTestServer]: [+++++++++++++++++++++++++++++++++++++++++++++++++_   ]
[08:04:44] [Server thread/INFO] [minecraft/GameTestServer]: [+++++++++++++++++++++++++++++++++++++++++++++++++_   ]
[08:04:44] [Server thread/INFO] [minecraft/GameTestServer]: [+++++++++++++++++++++++++++++++++++++++++++++++++_   ]
[08:04:44] [Server thread/INFO] [minecraft/GameTestServer]: [+++++++++++++++++++++++++++++++++++++++++++++++++_   ]
[08:04:44] [Server thread/INFO] [minecraft/GameTestServer]: [+++++++++++++++++++++++++++++++++++++++++++++++++_   ]
[08:04:44] [Server thread/INFO] [minecraft/GameTestServer]: [+++++++++++++++++++++++++++++++++++++++++++++++++_   ]
[08:04:44] [Server thread/INFO] [minecraft/GameTestServer]: [+++++++++++++++++++++++++++++++++++++++++++++++++_   ]
[08:04:44] [Server thread/INFO] [minecraft/GameTestServer]: [+++++++++++++++++++++++++++++++++++++++++++++++++_   ]
[08:04:44] [Server thread/INFO] [minecraft/GameTestServer]: [+++++++++++++++++++++++++++++++++++++++++++++++++_   ]
[08:04:44] [Server thread/INFO] [minecraft/GameTestServer]: [+++++++++++++++++++++++++++++++++++++++++++++++++_   ]
[08:04:44] [Server thread/INFO] [minecraft/GameTestServer]: [+++++++++++++++++++++++++++++++++++++++++++++++++_   ]
[08:04:44] [Server thread/INFO] [minecraft/GameTestServer]: [+++++++++++++++++++++++++++++++++++++++++++++++++_   ]
[08:04:44] [Server thread/INFO] [minecraft/GameTestServer]: [+++++++++++++++++++++++++++++++++++++++++++++++++_   ]
[08:04:44] [Server thread/INFO] [minecraft/GameTestServer]: [+++++++++++++++++++++++++++++++++++++++++++++++++_   ]
[08:04:44] [Server thread/INFO] [minecraft/GameTestServer]: [+++++++++++++++++++++++++++++++++++++++++++++++++_   ]
[08:04:44] [Server thread/INFO] [minecraft/GameTestServer]: [+++++++++++++++++++++++++++++++++++++++++++++++++_   ]
[08:04:44] [Server thread/INFO] [minecraft/GameTestServer]: [+++++++++++++++++++++++++++++++++++++++++++++++++_   ]
[08:04:44] [Server thread/INFO] [minecraft/GameTestServer]: [+++++++++++++++++++++++++++++++++++++++++++++++++_   ]
[08:04:44] [Server thread/INFO] [minecraft/GameTestServer]: [+++++++++++++++++++++++++++++++++++++++++++++++++_   ]
[08:04:44] [Server thread/INFO] [minecraft/GameTestServer]: [+++++++++++++++++++++++++++++++++++++++++++++++++_   ]
[08:04:44] [Server thread/INFO] [minecraft/GameTestServer]: [+++++++++++++++++++++++++++++++++++++++++++++++++_   ]
[08:04:44] [Server thread/INFO] [minecraft/GameTestServer]: [+++++++++++++++++++++++++++++++++++++++++++++++++_   ]
[08:04:44] [Server thread/INFO] [minecraft/GameTestServer]: [+++++++++++++++++++++++++++++++++++++++++++++++++_   ]
[08:04:44] [Server thread/INFO] [minecraft/GameTestServer]: [+++++++++++++++++++++++++++++++++++++++++++++++++_   ]
[08:04:44] [Server thread/INFO] [minecraft/GameTestServer]: [+++++++++++++++++++++++++++++++++++++++++++++++++_   ]
[08:04:44] [Server thread/INFO] [minecraft/GameTestServer]: [+++++++++++++++++++++++++++++++++++++++++++++++++_   ]
[08:04:44] [Server thread/INFO] [minecraft/GameTestServer]: [+++++++++++++++++++++++++++++++++++++++++++++++++_   ]
[08:04:44] [Server thread/INFO] [minecraft/GameTestServer]: [+++++++++++++++++++++++++++++++++++++++++++++++++_   ]
[08:04:44] [Server thread/INFO] [minecraft/GameTestServer]: [+++++++++++++++++++++++++++++++++++++++++++++++++_   ]
[08:04:44] [Server thread/INFO] [minecraft/GameTestServer]: [+++++++++++++++++++++++++++++++++++++++++++++++++_   ]
[08:04:44] [Server thread/INFO] [minecraft/GameTestServer]: [+++++++++++++++++++++++++++++++++++++++++++++++++_   ]
[08:04:44] [Server thread/INFO] [minecraft/GameTestServer]: [+++++++++++++++++++++++++++++++++++++++++++++++++_   ]
[08:04:44] [Server thread/INFO] [minecraft/GameTestServer]: [+++++++++++++++++++++++++++++++++++++++++++++++++_   ]
[08:04:44] [Server thread/INFO] [minecraft/GameTestServer]: [+++++++++++++++++++++++++++++++++++++++++++++++++_   ]
[08:04:44] [Server thread/INFO] [minecraft/GameTestServer]: [+++++++++++++++++++++++++++++++++++++++++++++++++_   ]
[08:04:44] [Server thread/INFO] [minecraft/GameTestServer]: [+++++++++++++++++++++++++++++++++++++++++++++++++_   ]
[08:04:44] [Server thread/INFO] [minecraft/GameTestServer]: [+++++++++++++++++++++++++++++++++++++++++++++++++_   ]
[08:04:44] [Server thread/INFO] [minecraft/GameTestServer]: [+++++++++++++++++++++++++++++++++++++++++++++++++_   ]
[08:04:44] [Server thread/INFO] [minecraft/GameTestServer]: [+++++++++++++++++++++++++++++++++++++++++++++++++_   ]
[08:04:44] [Server thread/INFO] [minecraft/GameTestServer]: [+++++++++++++++++++++++++++++++++++++++++++++++++_   ]
[08:04:44] [Server thread/INFO] [minecraft/GameTestServer]: [+++++++++++++++++++++++++++++++++++++++++++++++++_   ]
[08:04:44] [Server thread/INFO] [minecraft/GameTestServer]: [+++++++++++++++++++++++++++++++++++++++++++++++++_   ]
[08:04:44] [Server thread/INFO] [minecraft/GameTestServer]: [+++++++++++++++++++++++++++++++++++++++++++++++++_   ]
[08:04:44] [Server thread/INFO] [minecraft/GameTestServer]: [+++++++++++++++++++++++++++++++++++++++++++++++++_   ]
[08:04:44] [Server thread/INFO] [minecraft/GameTestServer]: [+++++++++++++++++++++++++++++++++++++++++++++++++_   ]
[08:04:44] [Server thread/INFO] [minecraft/GameTestServer]: [+++++++++++++++++++++++++++++++++++++++++++++++++_   ]
[08:04:44] [Server thread/INFO] [minecraft/GameTestServer]: [+++++++++++++++++++++++++++++++++++++++++++++++++_   ]
[08:04:44] [Server thread/INFO] [minecraft/GameTestServer]: [+++++++++++++++++++++++++++++++++++++++++++++++++_   ]
[08:04:44] [Server thread/INFO] [minecraft/GameTestServer]: [+++++++++++++++++++++++++++++++++++++++++++++++++_   ]
[08:04:44] [Server thread/INFO] [minecraft/GameTestServer]: [+++++++++++++++++++++++++++++++++++++++++++++++++_   ]
[08:04:44] [Server thread/INFO] [minecraft/GameTestServer]: [+++++++++++++++++++++++++++++++++++++++++++++++++_   ]
[08:04:44] [Server thread/INFO] [minecraft/GameTestServer]: [+++++++++++++++++++++++++++++++++++++++++++++++++_   ]
[08:04:44] [Server thread/INFO] [minecraft/GameTestServer]: [+++++++++++++++++++++++++++++++++++++++++++++++++_   ]
[08:04:44] [Server thread/INFO] [minecraft/GameTestServer]: [+++++++++++++++++++++++++++++++++++++++++++++++++_   ]
[08:04:44] [Server thread/INFO] [minecraft/GameTestServer]: [+++++++++++++++++++++++++++++++++++++++++++++++++_   ]
[08:04:44] [Server thread/INFO] [minecraft/GameTestServer]: [+++++++++++++++++++++++++++++++++++++++++++++++++_   ]
[08:04:44] [Server thread/INFO] [minecraft/GameTestServer]: [+++++++++++++++++++++++++++++++++++++++++++++++++_   ]
[08:04:44] [Server thread/INFO] [minecraft/GameTestServer]: [+++++++++++++++++++++++++++++++++++++++++++++++++_   ]
[08:04:44] [Server thread/INFO] [minecraft/GameTestServer]: [+++++++++++++++++++++++++++++++++++++++++++++++++_   ]
[08:04:44] [Server thread/INFO] [minecraft/GameTestServer]: [+++++++++++++++++++++++++++++++++++++++++++++++++_   ]
[08:04:44] [Server thread/INFO] [minecraft/GameTestServer]: [+++++++++++++++++++++++++++++++++++++++++++++++++_   ]
[08:04:44] [Server thread/INFO] [minecraft/GameTestServer]: [+++++++++++++++++++++++++++++++++++++++++++++++++_   ]
[08:04:44] [Server thread/INFO] [minecraft/GameTestServer]: [+++++++++++++++++++++++++++++++++++++++++++++++++_   ]
[08:04:44] [Server thread/INFO] [minecraft/GameTestServer]: [+++++++++++++++++++++++++++++++++++++++++++++++++_   ]
[08:04:44] [Server thread/INFO] [minecraft/GameTestServer]: [+++++++++++++++++++++++++++++++++++++++++++++++++_   ]
[08:04:44] [Server thread/INFO] [minecraft/GameTestServer]: [+++++++++++++++++++++++++++++++++++++++++++++++++_   ]
[08:04:44] [Server thread/INFO] [minecraft/GameTestServer]: [+++++++++++++++++++++++++++++++++++++++++++++++++_   ]
[08:04:44] [Server thread/INFO] [minecraft/GameTestServer]: [+++++++++++++++++++++++++++++++++++++++++++++++++_   ]
[08:04:44] [Server thread/INFO] [minecraft/GameTestServer]: [+++++++++++++++++++++++++++++++++++++++++++++++++_   ]
[08:04:44] [Server thread/INFO] [minecraft/GameTestServer]: [+++++++++++++++++++++++++++++++++++++++++++++++++_   ]
[08:04:44] [Server thread/INFO] [minecraft/GameTestServer]: [+++++++++++++++++++++++++++++++++++++++++++++++++_   ]
[08:04:44] [Server thread/INFO] [minecraft/GameTestServer]: [+++++++++++++++++++++++++++++++++++++++++++++++++_   ]
[08:04:44] [Server thread/INFO] [minecraft/GameTestServer]: [+++++++++++++++++++++++++++++++++++++++++++++++++_   ]
[08:04:44] [Server thread/INFO] [minecraft/GameTestServer]: [+++++++++++++++++++++++++++++++++++++++++++++++++_   ]
[08:04:44] [Server thread/INFO] [minecraft/GameTestServer]: [+++++++++++++++++++++++++++++++++++++++++++++++++_   ]
[08:04:44] [Server thread/INFO] [minecraft/GameTestServer]: [+++++++++++++++++++++++++++++++++++++++++++++++++_   ]
[08:04:44] [Server thread/INFO] [minecraft/GameTestServer]: [+++++++++++++++++++++++++++++++++++++++++++++++++_   ]
[08:04:44] [Server thread/INFO] [minecraft/GameTestServer]: [+++++++++++++++++++++++++++++++++++++++++++++++++_   ]
[08:04:44] [Server thread/INFO] [minecraft/GameTestServer]: [+++++++++++++++++++++++++++++++++++++++++++++++++_   ]
[08:04:44] [Server thread/INFO] [minecraft/GameTestServer]: [+++++++++++++++++++++++++++++++++++++++++++++++++_   ]
[08:04:44] [Server thread/INFO] [minecraft/GameTestServer]: [+++++++++++++++++++++++++++++++++++++++++++++++++_   ]
[08:04:44] [Server thread/INFO] [minecraft/GameTestServer]: [+++++++++++++++++++++++++++++++++++++++++++++++++_   ]
[08:04:44] [Server thread/INFO] [minecraft/GameTestServer]: [+++++++++++++++++++++++++++++++++++++++++++++++++_   ]
[08:04:44] [Server thread/INFO] [minecraft/GameTestServer]: [+++++++++++++++++++++++++++++++++++++++++++++++++_   ]
[08:04:44] [Server thread/INFO] [minecraft/GameTestServer]: [+++++++++++++++++++++++++++++++++++++++++++++++++_   ]
[08:04:44] [Server thread/INFO] [minecraft/GameTestServer]: [+++++++++++++++++++++++++++++++++++++++++++++++++_   ]
[08:04:44] [Server thread/INFO] [minecraft/GameTestServer]: [+++++++++++++++++++++++++++++++++++++++++++++++++_   ]
[08:04:44] [Server thread/INFO] [minecraft/GameTestServer]: [+++++++++++++++++++++++++++++++++++++++++++++++++_   ]
[08:04:44] [Server thread/INFO] [minecraft/GameTestServer]: [+++++++++++++++++++++++++++++++++++++++++++++++++_   ]
[08:04:44] [Server thread/INFO] [minecraft/GameTestServer]: [+++++++++++++++++++++++++++++++++++++++++++++++++_   ]
[08:04:44] [Server thread/INFO] [minecraft/GameTestServer]: [+++++++++++++++++++++++++++++++++++++++++++++++++_   ]
[08:04:44] [Server thread/INFO] [minecraft/GameTestServer]: [+++++++++++++++++++++++++++++++++++++++++++++++++_   ]
[08:04:44] [Server thread/INFO] [minecraft/GameTestServer]: [+++++++++++++++++++++++++++++++++++++++++++++++++_   ]
[08:04:44] [Server thread/INFO] [minecraft/GameTestServer]: [+++++++++++++++++++++++++++++++++++++++++++++++++_   ]
[08:04:44] [Server thread/INFO] [minecraft/GameTestServer]: [+++++++++++++++++++++++++++++++++++++++++++++++++_   ]
[08:04:44] [Server thread/INFO] [minecraft/GameTestServer]: [+++++++++++++++++++++++++++++++++++++++++++++++++_   ]
[08:04:44] [Server thread/INFO] [minecraft/GameTestServer]: [+++++++++++++++++++++++++++++++++++++++++++++++++_   ]
[08:04:44] [Server thread/INFO] [minecraft/GameTestServer]: [+++++++++++++++++++++++++++++++++++++++++++++++++_   ]
[08:04:44] [Server thread/INFO] [minecraft/GameTestServer]: [+++++++++++++++++++++++++++++++++++++++++++++++++_   ]
[08:04:44] [Server thread/INFO] [minecraft/GameTestServer]: [+++++++++++++++++++++++++++++++++++++++++++++++++_   ]
[08:04:44] [Server thread/INFO] [minecraft/GameTestServer]: [+++++++++++++++++++++++++++++++++++++++++++++++++_   ]
[08:04:44] [Server thread/INFO] [minecraft/GameTestServer]: [+++++++++++++++++++++++++++++++++++++++++++++++++_   ]
[08:04:44] [Server thread/INFO] [minecraft/GameTestServer]: [+++++++++++++++++++++++++++++++++++++++++++++++++_   ]
[08:04:44] [Server thread/INFO] [minecraft/GameTestServer]: [+++++++++++++++++++++++++++++++++++++++++++++++++_   ]
[08:04:44] [Server thread/INFO] [minecraft/GameTestServer]: [+++++++++++++++++++++++++++++++++++++++++++++++++_   ]
[08:04:44] [Server thread/INFO] [minecraft/GameTestServer]: [+++++++++++++++++++++++++++++++++++++++++++++++++_   ]
[08:04:44] [Server thread/INFO] [minecraft/GameTestServer]: [+++++++++++++++++++++++++++++++++++++++++++++++++_   ]
[08:04:44] [Server thread/INFO] [minecraft/GameTestServer]: [+++++++++++++++++++++++++++++++++++++++++++++++++_   ]
[08:04:44] [Server thread/INFO] [minecraft/GameTestServer]: [+++++++++++++++++++++++++++++++++++++++++++++++++_   ]
[08:04:44] [Server thread/INFO] [minecraft/GameTestServer]: [+++++++++++++++++++++++++++++++++++++++++++++++++_   ]
[08:04:44] [Server thread/INFO] [minecraft/GameTestServer]: [+++++++++++++++++++++++++++++++++++++++++++++++++_   ]
[08:04:44] [Server thread/INFO] [minecraft/GameTestServer]: [+++++++++++++++++++++++++++++++++++++++++++++++++_   ]
[08:04:44] [Server thread/INFO] [minecraft/GameTestServer]: [+++++++++++++++++++++++++++++++++++++++++++++++++_   ]
[08:04:44] [Server thread/INFO] [minecraft/GameTestServer]: [+++++++++++++++++++++++++++++++++++++++++++++++++_   ]
[08:04:44] [Server thread/INFO] [minecraft/GameTestServer]: [+++++++++++++++++++++++++++++++++++++++++++++++++_   ]
[08:04:44] [Server thread/INFO] [minecraft/GameTestServer]: [+++++++++++++++++++++++++++++++++++++++++++++++++_   ]
[08:04:44] [Server thread/INFO] [minecraft/GameTestServer]: [+++++++++++++++++++++++++++++++++++++++++++++++++_   ]
[08:04:44] [Server thread/INFO] [minecraft/GameTestServer]: [+++++++++++++++++++++++++++++++++++++++++++++++++_   ]
[08:04:44] [Server thread/INFO] [minecraft/GameTestServer]: [+++++++++++++++++++++++++++++++++++++++++++++++++_   ]
[08:04:44] [Server thread/INFO] [minecraft/GameTestServer]: [+++++++++++++++++++++++++++++++++++++++++++++++++_   ]
[08:04:44] [Server thread/INFO] [minecraft/GameTestServer]: [+++++++++++++++++++++++++++++++++++++++++++++++++_   ]
[08:04:44] [Server thread/INFO] [minecraft/GameTestServer]: [+++++++++++++++++++++++++++++++++++++++++++++++++_   ]
[08:04:44] [Server thread/INFO] [minecraft/GameTestServer]: [+++++++++++++++++++++++++++++++++++++++++++++++++_   ]
[08:04:44] [Server thread/INFO] [minecraft/GameTestServer]: [+++++++++++++++++++++++++++++++++++++++++++++++++_   ]
[08:04:44] [Server thread/INFO] [minecraft/GameTestServer]: [+++++++++++++++++++++++++++++++++++++++++++++++++_   ]
[08:04:44] [Server thread/INFO] [minecraft/GameTestServer]: [+++++++++++++++++++++++++++++++++++++++++++++++++_   ]
[08:04:44] [Server thread/INFO] [minecraft/GameTestServer]: [+++++++++++++++++++++++++++++++++++++++++++++++++_   ]
[08:04:44] [Server thread/INFO] [minecraft/GameTestServer]: [+++++++++++++++++++++++++++++++++++++++++++++++++_   ]
[08:04:44] [Server thread/INFO] [minecraft/GameTestServer]: [+++++++++++++++++++++++++++++++++++++++++++++++++_   ]
[08:04:44] [Server thread/INFO] [minecraft/GameTestServer]: [+++++++++++++++++++++++++++++++++++++++++++++++++_   ]
[08:04:44] [Server thread/INFO] [minecraft/GameTestServer]: [+++++++++++++++++++++++++++++++++++++++++++++++++_   ]
[08:04:44] [Server thread/INFO] [minecraft/GameTestServer]: [+++++++++++++++++++++++++++++++++++++++++++++++++_   ]
[08:04:44] [Server thread/INFO] [minecraft/GameTestServer]: [+++++++++++++++++++++++++++++++++++++++++++++++++_   ]
[08:04:44] [Server thread/INFO] [minecraft/GameTestServer]: [+++++++++++++++++++++++++++++++++++++++++++++++++_   ]
[08:04:44] [Server thread/INFO] [minecraft/GameTestServer]: [+++++++++++++++++++++++++++++++++++++++++++++++++_   ]
[08:04:45] [Server thread/INFO] [minecraft/GameTestServer]: [+++++++++++++++++++++++++++++++++++++++++++++++++_   ]
[08:04:45] [Server thread/INFO] [minecraft/GameTestServer]: [+++++++++++++++++++++++++++++++++++++++++++++++++_   ]
[08:04:45] [Server thread/INFO] [minecraft/GameTestServer]: [+++++++++++++++++++++++++++++++++++++++++++++++++_   ]
[08:04:45] [Server thread/INFO] [minecraft/GameTestServer]: [+++++++++++++++++++++++++++++++++++++++++++++++++_   ]
[08:04:45] [Server thread/INFO] [minecraft/GameTestServer]: [+++++++++++++++++++++++++++++++++++++++++++++++++_   ]
[08:04:45] [Server thread/INFO] [minecraft/GameTestServer]: [+++++++++++++++++++++++++++++++++++++++++++++++++_   ]
[08:04:45] [Server thread/INFO] [minecraft/GameTestServer]: [+++++++++++++++++++++++++++++++++++++++++++++++++_   ]
[08:04:45] [Server thread/INFO] [minecraft/GameTestServer]: [+++++++++++++++++++++++++++++++++++++++++++++++++_   ]
[08:04:45] [Server thread/INFO] [minecraft/GameTestServer]: [+++++++++++++++++++++++++++++++++++++++++++++++++_   ]
[08:04:45] [Server thread/INFO] [minecraft/GameTestServer]: [+++++++++++++++++++++++++++++++++++++++++++++++++_   ]
[08:04:45] [Server thread/INFO] [minecraft/GameTestServer]: [+++++++++++++++++++++++++++++++++++++++++++++++++_   ]
[08:04:45] [Server thread/INFO] [minecraft/GameTestServer]: [+++++++++++++++++++++++++++++++++++++++++++++++++_   ]
[08:04:45] [Server thread/INFO] [minecraft/GameTestServer]: [+++++++++++++++++++++++++++++++++++++++++++++++++_   ]
[08:04:45] [Server thread/INFO] [minecraft/GameTestServer]: [+++++++++++++++++++++++++++++++++++++++++++++++++_   ]
[08:04:45] [Server thread/INFO] [minecraft/GameTestServer]: [+++++++++++++++++++++++++++++++++++++++++++++++++_   ]
[08:04:45] [Server thread/INFO] [minecraft/GameTestServer]: [+++++++++++++++++++++++++++++++++++++++++++++++++_   ]
[08:04:45] [Server thread/INFO] [minecraft/GameTestServer]: [+++++++++++++++++++++++++++++++++++++++++++++++++_   ]
[08:04:45] [Server thread/INFO] [minecraft/GameTestServer]: [+++++++++++++++++++++++++++++++++++++++++++++++++_   ]
[08:04:45] [Server thread/INFO] [minecraft/GameTestServer]: [+++++++++++++++++++++++++++++++++++++++++++++++++_   ]
[08:04:45] [Server thread/INFO] [minecraft/GameTestServer]: [+++++++++++++++++++++++++++++++++++++++++++++++++_   ]
[08:04:45] [Server thread/INFO] [minecraft/GameTestServer]: [+++++++++++++++++++++++++++++++++++++++++++++++++_   ]
[08:04:45] [Server thread/INFO] [minecraft/GameTestServer]: [+++++++++++++++++++++++++++++++++++++++++++++++++_   ]
[08:04:45] [Server thread/INFO] [minecraft/GameTestServer]: [+++++++++++++++++++++++++++++++++++++++++++++++++_   ]
[08:04:45] [Server thread/INFO] [minecraft/GameTestServer]: [+++++++++++++++++++++++++++++++++++++++++++++++++_   ]
[08:04:45] [Server thread/INFO] [minecraft/GameTestServer]: [+++++++++++++++++++++++++++++++++++++++++++++++++_   ]
[08:04:45] [Server thread/INFO] [minecraft/GameTestServer]: [+++++++++++++++++++++++++++++++++++++++++++++++++_   ]
[08:04:45] [Server thread/INFO] [minecraft/GameTestServer]: [+++++++++++++++++++++++++++++++++++++++++++++++++_   ]
[08:04:45] [Server thread/INFO] [minecraft/GameTestServer]: [+++++++++++++++++++++++++++++++++++++++++++++++++_   ]
[08:04:45] [Server thread/INFO] [minecraft/GameTestServer]: [+++++++++++++++++++++++++++++++++++++++++++++++++_   ]
[08:04:45] [Server thread/INFO] [minecraft/GameTestServer]: [+++++++++++++++++++++++++++++++++++++++++++++++++_   ]
[08:04:45] [Server thread/INFO] [minecraft/GameTestServer]: [+++++++++++++++++++++++++++++++++++++++++++++++++_   ]
[08:04:45] [Server thread/INFO] [minecraft/GameTestServer]: [+++++++++++++++++++++++++++++++++++++++++++++++++_   ]
[08:04:45] [Server thread/INFO] [minecraft/GameTestServer]: [+++++++++++++++++++++++++++++++++++++++++++++++++_   ]
[08:04:45] [Server thread/INFO] [minecraft/GameTestServer]: [+++++++++++++++++++++++++++++++++++++++++++++++++_   ]
[08:04:45] [Server thread/INFO] [minecraft/GameTestServer]: [+++++++++++++++++++++++++++++++++++++++++++++++++_   ]
[08:04:45] [Server thread/INFO] [minecraft/GameTestServer]: [+++++++++++++++++++++++++++++++++++++++++++++++++_   ]
[08:04:45] [Server thread/INFO] [minecraft/GameTestServer]: [+++++++++++++++++++++++++++++++++++++++++++++++++_   ]
[08:04:45] [Server thread/INFO] [minecraft/GameTestServer]: [+++++++++++++++++++++++++++++++++++++++++++++++++_   ]
[08:04:45] [Server thread/INFO] [minecraft/GameTestServer]: [+++++++++++++++++++++++++++++++++++++++++++++++++_   ]
[08:04:45] [Server thread/INFO] [minecraft/GameTestServer]: [+++++++++++++++++++++++++++++++++++++++++++++++++_   ]
[08:04:45] [Server thread/INFO] [minecraft/GameTestServer]: [+++++++++++++++++++++++++++++++++++++++++++++++++_   ]
[08:04:45] [Server thread/INFO] [minecraft/GameTestServer]: [+++++++++++++++++++++++++++++++++++++++++++++++++_   ]
[08:04:45] [Server thread/INFO] [minecraft/GameTestServer]: [+++++++++++++++++++++++++++++++++++++++++++++++++_   ]
[08:04:45] [Server thread/INFO] [minecraft/GameTestServer]: [+++++++++++++++++++++++++++++++++++++++++++++++++_   ]
[08:04:45] [Server thread/INFO] [minecraft/GameTestServer]: [+++++++++++++++++++++++++++++++++++++++++++++++++_   ]
[08:04:45] [Server thread/INFO] [minecraft/GameTestServer]: [+++++++++++++++++++++++++++++++++++++++++++++++++_   ]
[08:04:45] [Server thread/INFO] [minecraft/GameTestServer]: [+++++++++++++++++++++++++++++++++++++++++++++++++_   ]
[08:04:45] [Server thread/INFO] [minecraft/GameTestServer]: [+++++++++++++++++++++++++++++++++++++++++++++++++_   ]
[08:04:45] [Server thread/INFO] [minecraft/GameTestServer]: [+++++++++++++++++++++++++++++++++++++++++++++++++_   ]
[08:04:45] [Server thread/INFO] [minecraft/GameTestServer]: [+++++++++++++++++++++++++++++++++++++++++++++++++_   ]
[08:04:45] [Server thread/INFO] [minecraft/GameTestServer]: [+++++++++++++++++++++++++++++++++++++++++++++++++_   ]
[08:04:45] [Server thread/INFO] [minecraft/GameTestServer]: [+++++++++++++++++++++++++++++++++++++++++++++++++_   ]
[08:04:45] [Server thread/INFO] [minecraft/GameTestServer]: [+++++++++++++++++++++++++++++++++++++++++++++++++_   ]
[08:04:45] [Server thread/INFO] [minecraft/GameTestServer]: [+++++++++++++++++++++++++++++++++++++++++++++++++_   ]
[08:04:45] [Server thread/INFO] [minecraft/GameTestServer]: [+++++++++++++++++++++++++++++++++++++++++++++++++_   ]
[08:04:45] [Server thread/INFO] [minecraft/GameTestServer]: [+++++++++++++++++++++++++++++++++++++++++++++++++_   ]
[08:04:45] [Server thread/INFO] [minecraft/GameTestServer]: [+++++++++++++++++++++++++++++++++++++++++++++++++_   ]
[08:04:45] [Server thread/INFO] [minecraft/GameTestServer]: [+++++++++++++++++++++++++++++++++++++++++++++++++_   ]
[08:04:45] [Server thread/INFO] [minecraft/GameTestServer]: [+++++++++++++++++++++++++++++++++++++++++++++++++_   ]
[08:04:45] [Server thread/INFO] [minecraft/GameTestServer]: [+++++++++++++++++++++++++++++++++++++++++++++++++_   ]
[08:04:45] [Server thread/INFO] [minecraft/GameTestServer]: [+++++++++++++++++++++++++++++++++++++++++++++++++_   ]
[08:04:45] [Server thread/INFO] [minecraft/GameTestServer]: [+++++++++++++++++++++++++++++++++++++++++++++++++_   ]
[08:04:45] [Server thread/INFO] [minecraft/GameTestServer]: [+++++++++++++++++++++++++++++++++++++++++++++++++_   ]
[08:04:45] [Server thread/INFO] [minecraft/GameTestServer]: [+++++++++++++++++++++++++++++++++++++++++++++++++_   ]
[08:04:45] [Server thread/INFO] [minecraft/GameTestServer]: [+++++++++++++++++++++++++++++++++++++++++++++++++_   ]
[08:04:45] [Server thread/INFO] [minecraft/GameTestServer]: [+++++++++++++++++++++++++++++++++++++++++++++++++_   ]
LINEN_DIAGNOSTIC pos=(-9564662.950869335, -58.0, 1.0568797175000012E7) inventory=[1 slavicmyths:linen_cloth, 0 minecraft:air, 0 minecraft:air, 0 minecraft:air, 0 minecraft:air, 0 minecraft:air, 0 minecraft:air, 0 minecraft:air] task=WORKSTATION failure=COLLECTED pending=1 slavicmyths:linen_cloth
[08:04:45] [Server thread/INFO] [minecraft/GameTestServer]: [+++++++++++++++++++++++++++++++++++++++++++++++++_   ]
[08:04:45] [Server thread/INFO] [minecraft/GameTestServer]: [+++++++++++++++++++++++++++++++++++++++++++++++++_   ]
[08:04:45] [Server thread/INFO] [minecraft/GameTestServer]: [+++++++++++++++++++++++++++++++++++++++++++++++++_   ]
[08:04:45] [Server thread/INFO] [minecraft/GameTestServer]: [+++++++++++++++++++++++++++++++++++++++++++++++++_   ]
[08:04:45] [Server thread/INFO] [minecraft/GameTestServer]: [+++++++++++++++++++++++++++++++++++++++++++++++++_   ]
[08:04:45] [Server thread/INFO] [minecraft/GameTestServer]: [+++++++++++++++++++++++++++++++++++++++++++++++++_   ]
[08:04:45] [Server thread/INFO] [minecraft/GameTestServer]: [+++++++++++++++++++++++++++++++++++++++++++++++++_   ]
[08:04:45] [Server thread/INFO] [minecraft/GameTestServer]: [+++++++++++++++++++++++++++++++++++++++++++++++++_   ]
[08:04:45] [Server thread/INFO] [minecraft/GameTestServer]: [+++++++++++++++++++++++++++++++++++++++++++++++++_   ]
[08:04:45] [Server thread/INFO] [minecraft/GameTestServer]: [+++++++++++++++++++++++++++++++++++++++++++++++++_   ]
[08:04:45] [Server thread/INFO] [minecraft/GameTestServer]: [+++++++++++++++++++++++++++++++++++++++++++++++++_   ]
[08:04:45] [Server thread/INFO] [minecraft/GameTestServer]: [+++++++++++++++++++++++++++++++++++++++++++++++++_   ]
[08:04:45] [Server thread/INFO] [minecraft/GameTestServer]: [+++++++++++++++++++++++++++++++++++++++++++++++++_   ]
[08:04:45] [Server thread/INFO] [minecraft/GameTestServer]: [+++++++++++++++++++++++++++++++++++++++++++++++++_   ]
[08:04:45] [Server thread/INFO] [minecraft/GameTestServer]: [+++++++++++++++++++++++++++++++++++++++++++++++++_   ]
[08:04:45] [Server thread/INFO] [minecraft/GameTestServer]: [+++++++++++++++++++++++++++++++++++++++++++++++++_   ]
[08:04:45] [Server thread/INFO] [minecraft/GameTestServer]: [+++++++++++++++++++++++++++++++++++++++++++++++++_   ]
[08:04:45] [Server thread/INFO] [minecraft/GameTestServer]: [+++++++++++++++++++++++++++++++++++++++++++++++++_   ]
[08:04:45] [Server thread/INFO] [minecraft/GameTestServer]: [+++++++++++++++++++++++++++++++++++++++++++++++++_   ]
[08:04:45] [Server thread/INFO] [minecraft/GameTestServer]: [+++++++++++++++++++++++++++++++++++++++++++++++++_   ]
[08:04:45] [Server thread/INFO] [minecraft/GameTestServer]: [+++++++++++++++++++++++++++++++++++++++++++++++++_   ]
[08:04:45] [Server thread/INFO] [minecraft/GameTestServer]: [+++++++++++++++++++++++++++++++++++++++++++++++++_   ]
[08:04:45] [Server thread/INFO] [minecraft/GameTestServer]: [+++++++++++++++++++++++++++++++++++++++++++++++++_   ]
[08:04:45] [Server thread/INFO] [minecraft/GameTestServer]: [+++++++++++++++++++++++++++++++++++++++++++++++++_   ]
[08:04:45] [Server thread/INFO] [minecraft/GameTestServer]: [+++++++++++++++++++++++++++++++++++++++++++++++++_   ]
[08:04:45] [Server thread/INFO] [minecraft/GameTestServer]: [+++++++++++++++++++++++++++++++++++++++++++++++++_   ]
[08:04:45] [Server thread/INFO] [minecraft/GameTestServer]: [+++++++++++++++++++++++++++++++++++++++++++++++++_   ]
[08:04:45] [Server thread/INFO] [minecraft/GameTestServer]: [+++++++++++++++++++++++++++++++++++++++++++++++++_   ]
[08:04:45] [Server thread/INFO] [minecraft/GameTestServer]: [+++++++++++++++++++++++++++++++++++++++++++++++++_   ]
[08:04:45] [Server thread/INFO] [minecraft/GameTestServer]: [+++++++++++++++++++++++++++++++++++++++++++++++++_   ]
[08:04:45] [Server thread/INFO] [minecraft/GameTestServer]: [+++++++++++++++++++++++++++++++++++++++++++++++++_   ]
SETTLEMENT_LINEN_CHAIN_PASS actualNPC=true stalks=8 breaker=true wheel=true loom=true physicalClothDeposit=1
[08:04:45] [Server thread/INFO] [minecraft/GameTestRunner]: Running test batch 'guard_reassign:0' (1 tests)...
[08:04:45] [Server thread/INFO] [minecraft/GameTestServer]: [++++++++++++++++++++++++++++++++++++++++++++++++++   ]
[08:04:45] [Server thread/INFO] [minecraft/GameTestServer]: [++++++++++++++++++++++++++++++++++++++++++++++++++_  ]
[08:04:45] [Server thread/INFO] [minecraft/GameTestServer]: [++++++++++++++++++++++++++++++++++++++++++++++++++_  ]
[08:04:45] [Server thread/INFO] [minecraft/GameTestServer]: [++++++++++++++++++++++++++++++++++++++++++++++++++_  ]
[08:04:45] [Server thread/INFO] [minecraft/GameTestServer]: [++++++++++++++++++++++++++++++++++++++++++++++++++_  ]
[08:04:45] [Server thread/INFO] [minecraft/GameTestServer]: [++++++++++++++++++++++++++++++++++++++++++++++++++_  ]
[08:04:45] [Server thread/INFO] [minecraft/GameTestServer]: [++++++++++++++++++++++++++++++++++++++++++++++++++_  ]
MILITARY_REASSIGN_PASS nativeNewPoi=true sameRole=true stableArchetype=true
[08:04:45] [Server thread/INFO] [minecraft/GameTestRunner]: Running test batch 'grief:0' (1 tests)...
[08:04:45] [Server thread/INFO] [minecraft/GameTestServer]: [+++++++++++++++++++++++++++++++++++++++++++++++++++  ]
[08:04:45] [Server thread/INFO] [minecraft/GameTestServer]: [+++++++++++++++++++++++++++++++++++++++++++++++++++  ]
[08:04:45] [Server thread/INFO] [minecraft/GameTestServer]: [+++++++++++++++++++++++++++++++++++++++++++++++++++_ ]
[08:04:45] [Server thread/INFO] [minecraft/GameTestServer]: [+++++++++++++++++++++++++++++++++++++++++++++++++++_ ]
[08:04:45] [Server thread/INFO] [minecraft/GameTestServer]: [+++++++++++++++++++++++++++++++++++++++++++++++++++_ ]
[08:04:45] [Server thread/INFO] [minecraft/GameTestServer]: [+++++++++++++++++++++++++++++++++++++++++++++++++++_ ]
[08:04:45] [Server thread/INFO] [minecraft/GameTestServer]: [+++++++++++++++++++++++++++++++++++++++++++++++++++_ ]
[08:04:45] [Server thread/INFO] [minecraft/GameTestServer]: [+++++++++++++++++++++++++++++++++++++++++++++++++++_ ]
[08:04:45] [Server thread/INFO] [minecraft/GameTestServer]: [+++++++++++++++++++++++++++++++++++++++++++++++++++_ ]
[08:04:45] [Server thread/INFO] [minecraft/GameTestServer]: [+++++++++++++++++++++++++++++++++++++++++++++++++++_ ]
[08:04:45] [Server thread/INFO] [minecraft/GameTestServer]: [+++++++++++++++++++++++++++++++++++++++++++++++++++_ ]
[08:04:45] [Server thread/INFO] [minecraft/GameTestServer]: [+++++++++++++++++++++++++++++++++++++++++++++++++++_ ]
[08:04:45] [Server thread/INFO] [minecraft/GameTestServer]: [+++++++++++++++++++++++++++++++++++++++++++++++++++_ ]
[08:04:45] [Server thread/INFO] [minecraft/GameTestServer]: [+++++++++++++++++++++++++++++++++++++++++++++++++++_ ]
[08:04:45] [Server thread/INFO] [minecraft/GameTestServer]: [+++++++++++++++++++++++++++++++++++++++++++++++++++_ ]
[08:04:45] [Server thread/INFO] [minecraft/GameTestServer]: [+++++++++++++++++++++++++++++++++++++++++++++++++++_ ]
[08:04:45] [Server thread/INFO] [minecraft/GameTestServer]: [+++++++++++++++++++++++++++++++++++++++++++++++++++_ ]
[08:04:45] [Server thread/INFO] [minecraft/GameTestServer]: [+++++++++++++++++++++++++++++++++++++++++++++++++++_ ]
[08:04:45] [Server thread/INFO] [minecraft/GameTestServer]: [+++++++++++++++++++++++++++++++++++++++++++++++++++_ ]
[08:04:45] [Server thread/INFO] [minecraft/GameTestServer]: [+++++++++++++++++++++++++++++++++++++++++++++++++++_ ]
[08:04:45] [Server thread/INFO] [minecraft/GameTestServer]: [+++++++++++++++++++++++++++++++++++++++++++++++++++_ ]
[08:04:45] [Server thread/INFO] [minecraft/GameTestServer]: [+++++++++++++++++++++++++++++++++++++++++++++++++++_ ]
[08:04:45] [Server thread/INFO] [minecraft/GameTestServer]: [+++++++++++++++++++++++++++++++++++++++++++++++++++_ ]
[08:04:45] [Server thread/INFO] [minecraft/GameTestServer]: [+++++++++++++++++++++++++++++++++++++++++++++++++++_ ]
[08:04:45] [Server thread/INFO] [minecraft/GameTestServer]: [+++++++++++++++++++++++++++++++++++++++++++++++++++_ ]
[08:04:45] [Server thread/INFO] [minecraft/GameTestServer]: [+++++++++++++++++++++++++++++++++++++++++++++++++++_ ]
[08:04:45] [Server thread/INFO] [minecraft/GameTestServer]: [+++++++++++++++++++++++++++++++++++++++++++++++++++_ ]
[08:04:45] [Server thread/INFO] [minecraft/GameTestServer]: [+++++++++++++++++++++++++++++++++++++++++++++++++++_ ]
[08:04:45] [Server thread/INFO] [minecraft/GameTestServer]: [+++++++++++++++++++++++++++++++++++++++++++++++++++_ ]
[08:04:45] [Server thread/INFO] [minecraft/GameTestServer]: [+++++++++++++++++++++++++++++++++++++++++++++++++++_ ]
[08:04:45] [Server thread/INFO] [minecraft/GameTestServer]: [+++++++++++++++++++++++++++++++++++++++++++++++++++_ ]
[08:04:45] [Server thread/INFO] [minecraft/GameTestServer]: [+++++++++++++++++++++++++++++++++++++++++++++++++++_ ]
SETTLEMENT_GRIEF_PASS matureCropRetained=true noHarvest=true
[08:04:45] [Server thread/INFO] [minecraft/GameTestRunner]: Running test batch 'raid:0' (1 tests)...
[08:04:45] [Server thread/INFO] [minecraft/GameTestServer]: [++++++++++++++++++++++++++++++++++++++++++++++++++++ ]
[08:04:45] [Server thread/INFO] [minecraft/GameTestServer]: [++++++++++++++++++++++++++++++++++++++++++++++++++++_]
[08:04:45] [Server thread/INFO] [minecraft/GameTestServer]: [++++++++++++++++++++++++++++++++++++++++++++++++++++_]
[08:04:45] [Server thread/INFO] [minecraft/GameTestServer]: [++++++++++++++++++++++++++++++++++++++++++++++++++++_]
[08:04:45] [Server thread/INFO] [minecraft/GameTestServer]: [++++++++++++++++++++++++++++++++++++++++++++++++++++_]
[08:04:45] [Server thread/INFO] [minecraft/GameTestServer]: [++++++++++++++++++++++++++++++++++++++++++++++++++++_]
[08:04:45] [Server thread/INFO] [minecraft/GameTestServer]: [++++++++++++++++++++++++++++++++++++++++++++++++++++_]
[08:04:45] [Server thread/INFO] [minecraft/GameTestServer]: [++++++++++++++++++++++++++++++++++++++++++++++++++++_]
MILITARY_RAID_PASS actualSpawnOutside=true smallParty=true duplicateStartBlocked=true realDeathEvents=true victory=true cooldown=true
[08:04:45] [Server thread/INFO] [minecraft/GameTestServer]: [+++++++++++++++++++++++++++++++++++++++++++++++++++++]
[08:04:45] [Server thread/INFO] [minecraft/GameTestServer]: [+++++++++++++++++++++++++++++++++++++++++++++++++++++]
[08:04:45] [Server thread/INFO] [minecraft/GameTestServer]: ========= 53 GAME TESTS COMPLETE IN 13.16 s ======================
[08:04:45] [Server thread/INFO] [minecraft/GameTestServer]: All 53 required tests passed :)
[08:04:45] [Server thread/INFO] [minecraft/GameTestServer]: ====================================================
[08:04:45] [Server thread/INFO] [minecraft/MinecraftServer]: Stopping server
[08:04:45] [Server thread/INFO] [minecraft/MinecraftServer]: Saving players
[08:04:45] [Server thread/INFO] [minecraft/MinecraftServer]: Saving worlds
[08:04:45] [Server thread/INFO] [minecraft/MinecraftServer]: Saving chunks for level 'ServerLevel[Test Level]'/minecraft:overworld
[08:04:46] [Server thread/INFO] [minecraft/MinecraftServer]: Saving chunks for level 'ServerLevel[Test Level]'/minecraft:the_end
[08:04:46] [Server thread/INFO] [minecraft/MinecraftServer]: Saving chunks for level 'ServerLevel[Test Level]'/minecraft:the_nether
[08:04:46] [Server thread/INFO] [minecraft/MinecraftServer]: ThreadedAnvilChunkStorage (world): All chunks are saved
[08:04:46] [Server thread/INFO] [minecraft/MinecraftServer]: ThreadedAnvilChunkStorage (DIM1): All chunks are saved
[08:04:46] [Server thread/INFO] [minecraft/MinecraftServer]: ThreadedAnvilChunkStorage (DIM-1): All chunks are saved
[08:04:46] [Server thread/INFO] [minecraft/MinecraftServer]: ThreadedAnvilChunkStorage: All dimensions are saved
[08:04:46] [Server thread/INFO] [minecraft/GameTestServer]: Game test server shutting down

BUILD SUCCESSFUL in 32s
9 actionable tasks: 2 executed, 7 up-to-date
Consider enabling configuration cache to speed up this build: https://docs.gradle.org/9.2.1/userguide/configuration_cache_enabling.html
