To honour the JVM settings for this build a single-use Daemon process will be forked. For more on this, please refer to https://docs.gradle.org/9.2.1/userguide/gradle_daemon.html#sec:disabling_the_daemon in the Gradle documentation.
Daemon will be stopped at the end of the build 
> Task :createMinecraftArtifacts UP-TO-DATE

> Task :compileJava
Note: D:\slavic-myths\src\main\java\org\slavicmyths\worldgen\ManualStructureJobs.java uses or overrides a deprecated API.
Note: Recompile with -Xlint:deprecation for details.

> Task :processResources UP-TO-DATE
> Task :classes
> Task :compileKurganCheckJava
> Task :processKurganCheckResources UP-TO-DATE
> Task :kurganCheckClasses
> Task :downloadAssets UP-TO-DATE
> Task :writeRuntimeChecksLegacyClasspath UP-TO-DATE
> Task :prepareRuntimeChecksRun UP-TO-DATE

> Task :runRuntimeChecks
WARN StatusConsoleListener Advanced terminal features are not available in this environment
[10:57:07] [main/INFO] [cp.mo.mo.Launcher/MODLAUNCHER]: ModLauncher running: args [--launchTarget, forgeserverdev, --gameDir, ., --fml.fmlVersion, 4.0.45, --fml.mcVersion, 1.21.1, --fml.neoForgeVersion, 21.1.255, --fml.neoFormVersion, 20240808.144430]
[10:57:07] [main/INFO] [cp.mo.mo.Launcher/MODLAUNCHER]: JVM identified as Oracle Corporation Java HotSpot(TM) 64-Bit Server VM 21.0.12+7-LTS-205
[10:57:07] [main/INFO] [cp.mo.mo.Launcher/MODLAUNCHER]: ModLauncher 11.0.5+main.901c6ea8 starting: java version 21.0.12 by Oracle Corporation; OS Windows 10 arch amd64 version 10.0
[10:57:07] [main/INFO] [ne.ne.fm.lo.ImmediateWindowHandler/]: ImmediateWindowProvider not loading because launch target is forgeserverdev
[10:57:07] [main/INFO] [mixin/]: SpongePowered MIXIN Subsystem Version=0.8.7 Source=union:/C:/Users/pavel/.gradle/caches/modules-2/files-2.1/net.fabricmc/sponge-mixin/0.16.4+mixin.0.8.7/26d01f0567ab46e9ca0d2ed89d0ecc11aadbd433/sponge-mixin-0.16.4+mixin.0.8.7.jar%2394!/ Service=ModLauncher Env=SERVER
[10:57:07] [main/INFO] [ne.ne.fm.lo.mo.lo.JarInJarDependencyLocator/]: Found 2 dependencies adding them to mods collection
[10:57:07] [main/INFO] [ne.ne.fm.lo.mo.ModDiscoverer/]: 
     Mod List:
		Name Version (Mod Id)

		Curios API 9.5.1+1.21.1 (curios)
		Minecraft 1.21.1 (minecraft)
		NeoForge 21.1.255 (neoforge)
		Slavic Myths 0.9.9-dev (slavicmyths)
[10:57:08] [main/INFO] [mixin/]: Compatibility level set to JAVA_21
[10:57:08] [main/INFO] [cp.mo.mo.LaunchServiceHandler/MODLAUNCHER]: Launching target 'forgeserverdev' with arguments [--gameDir, .]
[10:57:08] [main/WARN] [mixin/]: Reference map 'curios.refmap.json' for curios.neoforge.mixins.json could not be read. If this is a development environment you can ignore this message
[10:57:08] [main/WARN] [mixin/]: Reference map 'curios.refmap.json' for curios.mixins.json could not be read. If this is a development environment you can ignore this message
[10:57:09] [main/WARN] [os.dr.wi.pe.PerfmonDisabled/]: Invalid registry value type detected for PerfOS counters. Should be REG_DWORD. Ignoring: HKEY_LOCAL_MACHINE\SYSTEM\CurrentControlSet\Services\PerfOS\Performance\Disable Performance Counters.
[10:57:09] [main/INFO] [MixinExtras|Service/]: Initializing MixinExtras via com.llamalad7.mixinextras.service.MixinExtrasServiceImpl(version=0.5.5).
[10:57:14] [main/WARN] [minecraft/Commands]: Ambiguity between arguments [teleport, location] and [teleport, destination] with inputs: [0.1 -0.5 .9, 0 0 0]
[10:57:14] [main/WARN] [minecraft/Commands]: Ambiguity between arguments [teleport, location] and [teleport, targets] with inputs: [0.1 -0.5 .9, 0 0 0]
[10:57:14] [main/WARN] [minecraft/Commands]: Ambiguity between arguments [teleport, destination] and [teleport, targets] with inputs: [Player, 0123, @e, dd12be42-52a9-4a91-a8a1-11c01849e498]
[10:57:14] [main/WARN] [minecraft/Commands]: Ambiguity between arguments [teleport, targets] and [teleport, destination] with inputs: [Player, 0123, dd12be42-52a9-4a91-a8a1-11c01849e498]
[10:57:14] [main/WARN] [minecraft/Commands]: Ambiguity between arguments [teleport, targets, location] and [teleport, targets, destination] with inputs: [0.1 -0.5 .9, 0 0 0]
[10:57:15] [modloading-worker-0/INFO] [ne.ne.ne.co.NeoForgeMod/NEOFORGE-MOD]: NeoForge mod loading, version 21.1.255, for MC 1.21.1
[10:57:16] [main/INFO] [mojang/YggdrasilAuthenticationService]: Environment: Environment[sessionHost=https://sessionserver.mojang.com, servicesHost=https://api.minecraftservices.com, name=PROD]
[10:57:16] [main/WARN] [minecraft/VanillaPackResourcesBuilder]: Assets URL 'union:/D:/slavic-myths/build/moddev/artifacts/neoforge-21.1.255.jar%23125!/assets/.mcassetsroot' uses unexpected schema
[10:57:16] [main/WARN] [minecraft/VanillaPackResourcesBuilder]: Assets URL 'union:/D:/slavic-myths/build/moddev/artifacts/neoforge-21.1.255.jar%23125!/data/.mcassetsroot' uses unexpected schema
[10:57:16] [main/INFO] [ne.ne.ne.ga.GameTestHooks/]: Enabled Gametest Namespaces: [slavicmyths_sequential_placement]
[10:57:17] [main/INFO] [minecraft/RecipeManager]: Loaded 1564 recipes
[10:57:17] [main/INFO] [minecraft/AdvancementTree]: Loaded 1554 advancements
[10:57:17] [main/INFO] [Curios API/]: Loaded 10 curio slots
[10:57:17] [main/INFO] [Curios API/]: Loaded 1 curio entities
[10:57:18] [Server thread/INFO] [minecraft/MinecraftServer]: Preparing start region for dimension minecraft:overworld
[10:57:18] [worldgen/INFO] [minecraft/LoggerChunkProgressListener]: Preparing spawn area: 2%
[10:57:18] [Server thread/INFO] [minecraft/LoggerChunkProgressListener]: Time elapsed: 133 ms
[10:57:18] [Server thread/INFO] [minecraft/GameTestServer]: Started game test server
[10:57:18] [Server thread/INFO] [ne.ne.ne.se.pe.PermissionAPI/]: Successfully initialized permission handler neoforge:default_handler
[10:57:18] [Server thread/INFO] [minecraft/GameTestServer]: 1 tests are now running at position -13263315, -59, 12753415!
[10:57:18] [Server thread/INFO] [minecraft/GameTestRunner]: Running test batch 'defaultBatch:0' (1 tests)...
[10:57:18] [Server thread/INFO] [minecraft/GameTestServer]: [ ]
[10:57:18] [Server thread/INFO] [minecraft/GameTestServer]: [ ]
[10:57:19] [Server thread/INFO] [minecraft/MinecraftServer]: Подготавливается территория: kurgan / 0. Задание 96da51c6-88e9-48ff-bec0-3612c7a2ad5e
[10:57:19] [Server thread/INFO] [minecraft/GameTestServer]: [_]
[10:57:19] [Server thread/INFO] [minecraft/GameTestServer]: [_]
[10:57:19] [Server thread/INFO] [minecraft/GameTestServer]: [_]
[10:57:19] [Server thread/INFO] [minecraft/GameTestServer]: [_]
[10:57:19] [Server thread/INFO] [minecraft/GameTestServer]: [_]
[10:57:19] [Server thread/INFO] [minecraft/MinecraftServer]: Загрузка территории: 43%, изменено блоков: 0
[10:57:19] [Server thread/INFO] [minecraft/GameTestServer]: [_]
[10:57:19] [Server thread/INFO] [minecraft/GameTestServer]: [_]
[10:57:19] [Server thread/INFO] [minecraft/GameTestServer]: [_]
[10:57:20] [Server thread/INFO] [minecraft/GameTestServer]: [_]
[10:57:20] [Server thread/INFO] [minecraft/GameTestServer]: [_]
[10:57:20] [Server thread/INFO] [minecraft/MinecraftServer]: Загрузка территории: 96%, изменено блоков: 0
[10:57:20] [Server thread/INFO] [minecraft/GameTestServer]: [_]
[10:57:20] [Server thread/INFO] [minecraft/GameTestServer]: [_]
[10:57:20] [Server thread/INFO] [minecraft/GameTestServer]: [_]
[10:57:20] [Server thread/INFO] [minecraft/GameTestServer]: [_]
[10:57:20] [Server thread/INFO] [minecraft/GameTestServer]: [_]
[10:57:20] [Server thread/INFO] [minecraft/MinecraftServer]: Загрузка территории: 63%, изменено блоков: 0
[10:57:20] [Server thread/INFO] [minecraft/GameTestServer]: [_]
[10:57:20] [Server thread/INFO] [minecraft/GameTestServer]: [_]
[10:57:20] [Server thread/INFO] [minecraft/GameTestServer]: [_]
[10:57:20] [Server thread/INFO] [minecraft/GameTestServer]: [_]
[10:57:21] [Server thread/INFO] [minecraft/GameTestServer]: [_]
[10:57:21] [Server thread/INFO] [minecraft/MinecraftServer]: Загрузка территории: 90%, изменено блоков: 0
[10:57:21] [Server thread/INFO] [minecraft/GameTestServer]: [_]
[10:57:21] [Server thread/INFO] [minecraft/MinecraftServer]: Чанки загружены. Подготовка окончательного положения на Y=-49
[10:57:21] [Server thread/INFO] [minecraft/GameTestServer]: [_]
[10:57:21] [Server thread/INFO] [minecraft/GameTestServer]: [_]
[10:57:21] [Server thread/INFO] [minecraft/GameTestServer]: [_]
[10:57:21] [Server thread/INFO] [minecraft/GameTestServer]: [_]
[10:57:21] [Server thread/INFO] [minecraft/MinecraftServer]: Планирование грунта: 64%, изменено блоков: 0
[10:57:21] [Server thread/INFO] [minecraft/GameTestServer]: [_]
[10:57:21] [Server thread/INFO] [minecraft/GameTestServer]: [_]
[10:57:21] [Server thread/INFO] [minecraft/GameTestServer]: [_]
[10:57:21] [Server thread/INFO] [minecraft/GameTestServer]: [_]
[10:57:22] [Server thread/INFO] [minecraft/GameTestServer]: [_]
[10:57:22] [Server thread/INFO] [minecraft/MinecraftServer]: Подготовка грунта: 23%, изменено блоков: 14480
[10:57:22] [Server thread/INFO] [minecraft/GameTestServer]: [_]
[10:57:22] [Server thread/INFO] [minecraft/GameTestServer]: [_]
[10:57:22] [Server thread/INFO] [minecraft/GameTestServer]: [_]
[10:57:22] [Server thread/INFO] [minecraft/GameTestServer]: [_]
[10:57:22] [Server thread/INFO] [minecraft/GameTestServer]: [_]
[10:57:22] [Server thread/INFO] [minecraft/MinecraftServer]: Территория подготовлена. Размещается структура...
[10:57:22] [Server thread/INFO] [minecraft/MinecraftServer]: Размещение структуры: 1%, изменено блоков: 114624
[10:57:22] [Server thread/INFO] [minecraft/GameTestServer]: [_]
[10:57:22] [Server thread/INFO] [minecraft/GameTestServer]: [_]
[10:57:23] [Server thread/INFO] [minecraft/GameTestServer]: [_]
[10:57:23] [Server thread/INFO] [minecraft/GameTestServer]: [_]
[10:57:23] [Server thread/INFO] [minecraft/GameTestServer]: [_]
[10:57:23] [Server thread/INFO] [minecraft/MinecraftServer]: Размещение структуры: 40%, изменено блоков: 114624
[10:57:23] [Server thread/INFO] [minecraft/GameTestServer]: [_]
[10:57:23] [Server thread/INFO] [minecraft/GameTestServer]: [_]
[10:57:23] [Server thread/INFO] [minecraft/GameTestServer]: [_]
[10:57:23] [Server thread/INFO] [minecraft/GameTestServer]: [_]
[10:57:23] [Server thread/INFO] [minecraft/GameTestServer]: [_]
[10:57:23] [Server thread/INFO] [minecraft/MinecraftServer]: Размещение структуры: 80%, изменено блоков: 114624
[10:57:23] [Server thread/INFO] [minecraft/GameTestServer]: [_]
[10:57:24] [Server thread/INFO] [minecraft/GameTestServer]: [_]
[10:57:24] [Server thread/INFO] [minecraft/MinecraftServer]: Структура создана: -13255123, -48, 12761481
MANUAL_SEQUENTIAL_COMMAND_PASS slavicmyths generate kurgan small 0 dx=0 dz=0 entrance=BlockPos{x=-13255123, y=-48, z=12761481} ticks=950 peakJobMs=111.5233
[10:57:24] [Server thread/INFO] [minecraft/MinecraftServer]: Подготавливается территория: kurgan / 1. Задание 298e7458-6898-4cfb-bce8-0dac06838ef7
[10:57:24] [Server thread/INFO] [minecraft/GameTestServer]: [_]
[10:57:24] [Server thread/INFO] [minecraft/GameTestServer]: [_]
[10:57:24] [Server thread/INFO] [minecraft/GameTestServer]: [_]
[10:57:24] [Server thread/INFO] [minecraft/GameTestServer]: [_]
[10:57:24] [Server thread/INFO] [minecraft/GameTestServer]: [_]
[10:57:24] [Server thread/INFO] [minecraft/MinecraftServer]: Загрузка территории: 21%, изменено блоков: 0
[10:57:24] [Server thread/INFO] [minecraft/GameTestServer]: [_]
[10:57:25] [Server thread/INFO] [minecraft/GameTestServer]: [_]
[10:57:25] [Server thread/INFO] [minecraft/GameTestServer]: [_]
[10:57:25] [Server thread/INFO] [minecraft/GameTestServer]: [_]
[10:57:25] [Server thread/INFO] [minecraft/GameTestServer]: [_]
[10:57:25] [Server thread/INFO] [minecraft/MinecraftServer]: Загрузка территории: 42%, изменено блоков: 0
[10:57:25] [Server thread/INFO] [minecraft/GameTestServer]: [_]
[10:57:25] [Server thread/INFO] [minecraft/GameTestServer]: [_]
[10:57:25] [Server thread/INFO] [minecraft/GameTestServer]: [_]
[10:57:25] [Server thread/INFO] [minecraft/GameTestServer]: [_]
[10:57:25] [Server thread/INFO] [minecraft/GameTestServer]: [_]
[10:57:25] [Server thread/INFO] [minecraft/MinecraftServer]: Загрузка территории: 62%, изменено блоков: 0
[10:57:25] [Server thread/INFO] [minecraft/GameTestServer]: [_]
[10:57:25] [Server thread/INFO] [minecraft/GameTestServer]: [_]
[10:57:25] [Server thread/INFO] [minecraft/GameTestServer]: [_]
[10:57:25] [Server thread/INFO] [minecraft/GameTestServer]: [_]
[10:57:26] [Server thread/INFO] [minecraft/GameTestServer]: [_]
[10:57:26] [Server thread/INFO] [minecraft/MinecraftServer]: Загрузка территории: 83%, изменено блоков: 0
[10:57:26] [Server thread/INFO] [minecraft/GameTestServer]: [_]
[10:57:26] [Server thread/INFO] [minecraft/GameTestServer]: [_]
[10:57:26] [Server thread/INFO] [minecraft/GameTestServer]: [_]
[10:57:26] [Server thread/INFO] [minecraft/GameTestServer]: [_]
[10:57:26] [Server thread/INFO] [minecraft/MinecraftServer]: Проверяется другая площадка: 1 / 16
[10:57:26] [Server thread/INFO] [minecraft/GameTestServer]: [_]
[10:57:26] [Server thread/INFO] [minecraft/MinecraftServer]: Загрузка территории: 5%, изменено блоков: 0
[10:57:26] [Server thread/INFO] [minecraft/GameTestServer]: [_]
[10:57:26] [Server thread/INFO] [minecraft/GameTestServer]: [_]
[10:57:26] [Server thread/INFO] [minecraft/GameTestServer]: [_]
[10:57:26] [Server thread/INFO] [minecraft/GameTestServer]: [_]
[10:57:26] [Server thread/INFO] [minecraft/GameTestServer]: [_]
[10:57:26] [Server thread/INFO] [minecraft/MinecraftServer]: Загрузка территории: 25%, изменено блоков: 0
[10:57:26] [Server thread/INFO] [minecraft/GameTestServer]: [_]
[10:57:27] [Server thread/INFO] [minecraft/GameTestServer]: [_]
[10:57:27] [Server thread/INFO] [minecraft/GameTestServer]: [_]
[10:57:27] [Server thread/INFO] [minecraft/GameTestServer]: [_]
[10:57:27] [Server thread/INFO] [minecraft/GameTestServer]: [_]
[10:57:27] [Server thread/INFO] [minecraft/MinecraftServer]: Загрузка территории: 47%, изменено блоков: 0
[10:57:27] [Server thread/INFO] [minecraft/GameTestServer]: [_]
[10:57:27] [Server thread/INFO] [minecraft/GameTestServer]: [_]
[10:57:27] [Server thread/INFO] [minecraft/GameTestServer]: [_]
[10:57:27] [Server thread/INFO] [minecraft/GameTestServer]: [_]
[10:57:27] [Server thread/INFO] [minecraft/GameTestServer]: [_]
[10:57:27] [Server thread/INFO] [minecraft/MinecraftServer]: Загрузка территории: 70%, изменено блоков: 0
[10:57:27] [Server thread/INFO] [minecraft/GameTestServer]: [_]
[10:57:27] [Server thread/INFO] [minecraft/GameTestServer]: [_]
[10:57:27] [Server thread/INFO] [minecraft/GameTestServer]: [_]
[10:57:27] [Server thread/INFO] [minecraft/GameTestServer]: [_]
[10:57:27] [Server thread/INFO] [minecraft/GameTestServer]: [_]
[10:57:28] [Server thread/INFO] [minecraft/MinecraftServer]: Загрузка территории: 91%, изменено блоков: 0
[10:57:28] [Server thread/INFO] [minecraft/GameTestServer]: [_]
[10:57:28] [Server thread/INFO] [minecraft/GameTestServer]: [_]
[10:57:28] [Server thread/INFO] [minecraft/MinecraftServer]: Проверяется другая площадка: 2 / 16
[10:57:28] [Server thread/INFO] [minecraft/GameTestServer]: [_]
[10:57:28] [Server thread/INFO] [minecraft/GameTestServer]: [_]
[10:57:28] [Server thread/INFO] [minecraft/GameTestServer]: [_]
[10:57:28] [Server thread/INFO] [minecraft/MinecraftServer]: Загрузка территории: 12%, изменено блоков: 0
[10:57:28] [Server thread/INFO] [minecraft/GameTestServer]: [_]
[10:57:28] [Server thread/INFO] [minecraft/GameTestServer]: [_]
[10:57:28] [Server thread/INFO] [minecraft/GameTestServer]: [_]
[10:57:28] [Server thread/INFO] [minecraft/GameTestServer]: [_]
[10:57:28] [Server thread/INFO] [minecraft/GameTestServer]: [_]
[10:57:28] [Server thread/INFO] [minecraft/MinecraftServer]: Загрузка территории: 35%, изменено блоков: 0
[10:57:28] [Server thread/INFO] [minecraft/GameTestServer]: [_]
[10:57:29] [Server thread/INFO] [minecraft/GameTestServer]: [_]
[10:57:29] [Server thread/INFO] [minecraft/GameTestServer]: [_]
[10:57:29] [Server thread/INFO] [minecraft/GameTestServer]: [_]
[10:57:29] [Server thread/INFO] [minecraft/GameTestServer]: [_]
[10:57:29] [Server thread/INFO] [minecraft/MinecraftServer]: Загрузка территории: 60%, изменено блоков: 0
[10:57:29] [Server thread/INFO] [minecraft/GameTestServer]: [_]
[10:57:29] [Server thread/INFO] [minecraft/GameTestServer]: [_]
[10:57:29] [Server thread/INFO] [minecraft/GameTestServer]: [_]
[10:57:29] [Server thread/INFO] [minecraft/GameTestServer]: [_]
[10:57:29] [Server thread/INFO] [minecraft/GameTestServer]: [_]
[10:57:29] [Server thread/INFO] [minecraft/MinecraftServer]: Загрузка территории: 83%, изменено блоков: 0
[10:57:29] [Server thread/INFO] [minecraft/GameTestServer]: [_]
[10:57:29] [Server thread/INFO] [minecraft/GameTestServer]: [_]
[10:57:29] [Server thread/INFO] [minecraft/GameTestServer]: [_]
[10:57:29] [Server thread/INFO] [minecraft/GameTestServer]: [_]
[10:57:29] [Server thread/INFO] [minecraft/MinecraftServer]: Проверяется другая площадка: 3 / 16
[10:57:30] [Server thread/INFO] [minecraft/GameTestServer]: [_]
[10:57:30] [Server thread/INFO] [minecraft/MinecraftServer]: Загрузка территории: 6%, изменено блоков: 0
[10:57:30] [Server thread/INFO] [minecraft/GameTestServer]: [_]
[10:57:30] [Server thread/INFO] [minecraft/GameTestServer]: [_]
[10:57:30] [Server thread/INFO] [minecraft/GameTestServer]: [_]
[10:57:30] [Server thread/INFO] [minecraft/GameTestServer]: [_]
[10:57:30] [Server thread/INFO] [minecraft/GameTestServer]: [_]
[10:57:30] [Server thread/INFO] [minecraft/MinecraftServer]: Загрузка территории: 27%, изменено блоков: 0
[10:57:30] [Server thread/INFO] [minecraft/GameTestServer]: [_]
[10:57:30] [Server thread/INFO] [minecraft/GameTestServer]: [_]
[10:57:30] [Server thread/INFO] [minecraft/GameTestServer]: [_]
[10:57:30] [Server thread/INFO] [minecraft/GameTestServer]: [_]
[10:57:30] [Server thread/INFO] [minecraft/GameTestServer]: [_]
[10:57:30] [Server thread/INFO] [minecraft/MinecraftServer]: Загрузка территории: 51%, изменено блоков: 0
[10:57:30] [Server thread/INFO] [minecraft/GameTestServer]: [_]
[10:57:30] [Server thread/INFO] [minecraft/GameTestServer]: [_]
[10:57:30] [Server thread/INFO] [minecraft/GameTestServer]: [_]
[10:57:31] [Server thread/INFO] [minecraft/GameTestServer]: [_]
[10:57:31] [Server thread/INFO] [minecraft/GameTestServer]: [_]
[10:57:31] [Server thread/INFO] [minecraft/MinecraftServer]: Загрузка территории: 73%, изменено блоков: 0
[10:57:31] [Server thread/INFO] [minecraft/GameTestServer]: [_]
[10:57:31] [Server thread/INFO] [minecraft/GameTestServer]: [_]
[10:57:31] [Server thread/INFO] [minecraft/GameTestServer]: [_]
[10:57:31] [Server thread/INFO] [minecraft/GameTestServer]: [_]
[10:57:31] [Server thread/INFO] [minecraft/GameTestServer]: [_]
[10:57:31] [Server thread/INFO] [minecraft/MinecraftServer]: Загрузка территории: 95%, изменено блоков: 0
[10:57:31] [Server thread/INFO] [minecraft/GameTestServer]: [_]
[10:57:31] [Server thread/INFO] [minecraft/MinecraftServer]: Проверяется другая площадка: 4 / 16
[10:57:31] [Server thread/INFO] [minecraft/GameTestServer]: [_]
[10:57:31] [Server thread/INFO] [minecraft/GameTestServer]: [_]
[10:57:31] [Server thread/INFO] [minecraft/GameTestServer]: [_]
[10:57:31] [Server thread/INFO] [minecraft/GameTestServer]: [_]
[10:57:31] [Server thread/INFO] [minecraft/MinecraftServer]: Загрузка территории: 17%, изменено блоков: 0
[10:57:31] [Server thread/INFO] [minecraft/GameTestServer]: [_]
[10:57:32] [Server thread/INFO] [minecraft/GameTestServer]: [_]
[10:57:32] [Server thread/INFO] [minecraft/GameTestServer]: [_]
[10:57:32] [Server thread/INFO] [minecraft/GameTestServer]: [_]
[10:57:32] [Server thread/INFO] [minecraft/GameTestServer]: [_]
[10:57:32] [Server thread/INFO] [minecraft/MinecraftServer]: Загрузка территории: 40%, изменено блоков: 0
[10:57:32] [Server thread/INFO] [minecraft/GameTestServer]: [_]
[10:57:32] [Server thread/INFO] [minecraft/GameTestServer]: [_]
[10:57:32] [Server thread/INFO] [minecraft/GameTestServer]: [_]
[10:57:32] [Server thread/INFO] [minecraft/GameTestServer]: [_]
[10:57:32] [Server thread/INFO] [minecraft/GameTestServer]: [_]
[10:57:32] [Server thread/INFO] [minecraft/MinecraftServer]: Загрузка территории: 63%, изменено блоков: 0
[10:57:32] [Server thread/INFO] [minecraft/GameTestServer]: [_]
[10:57:32] [Server thread/INFO] [minecraft/GameTestServer]: [_]
[10:57:32] [Server thread/INFO] [minecraft/GameTestServer]: [_]
[10:57:32] [Server thread/INFO] [minecraft/GameTestServer]: [_]
[10:57:32] [Server thread/INFO] [minecraft/GameTestServer]: [_]
[10:57:33] [Server thread/INFO] [minecraft/MinecraftServer]: Загрузка территории: 87%, изменено блоков: 0
[10:57:33] [Server thread/INFO] [minecraft/GameTestServer]: [_]
[10:57:33] [Server thread/INFO] [minecraft/GameTestServer]: [_]
[10:57:33] [Server thread/INFO] [minecraft/GameTestServer]: [_]
[10:57:33] [Server thread/INFO] [minecraft/MinecraftServer]: Проверяется другая площадка: 5 / 16
[10:57:33] [Server thread/INFO] [minecraft/GameTestServer]: [_]
[10:57:33] [Server thread/INFO] [minecraft/GameTestServer]: [_]
[10:57:33] [Server thread/INFO] [minecraft/MinecraftServer]: Загрузка территории: 8%, изменено блоков: 0
[10:57:33] [Server thread/INFO] [minecraft/GameTestServer]: [_]
[10:57:33] [Server thread/INFO] [minecraft/GameTestServer]: [_]
[10:57:33] [Server thread/INFO] [minecraft/GameTestServer]: [_]
[10:57:33] [Server thread/INFO] [minecraft/GameTestServer]: [_]
[10:57:33] [Server thread/INFO] [minecraft/GameTestServer]: [_]
[10:57:33] [Server thread/INFO] [minecraft/MinecraftServer]: Загрузка территории: 30%, изменено блоков: 0
[10:57:33] [Server thread/INFO] [minecraft/GameTestServer]: [_]
[10:57:33] [Server thread/INFO] [minecraft/GameTestServer]: [_]
[10:57:33] [Server thread/INFO] [minecraft/GameTestServer]: [_]
[10:57:34] [Server thread/INFO] [minecraft/GameTestServer]: [_]
[10:57:34] [Server thread/INFO] [minecraft/GameTestServer]: [_]
[10:57:34] [Server thread/INFO] [minecraft/MinecraftServer]: Загрузка территории: 52%, изменено блоков: 0
[10:57:34] [Server thread/INFO] [minecraft/GameTestServer]: [_]
[10:57:34] [Server thread/INFO] [minecraft/GameTestServer]: [_]
[10:57:34] [Server thread/INFO] [minecraft/GameTestServer]: [_]
[10:57:34] [Server thread/INFO] [minecraft/GameTestServer]: [_]
[10:57:34] [Server thread/INFO] [minecraft/GameTestServer]: [_]
[10:57:34] [Server thread/INFO] [minecraft/MinecraftServer]: Загрузка территории: 75%, изменено блоков: 0
[10:57:34] [Server thread/INFO] [minecraft/GameTestServer]: [_]
[10:57:34] [Server thread/INFO] [minecraft/GameTestServer]: [_]
[10:57:34] [Server thread/INFO] [minecraft/GameTestServer]: [_]
[10:57:34] [Server thread/INFO] [minecraft/GameTestServer]: [_]
[10:57:34] [Server thread/INFO] [minecraft/GameTestServer]: [_]
[10:57:34] [Server thread/INFO] [minecraft/MinecraftServer]: Загрузка территории: 96%, изменено блоков: 0
[10:57:34] [Server thread/INFO] [minecraft/GameTestServer]: [_]
[10:57:34] [Server thread/INFO] [minecraft/GameTestServer]: [_]
[10:57:34] [Server thread/INFO] [minecraft/GameTestServer]: [_]
[10:57:34] [Server thread/INFO] [minecraft/GameTestServer]: [_]
[10:57:35] [Server thread/INFO] [minecraft/GameTestServer]: [_]
[10:57:35] [Server thread/INFO] [minecraft/MinecraftServer]: Загрузка территории: 20%, изменено блоков: 0
[10:57:35] [Server thread/INFO] [minecraft/GameTestServer]: [_]
[10:57:35] [Server thread/INFO] [minecraft/GameTestServer]: [_]
[10:57:35] [Server thread/INFO] [minecraft/GameTestServer]: [_]
[10:57:35] [Server thread/INFO] [minecraft/GameTestServer]: [_]
[10:57:35] [Server thread/INFO] [minecraft/GameTestServer]: [_]
[10:57:35] [Server thread/INFO] [minecraft/MinecraftServer]: Загрузка территории: 36%, изменено блоков: 0
[10:57:35] [Server thread/INFO] [minecraft/GameTestServer]: [_]
[10:57:35] [Server thread/INFO] [minecraft/GameTestServer]: [_]
[10:57:35] [Server thread/INFO] [minecraft/GameTestServer]: [_]
[10:57:35] [Server thread/INFO] [minecraft/GameTestServer]: [_]
[10:57:35] [Server thread/INFO] [minecraft/GameTestServer]: [_]
[10:57:35] [Server thread/INFO] [minecraft/MinecraftServer]: Загрузка территории: 52%, изменено блоков: 0
[10:57:35] [Server thread/INFO] [minecraft/GameTestServer]: [_]
[10:57:35] [Server thread/INFO] [minecraft/GameTestServer]: [_]
[10:57:36] [Server thread/INFO] [minecraft/GameTestServer]: [_]
[10:57:36] [Server thread/INFO] [minecraft/GameTestServer]: [_]
[10:57:36] [Server thread/INFO] [minecraft/GameTestServer]: [_]
[10:57:36] [Server thread/INFO] [minecraft/MinecraftServer]: Загрузка территории: 67%, изменено блоков: 0
[10:57:36] [Server thread/INFO] [minecraft/GameTestServer]: [_]
[10:57:36] [Server thread/INFO] [minecraft/GameTestServer]: [_]
[10:57:36] [Server thread/INFO] [minecraft/GameTestServer]: [_]
[10:57:36] [Server thread/INFO] [minecraft/GameTestServer]: [_]
[10:57:36] [Server thread/INFO] [minecraft/GameTestServer]: [_]
[10:57:36] [Server thread/INFO] [minecraft/MinecraftServer]: Загрузка территории: 77%, изменено блоков: 0
[10:57:36] [Server thread/INFO] [minecraft/GameTestServer]: [_]
[10:57:36] [Server thread/INFO] [minecraft/GameTestServer]: [_]
[10:57:36] [Server thread/INFO] [minecraft/GameTestServer]: [_]
[10:57:36] [Server thread/INFO] [minecraft/GameTestServer]: [_]
[10:57:36] [Server thread/INFO] [minecraft/GameTestServer]: [_]
[10:57:36] [Server thread/INFO] [minecraft/MinecraftServer]: Загрузка территории: 87%, изменено блоков: 0
[10:57:36] [Server thread/INFO] [minecraft/GameTestServer]: [_]
[10:57:37] [Server thread/INFO] [minecraft/GameTestServer]: [_]
[10:57:37] [Server thread/INFO] [minecraft/GameTestServer]: [_]
[10:57:37] [Server thread/INFO] [minecraft/GameTestServer]: [_]
[10:57:37] [Server thread/INFO] [minecraft/GameTestServer]: [_]
[10:57:37] [Server thread/INFO] [minecraft/MinecraftServer]: Загрузка территории: 96%, изменено блоков: 0
[10:57:37] [Server thread/INFO] [minecraft/GameTestServer]: [_]
[10:57:37] [Server thread/INFO] [minecraft/GameTestServer]: [_]
[10:57:37] [Server thread/INFO] [minecraft/MinecraftServer]: Чанки загружены. Подготовка окончательного положения на Y=-32
[10:57:37] [Server thread/INFO] [minecraft/GameTestServer]: [_]
[10:57:37] [Server thread/INFO] [minecraft/GameTestServer]: [_]
[10:57:37] [Server thread/INFO] [minecraft/GameTestServer]: [_]
[10:57:37] [Server thread/INFO] [minecraft/MinecraftServer]: Планирование грунта: 17%, изменено блоков: 0
[10:57:37] [Server thread/INFO] [minecraft/GameTestServer]: [_]
[10:57:37] [Server thread/INFO] [minecraft/GameTestServer]: [_]
[10:57:37] [Server thread/INFO] [minecraft/GameTestServer]: [_]
[10:57:37] [Server thread/INFO] [minecraft/GameTestServer]: [_]
[10:57:38] [Server thread/INFO] [minecraft/GameTestServer]: [_]
[10:57:38] [Server thread/INFO] [minecraft/MinecraftServer]: Планирование грунта: 47%, изменено блоков: 0
[10:57:38] [Server thread/INFO] [minecraft/GameTestServer]: [_]
[10:57:38] [Server thread/INFO] [minecraft/GameTestServer]: [_]
[10:57:38] [Server thread/INFO] [minecraft/GameTestServer]: [_]
[10:57:38] [Server thread/INFO] [minecraft/GameTestServer]: [_]
[10:57:38] [Server thread/INFO] [minecraft/GameTestServer]: [_]
[10:57:38] [Server thread/INFO] [minecraft/MinecraftServer]: Планирование грунта: 76%, изменено блоков: 0
[10:57:38] [Server thread/INFO] [minecraft/GameTestServer]: [_]
[10:57:38] [Server thread/INFO] [minecraft/GameTestServer]: [_]
[10:57:38] [Server thread/INFO] [minecraft/GameTestServer]: [_]
[10:57:38] [Server thread/INFO] [minecraft/GameTestServer]: [_]
[10:57:38] [Server thread/INFO] [minecraft/GameTestServer]: [_]
[10:57:39] [Server thread/INFO] [minecraft/MinecraftServer]: Проверка конечного места: 21%, изменено блоков: 0
[10:57:39] [Server thread/INFO] [minecraft/GameTestServer]: [_]
[10:57:39] [Server thread/INFO] [minecraft/GameTestServer]: [_]
[10:57:39] [Server thread/INFO] [minecraft/GameTestServer]: [_]
[10:57:39] [Server thread/INFO] [minecraft/GameTestServer]: [_]
[10:57:39] [Server thread/INFO] [minecraft/GameTestServer]: [_]
[10:57:39] [Server thread/INFO] [minecraft/MinecraftServer]: Проверка конечного места: 75%, изменено блоков: 0
[10:57:39] [Server thread/INFO] [minecraft/GameTestServer]: [_]
[10:57:39] [Server thread/INFO] [minecraft/GameTestServer]: [_]
[10:57:39] [Server thread/INFO] [minecraft/GameTestServer]: [_]
[10:57:39] [Server thread/INFO] [minecraft/GameTestServer]: [_]
[10:57:39] [Server thread/INFO] [minecraft/GameTestServer]: [_]
[10:57:40] [Server thread/INFO] [minecraft/MinecraftServer]: Подготовка грунта: 25%, изменено блоков: 160442
[10:57:40] [Server thread/INFO] [minecraft/GameTestServer]: [_]
[10:57:40] [Server thread/INFO] [minecraft/GameTestServer]: [_]
[10:57:40] [Server thread/INFO] [minecraft/GameTestServer]: [_]
[10:57:40] [Server thread/INFO] [minecraft/GameTestServer]: [_]
[10:57:40] [Server thread/INFO] [minecraft/GameTestServer]: [_]
[10:57:40] [Server thread/INFO] [minecraft/MinecraftServer]: Подготовка грунта: 47%, изменено блоков: 398767
[10:57:40] [Server thread/INFO] [minecraft/GameTestServer]: [_]
[10:57:40] [Server thread/INFO] [minecraft/GameTestServer]: [_]
[10:57:40] [Server thread/INFO] [minecraft/GameTestServer]: [_]
[10:57:40] [Server thread/INFO] [minecraft/GameTestServer]: [_]
[10:57:41] [Server thread/INFO] [minecraft/GameTestServer]: [_]
[10:57:41] [Server thread/INFO] [minecraft/MinecraftServer]: Подготовка грунта: 69%, изменено блоков: 644201
[10:57:41] [Server thread/INFO] [minecraft/GameTestServer]: [_]
[10:57:41] [Server thread/INFO] [minecraft/GameTestServer]: [_]
[10:57:41] [Server thread/INFO] [minecraft/GameTestServer]: [_]
[10:57:41] [Server thread/INFO] [minecraft/GameTestServer]: [_]
[10:57:41] [Server thread/INFO] [minecraft/GameTestServer]: [_]
[10:57:41] [Server thread/INFO] [minecraft/MinecraftServer]: Территория подготовлена. Размещается структура...
[10:57:41] [Server thread/INFO] [minecraft/MinecraftServer]: Размещение структуры: 0%, изменено блоков: 856258
[10:57:41] [Server thread/INFO] [minecraft/GameTestServer]: [_]
[10:57:41] [Server thread/INFO] [minecraft/GameTestServer]: [_]
[10:57:42] [Server thread/INFO] [minecraft/GameTestServer]: [_]
[10:57:42] [Server thread/INFO] [minecraft/GameTestServer]: [_]
[10:57:42] [Server thread/INFO] [minecraft/GameTestServer]: [_]
[10:57:42] [Server thread/INFO] [minecraft/MinecraftServer]: Размещение структуры: 8%, изменено блоков: 856258
[10:57:42] [Server thread/INFO] [minecraft/GameTestServer]: [_]
[10:57:42] [Server thread/INFO] [minecraft/GameTestServer]: [_]
[10:57:42] [Server thread/INFO] [minecraft/GameTestServer]: [_]
[10:57:42] [Server thread/INFO] [minecraft/GameTestServer]: [_]
[10:57:42] [Server thread/INFO] [minecraft/GameTestServer]: [_]
[10:57:42] [Server thread/INFO] [minecraft/MinecraftServer]: Размещение структуры: 17%, изменено блоков: 856258
[10:57:42] [Server thread/INFO] [minecraft/GameTestServer]: [_]
[10:57:43] [Server thread/INFO] [minecraft/GameTestServer]: [_]
[10:57:43] [Server thread/INFO] [minecraft/GameTestServer]: [_]
[10:57:43] [Server thread/INFO] [minecraft/GameTestServer]: [_]
[10:57:43] [Server thread/INFO] [minecraft/GameTestServer]: [_]
[10:57:43] [Server thread/INFO] [minecraft/MinecraftServer]: Размещение структуры: 25%, изменено блоков: 856258
[10:57:43] [Server thread/INFO] [minecraft/GameTestServer]: [_]
[10:57:43] [Server thread/INFO] [minecraft/GameTestServer]: [_]
[10:57:43] [Server thread/INFO] [minecraft/GameTestServer]: [_]
[10:57:43] [Server thread/INFO] [minecraft/GameTestServer]: [_]
[10:57:44] [Server thread/INFO] [minecraft/GameTestServer]: [_]
[10:57:44] [Server thread/INFO] [minecraft/MinecraftServer]: Размещение структуры: 34%, изменено блоков: 856258
[10:57:44] [Server thread/INFO] [minecraft/GameTestServer]: [_]
[10:57:44] [Server thread/INFO] [minecraft/GameTestServer]: [_]
[10:57:44] [Server thread/INFO] [minecraft/GameTestServer]: [_]
[10:57:44] [Server thread/INFO] [minecraft/GameTestServer]: [_]
[10:57:44] [Server thread/INFO] [minecraft/GameTestServer]: [_]
[10:57:44] [Server thread/INFO] [minecraft/MinecraftServer]: Размещение структуры: 42%, изменено блоков: 856258
[10:57:44] [Server thread/INFO] [minecraft/GameTestServer]: [_]
[10:57:44] [Server thread/INFO] [minecraft/GameTestServer]: [_]
[10:57:44] [Server thread/INFO] [minecraft/GameTestServer]: [_]
[10:57:45] [Server thread/INFO] [minecraft/GameTestServer]: [_]
[10:57:45] [Server thread/INFO] [minecraft/GameTestServer]: [_]
[10:57:45] [Server thread/INFO] [minecraft/MinecraftServer]: Размещение структуры: 51%, изменено блоков: 856258
[10:57:45] [Server thread/INFO] [minecraft/GameTestServer]: [_]
[10:57:45] [Server thread/INFO] [minecraft/GameTestServer]: [_]
[10:57:45] [Server thread/INFO] [minecraft/GameTestServer]: [_]
[10:57:45] [Server thread/INFO] [minecraft/GameTestServer]: [_]
[10:57:45] [Server thread/INFO] [minecraft/GameTestServer]: [_]
[10:57:45] [Server thread/INFO] [minecraft/MinecraftServer]: Размещение структуры: 60%, изменено блоков: 856258
[10:57:45] [Server thread/INFO] [minecraft/GameTestServer]: [_]
[10:57:46] [Server thread/INFO] [minecraft/GameTestServer]: [_]
[10:57:46] [Server thread/INFO] [minecraft/GameTestServer]: [_]
[10:57:46] [Server thread/INFO] [minecraft/GameTestServer]: [_]
[10:57:46] [Server thread/INFO] [minecraft/GameTestServer]: [_]
[10:57:46] [Server thread/INFO] [minecraft/MinecraftServer]: Размещение структуры: 68%, изменено блоков: 856258
[10:57:46] [Server thread/INFO] [minecraft/GameTestServer]: [_]
[10:57:46] [Server thread/INFO] [minecraft/GameTestServer]: [_]
[10:57:46] [Server thread/INFO] [minecraft/GameTestServer]: [_]
[10:57:46] [Server thread/INFO] [minecraft/GameTestServer]: [_]
[10:57:46] [Server thread/INFO] [minecraft/GameTestServer]: [_]
[10:57:47] [Server thread/INFO] [minecraft/MinecraftServer]: Размещение структуры: 77%, изменено блоков: 856258
[10:57:47] [Server thread/INFO] [minecraft/GameTestServer]: [_]
[10:57:47] [Server thread/INFO] [minecraft/GameTestServer]: [_]
[10:57:47] [Server thread/INFO] [minecraft/GameTestServer]: [_]
[10:57:47] [Server thread/INFO] [minecraft/GameTestServer]: [_]
[10:57:47] [Server thread/INFO] [minecraft/GameTestServer]: [_]
[10:57:47] [Server thread/INFO] [minecraft/MinecraftServer]: Размещение структуры: 85%, изменено блоков: 856258
[10:57:47] [Server thread/INFO] [minecraft/GameTestServer]: [_]
[10:57:47] [Server thread/INFO] [minecraft/GameTestServer]: [_]
[10:57:47] [Server thread/INFO] [minecraft/GameTestServer]: [_]
[10:57:47] [Server thread/INFO] [minecraft/GameTestServer]: [_]
[10:57:48] [Server thread/INFO] [minecraft/GameTestServer]: [_]
[10:57:48] [Server thread/INFO] [minecraft/MinecraftServer]: Размещение структуры: 94%, изменено блоков: 856258
[10:57:48] [Server thread/INFO] [minecraft/GameTestServer]: [_]
[10:57:48] [Server thread/INFO] [minecraft/GameTestServer]: [_]
[10:57:48] [Server thread/INFO] [minecraft/GameTestServer]: [_]
[10:57:48] [Server thread/INFO] [minecraft/GameTestServer]: [_]
[10:57:48] [Server thread/INFO] [minecraft/MinecraftServer]: Структура создана: -13254995, -31, 12761481
MANUAL_SEQUENTIAL_COMMAND_PASS slavicmyths generate kurgan warrior 0 dx=128 dz=0 entrance=BlockPos{x=-13254995, y=-31, z=12761481} ticks=5468 peakJobMs=11.949
[10:57:48] [Server thread/INFO] [minecraft/MinecraftServer]: Подготавливается территория: kurgan / 2. Задание b6b290a7-7477-4ad6-93cc-21ec7e4d28f8
[10:57:48] [Server thread/INFO] [minecraft/GameTestServer]: [_]
[10:57:48] [Server thread/INFO] [minecraft/GameTestServer]: [_]
[10:57:48] [Server thread/INFO] [minecraft/GameTestServer]: [_]
[10:57:48] [Server thread/INFO] [minecraft/GameTestServer]: [_]
[10:57:48] [Server thread/INFO] [minecraft/GameTestServer]: [_]
[10:57:49] [Server thread/INFO] [minecraft/MinecraftServer]: Загрузка территории: 21%, изменено блоков: 0
[10:57:49] [Server thread/INFO] [minecraft/GameTestServer]: [_]
[10:57:49] [Server thread/INFO] [minecraft/GameTestServer]: [_]
[10:57:49] [Server thread/INFO] [minecraft/GameTestServer]: [_]
[10:57:49] [Server thread/INFO] [minecraft/GameTestServer]: [_]
[10:57:49] [Server thread/INFO] [minecraft/GameTestServer]: [_]
[10:57:49] [Server thread/INFO] [minecraft/MinecraftServer]: Загрузка территории: 42%, изменено блоков: 0
[10:57:49] [Server thread/INFO] [minecraft/GameTestServer]: [_]
[10:57:49] [Server thread/INFO] [minecraft/GameTestServer]: [_]
[10:57:49] [Server thread/INFO] [minecraft/GameTestServer]: [_]
[10:57:49] [Server thread/INFO] [minecraft/GameTestServer]: [_]
[10:57:49] [Server thread/INFO] [minecraft/GameTestServer]: [_]
[10:57:49] [Server thread/INFO] [minecraft/MinecraftServer]: Загрузка территории: 62%, изменено блоков: 0
[10:57:49] [Server thread/INFO] [minecraft/GameTestServer]: [_]
[10:57:49] [Server thread/INFO] [minecraft/GameTestServer]: [_]
[10:57:49] [Server thread/INFO] [minecraft/GameTestServer]: [_]
[10:57:49] [Server thread/INFO] [minecraft/GameTestServer]: [_]
[10:57:49] [Server thread/INFO] [minecraft/GameTestServer]: [_]
[10:57:49] [Server thread/INFO] [minecraft/MinecraftServer]: Загрузка территории: 83%, изменено блоков: 0
[10:57:49] [Server thread/INFO] [minecraft/GameTestServer]: [_]
[10:57:49] [Server thread/INFO] [minecraft/GameTestServer]: [_]
[10:57:50] [Server thread/INFO] [minecraft/GameTestServer]: [_]
[10:57:50] [Server thread/INFO] [minecraft/GameTestServer]: [_]
[10:57:50] [Server thread/INFO] [minecraft/MinecraftServer]: Проверяется другая площадка: 1 / 16
[10:57:50] [Server thread/INFO] [minecraft/GameTestServer]: [_]
[10:57:50] [Server thread/INFO] [minecraft/MinecraftServer]: Загрузка территории: 5%, изменено блоков: 0
[10:57:50] [Server thread/INFO] [minecraft/GameTestServer]: [_]
[10:57:50] [Server thread/INFO] [minecraft/GameTestServer]: [_]
[10:57:50] [Server thread/INFO] [minecraft/GameTestServer]: [_]
[10:57:50] [Server thread/INFO] [minecraft/GameTestServer]: [_]
[10:57:50] [Server thread/INFO] [minecraft/GameTestServer]: [_]
[10:57:50] [Server thread/INFO] [minecraft/MinecraftServer]: Загрузка территории: 25%, изменено блоков: 0
[10:57:50] [Server thread/INFO] [minecraft/GameTestServer]: [_]
[10:57:50] [Server thread/INFO] [minecraft/GameTestServer]: [_]
[10:57:50] [Server thread/INFO] [minecraft/GameTestServer]: [_]
[10:57:50] [Server thread/INFO] [minecraft/GameTestServer]: [_]
[10:57:50] [Server thread/INFO] [minecraft/GameTestServer]: [_]
[10:57:50] [Server thread/INFO] [minecraft/MinecraftServer]: Загрузка территории: 46%, изменено блоков: 0
[10:57:50] [Server thread/INFO] [minecraft/GameTestServer]: [_]
[10:57:50] [Server thread/INFO] [minecraft/GameTestServer]: [_]
[10:57:50] [Server thread/INFO] [minecraft/GameTestServer]: [_]
[10:57:50] [Server thread/INFO] [minecraft/GameTestServer]: [_]
[10:57:50] [Server thread/INFO] [minecraft/GameTestServer]: [_]
[10:57:51] [Server thread/INFO] [minecraft/MinecraftServer]: Загрузка территории: 67%, изменено блоков: 0
[10:57:51] [Server thread/INFO] [minecraft/GameTestServer]: [_]
[10:57:51] [Server thread/INFO] [minecraft/GameTestServer]: [_]
[10:57:51] [Server thread/INFO] [minecraft/GameTestServer]: [_]
[10:57:51] [Server thread/INFO] [minecraft/GameTestServer]: [_]
[10:57:51] [Server thread/INFO] [minecraft/GameTestServer]: [_]
[10:57:51] [Server thread/INFO] [minecraft/MinecraftServer]: Загрузка территории: 87%, изменено блоков: 0
[10:57:51] [Server thread/INFO] [minecraft/GameTestServer]: [_]
[10:57:51] [Server thread/INFO] [minecraft/GameTestServer]: [_]
[10:57:51] [Server thread/INFO] [minecraft/GameTestServer]: [_]
[10:57:51] [Server thread/INFO] [minecraft/MinecraftServer]: Проверяется другая площадка: 2 / 16
[10:57:51] [Server thread/INFO] [minecraft/GameTestServer]: [_]
[10:57:51] [Server thread/INFO] [minecraft/GameTestServer]: [_]
[10:57:51] [Server thread/INFO] [minecraft/MinecraftServer]: Загрузка территории: 8%, изменено блоков: 0
[10:57:51] [Server thread/INFO] [minecraft/GameTestServer]: [_]
[10:57:51] [Server thread/INFO] [minecraft/GameTestServer]: [_]
[10:57:51] [Server thread/INFO] [minecraft/GameTestServer]: [_]
[10:57:51] [Server thread/INFO] [minecraft/GameTestServer]: [_]
[10:57:51] [Server thread/INFO] [minecraft/GameTestServer]: [_]
[10:57:51] [Server thread/INFO] [minecraft/MinecraftServer]: Загрузка территории: 28%, изменено блоков: 0
[10:57:51] [Server thread/INFO] [minecraft/GameTestServer]: [_]
[10:57:52] [Server thread/INFO] [minecraft/GameTestServer]: [_]
[10:57:52] [Server thread/INFO] [minecraft/GameTestServer]: [_]
[10:57:52] [Server thread/INFO] [minecraft/GameTestServer]: [_]
[10:57:52] [Server thread/INFO] [minecraft/GameTestServer]: [_]
[10:57:52] [Server thread/INFO] [minecraft/MinecraftServer]: Загрузка территории: 51%, изменено блоков: 0
[10:57:52] [Server thread/INFO] [minecraft/GameTestServer]: [_]
[10:57:52] [Server thread/INFO] [minecraft/GameTestServer]: [_]
[10:57:52] [Server thread/INFO] [minecraft/GameTestServer]: [_]
[10:57:52] [Server thread/INFO] [minecraft/GameTestServer]: [_]
[10:57:52] [Server thread/INFO] [minecraft/GameTestServer]: [_]
[10:57:52] [Server thread/INFO] [minecraft/MinecraftServer]: Загрузка территории: 76%, изменено блоков: 0
[10:57:52] [Server thread/INFO] [minecraft/GameTestServer]: [_]
[10:57:52] [Server thread/INFO] [minecraft/GameTestServer]: [_]
[10:57:52] [Server thread/INFO] [minecraft/GameTestServer]: [_]
[10:57:52] [Server thread/INFO] [minecraft/GameTestServer]: [_]
[10:57:52] [Server thread/INFO] [minecraft/GameTestServer]: [_]
[10:57:52] [Server thread/INFO] [minecraft/MinecraftServer]: Проверяется другая площадка: 3 / 16
[10:57:52] [Server thread/INFO] [minecraft/MinecraftServer]: Загрузка территории: 0%, изменено блоков: 0
[10:57:52] [Server thread/INFO] [minecraft/GameTestServer]: [_]
[10:57:53] [Server thread/INFO] [minecraft/GameTestServer]: [_]
[10:57:53] [Server thread/INFO] [minecraft/GameTestServer]: [_]
[10:57:53] [Server thread/INFO] [minecraft/GameTestServer]: [_]
[10:57:53] [Server thread/INFO] [minecraft/GameTestServer]: [_]
[10:57:53] [Server thread/INFO] [minecraft/MinecraftServer]: Загрузка территории: 21%, изменено блоков: 0
[10:57:53] [Server thread/INFO] [minecraft/GameTestServer]: [_]
[10:57:53] [Server thread/INFO] [minecraft/GameTestServer]: [_]
[10:57:53] [Server thread/INFO] [minecraft/GameTestServer]: [_]
[10:57:53] [Server thread/INFO] [minecraft/GameTestServer]: [_]
[10:57:53] [Server thread/INFO] [minecraft/GameTestServer]: [_]
[10:57:53] [Server thread/INFO] [minecraft/MinecraftServer]: Загрузка территории: 42%, изменено блоков: 0
[10:57:53] [Server thread/INFO] [minecraft/GameTestServer]: [_]
[10:57:53] [Server thread/INFO] [minecraft/GameTestServer]: [_]
[10:57:53] [Server thread/INFO] [minecraft/GameTestServer]: [_]
[10:57:53] [Server thread/INFO] [minecraft/GameTestServer]: [_]
[10:57:53] [Server thread/INFO] [minecraft/GameTestServer]: [_]
[10:57:53] [Server thread/INFO] [minecraft/MinecraftServer]: Загрузка территории: 62%, изменено блоков: 0
[10:57:53] [Server thread/INFO] [minecraft/GameTestServer]: [_]
[10:57:53] [Server thread/INFO] [minecraft/GameTestServer]: [_]
[10:57:53] [Server thread/INFO] [minecraft/GameTestServer]: [_]
[10:57:53] [Server thread/INFO] [minecraft/GameTestServer]: [_]
[10:57:54] [Server thread/INFO] [minecraft/GameTestServer]: [_]
[10:57:54] [Server thread/INFO] [minecraft/MinecraftServer]: Загрузка территории: 83%, изменено блоков: 0
[10:57:54] [Server thread/INFO] [minecraft/GameTestServer]: [_]
[10:57:54] [Server thread/INFO] [minecraft/GameTestServer]: [_]
[10:57:54] [Server thread/INFO] [minecraft/GameTestServer]: [_]
[10:57:54] [Server thread/INFO] [minecraft/GameTestServer]: [_]
[10:57:54] [Server thread/INFO] [minecraft/MinecraftServer]: Проверяется другая площадка: 4 / 16
[10:57:54] [Server thread/INFO] [minecraft/GameTestServer]: [_]
[10:57:54] [Server thread/INFO] [minecraft/MinecraftServer]: Загрузка территории: 3%, изменено блоков: 0
[10:57:54] [Server thread/INFO] [minecraft/GameTestServer]: [_]
[10:57:54] [Server thread/INFO] [minecraft/GameTestServer]: [_]
[10:57:54] [Server thread/INFO] [minecraft/GameTestServer]: [_]
[10:57:54] [Server thread/INFO] [minecraft/GameTestServer]: [_]
[10:57:54] [Server thread/INFO] [minecraft/GameTestServer]: [_]
[10:57:54] [Server thread/INFO] [minecraft/MinecraftServer]: Загрузка территории: 25%, изменено блоков: 0
[10:57:54] [Server thread/INFO] [minecraft/GameTestServer]: [_]
[10:57:54] [Server thread/INFO] [minecraft/GameTestServer]: [_]
[10:57:54] [Server thread/INFO] [minecraft/GameTestServer]: [_]
[10:57:54] [Server thread/INFO] [minecraft/GameTestServer]: [_]
[10:57:54] [Server thread/INFO] [minecraft/GameTestServer]: [_]
[10:57:54] [Server thread/INFO] [minecraft/MinecraftServer]: Загрузка территории: 46%, изменено блоков: 0
[10:57:55] [Server thread/INFO] [minecraft/GameTestServer]: [_]
[10:57:55] [Server thread/INFO] [minecraft/GameTestServer]: [_]
[10:57:55] [Server thread/INFO] [minecraft/GameTestServer]: [_]
[10:57:55] [Server thread/INFO] [minecraft/GameTestServer]: [_]
[10:57:55] [Server thread/INFO] [minecraft/GameTestServer]: [_]
[10:57:55] [Server thread/INFO] [minecraft/MinecraftServer]: Загрузка территории: 70%, изменено блоков: 0
[10:57:55] [Server thread/INFO] [minecraft/GameTestServer]: [_]
[10:57:55] [Server thread/INFO] [minecraft/GameTestServer]: [_]
[10:57:55] [Server thread/INFO] [minecraft/GameTestServer]: [_]
[10:57:55] [Server thread/INFO] [minecraft/GameTestServer]: [_]
[10:57:55] [Server thread/INFO] [minecraft/GameTestServer]: [_]
[10:57:55] [Server thread/INFO] [minecraft/MinecraftServer]: Загрузка территории: 95%, изменено блоков: 0
[10:57:55] [Server thread/INFO] [minecraft/GameTestServer]: [_]
[10:57:55] [Server thread/INFO] [minecraft/MinecraftServer]: Проверяется другая площадка: 5 / 16
[10:57:55] [Server thread/INFO] [minecraft/GameTestServer]: [_]
[10:57:55] [Server thread/INFO] [minecraft/GameTestServer]: [_]
[10:57:55] [Server thread/INFO] [minecraft/GameTestServer]: [_]
[10:57:55] [Server thread/INFO] [minecraft/GameTestServer]: [_]
[10:57:55] [Server thread/INFO] [minecraft/MinecraftServer]: Загрузка территории: 16%, изменено блоков: 0
[10:57:56] [Server thread/INFO] [minecraft/GameTestServer]: [_]
[10:57:56] [Server thread/INFO] [minecraft/GameTestServer]: [_]
[10:57:56] [Server thread/INFO] [minecraft/GameTestServer]: [_]
[10:57:56] [Server thread/INFO] [minecraft/GameTestServer]: [_]
[10:57:56] [Server thread/INFO] [minecraft/GameTestServer]: [_]
[10:57:56] [Server thread/INFO] [minecraft/MinecraftServer]: Загрузка территории: 36%, изменено блоков: 0
[10:57:56] [Server thread/INFO] [minecraft/GameTestServer]: [_]
[10:57:56] [Server thread/INFO] [minecraft/GameTestServer]: [_]
[10:57:56] [Server thread/INFO] [minecraft/GameTestServer]: [_]
[10:57:56] [Server thread/INFO] [minecraft/GameTestServer]: [_]
[10:57:56] [Server thread/INFO] [minecraft/GameTestServer]: [_]
[10:57:56] [Server thread/INFO] [minecraft/MinecraftServer]: Загрузка территории: 57%, изменено блоков: 0
[10:57:56] [Server thread/INFO] [minecraft/GameTestServer]: [_]
[10:57:56] [Server thread/INFO] [minecraft/GameTestServer]: [_]
[10:57:56] [Server thread/INFO] [minecraft/GameTestServer]: [_]
[10:57:56] [Server thread/INFO] [minecraft/GameTestServer]: [_]
[10:57:56] [Server thread/INFO] [minecraft/GameTestServer]: [_]
[10:57:56] [Server thread/INFO] [minecraft/MinecraftServer]: Загрузка территории: 78%, изменено блоков: 0
[10:57:56] [Server thread/INFO] [minecraft/GameTestServer]: [_]
[10:57:56] [Server thread/INFO] [minecraft/GameTestServer]: [_]
[10:57:57] [Server thread/INFO] [minecraft/GameTestServer]: [_]
[10:57:57] [Server thread/INFO] [minecraft/GameTestServer]: [_]
[10:57:57] [Server thread/INFO] [minecraft/GameTestServer]: [_]
[10:57:57] [Server thread/INFO] [minecraft/MinecraftServer]: Загрузка территории: 98%, изменено блоков: 0
[10:57:57] [Server thread/INFO] [minecraft/MinecraftServer]: Проверяется другая площадка: 6 / 16
[10:57:57] [Server thread/INFO] [minecraft/GameTestServer]: [_]
[10:57:57] [Server thread/INFO] [minecraft/GameTestServer]: [_]
[10:57:57] [Server thread/INFO] [minecraft/GameTestServer]: [_]
[10:57:57] [Server thread/INFO] [minecraft/GameTestServer]: [_]
[10:57:57] [Server thread/INFO] [minecraft/GameTestServer]: [_]
[10:57:57] [Server thread/INFO] [minecraft/MinecraftServer]: Загрузка территории: 21%, изменено блоков: 0
[10:57:57] [Server thread/INFO] [minecraft/GameTestServer]: [_]
[10:57:57] [Server thread/INFO] [minecraft/GameTestServer]: [_]
[10:57:57] [Server thread/INFO] [minecraft/GameTestServer]: [_]
[10:57:57] [Server thread/INFO] [minecraft/GameTestServer]: [_]
[10:57:57] [Server thread/INFO] [minecraft/GameTestServer]: [_]
[10:57:57] [Server thread/INFO] [minecraft/MinecraftServer]: Загрузка территории: 43%, изменено блоков: 0
[10:57:57] [Server thread/INFO] [minecraft/GameTestServer]: [_]
[10:57:57] [Server thread/INFO] [minecraft/GameTestServer]: [_]
[10:57:58] [Server thread/INFO] [minecraft/GameTestServer]: [_]
[10:57:58] [Server thread/INFO] [minecraft/GameTestServer]: [_]
[10:57:58] [Server thread/INFO] [minecraft/GameTestServer]: [_]
[10:57:58] [Server thread/INFO] [minecraft/MinecraftServer]: Загрузка территории: 68%, изменено блоков: 0
[10:57:58] [Server thread/INFO] [minecraft/GameTestServer]: [_]
[10:57:58] [Server thread/INFO] [minecraft/GameTestServer]: [_]
[10:57:58] [Server thread/INFO] [minecraft/GameTestServer]: [_]
[10:57:58] [Server thread/INFO] [minecraft/GameTestServer]: [_]
[10:57:58] [Server thread/INFO] [minecraft/GameTestServer]: [_]
[10:57:58] [Server thread/INFO] [minecraft/MinecraftServer]: Загрузка территории: 93%, изменено блоков: 0
[10:57:58] [Server thread/INFO] [minecraft/GameTestServer]: [_]
[10:57:58] [Server thread/INFO] [minecraft/MinecraftServer]: Проверяется другая площадка: 7 / 16
[10:57:58] [Server thread/INFO] [minecraft/GameTestServer]: [_]
[10:57:58] [Server thread/INFO] [minecraft/GameTestServer]: [_]
[10:57:58] [Server thread/INFO] [minecraft/GameTestServer]: [_]
[10:57:58] [Server thread/INFO] [minecraft/GameTestServer]: [_]
[10:57:58] [Server thread/INFO] [minecraft/MinecraftServer]: Загрузка территории: 15%, изменено блоков: 0
[10:57:58] [Server thread/INFO] [minecraft/GameTestServer]: [_]
[10:57:59] [Server thread/INFO] [minecraft/GameTestServer]: [_]
[10:57:59] [Server thread/INFO] [minecraft/GameTestServer]: [_]
[10:57:59] [Server thread/INFO] [minecraft/GameTestServer]: [_]
[10:57:59] [Server thread/INFO] [minecraft/GameTestServer]: [_]
[10:57:59] [Server thread/INFO] [minecraft/MinecraftServer]: Загрузка территории: 36%, изменено блоков: 0
[10:57:59] [Server thread/INFO] [minecraft/GameTestServer]: [_]
[10:57:59] [Server thread/INFO] [minecraft/GameTestServer]: [_]
[10:57:59] [Server thread/INFO] [minecraft/GameTestServer]: [_]
[10:57:59] [Server thread/INFO] [minecraft/GameTestServer]: [_]
[10:57:59] [Server thread/INFO] [minecraft/GameTestServer]: [_]
[10:57:59] [Server thread/INFO] [minecraft/MinecraftServer]: Загрузка территории: 60%, изменено блоков: 0
[10:57:59] [Server thread/INFO] [minecraft/GameTestServer]: [_]
[10:57:59] [Server thread/INFO] [minecraft/GameTestServer]: [_]
[10:57:59] [Server thread/INFO] [minecraft/GameTestServer]: [_]
[10:57:59] [Server thread/INFO] [minecraft/GameTestServer]: [_]
[10:57:59] [Server thread/INFO] [minecraft/GameTestServer]: [_]
[10:57:59] [Server thread/INFO] [minecraft/MinecraftServer]: Загрузка территории: 82%, изменено блоков: 0
[10:57:59] [Server thread/INFO] [minecraft/GameTestServer]: [_]
[10:57:59] [Server thread/INFO] [minecraft/GameTestServer]: [_]
[10:58:00] [Server thread/INFO] [minecraft/GameTestServer]: [_]
[10:58:00] [Server thread/INFO] [minecraft/GameTestServer]: [_]
[10:58:00] [Server thread/INFO] [minecraft/MinecraftServer]: Проверяется другая площадка: 8 / 16
[10:58:00] [Server thread/INFO] [minecraft/GameTestServer]: [_]
[10:58:00] [Server thread/INFO] [minecraft/MinecraftServer]: Загрузка территории: 5%, изменено блоков: 0
[10:58:00] [Server thread/INFO] [minecraft/GameTestServer]: [_]
[10:58:00] [Server thread/INFO] [minecraft/GameTestServer]: [_]
[10:58:00] [Server thread/INFO] [minecraft/GameTestServer]: [_]
[10:58:00] [Server thread/INFO] [minecraft/GameTestServer]: [_]
[10:58:00] [Server thread/INFO] [minecraft/GameTestServer]: [_]
[10:58:00] [Server thread/INFO] [minecraft/MinecraftServer]: Загрузка территории: 27%, изменено блоков: 0
[10:58:00] [Server thread/INFO] [minecraft/GameTestServer]: [_]
[10:58:00] [Server thread/INFO] [minecraft/GameTestServer]: [_]
[10:58:00] [Server thread/INFO] [minecraft/GameTestServer]: [_]
[10:58:00] [Server thread/INFO] [minecraft/GameTestServer]: [_]
[10:58:00] [Server thread/INFO] [minecraft/GameTestServer]: [_]
[10:58:00] [Server thread/INFO] [minecraft/MinecraftServer]: Загрузка территории: 50%, изменено блоков: 0
[10:58:00] [Server thread/INFO] [minecraft/GameTestServer]: [_]
[10:58:01] [Server thread/INFO] [minecraft/GameTestServer]: [_]
[10:58:01] [Server thread/INFO] [minecraft/GameTestServer]: [_]
[10:58:01] [Server thread/INFO] [minecraft/GameTestServer]: [_]
[10:58:01] [Server thread/INFO] [minecraft/GameTestServer]: [_]
[10:58:01] [Server thread/INFO] [minecraft/MinecraftServer]: Загрузка территории: 73%, изменено блоков: 0
[10:58:01] [Server thread/INFO] [minecraft/GameTestServer]: [_]
[10:58:01] [Server thread/INFO] [minecraft/GameTestServer]: [_]
[10:58:01] [Server thread/INFO] [minecraft/GameTestServer]: [_]
[10:58:01] [Server thread/INFO] [minecraft/GameTestServer]: [_]
[10:58:01] [Server thread/INFO] [minecraft/GameTestServer]: [_]
[10:58:01] [Server thread/INFO] [minecraft/MinecraftServer]: Загрузка территории: 97%, изменено блоков: 0
[10:58:01] [Server thread/INFO] [minecraft/GameTestServer]: [_]
[10:58:01] [Server thread/INFO] [minecraft/MinecraftServer]: Проверяется другая площадка: 9 / 16
[10:58:01] [Server thread/INFO] [minecraft/GameTestServer]: [_]
[10:58:01] [Server thread/INFO] [minecraft/GameTestServer]: [_]
[10:58:02] [Server thread/INFO] [minecraft/GameTestServer]: [_]
[10:58:02] [Server thread/INFO] [minecraft/GameTestServer]: [_]
[10:58:02] [Server thread/INFO] [minecraft/MinecraftServer]: Загрузка территории: 17%, изменено блоков: 0
[10:58:02] [Server thread/INFO] [minecraft/GameTestServer]: [_]
[10:58:02] [Server thread/INFO] [minecraft/GameTestServer]: [_]
[10:58:02] [Server thread/INFO] [minecraft/GameTestServer]: [_]
[10:58:02] [Server thread/INFO] [minecraft/GameTestServer]: [_]
[10:58:02] [Server thread/INFO] [minecraft/GameTestServer]: [_]
[10:58:02] [Server thread/INFO] [minecraft/MinecraftServer]: Загрузка территории: 38%, изменено блоков: 0
[10:58:02] [Server thread/INFO] [minecraft/GameTestServer]: [_]
[10:58:02] [Server thread/INFO] [minecraft/GameTestServer]: [_]
[10:58:02] [Server thread/INFO] [minecraft/GameTestServer]: [_]
[10:58:02] [Server thread/INFO] [minecraft/GameTestServer]: [_]
[10:58:02] [Server thread/INFO] [minecraft/GameTestServer]: [_]
[10:58:02] [Server thread/INFO] [minecraft/MinecraftServer]: Загрузка территории: 60%, изменено блоков: 0
[10:58:02] [Server thread/INFO] [minecraft/GameTestServer]: [_]
[10:58:02] [Server thread/INFO] [minecraft/GameTestServer]: [_]
[10:58:03] [Server thread/INFO] [minecraft/GameTestServer]: [_]
[10:58:03] [Server thread/INFO] [minecraft/GameTestServer]: [_]
[10:58:03] [Server thread/INFO] [minecraft/GameTestServer]: [_]
[10:58:03] [Server thread/INFO] [minecraft/MinecraftServer]: Загрузка территории: 81%, изменено блоков: 0
[10:58:03] [Server thread/INFO] [minecraft/GameTestServer]: [_]
[10:58:03] [Server thread/INFO] [minecraft/GameTestServer]: [_]
[10:58:03] [Server thread/INFO] [minecraft/GameTestServer]: [_]
[10:58:03] [Server thread/INFO] [minecraft/GameTestServer]: [_]
[10:58:03] [Server thread/INFO] [minecraft/MinecraftServer]: Проверяется другая площадка: 10 / 16
[10:58:03] [Server thread/INFO] [minecraft/GameTestServer]: [_]
[10:58:03] [Server thread/INFO] [minecraft/MinecraftServer]: Загрузка территории: 1%, изменено блоков: 0
[10:58:03] [Server thread/INFO] [minecraft/GameTestServer]: [_]
[10:58:03] [Server thread/INFO] [minecraft/GameTestServer]: [_]
[10:58:03] [Server thread/INFO] [minecraft/GameTestServer]: [_]
[10:58:03] [Server thread/INFO] [minecraft/GameTestServer]: [_]
[10:58:04] [Server thread/INFO] [minecraft/GameTestServer]: [_]
[10:58:04] [Server thread/INFO] [minecraft/MinecraftServer]: Загрузка территории: 25%, изменено блоков: 0
[10:58:04] [Server thread/INFO] [minecraft/GameTestServer]: [_]
[10:58:04] [Server thread/INFO] [minecraft/GameTestServer]: [_]
[10:58:04] [Server thread/INFO] [minecraft/GameTestServer]: [_]
[10:58:04] [Server thread/INFO] [minecraft/GameTestServer]: [_]
[10:58:04] [Server thread/INFO] [minecraft/GameTestServer]: [_]
[10:58:04] [Server thread/INFO] [minecraft/MinecraftServer]: Загрузка территории: 47%, изменено блоков: 0
[10:58:04] [Server thread/INFO] [minecraft/GameTestServer]: [_]
[10:58:04] [Server thread/INFO] [minecraft/GameTestServer]: [_]
[10:58:04] [Server thread/INFO] [minecraft/GameTestServer]: [_]
[10:58:04] [Server thread/INFO] [minecraft/GameTestServer]: [_]
[10:58:04] [Server thread/INFO] [minecraft/GameTestServer]: [_]
[10:58:04] [Server thread/INFO] [minecraft/MinecraftServer]: Загрузка территории: 72%, изменено блоков: 0
[10:58:04] [Server thread/INFO] [minecraft/GameTestServer]: [_]
[10:58:04] [Server thread/INFO] [minecraft/GameTestServer]: [_]
[10:58:04] [Server thread/INFO] [minecraft/GameTestServer]: [_]
[10:58:04] [Server thread/INFO] [minecraft/GameTestServer]: [_]
[10:58:04] [Server thread/INFO] [minecraft/GameTestServer]: [_]
[10:58:05] [Server thread/INFO] [minecraft/MinecraftServer]: Загрузка территории: 97%, изменено блоков: 0
[10:58:05] [Server thread/INFO] [minecraft/GameTestServer]: [_]
[10:58:05] [Server thread/INFO] [minecraft/MinecraftServer]: Проверяется другая площадка: 11 / 16
[10:58:05] [Server thread/INFO] [minecraft/GameTestServer]: [_]
[10:58:05] [Server thread/INFO] [minecraft/GameTestServer]: [_]
[10:58:05] [Server thread/INFO] [minecraft/GameTestServer]: [_]
[10:58:05] [Server thread/INFO] [minecraft/GameTestServer]: [_]
[10:58:05] [Server thread/INFO] [minecraft/MinecraftServer]: Загрузка территории: 18%, изменено блоков: 0
[10:58:05] [Server thread/INFO] [minecraft/GameTestServer]: [_]
[10:58:05] [Server thread/INFO] [minecraft/GameTestServer]: [_]
[10:58:05] [Server thread/INFO] [minecraft/GameTestServer]: [_]
[10:58:05] [Server thread/INFO] [minecraft/GameTestServer]: [_]
[10:58:05] [Server thread/INFO] [minecraft/GameTestServer]: [_]
[10:58:05] [Server thread/INFO] [minecraft/MinecraftServer]: Загрузка территории: 41%, изменено блоков: 0
[10:58:05] [Server thread/INFO] [minecraft/GameTestServer]: [_]
[10:58:05] [Server thread/INFO] [minecraft/GameTestServer]: [_]
[10:58:06] [Server thread/INFO] [minecraft/GameTestServer]: [_]
[10:58:06] [Server thread/INFO] [minecraft/GameTestServer]: [_]
[10:58:06] [Server thread/INFO] [minecraft/GameTestServer]: [_]
[10:58:06] [Server thread/INFO] [minecraft/MinecraftServer]: Загрузка территории: 65%, изменено блоков: 0
[10:58:06] [Server thread/INFO] [minecraft/GameTestServer]: [_]
[10:58:06] [Server thread/INFO] [minecraft/GameTestServer]: [_]
[10:58:06] [Server thread/INFO] [minecraft/GameTestServer]: [_]
[10:58:06] [Server thread/INFO] [minecraft/GameTestServer]: [_]
[10:58:06] [Server thread/INFO] [minecraft/GameTestServer]: [_]
[10:58:06] [Server thread/INFO] [minecraft/MinecraftServer]: Загрузка территории: 87%, изменено блоков: 0
[10:58:06] [Server thread/INFO] [minecraft/GameTestServer]: [_]
[10:58:06] [Server thread/INFO] [minecraft/GameTestServer]: [_]
[10:58:06] [Server thread/INFO] [minecraft/GameTestServer]: [_]
[10:58:06] [Server thread/INFO] [minecraft/MinecraftServer]: Проверяется другая площадка: 12 / 16
[10:58:06] [Server thread/INFO] [minecraft/GameTestServer]: [_]
[10:58:07] [Server thread/INFO] [minecraft/GameTestServer]: [_]
[10:58:07] [Server thread/INFO] [minecraft/MinecraftServer]: Загрузка территории: 8%, изменено блоков: 0
[10:58:07] [Server thread/INFO] [minecraft/GameTestServer]: [_]
[10:58:07] [Server thread/INFO] [minecraft/GameTestServer]: [_]
[10:58:07] [Server thread/INFO] [minecraft/GameTestServer]: [_]
[10:58:07] [Server thread/INFO] [minecraft/GameTestServer]: [_]
[10:58:07] [Server thread/INFO] [minecraft/GameTestServer]: [_]
[10:58:07] [Server thread/INFO] [minecraft/MinecraftServer]: Загрузка территории: 30%, изменено блоков: 0
[10:58:07] [Server thread/INFO] [minecraft/GameTestServer]: [_]
[10:58:07] [Server thread/INFO] [minecraft/GameTestServer]: [_]
[10:58:07] [Server thread/INFO] [minecraft/GameTestServer]: [_]
[10:58:07] [Server thread/INFO] [minecraft/GameTestServer]: [_]
[10:58:07] [Server thread/INFO] [minecraft/GameTestServer]: [_]
[10:58:07] [Server thread/INFO] [minecraft/MinecraftServer]: Загрузка территории: 52%, изменено блоков: 0
[10:58:07] [Server thread/INFO] [minecraft/GameTestServer]: [_]
[10:58:07] [Server thread/INFO] [minecraft/GameTestServer]: [_]
[10:58:07] [Server thread/INFO] [minecraft/GameTestServer]: [_]
[10:58:07] [Server thread/INFO] [minecraft/GameTestServer]: [_]
[10:58:07] [Server thread/INFO] [minecraft/GameTestServer]: [_]
[10:58:07] [Server thread/INFO] [minecraft/MinecraftServer]: Загрузка территории: 76%, изменено блоков: 0
[10:58:08] [Server thread/INFO] [minecraft/GameTestServer]: [_]
[10:58:08] [Server thread/INFO] [minecraft/GameTestServer]: [_]
[10:58:08] [Server thread/INFO] [minecraft/GameTestServer]: [_]
[10:58:08] [Server thread/INFO] [minecraft/GameTestServer]: [_]
[10:58:08] [Server thread/INFO] [minecraft/GameTestServer]: [_]
[10:58:08] [Server thread/INFO] [minecraft/MinecraftServer]: Выбор площадки, изменено блоков: 0
[10:58:08] [Server thread/INFO] [minecraft/MinecraftServer]: Проверяется другая площадка: 13 / 16
[10:58:08] [Server thread/INFO] [minecraft/GameTestServer]: [_]
[10:58:08] [Server thread/INFO] [minecraft/GameTestServer]: [_]
[10:58:08] [Server thread/INFO] [minecraft/GameTestServer]: [_]
[10:58:08] [Server thread/INFO] [minecraft/GameTestServer]: [_]
[10:58:08] [Server thread/INFO] [minecraft/GameTestServer]: [_]
[10:58:08] [Server thread/INFO] [minecraft/MinecraftServer]: Загрузка территории: 20%, изменено блоков: 0
[10:58:08] [Server thread/INFO] [minecraft/GameTestServer]: [_]
[10:58:08] [Server thread/INFO] [minecraft/GameTestServer]: [_]
[10:58:08] [Server thread/INFO] [minecraft/GameTestServer]: [_]
[10:58:08] [Server thread/INFO] [minecraft/GameTestServer]: [_]
[10:58:09] [Server thread/INFO] [minecraft/GameTestServer]: [_]
[10:58:09] [Server thread/INFO] [minecraft/MinecraftServer]: Загрузка территории: 42%, изменено блоков: 0
[10:58:09] [Server thread/INFO] [minecraft/GameTestServer]: [_]
[10:58:09] [Server thread/INFO] [minecraft/GameTestServer]: [_]
[10:58:09] [Server thread/INFO] [minecraft/GameTestServer]: [_]
[10:58:09] [Server thread/INFO] [minecraft/GameTestServer]: [_]
[10:58:09] [Server thread/INFO] [minecraft/GameTestServer]: [_]
[10:58:09] [Server thread/INFO] [minecraft/MinecraftServer]: Загрузка территории: 63%, изменено блоков: 0
[10:58:09] [Server thread/INFO] [minecraft/GameTestServer]: [_]
[10:58:09] [Server thread/INFO] [minecraft/GameTestServer]: [_]
[10:58:09] [Server thread/INFO] [minecraft/GameTestServer]: [_]
[10:58:09] [Server thread/INFO] [minecraft/GameTestServer]: [_]
[10:58:09] [Server thread/INFO] [minecraft/GameTestServer]: [_]
[10:58:09] [Server thread/INFO] [minecraft/MinecraftServer]: Загрузка территории: 85%, изменено блоков: 0
[10:58:09] [Server thread/INFO] [minecraft/GameTestServer]: [_]
[10:58:09] [Server thread/INFO] [minecraft/GameTestServer]: [_]
[10:58:09] [Server thread/INFO] [minecraft/GameTestServer]: [_]
[10:58:09] [Server thread/INFO] [minecraft/GameTestServer]: [_]
[10:58:09] [Server thread/INFO] [minecraft/MinecraftServer]: Проверяется другая площадка: 14 / 16
[10:58:10] [Server thread/INFO] [minecraft/GameTestServer]: [_]
[10:58:10] [Server thread/INFO] [minecraft/MinecraftServer]: Загрузка территории: 5%, изменено блоков: 0
[10:58:10] [Server thread/INFO] [minecraft/GameTestServer]: [_]
[10:58:10] [Server thread/INFO] [minecraft/GameTestServer]: [_]
[10:58:10] [Server thread/INFO] [minecraft/GameTestServer]: [_]
[10:58:10] [Server thread/INFO] [minecraft/GameTestServer]: [_]
[10:58:10] [Server thread/INFO] [minecraft/GameTestServer]: [_]
[10:58:10] [Server thread/INFO] [minecraft/MinecraftServer]: Загрузка территории: 27%, изменено блоков: 0
[10:58:10] [Server thread/INFO] [minecraft/GameTestServer]: [_]
[10:58:10] [Server thread/INFO] [minecraft/GameTestServer]: [_]
[10:58:10] [Server thread/INFO] [minecraft/GameTestServer]: [_]
[10:58:10] [Server thread/INFO] [minecraft/GameTestServer]: [_]
[10:58:10] [Server thread/INFO] [minecraft/GameTestServer]: [_]
[10:58:10] [Server thread/INFO] [minecraft/MinecraftServer]: Загрузка территории: 51%, изменено блоков: 0
[10:58:10] [Server thread/INFO] [minecraft/GameTestServer]: [_]
[10:58:10] [Server thread/INFO] [minecraft/GameTestServer]: [_]
[10:58:10] [Server thread/INFO] [minecraft/GameTestServer]: [_]
[10:58:10] [Server thread/INFO] [minecraft/GameTestServer]: [_]
[10:58:11] [Server thread/INFO] [minecraft/GameTestServer]: [_]
[10:58:11] [Server thread/INFO] [minecraft/MinecraftServer]: Загрузка территории: 76%, изменено блоков: 0
[10:58:11] [Server thread/INFO] [minecraft/GameTestServer]: [_]
[10:58:11] [Server thread/INFO] [minecraft/GameTestServer]: [_]
[10:58:11] [Server thread/INFO] [minecraft/GameTestServer]: [_]
[10:58:11] [Server thread/INFO] [minecraft/GameTestServer]: [_]
[10:58:11] [Server thread/INFO] [minecraft/GameTestServer]: [_]
[10:58:11] [Server thread/INFO] [minecraft/MinecraftServer]: Загрузка территории: 0%, изменено блоков: 0
[10:58:11] [Server thread/INFO] [minecraft/GameTestServer]: [_]
[10:58:11] [Server thread/INFO] [minecraft/GameTestServer]: [_]
[10:58:11] [Server thread/INFO] [minecraft/GameTestServer]: [_]
[10:58:11] [Server thread/INFO] [minecraft/GameTestServer]: [_]
[10:58:11] [Server thread/INFO] [minecraft/GameTestServer]: [_]
[10:58:11] [Server thread/INFO] [minecraft/MinecraftServer]: Загрузка территории: 13%, изменено блоков: 0
[10:58:11] [Server thread/INFO] [minecraft/GameTestServer]: [_]
[10:58:11] [Server thread/INFO] [minecraft/GameTestServer]: [_]
[10:58:11] [Server thread/INFO] [minecraft/GameTestServer]: [_]
[10:58:11] [Server thread/INFO] [minecraft/GameTestServer]: [_]
[10:58:11] [Server thread/INFO] [minecraft/GameTestServer]: [_]
[10:58:11] [Server thread/INFO] [minecraft/MinecraftServer]: Загрузка территории: 22%, изменено блоков: 0
[10:58:11] [Server thread/INFO] [minecraft/GameTestServer]: [_]
[10:58:12] [Server thread/INFO] [minecraft/GameTestServer]: [_]
[10:58:12] [Server thread/INFO] [minecraft/GameTestServer]: [_]
[10:58:12] [Server thread/INFO] [minecraft/GameTestServer]: [_]
[10:58:12] [Server thread/INFO] [minecraft/GameTestServer]: [_]
[10:58:12] [Server thread/INFO] [minecraft/MinecraftServer]: Загрузка территории: 31%, изменено блоков: 0
[10:58:12] [Server thread/INFO] [minecraft/GameTestServer]: [_]
[10:58:12] [Server thread/INFO] [minecraft/GameTestServer]: [_]
[10:58:12] [Server thread/INFO] [minecraft/GameTestServer]: [_]
[10:58:12] [Server thread/INFO] [minecraft/GameTestServer]: [_]
[10:58:12] [Server thread/INFO] [minecraft/GameTestServer]: [_]
[10:58:12] [Server thread/INFO] [minecraft/MinecraftServer]: Загрузка территории: 38%, изменено блоков: 0
[10:58:12] [Server thread/INFO] [minecraft/GameTestServer]: [_]
[10:58:12] [Server thread/INFO] [minecraft/GameTestServer]: [_]
[10:58:12] [Server thread/INFO] [minecraft/GameTestServer]: [_]
[10:58:12] [Server thread/INFO] [minecraft/GameTestServer]: [_]
[10:58:12] [Server thread/INFO] [minecraft/GameTestServer]: [_]
[10:58:12] [Server thread/INFO] [minecraft/MinecraftServer]: Загрузка территории: 45%, изменено блоков: 0
[10:58:12] [Server thread/INFO] [minecraft/GameTestServer]: [_]
[10:58:12] [Server thread/INFO] [minecraft/GameTestServer]: [_]
[10:58:12] [Server thread/INFO] [minecraft/GameTestServer]: [_]
[10:58:13] [Server thread/INFO] [minecraft/GameTestServer]: [_]
[10:58:13] [Server thread/INFO] [minecraft/GameTestServer]: [_]
[10:58:13] [Server thread/INFO] [minecraft/MinecraftServer]: Загрузка территории: 51%, изменено блоков: 0
[10:58:13] [Server thread/INFO] [minecraft/GameTestServer]: [_]
[10:58:13] [Server thread/INFO] [minecraft/GameTestServer]: [_]
[10:58:13] [Server thread/INFO] [minecraft/GameTestServer]: [_]
[10:58:13] [Server thread/INFO] [minecraft/GameTestServer]: [_]
[10:58:13] [Server thread/INFO] [minecraft/GameTestServer]: [_]
[10:58:13] [Server thread/INFO] [minecraft/MinecraftServer]: Загрузка территории: 56%, изменено блоков: 0
[10:58:13] [Server thread/INFO] [minecraft/GameTestServer]: [_]
[10:58:13] [Server thread/INFO] [minecraft/GameTestServer]: [_]
[10:58:13] [Server thread/INFO] [minecraft/GameTestServer]: [_]
[10:58:13] [Server thread/INFO] [minecraft/GameTestServer]: [_]
[10:58:13] [Server thread/INFO] [minecraft/GameTestServer]: [_]
[10:58:13] [Server thread/INFO] [minecraft/MinecraftServer]: Загрузка территории: 62%, изменено блоков: 0
[10:58:13] [Server thread/INFO] [minecraft/GameTestServer]: [_]
[10:58:13] [Server thread/INFO] [minecraft/GameTestServer]: [_]
[10:58:13] [Server thread/INFO] [minecraft/GameTestServer]: [_]
[10:58:13] [Server thread/INFO] [minecraft/GameTestServer]: [_]
[10:58:14] [Server thread/INFO] [minecraft/GameTestServer]: [_]
[10:58:14] [Server thread/INFO] [minecraft/MinecraftServer]: Загрузка территории: 67%, изменено блоков: 0
[10:58:14] [Server thread/INFO] [minecraft/GameTestServer]: [_]
[10:58:14] [Server thread/INFO] [minecraft/GameTestServer]: [_]
[10:58:14] [Server thread/INFO] [minecraft/GameTestServer]: [_]
[10:58:14] [Server thread/INFO] [minecraft/GameTestServer]: [_]
[10:58:14] [Server thread/INFO] [minecraft/GameTestServer]: [_]
[10:58:14] [Server thread/INFO] [minecraft/MinecraftServer]: Загрузка территории: 73%, изменено блоков: 0
[10:58:14] [Server thread/INFO] [minecraft/GameTestServer]: [_]
[10:58:14] [Server thread/INFO] [minecraft/GameTestServer]: [_]
[10:58:14] [Server thread/INFO] [minecraft/GameTestServer]: [_]
[10:58:14] [Server thread/INFO] [minecraft/GameTestServer]: [_]
[10:58:14] [Server thread/INFO] [minecraft/GameTestServer]: [_]
[10:58:14] [Server thread/INFO] [minecraft/MinecraftServer]: Загрузка территории: 78%, изменено блоков: 0
[10:58:14] [Server thread/INFO] [minecraft/GameTestServer]: [_]
[10:58:14] [Server thread/INFO] [minecraft/GameTestServer]: [_]
[10:58:14] [Server thread/INFO] [minecraft/GameTestServer]: [_]
[10:58:14] [Server thread/INFO] [minecraft/GameTestServer]: [_]
[10:58:14] [Server thread/INFO] [minecraft/GameTestServer]: [_]
[10:58:15] [Server thread/INFO] [minecraft/MinecraftServer]: Загрузка территории: 84%, изменено блоков: 0
[10:58:15] [Server thread/INFO] [minecraft/GameTestServer]: [_]
[10:58:15] [Server thread/INFO] [minecraft/GameTestServer]: [_]
[10:58:15] [Server thread/INFO] [minecraft/GameTestServer]: [_]
[10:58:15] [Server thread/INFO] [minecraft/GameTestServer]: [_]
[10:58:15] [Server thread/INFO] [minecraft/GameTestServer]: [_]
[10:58:15] [Server thread/INFO] [minecraft/MinecraftServer]: Загрузка территории: 89%, изменено блоков: 0
[10:58:15] [Server thread/INFO] [minecraft/GameTestServer]: [_]
[10:58:15] [Server thread/INFO] [minecraft/GameTestServer]: [_]
[10:58:15] [Server thread/INFO] [minecraft/GameTestServer]: [_]
[10:58:15] [Server thread/INFO] [minecraft/GameTestServer]: [_]
[10:58:15] [Server thread/INFO] [minecraft/GameTestServer]: [_]
[10:58:15] [Server thread/INFO] [minecraft/MinecraftServer]: Загрузка территории: 95%, изменено блоков: 0
[10:58:15] [Server thread/INFO] [minecraft/GameTestServer]: [_]
[10:58:15] [Server thread/INFO] [minecraft/GameTestServer]: [_]
[10:58:15] [Server thread/INFO] [minecraft/GameTestServer]: [_]
[10:58:15] [Server thread/INFO] [minecraft/GameTestServer]: [_]
[10:58:15] [Server thread/INFO] [minecraft/GameTestServer]: [_]
[10:58:15] [Server thread/INFO] [minecraft/MinecraftServer]: Чанки загружены. Подготовка окончательного положения на Y=0
[10:58:15] [Server thread/INFO] [minecraft/MinecraftServer]: Планирование грунта: 1%, изменено блоков: 0
[10:58:16] [Server thread/INFO] [minecraft/GameTestServer]: [_]
[10:58:16] [Server thread/INFO] [minecraft/GameTestServer]: [_]
[10:58:16] [Server thread/INFO] [minecraft/GameTestServer]: [_]
[10:58:16] [Server thread/INFO] [minecraft/GameTestServer]: [_]
[10:58:16] [Server thread/INFO] [minecraft/GameTestServer]: [_]
[10:58:16] [Server thread/INFO] [minecraft/MinecraftServer]: Планирование грунта: 17%, изменено блоков: 0
[10:58:16] [Server thread/INFO] [minecraft/GameTestServer]: [_]
[10:58:16] [Server thread/INFO] [minecraft/GameTestServer]: [_]
[10:58:16] [Server thread/INFO] [minecraft/GameTestServer]: [_]
[10:58:16] [Server thread/INFO] [minecraft/GameTestServer]: [_]
[10:58:16] [Server thread/INFO] [minecraft/GameTestServer]: [_]
[10:58:16] [Server thread/INFO] [minecraft/MinecraftServer]: Планирование грунта: 34%, изменено блоков: 0
[10:58:16] [Server thread/INFO] [minecraft/GameTestServer]: [_]
[10:58:16] [Server thread/INFO] [minecraft/GameTestServer]: [_]
[10:58:16] [Server thread/INFO] [minecraft/GameTestServer]: [_]
[10:58:17] [Server thread/INFO] [minecraft/GameTestServer]: [_]
[10:58:17] [Server thread/INFO] [minecraft/GameTestServer]: [_]
[10:58:17] [Server thread/INFO] [minecraft/MinecraftServer]: Планирование грунта: 51%, изменено блоков: 0
[10:58:17] [Server thread/INFO] [minecraft/GameTestServer]: [_]
[10:58:17] [Server thread/INFO] [minecraft/GameTestServer]: [_]
[10:58:17] [Server thread/INFO] [minecraft/GameTestServer]: [_]
[10:58:17] [Server thread/INFO] [minecraft/GameTestServer]: [_]
[10:58:17] [Server thread/INFO] [minecraft/GameTestServer]: [_]
[10:58:17] [Server thread/INFO] [minecraft/MinecraftServer]: Планирование грунта: 68%, изменено блоков: 0
[10:58:17] [Server thread/INFO] [minecraft/GameTestServer]: [_]
[10:58:17] [Server thread/INFO] [minecraft/GameTestServer]: [_]
[10:58:17] [Server thread/INFO] [minecraft/GameTestServer]: [_]
[10:58:17] [Server thread/INFO] [minecraft/GameTestServer]: [_]
[10:58:17] [Server thread/INFO] [minecraft/GameTestServer]: [_]
[10:58:17] [Server thread/INFO] [minecraft/MinecraftServer]: Планирование грунта: 85%, изменено блоков: 0
[10:58:17] [Server thread/INFO] [minecraft/GameTestServer]: [_]
[10:58:18] [Server thread/INFO] [minecraft/GameTestServer]: [_]
[10:58:18] [Server thread/INFO] [minecraft/GameTestServer]: [_]
[10:58:18] [Server thread/INFO] [minecraft/GameTestServer]: [_]
[10:58:18] [Server thread/INFO] [minecraft/GameTestServer]: [_]
[10:58:18] [Server thread/INFO] [minecraft/MinecraftServer]: Проверка конечного места: 12%, изменено блоков: 0
[10:58:18] [Server thread/INFO] [minecraft/GameTestServer]: [_]
[10:58:18] [Server thread/INFO] [minecraft/GameTestServer]: [_]
[10:58:18] [Server thread/INFO] [minecraft/GameTestServer]: [_]
[10:58:18] [Server thread/INFO] [minecraft/GameTestServer]: [_]
[10:58:18] [Server thread/INFO] [minecraft/GameTestServer]: [_]
[10:58:18] [Server thread/INFO] [minecraft/MinecraftServer]: Проверка конечного места: 36%, изменено блоков: 0
[10:58:18] [Server thread/INFO] [minecraft/GameTestServer]: [_]
[10:58:18] [Server thread/INFO] [minecraft/GameTestServer]: [_]
[10:58:19] [Server thread/INFO] [minecraft/GameTestServer]: [_]
[10:58:19] [Server thread/INFO] [minecraft/GameTestServer]: [_]
[10:58:19] [Server thread/INFO] [minecraft/GameTestServer]: [_]
[10:58:19] [Server thread/INFO] [minecraft/MinecraftServer]: Проверка конечного места: 56%, изменено блоков: 0
[10:58:19] [Server thread/INFO] [minecraft/GameTestServer]: [_]
[10:58:19] [Server thread/INFO] [minecraft/GameTestServer]: [_]
[10:58:19] [Server thread/INFO] [minecraft/GameTestServer]: [_]
[10:58:19] [Server thread/INFO] [minecraft/GameTestServer]: [_]
[10:58:19] [Server thread/INFO] [minecraft/GameTestServer]: [_]
[10:58:19] [Server thread/INFO] [minecraft/MinecraftServer]: Проверка конечного места: 76%, изменено блоков: 0
[10:58:19] [Server thread/INFO] [minecraft/GameTestServer]: [_]
[10:58:19] [Server thread/INFO] [minecraft/GameTestServer]: [_]
[10:58:19] [Server thread/INFO] [minecraft/GameTestServer]: [_]
[10:58:20] [Server thread/INFO] [minecraft/GameTestServer]: [_]
[10:58:20] [Server thread/INFO] [minecraft/GameTestServer]: [_]
[10:58:20] [Server thread/INFO] [minecraft/MinecraftServer]: Подготовка грунта: 14%, изменено блоков: 110990
[10:58:20] [Server thread/INFO] [minecraft/GameTestServer]: [_]
[10:58:20] [Server thread/INFO] [minecraft/GameTestServer]: [_]
[10:58:20] [Server thread/INFO] [minecraft/GameTestServer]: [_]
[10:58:20] [Server thread/INFO] [minecraft/GameTestServer]: [_]
[10:58:20] [Server thread/INFO] [minecraft/GameTestServer]: [_]
[10:58:20] [Server thread/INFO] [minecraft/MinecraftServer]: Подготовка грунта: 23%, изменено блоков: 347562
[10:58:20] [Server thread/INFO] [minecraft/GameTestServer]: [_]
[10:58:20] [Server thread/INFO] [minecraft/GameTestServer]: [_]
[10:58:21] [Server thread/INFO] [minecraft/GameTestServer]: [_]
[10:58:21] [Server thread/INFO] [minecraft/GameTestServer]: [_]
[10:58:21] [Server thread/INFO] [minecraft/GameTestServer]: [_]
[10:58:21] [Server thread/INFO] [minecraft/MinecraftServer]: Подготовка грунта: 30%, изменено блоков: 595356
[10:58:21] [Server thread/INFO] [minecraft/GameTestServer]: [_]
[10:58:21] [Server thread/INFO] [minecraft/GameTestServer]: [_]
[10:58:21] [Server thread/INFO] [minecraft/GameTestServer]: [_]
[10:58:21] [Server thread/INFO] [minecraft/GameTestServer]: [_]
[10:58:21] [Server thread/INFO] [minecraft/GameTestServer]: [_]
[10:58:21] [Server thread/INFO] [minecraft/MinecraftServer]: Подготовка грунта: 37%, изменено блоков: 814596
[10:58:21] [Server thread/INFO] [minecraft/GameTestServer]: [_]
[10:58:22] [Server thread/INFO] [minecraft/GameTestServer]: [_]
[10:58:22] [Server thread/INFO] [minecraft/GameTestServer]: [_]
[10:58:22] [Server thread/INFO] [minecraft/GameTestServer]: [_]
[10:58:22] [Server thread/INFO] [minecraft/GameTestServer]: [_]
[10:58:22] [Server thread/INFO] [minecraft/MinecraftServer]: Подготовка грунта: 44%, изменено блоков: 1062735
[10:58:22] [Server thread/INFO] [minecraft/GameTestServer]: [_]
[10:58:22] [Server thread/INFO] [minecraft/GameTestServer]: [_]
[10:58:22] [Server thread/INFO] [minecraft/GameTestServer]: [_]
[10:58:22] [Server thread/INFO] [minecraft/GameTestServer]: [_]
[10:58:23] [Server thread/INFO] [minecraft/GameTestServer]: [_]
[10:58:23] [Server thread/INFO] [minecraft/MinecraftServer]: Подготовка грунта: 51%, изменено блоков: 1304067
[10:58:23] [Server thread/INFO] [minecraft/GameTestServer]: [_]
[10:58:23] [Server thread/INFO] [minecraft/GameTestServer]: [_]
[10:58:23] [Server thread/INFO] [minecraft/GameTestServer]: [_]
[10:58:23] [Server thread/INFO] [minecraft/GameTestServer]: [_]
[10:58:23] [Server thread/INFO] [minecraft/GameTestServer]: [_]
[10:58:23] [Server thread/INFO] [minecraft/MinecraftServer]: Подготовка грунта: 57%, изменено блоков: 1545165
[10:58:23] [Server thread/INFO] [minecraft/GameTestServer]: [_]
[10:58:23] [Server thread/INFO] [minecraft/GameTestServer]: [_]
[10:58:23] [Server thread/INFO] [minecraft/GameTestServer]: [_]
[10:58:24] [Server thread/INFO] [minecraft/GameTestServer]: [_]
[10:58:24] [Server thread/INFO] [minecraft/GameTestServer]: [_]
[10:58:24] [Server thread/INFO] [minecraft/MinecraftServer]: Подготовка грунта: 64%, изменено блоков: 1798915
[10:58:24] [Server thread/INFO] [minecraft/GameTestServer]: [_]
[10:58:24] [Server thread/INFO] [minecraft/GameTestServer]: [_]
[10:58:24] [Server thread/INFO] [minecraft/GameTestServer]: [_]
[10:58:24] [Server thread/INFO] [minecraft/GameTestServer]: [_]
[10:58:24] [Server thread/INFO] [minecraft/GameTestServer]: [_]
[10:58:24] [Server thread/INFO] [minecraft/MinecraftServer]: Подготовка грунта: 72%, изменено блоков: 2051989
[10:58:24] [Server thread/INFO] [minecraft/GameTestServer]: [_]
[10:58:24] [Server thread/INFO] [minecraft/GameTestServer]: [_]
[10:58:25] [Server thread/INFO] [minecraft/GameTestServer]: [_]
[10:58:25] [Server thread/INFO] [minecraft/GameTestServer]: [_]
[10:58:25] [Server thread/INFO] [minecraft/GameTestServer]: [_]
[10:58:25] [Server thread/INFO] [minecraft/MinecraftServer]: Подготовка грунта: 79%, изменено блоков: 2298156
[10:58:25] [Server thread/INFO] [minecraft/GameTestServer]: [_]
[10:58:25] [Server thread/INFO] [minecraft/GameTestServer]: [_]
[10:58:25] [Server thread/INFO] [minecraft/GameTestServer]: [_]
[10:58:25] [Server thread/INFO] [minecraft/GameTestServer]: [_]
[10:58:25] [Server thread/INFO] [minecraft/GameTestServer]: [_]
[10:58:25] [Server thread/INFO] [minecraft/MinecraftServer]: Подготовка грунта: 93%, изменено блоков: 2530159
[10:58:25] [Server thread/INFO] [minecraft/MinecraftServer]: Территория подготовлена. Размещается структура...
[10:58:25] [Server thread/INFO] [minecraft/GameTestServer]: [_]
[10:58:26] [Server thread/INFO] [minecraft/GameTestServer]: [_]
[10:58:26] [Server thread/INFO] [minecraft/GameTestServer]: [_]
[10:58:26] [Server thread/INFO] [minecraft/GameTestServer]: [_]
[10:58:26] [Server thread/INFO] [minecraft/GameTestServer]: [_]
[10:58:26] [Server thread/INFO] [minecraft/MinecraftServer]: Размещение структуры: 2%, изменено блоков: 2542386
[10:58:26] [Server thread/INFO] [minecraft/GameTestServer]: [_]
[10:58:26] [Server thread/INFO] [minecraft/GameTestServer]: [_]
[10:58:27] [Server thread/INFO] [minecraft/GameTestServer]: [_]
[10:58:27] [Server thread/INFO] [minecraft/GameTestServer]: [_]
[10:58:27] [Server thread/INFO] [minecraft/GameTestServer]: [_]
[10:58:27] [Server thread/INFO] [minecraft/MinecraftServer]: Размещение структуры: 5%, изменено блоков: 2542386
[10:58:27] [Server thread/INFO] [minecraft/GameTestServer]: [_]
[10:58:27] [Server thread/INFO] [minecraft/GameTestServer]: [_]
[10:58:27] [Server thread/INFO] [minecraft/GameTestServer]: [_]
[10:58:28] [Server thread/INFO] [minecraft/GameTestServer]: [_]
[10:58:28] [Server thread/INFO] [minecraft/GameTestServer]: [_]
[10:58:28] [Server thread/INFO] [minecraft/MinecraftServer]: Размещение структуры: 8%, изменено блоков: 2542386
[10:58:28] [Server thread/INFO] [minecraft/GameTestServer]: [_]
[10:58:28] [Server thread/INFO] [minecraft/GameTestServer]: [_]
[10:58:28] [Server thread/INFO] [minecraft/GameTestServer]: [_]
[10:58:28] [Server thread/INFO] [minecraft/GameTestServer]: [_]
[10:58:29] [Server thread/INFO] [minecraft/GameTestServer]: [_]
[10:58:29] [Server thread/INFO] [minecraft/MinecraftServer]: Размещение структуры: 12%, изменено блоков: 2542386
[10:58:29] [Server thread/INFO] [minecraft/GameTestServer]: [_]
[10:58:29] [Server thread/INFO] [minecraft/GameTestServer]: [_]
[10:58:29] [Server thread/INFO] [minecraft/GameTestServer]: [_]
[10:58:29] [Server thread/INFO] [minecraft/GameTestServer]: [_]
[10:58:29] [Server thread/INFO] [minecraft/GameTestServer]: [_]
[10:58:29] [Server thread/INFO] [minecraft/MinecraftServer]: Размещение структуры: 15%, изменено блоков: 2542386
[10:58:30] [Server thread/INFO] [minecraft/GameTestServer]: [_]
[10:58:30] [Server thread/INFO] [minecraft/GameTestServer]: [_]
[10:58:30] [Server thread/INFO] [minecraft/GameTestServer]: [_]
[10:58:30] [Server thread/INFO] [minecraft/GameTestServer]: [_]
[10:58:30] [Server thread/INFO] [minecraft/GameTestServer]: [_]
[10:58:30] [Server thread/INFO] [minecraft/MinecraftServer]: Размещение структуры: 18%, изменено блоков: 2542386
[10:58:30] [Server thread/INFO] [minecraft/GameTestServer]: [_]
[10:58:31] [Server thread/INFO] [minecraft/GameTestServer]: [_]
[10:58:31] [Server thread/INFO] [minecraft/GameTestServer]: [_]
[10:58:31] [Server thread/INFO] [minecraft/GameTestServer]: [_]
[10:58:31] [Server thread/INFO] [minecraft/GameTestServer]: [_]
[10:58:31] [Server thread/INFO] [minecraft/MinecraftServer]: Размещение структуры: 21%, изменено блоков: 2542386
[10:58:31] [Server thread/INFO] [minecraft/GameTestServer]: [_]
[10:58:31] [Server thread/INFO] [minecraft/GameTestServer]: [_]
[10:58:32] [Server thread/INFO] [minecraft/GameTestServer]: [_]
[10:58:32] [Server thread/INFO] [minecraft/GameTestServer]: [_]
[10:58:32] [Server thread/INFO] [minecraft/GameTestServer]: [_]
[10:58:32] [Server thread/INFO] [minecraft/MinecraftServer]: Размещение структуры: 24%, изменено блоков: 2542386
[10:58:32] [Server thread/INFO] [minecraft/GameTestServer]: [_]
[10:58:32] [Server thread/INFO] [minecraft/GameTestServer]: [_]
[10:58:32] [Server thread/INFO] [minecraft/GameTestServer]: [_]
[10:58:32] [Server thread/INFO] [minecraft/GameTestServer]: [_]
[10:58:33] [Server thread/INFO] [minecraft/GameTestServer]: [_]
[10:58:33] [Server thread/INFO] [minecraft/MinecraftServer]: Размещение структуры: 27%, изменено блоков: 2542386
[10:58:33] [Server thread/INFO] [minecraft/GameTestServer]: [_]
[10:58:33] [Server thread/INFO] [minecraft/GameTestServer]: [_]
[10:58:33] [Server thread/INFO] [minecraft/GameTestServer]: [_]
[10:58:33] [Server thread/INFO] [minecraft/GameTestServer]: [_]
[10:58:33] [Server thread/INFO] [minecraft/GameTestServer]: [_]
[10:58:33] [Server thread/INFO] [minecraft/MinecraftServer]: Размещение структуры: 30%, изменено блоков: 2542386
[10:58:34] [Server thread/INFO] [minecraft/GameTestServer]: [_]
[10:58:34] [Server thread/INFO] [minecraft/GameTestServer]: [_]
[10:58:34] [Server thread/INFO] [minecraft/GameTestServer]: [_]
[10:58:34] [Server thread/INFO] [minecraft/GameTestServer]: [_]
[10:58:34] [Server thread/INFO] [minecraft/GameTestServer]: [_]
[10:58:34] [Server thread/INFO] [minecraft/MinecraftServer]: Размещение структуры: 33%, изменено блоков: 2542386
[10:58:34] [Server thread/INFO] [minecraft/GameTestServer]: [_]
[10:58:35] [Server thread/INFO] [minecraft/GameTestServer]: [_]
[10:58:35] [Server thread/INFO] [minecraft/GameTestServer]: [_]
[10:58:35] [Server thread/INFO] [minecraft/GameTestServer]: [_]
[10:58:35] [Server thread/INFO] [minecraft/GameTestServer]: [_]
[10:58:35] [Server thread/INFO] [minecraft/MinecraftServer]: Размещение структуры: 36%, изменено блоков: 2542386
[10:58:35] [Server thread/INFO] [minecraft/GameTestServer]: [_]
[10:58:35] [Server thread/INFO] [minecraft/GameTestServer]: [_]
[10:58:35] [Server thread/INFO] [minecraft/GameTestServer]: [_]
[10:58:36] [Server thread/INFO] [minecraft/GameTestServer]: [_]
[10:58:36] [Server thread/INFO] [minecraft/GameTestServer]: [_]
[10:58:36] [Server thread/INFO] [minecraft/MinecraftServer]: Размещение структуры: 39%, изменено блоков: 2542386
[10:58:36] [Server thread/INFO] [minecraft/GameTestServer]: [_]
[10:58:36] [Server thread/INFO] [minecraft/GameTestServer]: [_]
[10:58:36] [Server thread/INFO] [minecraft/GameTestServer]: [_]
[10:58:36] [Server thread/INFO] [minecraft/GameTestServer]: [_]
[10:58:37] [Server thread/INFO] [minecraft/GameTestServer]: [_]
[10:58:37] [Server thread/INFO] [minecraft/MinecraftServer]: Размещение структуры: 43%, изменено блоков: 2542386
[10:58:37] [Server thread/INFO] [minecraft/GameTestServer]: [_]
[10:58:37] [Server thread/INFO] [minecraft/GameTestServer]: [_]
[10:58:37] [Server thread/INFO] [minecraft/GameTestServer]: [_]
[10:58:37] [Server thread/INFO] [minecraft/GameTestServer]: [_]
[10:58:37] [Server thread/INFO] [minecraft/GameTestServer]: [_]
[10:58:37] [Server thread/INFO] [minecraft/MinecraftServer]: Размещение структуры: 46%, изменено блоков: 2542386
[10:58:38] [Server thread/INFO] [minecraft/GameTestServer]: [_]
[10:58:38] [Server thread/INFO] [minecraft/GameTestServer]: [_]
[10:58:38] [Server thread/INFO] [minecraft/GameTestServer]: [_]
[10:58:38] [Server thread/INFO] [minecraft/GameTestServer]: [_]
[10:58:38] [Server thread/INFO] [minecraft/GameTestServer]: [_]
[10:58:38] [Server thread/INFO] [minecraft/MinecraftServer]: Размещение структуры: 49%, изменено блоков: 2542386
[10:58:38] [Server thread/INFO] [minecraft/GameTestServer]: [_]
[10:58:38] [Server thread/INFO] [minecraft/GameTestServer]: [_]
[10:58:39] [Server thread/INFO] [minecraft/GameTestServer]: [_]
[10:58:39] [Server thread/INFO] [minecraft/GameTestServer]: [_]
[10:58:39] [Server thread/INFO] [minecraft/GameTestServer]: [_]
[10:58:39] [Server thread/INFO] [minecraft/MinecraftServer]: Размещение структуры: 52%, изменено блоков: 2542386
[10:58:39] [Server thread/INFO] [minecraft/GameTestServer]: [_]
[10:58:39] [Server thread/INFO] [minecraft/GameTestServer]: [_]
[10:58:39] [Server thread/INFO] [minecraft/GameTestServer]: [_]
[10:58:40] [Server thread/INFO] [minecraft/GameTestServer]: [_]
[10:58:40] [Server thread/INFO] [minecraft/GameTestServer]: [_]
[10:58:40] [Server thread/INFO] [minecraft/MinecraftServer]: Размещение структуры: 55%, изменено блоков: 2542386
[10:58:40] [Server thread/INFO] [minecraft/GameTestServer]: [_]
[10:58:40] [Server thread/INFO] [minecraft/GameTestServer]: [_]
[10:58:40] [Server thread/INFO] [minecraft/GameTestServer]: [_]
[10:58:40] [Server thread/INFO] [minecraft/GameTestServer]: [_]
[10:58:40] [Server thread/INFO] [minecraft/GameTestServer]: [_]
[10:58:41] [Server thread/INFO] [minecraft/MinecraftServer]: Размещение структуры: 58%, изменено блоков: 2542386
[10:58:41] [Server thread/INFO] [minecraft/GameTestServer]: [_]
[10:58:41] [Server thread/INFO] [minecraft/GameTestServer]: [_]
[10:58:41] [Server thread/INFO] [minecraft/GameTestServer]: [_]
[10:58:41] [Server thread/INFO] [minecraft/GameTestServer]: [_]
[10:58:41] [Server thread/INFO] [minecraft/GameTestServer]: [_]
[10:58:41] [Server thread/INFO] [minecraft/MinecraftServer]: Размещение структуры: 61%, изменено блоков: 2542386
[10:58:41] [Server thread/INFO] [minecraft/GameTestServer]: [_]
[10:58:41] [Server thread/INFO] [minecraft/GameTestServer]: [_]
[10:58:42] [Server thread/INFO] [minecraft/GameTestServer]: [_]
[10:58:42] [Server thread/INFO] [minecraft/GameTestServer]: [_]
[10:58:42] [Server thread/INFO] [minecraft/GameTestServer]: [_]
[10:58:42] [Server thread/INFO] [minecraft/MinecraftServer]: Размещение структуры: 64%, изменено блоков: 2542386
[10:58:42] [Server thread/INFO] [minecraft/GameTestServer]: [_]
[10:58:42] [Server thread/INFO] [minecraft/GameTestServer]: [_]
[10:58:42] [Server thread/INFO] [minecraft/GameTestServer]: [_]
[10:58:43] [Server thread/INFO] [minecraft/GameTestServer]: [_]
[10:58:43] [Server thread/INFO] [minecraft/GameTestServer]: [_]
[10:58:43] [Server thread/INFO] [minecraft/MinecraftServer]: Размещение структуры: 67%, изменено блоков: 2542386
[10:58:43] [Server thread/INFO] [minecraft/GameTestServer]: [_]
[10:58:43] [Server thread/INFO] [minecraft/GameTestServer]: [_]
[10:58:43] [Server thread/INFO] [minecraft/GameTestServer]: [_]
[10:58:43] [Server thread/INFO] [minecraft/GameTestServer]: [_]
[10:58:44] [Server thread/INFO] [minecraft/GameTestServer]: [_]
[10:58:44] [Server thread/INFO] [minecraft/MinecraftServer]: Размещение структуры: 70%, изменено блоков: 2542386
[10:58:44] [Server thread/INFO] [minecraft/GameTestServer]: [_]
[10:58:44] [Server thread/INFO] [minecraft/GameTestServer]: [_]
[10:58:44] [Server thread/INFO] [minecraft/GameTestServer]: [_]
[10:58:44] [Server thread/INFO] [minecraft/GameTestServer]: [_]
[10:58:44] [Server thread/INFO] [minecraft/GameTestServer]: [_]
[10:58:44] [Server thread/INFO] [minecraft/MinecraftServer]: Размещение структуры: 73%, изменено блоков: 2542386
[10:58:44] [Server thread/INFO] [minecraft/GameTestServer]: [_]
[10:58:45] [Server thread/INFO] [minecraft/GameTestServer]: [_]
[10:58:45] [Server thread/INFO] [minecraft/GameTestServer]: [_]
[10:58:45] [Server thread/INFO] [minecraft/GameTestServer]: [_]
[10:58:45] [Server thread/INFO] [minecraft/GameTestServer]: [_]
[10:58:45] [Server thread/INFO] [minecraft/MinecraftServer]: Размещение структуры: 77%, изменено блоков: 2542386
[10:58:45] [Server thread/INFO] [minecraft/GameTestServer]: [_]
[10:58:45] [Server thread/INFO] [minecraft/GameTestServer]: [_]
[10:58:46] [Server thread/INFO] [minecraft/GameTestServer]: [_]
[10:58:46] [Server thread/INFO] [minecraft/GameTestServer]: [_]
[10:58:46] [Server thread/INFO] [minecraft/GameTestServer]: [_]
[10:58:46] [Server thread/INFO] [minecraft/MinecraftServer]: Размещение структуры: 80%, изменено блоков: 2542386
[10:58:46] [Server thread/INFO] [minecraft/GameTestServer]: [_]
[10:58:46] [Server thread/INFO] [minecraft/GameTestServer]: [_]
[10:58:46] [Server thread/INFO] [minecraft/GameTestServer]: [_]
[10:58:46] [Server thread/INFO] [minecraft/GameTestServer]: [_]
[10:58:47] [Server thread/INFO] [minecraft/GameTestServer]: [_]
[10:58:47] [Server thread/INFO] [minecraft/MinecraftServer]: Размещение структуры: 83%, изменено блоков: 2542386
[10:58:47] [Server thread/INFO] [minecraft/GameTestServer]: [_]
[10:58:47] [Server thread/INFO] [minecraft/GameTestServer]: [_]
[10:58:47] [Server thread/INFO] [minecraft/GameTestServer]: [_]
[10:58:47] [Server thread/INFO] [minecraft/GameTestServer]: [_]
[10:58:47] [Server thread/INFO] [minecraft/GameTestServer]: [_]
[10:58:48] [Server thread/INFO] [minecraft/MinecraftServer]: Размещение структуры: 86%, изменено блоков: 2542386
[10:58:48] [Server thread/INFO] [minecraft/GameTestServer]: [_]
[10:58:48] [Server thread/INFO] [minecraft/GameTestServer]: [_]
[10:58:48] [Server thread/INFO] [minecraft/GameTestServer]: [_]
[10:58:48] [Server thread/INFO] [minecraft/GameTestServer]: [_]
[10:58:48] [Server thread/INFO] [minecraft/GameTestServer]: [_]
[10:58:48] [Server thread/INFO] [minecraft/MinecraftServer]: Размещение структуры: 89%, изменено блоков: 2542386
[10:58:48] [Server thread/INFO] [minecraft/GameTestServer]: [_]
[10:58:49] [Server thread/INFO] [minecraft/GameTestServer]: [_]
[10:58:49] [Server thread/INFO] [minecraft/GameTestServer]: [_]
[10:58:49] [Server thread/INFO] [minecraft/GameTestServer]: [_]
[10:58:49] [Server thread/INFO] [minecraft/GameTestServer]: [_]
[10:58:49] [Server thread/INFO] [minecraft/MinecraftServer]: Размещение структуры: 92%, изменено блоков: 2542386
[10:58:49] [Server thread/INFO] [minecraft/GameTestServer]: [_]
[10:58:49] [Server thread/INFO] [minecraft/GameTestServer]: [_]
[10:58:49] [Server thread/INFO] [minecraft/GameTestServer]: [_]
[10:58:50] [Server thread/INFO] [minecraft/GameTestServer]: [_]
[10:58:50] [Server thread/INFO] [minecraft/GameTestServer]: [_]
[10:58:50] [Server thread/INFO] [minecraft/MinecraftServer]: Размещение структуры: 95%, изменено блоков: 2542386
[10:58:50] [Server thread/INFO] [minecraft/GameTestServer]: [_]
[10:58:50] [Server thread/INFO] [minecraft/GameTestServer]: [_]
[10:58:50] [Server thread/INFO] [minecraft/GameTestServer]: [_]
[10:58:51] [Server thread/INFO] [minecraft/GameTestServer]: [_]
[10:58:51] [Server thread/INFO] [minecraft/GameTestServer]: [_]
[10:58:51] [Server thread/INFO] [minecraft/MinecraftServer]: Размещение структуры: 98%, изменено блоков: 2542386
[10:58:51] [Server thread/INFO] [minecraft/GameTestServer]: [_]
[10:58:51] [Server thread/INFO] [minecraft/GameTestServer]: [_]
[10:58:51] [Server thread/INFO] [minecraft/MinecraftServer]: Структура создана: -13255379, 1, 12761481
MANUAL_SEQUENTIAL_COMMAND_PASS slavicmyths generate kurgan great 0 dx=-256 dz=0 entrance=BlockPos{x=-13255379, y=1, z=12761481} ticks=13541 peakJobMs=17.5441
[10:58:51] [Server thread/INFO] [minecraft/MinecraftServer]: Подготавливается территория: bandit_camp / 0. Задание c21ef5d5-792b-40b7-9e4a-de49991a5413
[10:58:51] [Server thread/INFO] [minecraft/GameTestServer]: [_]
[10:58:52] [Server thread/INFO] [minecraft/GameTestServer]: [_]
[10:58:52] [Server thread/INFO] [minecraft/GameTestServer]: [_]
[10:58:52] [Server thread/INFO] [minecraft/MinecraftServer]: Проверяется другая площадка: 1 / 16
[10:58:52] [Server thread/INFO] [minecraft/GameTestServer]: [_]
[10:58:52] [Server thread/INFO] [minecraft/GameTestServer]: [_]
[10:58:52] [Server thread/INFO] [minecraft/MinecraftServer]: Загрузка территории: 88%, изменено блоков: 0
[10:58:52] [Server thread/INFO] [minecraft/MinecraftServer]: Проверяется другая площадка: 2 / 16
[10:58:52] [Server thread/INFO] [minecraft/GameTestServer]: [_]
[10:58:52] [Server thread/INFO] [minecraft/GameTestServer]: [_]
[10:58:52] [Server thread/INFO] [minecraft/GameTestServer]: [_]
[10:58:52] [Server thread/INFO] [minecraft/MinecraftServer]: Проверяется другая площадка: 3 / 16
[10:58:52] [Server thread/INFO] [minecraft/GameTestServer]: [_]
[10:58:52] [Server thread/INFO] [minecraft/GameTestServer]: [_]
[10:58:52] [Server thread/INFO] [minecraft/MinecraftServer]: Загрузка территории: 66%, изменено блоков: 0
[10:58:52] [Server thread/INFO] [minecraft/GameTestServer]: [_]
[10:58:52] [Server thread/INFO] [minecraft/MinecraftServer]: Проверяется другая площадка: 4 / 16
[10:58:52] [Server thread/INFO] [minecraft/GameTestServer]: [_]
[10:58:52] [Server thread/INFO] [minecraft/GameTestServer]: [_]
[10:58:53] [Server thread/INFO] [minecraft/GameTestServer]: [_]
[10:58:53] [Server thread/INFO] [minecraft/MinecraftServer]: Проверяется другая площадка: 5 / 16
[10:58:53] [Server thread/INFO] [minecraft/GameTestServer]: [_]
[10:58:53] [Server thread/INFO] [minecraft/MinecraftServer]: Загрузка территории: 44%, изменено блоков: 0
[10:58:53] [Server thread/INFO] [minecraft/GameTestServer]: [_]
[10:58:53] [Server thread/INFO] [minecraft/GameTestServer]: [_]
[10:58:53] [Server thread/INFO] [minecraft/MinecraftServer]: Проверяется другая площадка: 6 / 16
[10:58:53] [Server thread/INFO] [minecraft/GameTestServer]: [_]
[10:58:53] [Server thread/INFO] [minecraft/GameTestServer]: [_]
[10:58:53] [Server thread/INFO] [minecraft/MinecraftServer]: Проверяется другая площадка: 7 / 16
[10:58:53] [Server thread/INFO] [minecraft/GameTestServer]: [_]
[10:58:53] [Server thread/INFO] [minecraft/MinecraftServer]: Загрузка территории: 22%, изменено блоков: 0
[10:58:53] [Server thread/INFO] [minecraft/GameTestServer]: [_]
[10:58:53] [Server thread/INFO] [minecraft/GameTestServer]: [_]
[10:58:53] [Server thread/INFO] [minecraft/GameTestServer]: [_]
[10:58:53] [Server thread/INFO] [minecraft/GameTestServer]: [_]
[10:58:53] [Server thread/INFO] [minecraft/GameTestServer]: [_]
[10:58:53] [Server thread/INFO] [minecraft/MinecraftServer]: Загрузка территории: 80%, изменено блоков: 0
[10:58:53] [Server thread/INFO] [minecraft/GameTestServer]: [_]
[10:58:53] [Server thread/INFO] [minecraft/MinecraftServer]: Чанки загружены. Подготовка окончательного положения на Y=-61
[10:58:53] [Server thread/INFO] [minecraft/GameTestServer]: [_]
[10:58:53] [Server thread/INFO] [minecraft/GameTestServer]: [_]
[10:58:53] [Server thread/INFO] [minecraft/MinecraftServer]: Территория подготовлена. Размещается структура...
[10:58:54] [Server thread/INFO] [minecraft/GameTestServer]: [_]
[10:58:54] [Server thread/INFO] [minecraft/MinecraftServer]: Структура создана: -13255113, -60, 12761597
MANUAL_SEQUENTIAL_COMMAND_PASS slavicmyths generate bandit_camp small 0 dx=0 dz=128 entrance=BlockPos{x=-13255113, y=-60, z=12761597} ticks=569 peakJobMs=37.3195
[10:58:54] [Server thread/INFO] [minecraft/MinecraftServer]: Подготавливается территория: bandit_camp / 1. Задание d847bbe8-95ac-4b6d-a19e-1e5b9f25026e
[10:58:54] [Server thread/INFO] [minecraft/GameTestServer]: [_]
[10:58:54] [Server thread/INFO] [minecraft/GameTestServer]: [_]
[10:58:54] [Server thread/INFO] [minecraft/GameTestServer]: [_]
[10:58:54] [Server thread/INFO] [minecraft/GameTestServer]: [_]
[10:58:54] [Server thread/INFO] [minecraft/MinecraftServer]: Проверяется другая площадка: 1 / 16
[10:58:54] [Server thread/INFO] [minecraft/GameTestServer]: [_]
[10:58:54] [Server thread/INFO] [minecraft/MinecraftServer]: Загрузка территории: 6%, изменено блоков: 0
[10:58:54] [Server thread/INFO] [minecraft/GameTestServer]: [_]
[10:58:54] [Server thread/INFO] [minecraft/GameTestServer]: [_]
[10:58:54] [Server thread/INFO] [minecraft/GameTestServer]: [_]
[10:58:54] [Server thread/INFO] [minecraft/GameTestServer]: [_]
[10:58:54] [Server thread/INFO] [minecraft/MinecraftServer]: Проверяется другая площадка: 2 / 16
[10:58:54] [Server thread/INFO] [minecraft/GameTestServer]: [_]
[10:58:54] [Server thread/INFO] [minecraft/MinecraftServer]: Загрузка территории: 6%, изменено блоков: 0
[10:58:54] [Server thread/INFO] [minecraft/GameTestServer]: [_]
[10:58:54] [Server thread/INFO] [minecraft/GameTestServer]: [_]
[10:58:54] [Server thread/INFO] [minecraft/GameTestServer]: [_]
[10:58:54] [Server thread/INFO] [minecraft/GameTestServer]: [_]
[10:58:54] [Server thread/INFO] [minecraft/MinecraftServer]: Проверяется другая площадка: 3 / 16
[10:58:55] [Server thread/INFO] [minecraft/GameTestServer]: [_]
[10:58:55] [Server thread/INFO] [minecraft/MinecraftServer]: Загрузка территории: 6%, изменено блоков: 0
[10:58:55] [Server thread/INFO] [minecraft/GameTestServer]: [_]
[10:58:55] [Server thread/INFO] [minecraft/GameTestServer]: [_]
[10:58:55] [Server thread/INFO] [minecraft/GameTestServer]: [_]
[10:58:55] [Server thread/INFO] [minecraft/GameTestServer]: [_]
[10:58:55] [Server thread/INFO] [minecraft/MinecraftServer]: Проверяется другая площадка: 4 / 16
[10:58:55] [Server thread/INFO] [minecraft/GameTestServer]: [_]
[10:58:55] [Server thread/INFO] [minecraft/MinecraftServer]: Загрузка территории: 12%, изменено блоков: 0
[10:58:55] [Server thread/INFO] [minecraft/GameTestServer]: [_]
[10:58:55] [Server thread/INFO] [minecraft/GameTestServer]: [_]
[10:58:55] [Server thread/INFO] [minecraft/GameTestServer]: [_]
[10:58:55] [Server thread/INFO] [minecraft/GameTestServer]: [_]
[10:58:55] [Server thread/INFO] [minecraft/MinecraftServer]: Проверяется другая площадка: 5 / 16
[10:58:55] [Server thread/INFO] [minecraft/GameTestServer]: [_]
[10:58:55] [Server thread/INFO] [minecraft/MinecraftServer]: Загрузка территории: 12%, изменено блоков: 0
[10:58:55] [Server thread/INFO] [minecraft/GameTestServer]: [_]
[10:58:55] [Server thread/INFO] [minecraft/GameTestServer]: [_]
[10:58:55] [Server thread/INFO] [minecraft/GameTestServer]: [_]
[10:58:55] [Server thread/INFO] [minecraft/GameTestServer]: [_]
[10:58:55] [Server thread/INFO] [minecraft/MinecraftServer]: Проверяется другая площадка: 6 / 16
[10:58:55] [Server thread/INFO] [minecraft/GameTestServer]: [_]
[10:58:55] [Server thread/INFO] [minecraft/MinecraftServer]: Загрузка территории: 12%, изменено блоков: 0
[10:58:55] [Server thread/INFO] [minecraft/GameTestServer]: [_]
[10:58:56] [Server thread/INFO] [minecraft/GameTestServer]: [_]
[10:58:56] [Server thread/INFO] [minecraft/GameTestServer]: [_]
[10:58:56] [Server thread/INFO] [minecraft/GameTestServer]: [_]
[10:58:56] [Server thread/INFO] [minecraft/MinecraftServer]: Проверяется другая площадка: 7 / 16
[10:58:56] [Server thread/INFO] [minecraft/GameTestServer]: [_]
[10:58:56] [Server thread/INFO] [minecraft/MinecraftServer]: Загрузка территории: 18%, изменено блоков: 0
[10:58:56] [Server thread/INFO] [minecraft/GameTestServer]: [_]
[10:58:56] [Server thread/INFO] [minecraft/GameTestServer]: [_]
[10:58:56] [Server thread/INFO] [minecraft/GameTestServer]: [_]
[10:58:56] [Server thread/INFO] [minecraft/GameTestServer]: [_]
[10:58:56] [Server thread/INFO] [minecraft/MinecraftServer]: Проверяется другая площадка: 8 / 16
[10:58:56] [Server thread/INFO] [minecraft/GameTestServer]: [_]
[10:58:56] [Server thread/INFO] [minecraft/MinecraftServer]: Загрузка территории: 18%, изменено блоков: 0
[10:58:56] [Server thread/INFO] [minecraft/GameTestServer]: [_]
[10:58:56] [Server thread/INFO] [minecraft/GameTestServer]: [_]
[10:58:56] [Server thread/INFO] [minecraft/GameTestServer]: [_]
[10:58:56] [Server thread/INFO] [minecraft/MinecraftServer]: Проверяется другая площадка: 9 / 16
[10:58:56] [Server thread/INFO] [minecraft/GameTestServer]: [_]
[10:58:56] [Server thread/INFO] [minecraft/GameTestServer]: [_]
[10:58:56] [Server thread/INFO] [minecraft/MinecraftServer]: Загрузка территории: 18%, изменено блоков: 0
[10:58:56] [Server thread/INFO] [minecraft/GameTestServer]: [_]
[10:58:56] [Server thread/INFO] [minecraft/GameTestServer]: [_]
[10:58:56] [Server thread/INFO] [minecraft/GameTestServer]: [_]
[10:58:57] [Server thread/INFO] [minecraft/MinecraftServer]: Проверяется другая площадка: 10 / 16
[10:58:57] [Server thread/INFO] [minecraft/GameTestServer]: [_]
[10:58:57] [Server thread/INFO] [minecraft/GameTestServer]: [_]
[10:58:57] [Server thread/INFO] [minecraft/MinecraftServer]: Загрузка территории: 25%, изменено блоков: 0
[10:58:57] [Server thread/INFO] [minecraft/GameTestServer]: [_]
[10:58:57] [Server thread/INFO] [minecraft/GameTestServer]: [_]
[10:58:57] [Server thread/INFO] [minecraft/GameTestServer]: [_]
[10:58:57] [Server thread/INFO] [minecraft/MinecraftServer]: Проверяется другая площадка: 11 / 16
[10:58:57] [Server thread/INFO] [minecraft/GameTestServer]: [_]
[10:58:57] [Server thread/INFO] [minecraft/GameTestServer]: [_]
[10:58:57] [Server thread/INFO] [minecraft/MinecraftServer]: Загрузка территории: 25%, изменено блоков: 0
[10:58:57] [Server thread/INFO] [minecraft/GameTestServer]: [_]
[10:58:57] [Server thread/INFO] [minecraft/GameTestServer]: [_]
[10:58:57] [Server thread/INFO] [minecraft/GameTestServer]: [_]
[10:58:57] [Server thread/INFO] [minecraft/GameTestServer]: [_]
[10:58:57] [Server thread/INFO] [minecraft/GameTestServer]: [_]
[10:58:57] [Server thread/INFO] [minecraft/MinecraftServer]: Загрузка территории: 50%, изменено блоков: 0
[10:58:57] [Server thread/INFO] [minecraft/GameTestServer]: [_]
[10:58:57] [Server thread/INFO] [minecraft/GameTestServer]: [_]
[10:58:57] [Server thread/INFO] [minecraft/GameTestServer]: [_]
[10:58:57] [Server thread/INFO] [minecraft/MinecraftServer]: Чанки загружены. Подготовка окончательного положения на Y=-61
[10:58:57] [Server thread/INFO] [minecraft/GameTestServer]: [_]
[10:58:58] [Server thread/INFO] [minecraft/GameTestServer]: [_]
[10:58:58] [Server thread/INFO] [minecraft/MinecraftServer]: Планирование грунта: 73%, изменено блоков: 0
[10:58:58] [Server thread/INFO] [minecraft/GameTestServer]: [_]
[10:58:58] [Server thread/INFO] [minecraft/MinecraftServer]: Территория подготовлена. Размещается структура...
[10:58:58] [Server thread/INFO] [minecraft/GameTestServer]: [_]
[10:58:58] [Server thread/INFO] [minecraft/GameTestServer]: [_]
[10:58:58] [Server thread/INFO] [minecraft/MinecraftServer]: Структура создана: -13255113, -60, 12761661
MANUAL_SEQUENTIAL_COMMAND_PASS slavicmyths generate bandit_camp fortified 0 dx=0 dz=192 entrance=BlockPos{x=-13255113, y=-60, z=12761661} ticks=1360 peakJobMs=3.2133
[10:58:58] [Server thread/INFO] [minecraft/MinecraftServer]: Подготавливается территория: bandit_camp / 2. Задание 3c11551c-6c03-47ae-80af-93d77b8727c7
[10:58:58] [Server thread/INFO] [minecraft/GameTestServer]: [_]
[10:58:58] [Server thread/INFO] [minecraft/GameTestServer]: [_]
[10:58:58] [Server thread/INFO] [minecraft/GameTestServer]: [_]
[10:58:58] [Server thread/INFO] [minecraft/GameTestServer]: [_]
[10:58:58] [Server thread/INFO] [minecraft/GameTestServer]: [_]
[10:58:58] [Server thread/INFO] [minecraft/MinecraftServer]: Загрузка территории: 42%, изменено блоков: 0
[10:58:58] [Server thread/INFO] [minecraft/GameTestServer]: [_]
[10:58:58] [Server thread/INFO] [minecraft/GameTestServer]: [_]
[10:58:58] [Server thread/INFO] [minecraft/GameTestServer]: [_]
[10:58:58] [Server thread/INFO] [minecraft/GameTestServer]: [_]
[10:58:58] [Server thread/INFO] [minecraft/GameTestServer]: [_]
[10:58:58] [Server thread/INFO] [minecraft/MinecraftServer]: Загрузка территории: 83%, изменено блоков: 0
[10:58:58] [Server thread/INFO] [minecraft/GameTestServer]: [_]
[10:58:59] [Server thread/INFO] [minecraft/GameTestServer]: [_]
[10:58:59] [Server thread/INFO] [minecraft/MinecraftServer]: Проверяется другая площадка: 1 / 16
[10:58:59] [Server thread/INFO] [minecraft/GameTestServer]: [_]
[10:58:59] [Server thread/INFO] [minecraft/GameTestServer]: [_]
[10:58:59] [Server thread/INFO] [minecraft/GameTestServer]: [_]
[10:58:59] [Server thread/INFO] [minecraft/MinecraftServer]: Загрузка территории: 23%, изменено блоков: 0
[10:58:59] [Server thread/INFO] [minecraft/GameTestServer]: [_]
[10:58:59] [Server thread/INFO] [minecraft/GameTestServer]: [_]
[10:58:59] [Server thread/INFO] [minecraft/GameTestServer]: [_]
[10:58:59] [Server thread/INFO] [minecraft/GameTestServer]: [_]
[10:58:59] [Server thread/INFO] [minecraft/GameTestServer]: [_]
[10:58:59] [Server thread/INFO] [minecraft/MinecraftServer]: Загрузка территории: 61%, изменено блоков: 0
[10:58:59] [Server thread/INFO] [minecraft/GameTestServer]: [_]
[10:58:59] [Server thread/INFO] [minecraft/GameTestServer]: [_]
[10:58:59] [Server thread/INFO] [minecraft/GameTestServer]: [_]
[10:58:59] [Server thread/INFO] [minecraft/GameTestServer]: [_]
[10:58:59] [Server thread/INFO] [minecraft/MinecraftServer]: Проверяется другая площадка: 2 / 16
[10:58:59] [Server thread/INFO] [minecraft/GameTestServer]: [_]
[10:58:59] [Server thread/INFO] [minecraft/MinecraftServer]: Загрузка территории: 2%, изменено блоков: 0
[10:58:59] [Server thread/INFO] [minecraft/GameTestServer]: [_]
[10:58:59] [Server thread/INFO] [minecraft/GameTestServer]: [_]
[10:58:59] [Server thread/INFO] [minecraft/GameTestServer]: [_]
[10:59:00] [Server thread/INFO] [minecraft/GameTestServer]: [_]
[10:59:00] [Server thread/INFO] [minecraft/GameTestServer]: [_]
[10:59:00] [Server thread/INFO] [minecraft/MinecraftServer]: Загрузка территории: 40%, изменено блоков: 0
[10:59:00] [Server thread/INFO] [minecraft/GameTestServer]: [_]
[10:59:00] [Server thread/INFO] [minecraft/GameTestServer]: [_]
[10:59:00] [Server thread/INFO] [minecraft/GameTestServer]: [_]
[10:59:00] [Server thread/INFO] [minecraft/GameTestServer]: [_]
[10:59:00] [Server thread/INFO] [minecraft/GameTestServer]: [_]
[10:59:00] [Server thread/INFO] [minecraft/MinecraftServer]: Загрузка территории: 80%, изменено блоков: 0
[10:59:00] [Server thread/INFO] [minecraft/GameTestServer]: [_]
[10:59:00] [Server thread/INFO] [minecraft/GameTestServer]: [_]
[10:59:00] [Server thread/INFO] [minecraft/MinecraftServer]: Проверяется другая площадка: 3 / 16
[10:59:00] [Server thread/INFO] [minecraft/GameTestServer]: [_]
[10:59:00] [Server thread/INFO] [minecraft/GameTestServer]: [_]
[10:59:00] [Server thread/INFO] [minecraft/GameTestServer]: [_]
[10:59:00] [Server thread/INFO] [minecraft/MinecraftServer]: Загрузка территории: 19%, изменено блоков: 0
[10:59:00] [Server thread/INFO] [minecraft/GameTestServer]: [_]
[10:59:00] [Server thread/INFO] [minecraft/GameTestServer]: [_]
[10:59:00] [Server thread/INFO] [minecraft/GameTestServer]: [_]
[10:59:00] [Server thread/INFO] [minecraft/GameTestServer]: [_]
[10:59:00] [Server thread/INFO] [minecraft/GameTestServer]: [_]
[10:59:00] [Server thread/INFO] [minecraft/MinecraftServer]: Загрузка территории: 59%, изменено блоков: 0
[10:59:00] [Server thread/INFO] [minecraft/GameTestServer]: [_]
[10:59:01] [Server thread/INFO] [minecraft/GameTestServer]: [_]
[10:59:01] [Server thread/INFO] [minecraft/GameTestServer]: [_]
[10:59:01] [Server thread/INFO] [minecraft/GameTestServer]: [_]
[10:59:01] [Server thread/INFO] [minecraft/GameTestServer]: [_]
[10:59:01] [Server thread/INFO] [minecraft/MinecraftServer]: Загрузка территории: 100%, изменено блоков: 0
[10:59:01] [Server thread/INFO] [minecraft/MinecraftServer]: Проверяется другая площадка: 4 / 16
[10:59:01] [Server thread/INFO] [minecraft/GameTestServer]: [_]
[10:59:01] [Server thread/INFO] [minecraft/GameTestServer]: [_]
[10:59:01] [Server thread/INFO] [minecraft/GameTestServer]: [_]
[10:59:01] [Server thread/INFO] [minecraft/GameTestServer]: [_]
[10:59:01] [Server thread/INFO] [minecraft/GameTestServer]: [_]
[10:59:01] [Server thread/INFO] [minecraft/MinecraftServer]: Загрузка территории: 38%, изменено блоков: 0
[10:59:01] [Server thread/INFO] [minecraft/GameTestServer]: [_]
[10:59:01] [Server thread/INFO] [minecraft/GameTestServer]: [_]
[10:59:01] [Server thread/INFO] [minecraft/GameTestServer]: [_]
[10:59:01] [Server thread/INFO] [minecraft/GameTestServer]: [_]
[10:59:01] [Server thread/INFO] [minecraft/GameTestServer]: [_]
[10:59:01] [Server thread/INFO] [minecraft/MinecraftServer]: Загрузка территории: 78%, изменено блоков: 0
[10:59:01] [Server thread/INFO] [minecraft/GameTestServer]: [_]
[10:59:01] [Server thread/INFO] [minecraft/GameTestServer]: [_]
[10:59:01] [Server thread/INFO] [minecraft/GameTestServer]: [_]
[10:59:01] [Server thread/INFO] [minecraft/MinecraftServer]: Проверяется другая площадка: 5 / 16
[10:59:02] [Server thread/INFO] [minecraft/GameTestServer]: [_]
[10:59:02] [Server thread/INFO] [minecraft/GameTestServer]: [_]
[10:59:02] [Server thread/INFO] [minecraft/MinecraftServer]: Загрузка территории: 16%, изменено блоков: 0
[10:59:02] [Server thread/INFO] [minecraft/GameTestServer]: [_]
[10:59:02] [Server thread/INFO] [minecraft/GameTestServer]: [_]
[10:59:02] [Server thread/INFO] [minecraft/GameTestServer]: [_]
[10:59:02] [Server thread/INFO] [minecraft/GameTestServer]: [_]
[10:59:02] [Server thread/INFO] [minecraft/GameTestServer]: [_]
[10:59:02] [Server thread/INFO] [minecraft/MinecraftServer]: Загрузка территории: 57%, изменено блоков: 0
[10:59:02] [Server thread/INFO] [minecraft/GameTestServer]: [_]
[10:59:02] [Server thread/INFO] [minecraft/GameTestServer]: [_]
[10:59:02] [Server thread/INFO] [minecraft/GameTestServer]: [_]
[10:59:02] [Server thread/INFO] [minecraft/GameTestServer]: [_]
[10:59:02] [Server thread/INFO] [minecraft/GameTestServer]: [_]
[10:59:02] [Server thread/INFO] [minecraft/MinecraftServer]: Загрузка территории: 95%, изменено блоков: 0
[10:59:02] [Server thread/INFO] [minecraft/MinecraftServer]: Проверяется другая площадка: 6 / 16
[10:59:02] [Server thread/INFO] [minecraft/GameTestServer]: [_]
[10:59:02] [Server thread/INFO] [minecraft/GameTestServer]: [_]
[10:59:02] [Server thread/INFO] [minecraft/GameTestServer]: [_]
[10:59:02] [Server thread/INFO] [minecraft/GameTestServer]: [_]
[10:59:02] [Server thread/INFO] [minecraft/GameTestServer]: [_]
[10:59:02] [Server thread/INFO] [minecraft/MinecraftServer]: Загрузка территории: 35%, изменено блоков: 0
[10:59:02] [Server thread/INFO] [minecraft/GameTestServer]: [_]
[10:59:03] [Server thread/INFO] [minecraft/GameTestServer]: [_]
[10:59:03] [Server thread/INFO] [minecraft/GameTestServer]: [_]
[10:59:03] [Server thread/INFO] [minecraft/GameTestServer]: [_]
[10:59:03] [Server thread/INFO] [minecraft/GameTestServer]: [_]
[10:59:03] [Server thread/INFO] [minecraft/MinecraftServer]: Загрузка территории: 73%, изменено блоков: 0
[10:59:03] [Server thread/INFO] [minecraft/GameTestServer]: [_]
[10:59:03] [Server thread/INFO] [minecraft/GameTestServer]: [_]
[10:59:03] [Server thread/INFO] [minecraft/GameTestServer]: [_]
[10:59:03] [Server thread/INFO] [minecraft/MinecraftServer]: Проверяется другая площадка: 7 / 16
[10:59:03] [Server thread/INFO] [minecraft/GameTestServer]: [_]
[10:59:03] [Server thread/INFO] [minecraft/GameTestServer]: [_]
[10:59:03] [Server thread/INFO] [minecraft/MinecraftServer]: Загрузка территории: 14%, изменено блоков: 0
[10:59:03] [Server thread/INFO] [minecraft/GameTestServer]: [_]
[10:59:03] [Server thread/INFO] [minecraft/GameTestServer]: [_]
[10:59:03] [Server thread/INFO] [minecraft/GameTestServer]: [_]
[10:59:03] [Server thread/INFO] [minecraft/GameTestServer]: [_]
[10:59:03] [Server thread/INFO] [minecraft/GameTestServer]: [_]
[10:59:03] [Server thread/INFO] [minecraft/MinecraftServer]: Загрузка территории: 52%, изменено блоков: 0
[10:59:03] [Server thread/INFO] [minecraft/GameTestServer]: [_]
[10:59:03] [Server thread/INFO] [minecraft/GameTestServer]: [_]
[10:59:03] [Server thread/INFO] [minecraft/GameTestServer]: [_]
[10:59:04] [Server thread/INFO] [minecraft/GameTestServer]: [_]
[10:59:04] [Server thread/INFO] [minecraft/GameTestServer]: [_]
[10:59:04] [Server thread/INFO] [minecraft/MinecraftServer]: Загрузка территории: 92%, изменено блоков: 0
[10:59:04] [Server thread/INFO] [minecraft/GameTestServer]: [_]
[10:59:04] [Server thread/INFO] [minecraft/MinecraftServer]: Проверяется другая площадка: 8 / 16
[10:59:04] [Server thread/INFO] [minecraft/GameTestServer]: [_]
[10:59:04] [Server thread/INFO] [minecraft/GameTestServer]: [_]
[10:59:04] [Server thread/INFO] [minecraft/GameTestServer]: [_]
[10:59:04] [Server thread/INFO] [minecraft/GameTestServer]: [_]
[10:59:04] [Server thread/INFO] [minecraft/MinecraftServer]: Загрузка территории: 30%, изменено блоков: 0
[10:59:04] [Server thread/INFO] [minecraft/GameTestServer]: [_]
[10:59:04] [Server thread/INFO] [minecraft/GameTestServer]: [_]
[10:59:04] [Server thread/INFO] [minecraft/GameTestServer]: [_]
[10:59:04] [Server thread/INFO] [minecraft/GameTestServer]: [_]
[10:59:04] [Server thread/INFO] [minecraft/GameTestServer]: [_]
[10:59:04] [Server thread/INFO] [minecraft/MinecraftServer]: Загрузка территории: 71%, изменено блоков: 0
[10:59:04] [Server thread/INFO] [minecraft/GameTestServer]: [_]
[10:59:04] [Server thread/INFO] [minecraft/GameTestServer]: [_]
[10:59:04] [Server thread/INFO] [minecraft/GameTestServer]: [_]
[10:59:04] [Server thread/INFO] [minecraft/MinecraftServer]: Проверяется другая площадка: 9 / 16
[10:59:04] [Server thread/INFO] [minecraft/GameTestServer]: [_]
[10:59:04] [Server thread/INFO] [minecraft/GameTestServer]: [_]
[10:59:04] [Server thread/INFO] [minecraft/MinecraftServer]: Загрузка территории: 9%, изменено блоков: 0
[10:59:04] [Server thread/INFO] [minecraft/GameTestServer]: [_]
[10:59:05] [Server thread/INFO] [minecraft/GameTestServer]: [_]
[10:59:05] [Server thread/INFO] [minecraft/GameTestServer]: [_]
[10:59:05] [Server thread/INFO] [minecraft/GameTestServer]: [_]
[10:59:05] [Server thread/INFO] [minecraft/GameTestServer]: [_]
[10:59:05] [Server thread/INFO] [minecraft/MinecraftServer]: Загрузка территории: 50%, изменено блоков: 0
[10:59:05] [Server thread/INFO] [minecraft/GameTestServer]: [_]
[10:59:05] [Server thread/INFO] [minecraft/GameTestServer]: [_]
[10:59:05] [Server thread/INFO] [minecraft/GameTestServer]: [_]
[10:59:05] [Server thread/INFO] [minecraft/GameTestServer]: [_]
[10:59:05] [Server thread/INFO] [minecraft/GameTestServer]: [_]
[10:59:05] [Server thread/INFO] [minecraft/MinecraftServer]: Загрузка территории: 90%, изменено блоков: 0
[10:59:05] [Server thread/INFO] [minecraft/GameTestServer]: [_]
[10:59:05] [Server thread/INFO] [minecraft/MinecraftServer]: Проверяется другая площадка: 10 / 16
[10:59:05] [Server thread/INFO] [minecraft/GameTestServer]: [_]
[10:59:05] [Server thread/INFO] [minecraft/GameTestServer]: [_]
[10:59:05] [Server thread/INFO] [minecraft/GameTestServer]: [_]
[10:59:05] [Server thread/INFO] [minecraft/GameTestServer]: [_]
[10:59:05] [Server thread/INFO] [minecraft/MinecraftServer]: Загрузка территории: 28%, изменено блоков: 0
[10:59:05] [Server thread/INFO] [minecraft/GameTestServer]: [_]
[10:59:05] [Server thread/INFO] [minecraft/GameTestServer]: [_]
[10:59:05] [Server thread/INFO] [minecraft/GameTestServer]: [_]
[10:59:06] [Server thread/INFO] [minecraft/GameTestServer]: [_]
[10:59:06] [Server thread/INFO] [minecraft/GameTestServer]: [_]
[10:59:06] [Server thread/INFO] [minecraft/MinecraftServer]: Загрузка территории: 69%, изменено блоков: 0
[10:59:06] [Server thread/INFO] [minecraft/GameTestServer]: [_]
[10:59:06] [Server thread/INFO] [minecraft/GameTestServer]: [_]
[10:59:06] [Server thread/INFO] [minecraft/GameTestServer]: [_]
[10:59:06] [Server thread/INFO] [minecraft/GameTestServer]: [_]
[10:59:06] [Server thread/INFO] [minecraft/MinecraftServer]: Проверяется другая площадка: 11 / 16
[10:59:06] [Server thread/INFO] [minecraft/GameTestServer]: [_]
[10:59:06] [Server thread/INFO] [minecraft/MinecraftServer]: Загрузка территории: 7%, изменено блоков: 0
[10:59:06] [Server thread/INFO] [minecraft/GameTestServer]: [_]
[10:59:06] [Server thread/INFO] [minecraft/GameTestServer]: [_]
[10:59:06] [Server thread/INFO] [minecraft/GameTestServer]: [_]
[10:59:06] [Server thread/INFO] [minecraft/GameTestServer]: [_]
[10:59:06] [Server thread/INFO] [minecraft/GameTestServer]: [_]
[10:59:06] [Server thread/INFO] [minecraft/MinecraftServer]: Загрузка территории: 47%, изменено блоков: 0
[10:59:06] [Server thread/INFO] [minecraft/GameTestServer]: [_]
[10:59:06] [Server thread/INFO] [minecraft/GameTestServer]: [_]
[10:59:06] [Server thread/INFO] [minecraft/GameTestServer]: [_]
[10:59:06] [Server thread/INFO] [minecraft/GameTestServer]: [_]
[10:59:06] [Server thread/INFO] [minecraft/GameTestServer]: [_]
[10:59:06] [Server thread/INFO] [minecraft/MinecraftServer]: Загрузка территории: 85%, изменено блоков: 0
[10:59:07] [Server thread/INFO] [minecraft/GameTestServer]: [_]
[10:59:07] [Server thread/INFO] [minecraft/MinecraftServer]: Проверяется другая площадка: 12 / 16
[10:59:07] [Server thread/INFO] [minecraft/GameTestServer]: [_]
[10:59:07] [Server thread/INFO] [minecraft/GameTestServer]: [_]
[10:59:07] [Server thread/INFO] [minecraft/GameTestServer]: [_]
[10:59:07] [Server thread/INFO] [minecraft/GameTestServer]: [_]
[10:59:07] [Server thread/INFO] [minecraft/MinecraftServer]: Загрузка территории: 26%, изменено блоков: 0
[10:59:07] [Server thread/INFO] [minecraft/GameTestServer]: [_]
[10:59:07] [Server thread/INFO] [minecraft/GameTestServer]: [_]
[10:59:07] [Server thread/INFO] [minecraft/GameTestServer]: [_]
[10:59:07] [Server thread/INFO] [minecraft/GameTestServer]: [_]
[10:59:07] [Server thread/INFO] [minecraft/GameTestServer]: [_]
[10:59:07] [Server thread/INFO] [minecraft/MinecraftServer]: Загрузка территории: 64%, изменено блоков: 0
[10:59:07] [Server thread/INFO] [minecraft/GameTestServer]: [_]
[10:59:07] [Server thread/INFO] [minecraft/GameTestServer]: [_]
[10:59:07] [Server thread/INFO] [minecraft/GameTestServer]: [_]
[10:59:07] [Server thread/INFO] [minecraft/GameTestServer]: [_]
[10:59:07] [Server thread/INFO] [minecraft/GameTestServer]: [_]
[10:59:07] [Server thread/INFO] [minecraft/MinecraftServer]: Загрузка территории: 7%, изменено блоков: 0
[10:59:07] [Server thread/INFO] [minecraft/GameTestServer]: [_]
[10:59:07] [Server thread/INFO] [minecraft/GameTestServer]: [_]
[10:59:07] [Server thread/INFO] [minecraft/GameTestServer]: [_]
[10:59:08] [Server thread/INFO] [minecraft/GameTestServer]: [_]
[10:59:08] [Server thread/INFO] [minecraft/GameTestServer]: [_]
[10:59:08] [Server thread/INFO] [minecraft/MinecraftServer]: Загрузка территории: 94%, изменено блоков: 0
[10:59:08] [Server thread/INFO] [minecraft/MinecraftServer]: Чанки загружены. Подготовка окончательного положения на Y=-57
[10:59:08] [Server thread/INFO] [minecraft/GameTestServer]: [_]
[10:59:08] [Server thread/INFO] [minecraft/GameTestServer]: [_]
[10:59:08] [Server thread/INFO] [minecraft/GameTestServer]: [_]
[10:59:08] [Server thread/INFO] [minecraft/GameTestServer]: [_]
[10:59:08] [Server thread/INFO] [minecraft/GameTestServer]: [_]
[10:59:08] [Server thread/INFO] [minecraft/MinecraftServer]: Планирование грунта: 92%, изменено блоков: 0
[10:59:08] [Server thread/INFO] [minecraft/GameTestServer]: [_]
[10:59:08] [Server thread/INFO] [minecraft/GameTestServer]: [_]
[10:59:08] [Server thread/INFO] [minecraft/GameTestServer]: [_]
[10:59:08] [Server thread/INFO] [minecraft/MinecraftServer]: Территория подготовлена. Размещается структура...
[10:59:08] [Server thread/INFO] [minecraft/GameTestServer]: [_]
[10:59:08] [Server thread/INFO] [minecraft/GameTestServer]: [_]
[10:59:08] [Server thread/INFO] [minecraft/MinecraftServer]: Размещение структуры: 18%, изменено блоков: 39277
[10:59:08] [Server thread/INFO] [minecraft/GameTestServer]: [_]
[10:59:08] [Server thread/INFO] [minecraft/GameTestServer]: [_]
[10:59:09] [Server thread/INFO] [minecraft/GameTestServer]: [_]
[10:59:09] [Server thread/INFO] [minecraft/GameTestServer]: [_]
[10:59:09] [Server thread/INFO] [minecraft/GameTestServer]: [_]
[10:59:09] [Server thread/INFO] [minecraft/MinecraftServer]: Размещение структуры: 66%, изменено блоков: 39277
[10:59:09] [Server thread/INFO] [minecraft/GameTestServer]: [_]
[10:59:09] [Server thread/INFO] [minecraft/GameTestServer]: [_]
[10:59:09] [Server thread/INFO] [minecraft/GameTestServer]: [_]
[10:59:09] [Server thread/INFO] [minecraft/MinecraftServer]: Структура создана: -13255084, -56, 12761237
MANUAL_SEQUENTIAL_COMMAND_PASS slavicmyths generate bandit_camp large 0 dx=0 dz=-192 entrance=BlockPos{x=-13255084, y=-56, z=12761237} ticks=3772 peakJobMs=58.8982
MANUAL_SEQUENTIAL_SAME_SOURCE_PASS commands=6 structures=6 previousEntrancesPreserved=true boundedLocalRelocation=true
[10:59:09] [Server thread/INFO] [minecraft/GameTestServer]: [+]
[10:59:09] [Server thread/INFO] [minecraft/GameTestServer]: [+]
[10:59:09] [Server thread/INFO] [minecraft/GameTestServer]: ========= 1 GAME TESTS COMPLETE IN 1.852 min ======================
[10:59:09] [Server thread/INFO] [minecraft/GameTestServer]: All 1 required tests passed :)
[10:59:09] [Server thread/INFO] [minecraft/GameTestServer]: ====================================================
[10:59:09] [Server thread/INFO] [minecraft/MinecraftServer]: Stopping server
[10:59:09] [Server thread/INFO] [minecraft/MinecraftServer]: Saving players
[10:59:09] [Server thread/INFO] [minecraft/MinecraftServer]: Saving worlds
[10:59:09] [Server thread/INFO] [minecraft/MinecraftServer]: Saving chunks for level 'ServerLevel[Test Level]'/minecraft:overworld
[10:59:10] [Server thread/INFO] [minecraft/MinecraftServer]: Saving chunks for level 'ServerLevel[Test Level]'/minecraft:the_nether
[10:59:10] [Server thread/INFO] [minecraft/MinecraftServer]: Saving chunks for level 'ServerLevel[Test Level]'/minecraft:the_end
[10:59:10] [Server thread/INFO] [minecraft/MinecraftServer]: ThreadedAnvilChunkStorage (world): All chunks are saved
[10:59:10] [Server thread/INFO] [minecraft/MinecraftServer]: ThreadedAnvilChunkStorage (DIM-1): All chunks are saved
[10:59:10] [Server thread/INFO] [minecraft/MinecraftServer]: ThreadedAnvilChunkStorage (DIM1): All chunks are saved
[10:59:10] [Server thread/INFO] [minecraft/MinecraftServer]: ThreadedAnvilChunkStorage: All dimensions are saved
[10:59:10] [Server thread/INFO] [minecraft/GameTestServer]: Game test server shutting down

[Incubating] Problems report is available at: file:///D:/slavic-myths/build/reports/problems/problems-report.html

BUILD SUCCESSFUL in 2m 20s
9 actionable tasks: 3 executed, 6 up-to-date
Consider enabling configuration cache to speed up this build: https://docs.gradle.org/9.2.1/userguide/configuration_cache_enabling.html
