To honour the JVM settings for this build a single-use Daemon process will be forked. For more on this, please refer to https://docs.gradle.org/9.2.1/userguide/gradle_daemon.html#sec:disabling_the_daemon in the Gradle documentation.
Daemon will be stopped at the end of the build 
> Task :createMinecraftArtifacts UP-TO-DATE

> Task :compileJava
Note: Some input files use or override a deprecated API.
Note: Recompile with -Xlint:deprecation for details.

> Task :processResources UP-TO-DATE
> Task :classes
> Task :compileKurganCheckJava UP-TO-DATE
> Task :processKurganCheckResources
> Task :kurganCheckClasses
> Task :downloadAssets UP-TO-DATE
> Task :writeRuntimeChecksLegacyClasspath UP-TO-DATE
> Task :prepareRuntimeChecksRun UP-TO-DATE

> Task :runRuntimeChecks
WARN StatusConsoleListener Advanced terminal features are not available in this environment
[10:09:57] [main/INFO] [cp.mo.mo.Launcher/MODLAUNCHER]: ModLauncher running: args [--launchTarget, forgeserverdev, --gameDir, ., --fml.fmlVersion, 4.0.45, --fml.mcVersion, 1.21.1, --fml.neoForgeVersion, 21.1.255, --fml.neoFormVersion, 20240808.144430]
[10:09:57] [main/INFO] [cp.mo.mo.Launcher/MODLAUNCHER]: JVM identified as Oracle Corporation Java HotSpot(TM) 64-Bit Server VM 21.0.12+7-LTS-205
[10:09:57] [main/INFO] [cp.mo.mo.Launcher/MODLAUNCHER]: ModLauncher 11.0.5+main.901c6ea8 starting: java version 21.0.12 by Oracle Corporation; OS Windows 10 arch amd64 version 10.0
[10:09:57] [main/INFO] [ne.ne.fm.lo.ImmediateWindowHandler/]: ImmediateWindowProvider not loading because launch target is forgeserverdev
[10:09:57] [main/INFO] [mixin/]: SpongePowered MIXIN Subsystem Version=0.8.7 Source=union:/C:/Users/pavel/.gradle/caches/modules-2/files-2.1/net.fabricmc/sponge-mixin/0.16.4+mixin.0.8.7/26d01f0567ab46e9ca0d2ed89d0ecc11aadbd433/sponge-mixin-0.16.4+mixin.0.8.7.jar%2394!/ Service=ModLauncher Env=SERVER
[10:09:58] [main/INFO] [ne.ne.fm.lo.mo.lo.JarInJarDependencyLocator/]: Found 2 dependencies adding them to mods collection
[10:09:58] [main/INFO] [ne.ne.fm.lo.mo.ModDiscoverer/]: 
     Mod List:
		Name Version (Mod Id)

		Curios API 9.5.1+1.21.1 (curios)
		Minecraft 1.21.1 (minecraft)
		NeoForge 21.1.255 (neoforge)
		Slavic Myths 0.9.9-dev (slavicmyths)
[10:09:59] [main/INFO] [mixin/]: Compatibility level set to JAVA_21
[10:09:59] [main/INFO] [cp.mo.mo.LaunchServiceHandler/MODLAUNCHER]: Launching target 'forgeserverdev' with arguments [--gameDir, .]
[10:09:59] [main/WARN] [mixin/]: Reference map 'curios.refmap.json' for curios.neoforge.mixins.json could not be read. If this is a development environment you can ignore this message
[10:09:59] [main/WARN] [mixin/]: Reference map 'curios.refmap.json' for curios.mixins.json could not be read. If this is a development environment you can ignore this message
[10:10:00] [main/WARN] [os.dr.wi.pe.PerfmonDisabled/]: Invalid registry value type detected for PerfOS counters. Should be REG_DWORD. Ignoring: HKEY_LOCAL_MACHINE\SYSTEM\CurrentControlSet\Services\PerfOS\Performance\Disable Performance Counters.
[10:10:00] [main/INFO] [MixinExtras|Service/]: Initializing MixinExtras via com.llamalad7.mixinextras.service.MixinExtrasServiceImpl(version=0.5.5).
[10:10:05] [main/WARN] [minecraft/Commands]: Ambiguity between arguments [teleport, location] and [teleport, destination] with inputs: [0.1 -0.5 .9, 0 0 0]
[10:10:05] [main/WARN] [minecraft/Commands]: Ambiguity between arguments [teleport, location] and [teleport, targets] with inputs: [0.1 -0.5 .9, 0 0 0]
[10:10:05] [main/WARN] [minecraft/Commands]: Ambiguity between arguments [teleport, destination] and [teleport, targets] with inputs: [Player, 0123, @e, dd12be42-52a9-4a91-a8a1-11c01849e498]
[10:10:05] [main/WARN] [minecraft/Commands]: Ambiguity between arguments [teleport, targets] and [teleport, destination] with inputs: [Player, 0123, dd12be42-52a9-4a91-a8a1-11c01849e498]
[10:10:05] [main/WARN] [minecraft/Commands]: Ambiguity between arguments [teleport, targets, location] and [teleport, targets, destination] with inputs: [0.1 -0.5 .9, 0 0 0]
[10:10:06] [modloading-worker-0/INFO] [ne.ne.ne.co.NeoForgeMod/NEOFORGE-MOD]: NeoForge mod loading, version 21.1.255, for MC 1.21.1
[10:10:07] [main/INFO] [mojang/YggdrasilAuthenticationService]: Environment: Environment[sessionHost=https://sessionserver.mojang.com, servicesHost=https://api.minecraftservices.com, name=PROD]
[10:10:07] [main/WARN] [minecraft/VanillaPackResourcesBuilder]: Assets URL 'union:/D:/slavic-myths/build/moddev/artifacts/neoforge-21.1.255.jar%23125!/assets/.mcassetsroot' uses unexpected schema
[10:10:07] [main/WARN] [minecraft/VanillaPackResourcesBuilder]: Assets URL 'union:/D:/slavic-myths/build/moddev/artifacts/neoforge-21.1.255.jar%23125!/data/.mcassetsroot' uses unexpected schema
[10:10:07] [main/INFO] [ne.ne.ne.ga.GameTestHooks/]: Enabled Gametest Namespaces: [slavicmyths_placement]
[10:10:08] [main/INFO] [minecraft/RecipeManager]: Loaded 1564 recipes
[10:10:08] [main/INFO] [minecraft/AdvancementTree]: Loaded 1554 advancements
[10:10:08] [main/INFO] [Curios API/]: Loaded 10 curio slots
[10:10:08] [main/INFO] [Curios API/]: Loaded 1 curio entities
[10:10:09] [Server thread/INFO] [minecraft/MinecraftServer]: Preparing start region for dimension minecraft:overworld
[10:10:09] [worldgen/INFO] [minecraft/LoggerChunkProgressListener]: Preparing spawn area: 2%
[10:10:09] [Server thread/INFO] [minecraft/LoggerChunkProgressListener]: Time elapsed: 201 ms
[10:10:09] [Server thread/INFO] [minecraft/GameTestServer]: Started game test server
[10:10:09] [Server thread/INFO] [ne.ne.ne.se.pe.PermissionAPI/]: Successfully initialized permission handler neoforge:default_handler
[10:10:09] [Server thread/INFO] [minecraft/GameTestServer]: 1 tests are now running at position 11774120, -59, 13225673!
[10:10:10] [Server thread/INFO] [minecraft/GameTestRunner]: Running test batch 'defaultBatch:0' (1 tests)...
[10:10:10] [Server thread/INFO] [minecraft/GameTestServer]: [ ]
[10:10:10] [Server thread/INFO] [minecraft/GameTestServer]: [ ]
[10:10:10] [Server thread/INFO] [minecraft/GameTestServer]: [ ]
[10:10:10] [Server thread/INFO] [minecraft/GameTestServer]: [ ]
[10:10:10] [Server thread/INFO] [minecraft/GameTestServer]: [ ]
[10:10:10] [Server thread/INFO] [minecraft/GameTestServer]: [ ]
[10:10:10] [Server thread/INFO] [minecraft/GameTestServer]: [ ]
[10:10:10] [Server thread/INFO] [minecraft/GameTestServer]: [ ]
[10:10:10] [Server thread/INFO] [minecraft/GameTestServer]: [ ]
[10:10:10] [Server thread/INFO] [minecraft/GameTestServer]: [ ]
[10:10:10] [Server thread/INFO] [minecraft/GameTestServer]: [ ]
[10:10:11] [Server thread/INFO] [minecraft/GameTestServer]: [ ]
[10:10:11] [Server thread/INFO] [minecraft/GameTestServer]: [ ]
[10:10:11] [Server thread/INFO] [minecraft/GameTestServer]: [ ]
[10:10:11] [Server thread/INFO] [minecraft/GameTestServer]: [ ]
[10:10:11] [Server thread/INFO] [minecraft/GameTestServer]: [ ]
[10:10:11] [Server thread/INFO] [minecraft/GameTestServer]: [ ]
[10:10:11] [Server thread/INFO] [minecraft/GameTestServer]: [ ]
[10:10:11] [Server thread/INFO] [minecraft/GameTestServer]: [ ]
[10:10:11] [Server thread/INFO] [minecraft/GameTestServer]: [ ]
[10:10:11] [Server thread/INFO] [minecraft/GameTestServer]: [ ]
[10:10:11] [Server thread/INFO] [minecraft/GameTestServer]: [ ]
[10:10:11] [Server thread/INFO] [minecraft/GameTestServer]: [ ]
[10:10:11] [Server thread/INFO] [minecraft/GameTestServer]: [ ]
[10:10:11] [Server thread/INFO] [minecraft/GameTestServer]: [ ]
[10:10:11] [Server thread/INFO] [minecraft/GameTestServer]: [ ]
[10:10:11] [Server thread/INFO] [minecraft/GameTestServer]: [ ]
[10:10:11] [Server thread/INFO] [minecraft/GameTestServer]: [ ]
MANUAL_EXISTING_RECORDS_FROM_PREVIOUS_PROCESS count=9
[10:10:11] [Server thread/INFO] [minecraft/MinecraftServer]: Подготавливается территория: kurgan / 0. Задание 07870e79-8112-486e-8b46-f9ee6fb33582
[10:10:11] [Server thread/INFO] [minecraft/MinecraftServer]: Генерация уже выполняется. /slavicmyths generation status или cancel
[10:10:11] [Server thread/INFO] [minecraft/GameTestServer]: [_]
[10:10:11] [Server thread/INFO] [minecraft/GameTestServer]: [_]
[10:10:11] [Server thread/INFO] [minecraft/GameTestServer]: [_]
[10:10:11] [Server thread/INFO] [minecraft/GameTestServer]: [_]
[10:10:11] [Server thread/INFO] [minecraft/GameTestServer]: [_]
[10:10:11] [Server thread/INFO] [minecraft/MinecraftServer]: Загрузка территории: 3%, изменено блоков: 0
[10:10:11] [Server thread/INFO] [minecraft/GameTestServer]: [_]
[10:10:11] [Server thread/INFO] [minecraft/GameTestServer]: [_]
[10:10:11] [Server thread/INFO] [minecraft/GameTestServer]: [_]
[10:10:11] [Server thread/INFO] [minecraft/GameTestServer]: [_]
[10:10:11] [Server thread/INFO] [minecraft/GameTestServer]: [_]
[10:10:11] [Server thread/INFO] [minecraft/MinecraftServer]: Загрузка территории: 28%, изменено блоков: 0
[10:10:11] [Server thread/INFO] [minecraft/GameTestServer]: [_]
[10:10:12] [Server thread/INFO] [minecraft/GameTestServer]: [_]
[10:10:12] [Server thread/INFO] [minecraft/GameTestServer]: [_]
[10:10:12] [Server thread/INFO] [minecraft/GameTestServer]: [_]
[10:10:12] [Server thread/INFO] [minecraft/GameTestServer]: [_]
[10:10:12] [Server thread/INFO] [minecraft/MinecraftServer]: Загрузка территории: 75%, изменено блоков: 0
[10:10:12] [Server thread/INFO] [minecraft/GameTestServer]: [_]
[10:10:12] [Server thread/INFO] [minecraft/GameTestServer]: [_]
[10:10:12] [Server thread/INFO] [minecraft/GameTestServer]: [_]
[10:10:12] [Server thread/INFO] [minecraft/GameTestServer]: [_]
[10:10:12] [Server thread/INFO] [minecraft/GameTestServer]: [_]
[10:10:12] [Server thread/INFO] [minecraft/MinecraftServer]: Загрузка территории: 16%, изменено блоков: 0
[10:10:12] [Server thread/INFO] [minecraft/GameTestServer]: [_]
[10:10:12] [Server thread/INFO] [minecraft/GameTestServer]: [_]
[10:10:12] [Server thread/INFO] [minecraft/MinecraftServer]: Чанки загружены. Подготовка окончательного положения на Y=172
[10:10:12] [Server thread/INFO] [minecraft/GameTestServer]: [_]
[10:10:12] [Server thread/INFO] [minecraft/GameTestServer]: [_]
[10:10:12] [Server thread/INFO] [minecraft/GameTestServer]: [_]
[10:10:12] [Server thread/INFO] [minecraft/MinecraftServer]: Планирование грунта: 84%, изменено блоков: 0
[10:10:12] [Server thread/INFO] [minecraft/GameTestServer]: [_]
[10:10:12] [Server thread/INFO] [minecraft/GameTestServer]: [_]
[10:10:12] [Server thread/INFO] [minecraft/GameTestServer]: [_]
[10:10:13] [Server thread/INFO] [minecraft/GameTestServer]: [_]
[10:10:13] [Server thread/INFO] [minecraft/GameTestServer]: [_]
[10:10:13] [Server thread/INFO] [minecraft/MinecraftServer]: Проверка конечного места: 40%, изменено блоков: 0
[10:10:13] [Server thread/INFO] [minecraft/GameTestServer]: [_]
[10:10:13] [Server thread/INFO] [minecraft/GameTestServer]: [_]
[10:10:13] [Server thread/INFO] [minecraft/GameTestServer]: [_]
[10:10:13] [Server thread/INFO] [minecraft/GameTestServer]: [_]
[10:10:13] [Server thread/INFO] [minecraft/GameTestServer]: [_]
[10:10:13] [Server thread/INFO] [minecraft/MinecraftServer]: Подготовка грунта: 8%, изменено блоков: 1423
[10:10:14] [Server thread/INFO] [minecraft/GameTestServer]: [_]
[10:10:14] [Server thread/INFO] [minecraft/GameTestServer]: [_]
[10:10:14] [Server thread/INFO] [minecraft/GameTestServer]: [_]
[10:10:14] [Server thread/INFO] [minecraft/GameTestServer]: [_]
[10:10:14] [Server thread/INFO] [minecraft/MinecraftServer]: Территория подготовлена. Размещается структура...
[10:10:14] [Server thread/INFO] [minecraft/GameTestServer]: [_]
[10:10:14] [Server thread/INFO] [minecraft/MinecraftServer]: Размещение структуры: 13%, изменено блоков: 27264
[10:10:14] [Server thread/INFO] [minecraft/GameTestServer]: [_]
[10:10:14] [Server thread/INFO] [minecraft/GameTestServer]: [_]
[10:10:14] [Server thread/INFO] [minecraft/GameTestServer]: [_]
[10:10:14] [Server thread/INFO] [minecraft/GameTestServer]: [_]
[10:10:15] [Server thread/INFO] [minecraft/GameTestServer]: [_]
[10:10:15] [Server thread/INFO] [minecraft/MinecraftServer]: Размещение структуры: 65%, изменено блоков: 27264
[10:10:15] [Server thread/INFO] [minecraft/GameTestServer]: [_]
[10:10:15] [Server thread/INFO] [minecraft/GameTestServer]: [_]
[10:10:15] [Server thread/INFO] [minecraft/GameTestServer]: [_]
[10:10:15] [Server thread/INFO] [minecraft/MinecraftServer]: Структура создана: 11782312, 173, 13233739
[10:10:15] [Server thread/INFO] [minecraft/MinecraftServer]: Small Kurgan: 11782312, 173, 13233739
[10:10:15] [Server thread/INFO] [minecraft/MinecraftServer]: Distance: 126 blocks.
MANUAL_STRUCTURE_COMMAND_PASS slavicmyths generate kurgan small 0 entrance=BlockPos{x=11782312, y=173, z=13233739} constructionY=172 changedBlocks=27264 peakOperations=4666 peakJobMs=95.474 slowestPhase=PLACE_STRUCTURE
[10:10:15] [Server thread/INFO] [minecraft/GameTestServer]: [_]
[10:10:15] [Server thread/INFO] [minecraft/MinecraftServer]: Подготавливается территория: kurgan / 1. Задание 3939ba3b-6508-474c-8c69-cab785383289
[10:10:15] [Server thread/INFO] [minecraft/MinecraftServer]: Генерация уже выполняется. /slavicmyths generation status или cancel
[10:10:15] [Server thread/INFO] [minecraft/GameTestServer]: [_]
[10:10:15] [Server thread/INFO] [minecraft/GameTestServer]: [_]
[10:10:16] [Server thread/INFO] [minecraft/GameTestServer]: [_]
[10:10:16] [Server thread/INFO] [minecraft/GameTestServer]: [_]
[10:10:16] [Server thread/INFO] [minecraft/GameTestServer]: [_]
[10:10:16] [Server thread/INFO] [minecraft/MinecraftServer]: Загрузка территории: 0%, изменено блоков: 0
[10:10:16] [Server thread/INFO] [minecraft/GameTestServer]: [_]
[10:10:16] [Server thread/INFO] [minecraft/GameTestServer]: [_]
[10:10:16] [Server thread/INFO] [minecraft/GameTestServer]: [_]
[10:10:16] [Server thread/INFO] [minecraft/GameTestServer]: [_]
[10:10:16] [Server thread/INFO] [minecraft/GameTestServer]: [_]
[10:10:16] [Server thread/INFO] [minecraft/MinecraftServer]: Загрузка территории: 0%, изменено блоков: 0
[10:10:16] [Server thread/INFO] [minecraft/GameTestServer]: [_]
[10:10:16] [Server thread/INFO] [minecraft/GameTestServer]: [_]
[10:10:16] [Server thread/INFO] [minecraft/GameTestServer]: [_]
[10:10:16] [Server thread/INFO] [minecraft/GameTestServer]: [_]
[10:10:16] [Server thread/INFO] [minecraft/GameTestServer]: [_]
[10:10:16] [Server thread/INFO] [minecraft/MinecraftServer]: Загрузка территории: 3%, изменено блоков: 0
[10:10:17] [Server thread/INFO] [minecraft/GameTestServer]: [_]
[10:10:17] [Server thread/INFO] [minecraft/GameTestServer]: [_]
[10:10:17] [Server thread/INFO] [minecraft/GameTestServer]: [_]
[10:10:17] [Server thread/INFO] [minecraft/GameTestServer]: [_]
[10:10:17] [Server thread/INFO] [minecraft/GameTestServer]: [_]
[10:10:17] [Server thread/INFO] [minecraft/MinecraftServer]: Загрузка территории: 17%, изменено блоков: 0
[10:10:17] [Server thread/INFO] [minecraft/GameTestServer]: [_]
[10:10:17] [Server thread/INFO] [minecraft/GameTestServer]: [_]
[10:10:17] [Server thread/INFO] [minecraft/GameTestServer]: [_]
[10:10:17] [Server thread/INFO] [minecraft/GameTestServer]: [_]
[10:10:17] [Server thread/INFO] [minecraft/GameTestServer]: [_]
[10:10:17] [Server thread/INFO] [minecraft/MinecraftServer]: Загрузка территории: 33%, изменено блоков: 0
[10:10:17] [Server thread/INFO] [minecraft/GameTestServer]: [_]
[10:10:17] [Server thread/INFO] [minecraft/GameTestServer]: [_]
[10:10:17] [Server thread/INFO] [minecraft/GameTestServer]: [_]
[10:10:17] [Server thread/INFO] [minecraft/GameTestServer]: [_]
[10:10:17] [Server thread/INFO] [minecraft/GameTestServer]: [_]
[10:10:17] [Server thread/INFO] [minecraft/MinecraftServer]: Загрузка территории: 48%, изменено блоков: 0
[10:10:17] [Server thread/INFO] [minecraft/GameTestServer]: [_]
[10:10:17] [Server thread/INFO] [minecraft/GameTestServer]: [_]
[10:10:17] [Server thread/INFO] [minecraft/GameTestServer]: [_]
[10:10:18] [Server thread/INFO] [minecraft/GameTestServer]: [_]
[10:10:18] [Server thread/INFO] [minecraft/GameTestServer]: [_]
[10:10:18] [Server thread/INFO] [minecraft/MinecraftServer]: Загрузка территории: 68%, изменено блоков: 0
[10:10:18] [Server thread/INFO] [minecraft/GameTestServer]: [_]
[10:10:18] [Server thread/INFO] [minecraft/GameTestServer]: [_]
[10:10:18] [Server thread/INFO] [minecraft/GameTestServer]: [_]
[10:10:18] [Server thread/INFO] [minecraft/GameTestServer]: [_]
[10:10:18] [Server thread/INFO] [minecraft/GameTestServer]: [_]
[10:10:18] [Server thread/INFO] [minecraft/MinecraftServer]: Загрузка территории: 91%, изменено блоков: 0
[10:10:18] [Server thread/INFO] [minecraft/GameTestServer]: [_]
[10:10:18] [Server thread/INFO] [minecraft/GameTestServer]: [_]
[10:10:18] [Server thread/INFO] [minecraft/GameTestServer]: [_]
[10:10:18] [Server thread/INFO] [minecraft/GameTestServer]: [_]
[10:10:18] [Server thread/INFO] [minecraft/GameTestServer]: [_]
[10:10:18] [Server thread/INFO] [minecraft/MinecraftServer]: Загрузка территории: 15%, изменено блоков: 0
[10:10:18] [Server thread/INFO] [minecraft/GameTestServer]: [_]
[10:10:18] [Server thread/INFO] [minecraft/GameTestServer]: [_]
[10:10:18] [Server thread/INFO] [minecraft/GameTestServer]: [_]
[10:10:18] [Server thread/INFO] [minecraft/GameTestServer]: [_]
[10:10:18] [Server thread/INFO] [minecraft/MinecraftServer]: Чанки загружены. Подготовка окончательного положения на Y=172
[10:10:18] [Server thread/INFO] [minecraft/GameTestServer]: [_]
[10:10:18] [Server thread/INFO] [minecraft/MinecraftServer]: Планирование грунта: 8%, изменено блоков: 0
[10:10:19] [Server thread/INFO] [minecraft/GameTestServer]: [_]
[10:10:19] [Server thread/INFO] [minecraft/GameTestServer]: [_]
[10:10:19] [Server thread/INFO] [minecraft/GameTestServer]: [_]
[10:10:19] [Server thread/INFO] [minecraft/GameTestServer]: [_]
[10:10:19] [Server thread/INFO] [minecraft/GameTestServer]: [_]
[10:10:19] [Server thread/INFO] [minecraft/MinecraftServer]: Планирование грунта: 63%, изменено блоков: 0
[10:10:19] [Server thread/INFO] [minecraft/GameTestServer]: [_]
[10:10:19] [Server thread/INFO] [minecraft/GameTestServer]: [_]
[10:10:19] [Server thread/INFO] [minecraft/GameTestServer]: [_]
[10:10:19] [Server thread/INFO] [minecraft/GameTestServer]: [_]
[10:10:19] [Server thread/INFO] [minecraft/GameTestServer]: [_]
[10:10:19] [Server thread/INFO] [minecraft/MinecraftServer]: Проверка конечного места: 9%, изменено блоков: 0
[10:10:19] [Server thread/INFO] [minecraft/GameTestServer]: [_]
[10:10:19] [Server thread/INFO] [minecraft/GameTestServer]: [_]
[10:10:20] [Server thread/INFO] [minecraft/GameTestServer]: [_]
[10:10:20] [Server thread/INFO] [minecraft/GameTestServer]: [_]
[10:10:20] [Server thread/INFO] [minecraft/GameTestServer]: [_]
[10:10:20] [Server thread/INFO] [minecraft/MinecraftServer]: Проверка конечного места: 12%, изменено блоков: 0
[10:10:20] [Server thread/INFO] [minecraft/GameTestServer]: [_]
[10:10:20] [Server thread/INFO] [minecraft/GameTestServer]: [_]
[10:10:20] [Server thread/INFO] [minecraft/GameTestServer]: [_]
[10:10:20] [Server thread/INFO] [minecraft/GameTestServer]: [_]
[10:10:20] [Server thread/INFO] [minecraft/GameTestServer]: [_]
[10:10:20] [Server thread/INFO] [minecraft/MinecraftServer]: Проверка конечного места: 15%, изменено блоков: 0
[10:10:21] [Server thread/INFO] [minecraft/GameTestServer]: [_]
[10:10:21] [Server thread/INFO] [minecraft/GameTestServer]: [_]
[10:10:21] [Server thread/INFO] [minecraft/GameTestServer]: [_]
[10:10:21] [Server thread/INFO] [minecraft/GameTestServer]: [_]
[10:10:21] [Server thread/INFO] [minecraft/GameTestServer]: [_]
[10:10:21] [Server thread/INFO] [minecraft/MinecraftServer]: Проверка конечного места: 18%, изменено блоков: 0
[10:10:21] [Server thread/INFO] [minecraft/GameTestServer]: [_]
[10:10:21] [Server thread/INFO] [minecraft/GameTestServer]: [_]
[10:10:21] [Server thread/INFO] [minecraft/GameTestServer]: [_]
[10:10:21] [Server thread/INFO] [minecraft/GameTestServer]: [_]
[10:10:22] [Server thread/INFO] [minecraft/GameTestServer]: [_]
[10:10:22] [Server thread/INFO] [minecraft/MinecraftServer]: Проверка конечного места: 22%, изменено блоков: 0
[10:10:22] [Server thread/INFO] [minecraft/GameTestServer]: [_]
[10:10:22] [Server thread/INFO] [minecraft/GameTestServer]: [_]
[10:10:22] [Server thread/INFO] [minecraft/GameTestServer]: [_]
[10:10:22] [Server thread/INFO] [minecraft/GameTestServer]: [_]
[10:10:22] [Server thread/INFO] [minecraft/GameTestServer]: [_]
[10:10:22] [Server thread/INFO] [minecraft/MinecraftServer]: Проверка конечного места: 25%, изменено блоков: 0
[10:10:22] [Server thread/INFO] [minecraft/GameTestServer]: [_]
[10:10:22] [Server thread/INFO] [minecraft/GameTestServer]: [_]
[10:10:22] [Server thread/INFO] [minecraft/GameTestServer]: [_]
[10:10:22] [Server thread/INFO] [minecraft/GameTestServer]: [_]
[10:10:23] [Server thread/INFO] [minecraft/GameTestServer]: [_]
[10:10:23] [Server thread/INFO] [minecraft/MinecraftServer]: Проверка конечного места: 29%, изменено блоков: 0
[10:10:23] [Server thread/INFO] [minecraft/GameTestServer]: [_]
[10:10:23] [Server thread/INFO] [minecraft/GameTestServer]: [_]
[10:10:23] [Server thread/INFO] [minecraft/GameTestServer]: [_]
[10:10:23] [Server thread/INFO] [minecraft/GameTestServer]: [_]
[10:10:23] [Server thread/INFO] [minecraft/GameTestServer]: [_]
[10:10:23] [Server thread/INFO] [minecraft/MinecraftServer]: Проверка конечного места: 32%, изменено блоков: 0
[10:10:23] [Server thread/INFO] [minecraft/GameTestServer]: [_]
[10:10:23] [Server thread/INFO] [minecraft/GameTestServer]: [_]
[10:10:24] [Server thread/INFO] [minecraft/GameTestServer]: [_]
[10:10:24] [Server thread/INFO] [minecraft/GameTestServer]: [_]
[10:10:24] [Server thread/INFO] [minecraft/GameTestServer]: [_]
[10:10:24] [Server thread/INFO] [minecraft/MinecraftServer]: Проверка конечного места: 35%, изменено блоков: 0
[10:10:24] [Server thread/INFO] [minecraft/GameTestServer]: [_]
[10:10:24] [Server thread/INFO] [minecraft/GameTestServer]: [_]
[10:10:24] [Server thread/INFO] [minecraft/GameTestServer]: [_]
[10:10:24] [Server thread/INFO] [minecraft/GameTestServer]: [_]
[10:10:24] [Server thread/INFO] [minecraft/GameTestServer]: [_]
[10:10:24] [Server thread/INFO] [minecraft/MinecraftServer]: Проверка конечного места: 38%, изменено блоков: 0
[10:10:24] [Server thread/INFO] [minecraft/GameTestServer]: [_]
[10:10:24] [Server thread/INFO] [minecraft/GameTestServer]: [_]
[10:10:25] [Server thread/INFO] [minecraft/GameTestServer]: [_]
[10:10:25] [Server thread/INFO] [minecraft/GameTestServer]: [_]
[10:10:25] [Server thread/INFO] [minecraft/GameTestServer]: [_]
[10:10:25] [Server thread/INFO] [minecraft/MinecraftServer]: Проверка конечного места: 42%, изменено блоков: 0
[10:10:25] [Server thread/INFO] [minecraft/GameTestServer]: [_]
[10:10:25] [Server thread/INFO] [minecraft/GameTestServer]: [_]
[10:10:25] [Server thread/INFO] [minecraft/GameTestServer]: [_]
[10:10:25] [Server thread/INFO] [minecraft/GameTestServer]: [_]
[10:10:25] [Server thread/INFO] [minecraft/GameTestServer]: [_]
[10:10:25] [Server thread/INFO] [minecraft/MinecraftServer]: Проверка конечного места: 45%, изменено блоков: 0
[10:10:25] [Server thread/INFO] [minecraft/GameTestServer]: [_]
[10:10:26] [Server thread/INFO] [minecraft/GameTestServer]: [_]
[10:10:26] [Server thread/INFO] [minecraft/GameTestServer]: [_]
[10:10:26] [Server thread/INFO] [minecraft/GameTestServer]: [_]
[10:10:26] [Server thread/INFO] [minecraft/GameTestServer]: [_]
[10:10:26] [Server thread/INFO] [minecraft/MinecraftServer]: Проверка конечного места: 49%, изменено блоков: 0
[10:10:26] [Server thread/INFO] [minecraft/GameTestServer]: [_]
[10:10:26] [Server thread/INFO] [minecraft/GameTestServer]: [_]
[10:10:26] [Server thread/INFO] [minecraft/GameTestServer]: [_]
[10:10:26] [Server thread/INFO] [minecraft/GameTestServer]: [_]
[10:10:26] [Server thread/INFO] [minecraft/GameTestServer]: [_]
[10:10:26] [Server thread/INFO] [minecraft/MinecraftServer]: Проверка конечного места: 52%, изменено блоков: 0
[10:10:26] [Server thread/INFO] [minecraft/GameTestServer]: [_]
[10:10:27] [Server thread/INFO] [minecraft/GameTestServer]: [_]
[10:10:27] [Server thread/INFO] [minecraft/GameTestServer]: [_]
[10:10:27] [Server thread/INFO] [minecraft/GameTestServer]: [_]
[10:10:27] [Server thread/INFO] [minecraft/GameTestServer]: [_]
[10:10:27] [Server thread/INFO] [minecraft/MinecraftServer]: Проверка конечного места: 55%, изменено блоков: 0
[10:10:27] [Server thread/INFO] [minecraft/GameTestServer]: [_]
[10:10:27] [Server thread/INFO] [minecraft/GameTestServer]: [_]
[10:10:27] [Server thread/INFO] [minecraft/GameTestServer]: [_]
[10:10:27] [Server thread/INFO] [minecraft/GameTestServer]: [_]
[10:10:27] [Server thread/INFO] [minecraft/GameTestServer]: [_]
[10:10:27] [Server thread/INFO] [minecraft/MinecraftServer]: Проверка конечного места: 59%, изменено блоков: 0
[10:10:28] [Server thread/INFO] [minecraft/GameTestServer]: [_]
[10:10:28] [Server thread/INFO] [minecraft/GameTestServer]: [_]
[10:10:28] [Server thread/INFO] [minecraft/GameTestServer]: [_]
[10:10:28] [Server thread/INFO] [minecraft/GameTestServer]: [_]
[10:10:28] [Server thread/INFO] [minecraft/GameTestServer]: [_]
[10:10:28] [Server thread/INFO] [minecraft/MinecraftServer]: Проверка конечного места: 62%, изменено блоков: 0
[10:10:28] [Server thread/INFO] [minecraft/GameTestServer]: [_]
[10:10:28] [Server thread/INFO] [minecraft/GameTestServer]: [_]
[10:10:28] [Server thread/INFO] [minecraft/GameTestServer]: [_]
[10:10:28] [Server thread/INFO] [minecraft/GameTestServer]: [_]
[10:10:28] [Server thread/INFO] [minecraft/GameTestServer]: [_]
[10:10:28] [Server thread/INFO] [minecraft/MinecraftServer]: Проверка конечного места: 65%, изменено блоков: 0
[10:10:29] [Server thread/INFO] [minecraft/GameTestServer]: [_]
[10:10:29] [Server thread/INFO] [minecraft/GameTestServer]: [_]
[10:10:29] [Server thread/INFO] [minecraft/GameTestServer]: [_]
[10:10:29] [Server thread/INFO] [minecraft/GameTestServer]: [_]
[10:10:29] [Server thread/INFO] [minecraft/GameTestServer]: [_]
[10:10:29] [Server thread/INFO] [minecraft/MinecraftServer]: Проверка конечного места: 69%, изменено блоков: 0
[10:10:29] [Server thread/INFO] [minecraft/GameTestServer]: [_]
[10:10:29] [Server thread/INFO] [minecraft/GameTestServer]: [_]
[10:10:29] [Server thread/INFO] [minecraft/GameTestServer]: [_]
[10:10:29] [Server thread/INFO] [minecraft/GameTestServer]: [_]
[10:10:30] [Server thread/INFO] [minecraft/GameTestServer]: [_]
[10:10:30] [Server thread/INFO] [minecraft/MinecraftServer]: Проверка конечного места: 72%, изменено блоков: 0
[10:10:30] [Server thread/INFO] [minecraft/GameTestServer]: [_]
[10:10:30] [Server thread/INFO] [minecraft/GameTestServer]: [_]
[10:10:30] [Server thread/INFO] [minecraft/GameTestServer]: [_]
[10:10:30] [Server thread/INFO] [minecraft/GameTestServer]: [_]
[10:10:30] [Server thread/INFO] [minecraft/GameTestServer]: [_]
[10:10:30] [Server thread/INFO] [minecraft/MinecraftServer]: Проверка конечного места: 75%, изменено блоков: 0
[10:10:30] [Server thread/INFO] [minecraft/GameTestServer]: [_]
[10:10:30] [Server thread/INFO] [minecraft/GameTestServer]: [_]
[10:10:30] [Server thread/INFO] [minecraft/GameTestServer]: [_]
[10:10:30] [Server thread/INFO] [minecraft/GameTestServer]: [_]
[10:10:31] [Server thread/INFO] [minecraft/GameTestServer]: [_]
[10:10:31] [Server thread/INFO] [minecraft/MinecraftServer]: Проверка конечного места: 79%, изменено блоков: 0
[10:10:31] [Server thread/INFO] [minecraft/GameTestServer]: [_]
[10:10:31] [Server thread/INFO] [minecraft/GameTestServer]: [_]
[10:10:31] [Server thread/INFO] [minecraft/GameTestServer]: [_]
[10:10:31] [Server thread/INFO] [minecraft/GameTestServer]: [_]
[10:10:31] [Server thread/INFO] [minecraft/GameTestServer]: [_]
[10:10:31] [Server thread/INFO] [minecraft/MinecraftServer]: Проверка конечного места: 82%, изменено блоков: 0
[10:10:31] [Server thread/INFO] [minecraft/GameTestServer]: [_]
[10:10:31] [Server thread/INFO] [minecraft/GameTestServer]: [_]
[10:10:32] [Server thread/INFO] [minecraft/GameTestServer]: [_]
[10:10:32] [Server thread/INFO] [minecraft/GameTestServer]: [_]
[10:10:32] [Server thread/INFO] [minecraft/GameTestServer]: [_]
[10:10:32] [Server thread/INFO] [minecraft/MinecraftServer]: Проверка конечного места: 85%, изменено блоков: 0
[10:10:32] [Server thread/INFO] [minecraft/GameTestServer]: [_]
[10:10:32] [Server thread/INFO] [minecraft/GameTestServer]: [_]
[10:10:32] [Server thread/INFO] [minecraft/GameTestServer]: [_]
[10:10:32] [Server thread/INFO] [minecraft/GameTestServer]: [_]
[10:10:32] [Server thread/INFO] [minecraft/GameTestServer]: [_]
[10:10:32] [Server thread/INFO] [minecraft/MinecraftServer]: Проверка конечного места: 89%, изменено блоков: 0
[10:10:32] [Server thread/INFO] [minecraft/GameTestServer]: [_]
[10:10:32] [Server thread/INFO] [minecraft/GameTestServer]: [_]
[10:10:33] [Server thread/INFO] [minecraft/GameTestServer]: [_]
[10:10:33] [Server thread/INFO] [minecraft/GameTestServer]: [_]
[10:10:33] [Server thread/INFO] [minecraft/GameTestServer]: [_]
[10:10:33] [Server thread/INFO] [minecraft/MinecraftServer]: Подготовка грунта: 26%, изменено блоков: 19737
[10:10:33] [Server thread/INFO] [minecraft/GameTestServer]: [_]
[10:10:33] [Server thread/INFO] [minecraft/GameTestServer]: [_]
[10:10:33] [Server thread/INFO] [minecraft/GameTestServer]: [_]
[10:10:33] [Server thread/INFO] [minecraft/MinecraftServer]: Территория подготовлена. Размещается структура...
[10:10:33] [Server thread/INFO] [minecraft/GameTestServer]: [_]
[10:10:33] [Server thread/INFO] [minecraft/GameTestServer]: [_]
[10:10:33] [Server thread/INFO] [minecraft/MinecraftServer]: Размещение структуры: 4%, изменено блоков: 80191
[10:10:34] [Server thread/INFO] [minecraft/GameTestServer]: [_]
[10:10:34] [Server thread/INFO] [minecraft/GameTestServer]: [_]
[10:10:34] [Server thread/INFO] [minecraft/GameTestServer]: [_]
[10:10:34] [Server thread/INFO] [minecraft/GameTestServer]: [_]
[10:10:34] [Server thread/INFO] [minecraft/GameTestServer]: [_]
[10:10:34] [Server thread/INFO] [minecraft/MinecraftServer]: Размещение структуры: 21%, изменено блоков: 80191
[10:10:34] [Server thread/INFO] [minecraft/GameTestServer]: [_]
[10:10:34] [Server thread/INFO] [minecraft/GameTestServer]: [_]
[10:10:34] [Server thread/INFO] [minecraft/GameTestServer]: [_]
[10:10:35] [Server thread/INFO] [minecraft/GameTestServer]: [_]
[10:10:35] [Server thread/INFO] [minecraft/GameTestServer]: [_]
[10:10:35] [Server thread/INFO] [minecraft/MinecraftServer]: Размещение структуры: 38%, изменено блоков: 80191
[10:10:35] [Server thread/INFO] [minecraft/GameTestServer]: [_]
[10:10:35] [Server thread/INFO] [minecraft/GameTestServer]: [_]
[10:10:35] [Server thread/INFO] [minecraft/GameTestServer]: [_]
[10:10:35] [Server thread/INFO] [minecraft/GameTestServer]: [_]
[10:10:35] [Server thread/INFO] [minecraft/GameTestServer]: [_]
[10:10:35] [Server thread/INFO] [minecraft/MinecraftServer]: Размещение структуры: 54%, изменено блоков: 80191
[10:10:35] [Server thread/INFO] [minecraft/GameTestServer]: [_]
[10:10:35] [Server thread/INFO] [minecraft/GameTestServer]: [_]
[10:10:36] [Server thread/INFO] [minecraft/GameTestServer]: [_]
[10:10:36] [Server thread/INFO] [minecraft/GameTestServer]: [_]
[10:10:36] [Server thread/INFO] [minecraft/GameTestServer]: [_]
[10:10:36] [Server thread/INFO] [minecraft/MinecraftServer]: Размещение структуры: 71%, изменено блоков: 80191
[10:10:36] [Server thread/INFO] [minecraft/GameTestServer]: [_]
[10:10:36] [Server thread/INFO] [minecraft/GameTestServer]: [_]
[10:10:36] [Server thread/INFO] [minecraft/GameTestServer]: [_]
[10:10:36] [Server thread/INFO] [minecraft/GameTestServer]: [_]
[10:10:36] [Server thread/INFO] [minecraft/GameTestServer]: [_]
[10:10:36] [Server thread/INFO] [minecraft/MinecraftServer]: Размещение структуры: 88%, изменено блоков: 80191
[10:10:36] [Server thread/INFO] [minecraft/GameTestServer]: [_]
[10:10:36] [Server thread/INFO] [minecraft/GameTestServer]: [_]
[10:10:37] [Server thread/INFO] [minecraft/GameTestServer]: [_]
[10:10:37] [Server thread/INFO] [minecraft/MinecraftServer]: Структура создана: 11786408, 173, 13233739
[10:10:37] [Server thread/INFO] [minecraft/MinecraftServer]: Warrior / Clan Kurgan: 11786408, 173, 13233739
[10:10:37] [Server thread/INFO] [minecraft/MinecraftServer]: Distance: 126 blocks.
MANUAL_STRUCTURE_COMMAND_PASS slavicmyths generate kurgan warrior 0 entrance=BlockPos{x=11786408, y=173, z=13233739} constructionY=172 changedBlocks=80191 peakOperations=8192 peakJobMs=9.8819 slowestPhase=PLACE_STRUCTURE
[10:10:37] [Server thread/INFO] [minecraft/MinecraftServer]: Подготавливается территория: kurgan / 2. Задание f71e746c-b95a-402c-bb37-939f20ec88c0
[10:10:37] [Server thread/INFO] [minecraft/MinecraftServer]: Генерация уже выполняется. /slavicmyths generation status или cancel
[10:10:37] [Server thread/INFO] [minecraft/GameTestServer]: [_]
[10:10:37] [Server thread/INFO] [minecraft/GameTestServer]: [_]
[10:10:37] [Server thread/INFO] [minecraft/GameTestServer]: [_]
[10:10:37] [Server thread/INFO] [minecraft/GameTestServer]: [_]
[10:10:37] [Server thread/INFO] [minecraft/GameTestServer]: [_]
[10:10:37] [Server thread/INFO] [minecraft/MinecraftServer]: Загрузка территории: 0%, изменено блоков: 0
[10:10:37] [Server thread/INFO] [minecraft/GameTestServer]: [_]
[10:10:37] [Server thread/INFO] [minecraft/GameTestServer]: [_]
[10:10:37] [Server thread/INFO] [minecraft/GameTestServer]: [_]
[10:10:38] [Server thread/INFO] [minecraft/GameTestServer]: [_]
[10:10:38] [Server thread/INFO] [minecraft/GameTestServer]: [_]
[10:10:38] [Server thread/INFO] [minecraft/MinecraftServer]: Загрузка территории: 1%, изменено блоков: 0
[10:10:38] [Server thread/INFO] [minecraft/GameTestServer]: [_]
[10:10:38] [Server thread/INFO] [minecraft/GameTestServer]: [_]
[10:10:38] [Server thread/INFO] [minecraft/GameTestServer]: [_]
[10:10:38] [Server thread/INFO] [minecraft/GameTestServer]: [_]
[10:10:38] [Server thread/INFO] [minecraft/GameTestServer]: [_]
[10:10:38] [Server thread/INFO] [minecraft/MinecraftServer]: Загрузка территории: 11%, изменено блоков: 0
[10:10:38] [Server thread/INFO] [minecraft/GameTestServer]: [_]
[10:10:38] [Server thread/INFO] [minecraft/GameTestServer]: [_]
[10:10:38] [Server thread/INFO] [minecraft/GameTestServer]: [_]
[10:10:38] [Server thread/INFO] [minecraft/GameTestServer]: [_]
[10:10:38] [Server thread/INFO] [minecraft/GameTestServer]: [_]
[10:10:38] [Server thread/INFO] [minecraft/MinecraftServer]: Загрузка территории: 27%, изменено блоков: 0
[10:10:38] [Server thread/INFO] [minecraft/GameTestServer]: [_]
[10:10:38] [Server thread/INFO] [minecraft/GameTestServer]: [_]
[10:10:38] [Server thread/INFO] [minecraft/GameTestServer]: [_]
[10:10:38] [Server thread/INFO] [minecraft/GameTestServer]: [_]
[10:10:38] [Server thread/INFO] [minecraft/GameTestServer]: [_]
[10:10:38] [Server thread/INFO] [minecraft/MinecraftServer]: Загрузка территории: 44%, изменено блоков: 0
[10:10:38] [Server thread/INFO] [minecraft/GameTestServer]: [_]
[10:10:38] [Server thread/INFO] [minecraft/GameTestServer]: [_]
[10:10:38] [Server thread/INFO] [minecraft/GameTestServer]: [_]
[10:10:39] [Server thread/INFO] [minecraft/GameTestServer]: [_]
[10:10:39] [Server thread/INFO] [minecraft/GameTestServer]: [_]
[10:10:39] [Server thread/INFO] [minecraft/MinecraftServer]: Загрузка территории: 63%, изменено блоков: 0
[10:10:39] [Server thread/INFO] [minecraft/GameTestServer]: [_]
[10:10:39] [Server thread/INFO] [minecraft/GameTestServer]: [_]
[10:10:39] [Server thread/INFO] [minecraft/GameTestServer]: [_]
[10:10:39] [Server thread/INFO] [minecraft/GameTestServer]: [_]
[10:10:39] [Server thread/INFO] [minecraft/GameTestServer]: [_]
[10:10:39] [Server thread/INFO] [minecraft/MinecraftServer]: Загрузка территории: 77%, изменено блоков: 0
[10:10:39] [Server thread/INFO] [minecraft/GameTestServer]: [_]
[10:10:39] [Server thread/INFO] [minecraft/GameTestServer]: [_]
[10:10:39] [Server thread/INFO] [minecraft/GameTestServer]: [_]
[10:10:39] [Server thread/INFO] [minecraft/GameTestServer]: [_]
[10:10:39] [Server thread/INFO] [minecraft/GameTestServer]: [_]
[10:10:39] [Server thread/INFO] [minecraft/MinecraftServer]: Загрузка территории: 92%, изменено блоков: 0
[10:10:39] [Server thread/INFO] [minecraft/GameTestServer]: [_]
[10:10:39] [Server thread/INFO] [minecraft/GameTestServer]: [_]
[10:10:39] [Server thread/INFO] [minecraft/GameTestServer]: [_]
[10:10:39] [Server thread/INFO] [minecraft/GameTestServer]: [_]
[10:10:39] [Server thread/INFO] [minecraft/GameTestServer]: [_]
[10:10:39] [Server thread/INFO] [minecraft/MinecraftServer]: Загрузка территории: 45%, изменено блоков: 0
[10:10:39] [Server thread/INFO] [minecraft/GameTestServer]: [_]
[10:10:39] [Server thread/INFO] [minecraft/GameTestServer]: [_]
[10:10:39] [Server thread/INFO] [minecraft/GameTestServer]: [_]
[10:10:40] [Server thread/INFO] [minecraft/MinecraftServer]: Чанки загружены. Подготовка окончательного положения на Y=172
[10:10:40] [Server thread/INFO] [minecraft/GameTestServer]: [_]
[10:10:40] [Server thread/INFO] [minecraft/GameTestServer]: [_]
[10:10:40] [Server thread/INFO] [minecraft/MinecraftServer]: Планирование грунта: 24%, изменено блоков: 0
[10:10:40] [Server thread/INFO] [minecraft/GameTestServer]: [_]
[10:10:40] [Server thread/INFO] [minecraft/GameTestServer]: [_]
[10:10:40] [Server thread/INFO] [minecraft/GameTestServer]: [_]
[10:10:40] [Server thread/INFO] [minecraft/GameTestServer]: [_]
[10:10:40] [Server thread/INFO] [minecraft/GameTestServer]: [_]
[10:10:40] [Server thread/INFO] [minecraft/MinecraftServer]: Планирование грунта: 77%, изменено блоков: 0
[10:10:40] [Server thread/INFO] [minecraft/GameTestServer]: [_]
[10:10:40] [Server thread/INFO] [minecraft/GameTestServer]: [_]
[10:10:40] [Server thread/INFO] [minecraft/GameTestServer]: [_]
[10:10:40] [Server thread/INFO] [minecraft/GameTestServer]: [_]
[10:10:40] [Server thread/INFO] [minecraft/GameTestServer]: [_]
[10:10:40] [Server thread/INFO] [minecraft/MinecraftServer]: Проверка конечного места: 8%, изменено блоков: 0
[10:10:41] [Server thread/INFO] [minecraft/GameTestServer]: [_]
[10:10:41] [Server thread/INFO] [minecraft/GameTestServer]: [_]
[10:10:41] [Server thread/INFO] [minecraft/GameTestServer]: [_]
[10:10:41] [Server thread/INFO] [minecraft/GameTestServer]: [_]
[10:10:41] [Server thread/INFO] [minecraft/GameTestServer]: [_]
[10:10:41] [Server thread/INFO] [minecraft/MinecraftServer]: Проверка конечного места: 9%, изменено блоков: 0
[10:10:41] [Server thread/INFO] [minecraft/GameTestServer]: [_]
[10:10:41] [Server thread/INFO] [minecraft/GameTestServer]: [_]
[10:10:41] [Server thread/INFO] [minecraft/GameTestServer]: [_]
[10:10:41] [Server thread/INFO] [minecraft/GameTestServer]: [_]
[10:10:42] [Server thread/INFO] [minecraft/GameTestServer]: [_]
[10:10:42] [Server thread/INFO] [minecraft/MinecraftServer]: Проверка конечного места: 10%, изменено блоков: 0
[10:10:42] [Server thread/INFO] [minecraft/GameTestServer]: [_]
[10:10:42] [Server thread/INFO] [minecraft/GameTestServer]: [_]
[10:10:42] [Server thread/INFO] [minecraft/GameTestServer]: [_]
[10:10:42] [Server thread/INFO] [minecraft/GameTestServer]: [_]
[10:10:42] [Server thread/INFO] [minecraft/GameTestServer]: [_]
[10:10:42] [Server thread/INFO] [minecraft/MinecraftServer]: Проверка конечного места: 11%, изменено блоков: 0
[10:10:42] [Server thread/INFO] [minecraft/GameTestServer]: [_]
[10:10:42] [Server thread/INFO] [minecraft/GameTestServer]: [_]
[10:10:42] [Server thread/INFO] [minecraft/GameTestServer]: [_]
[10:10:43] [Server thread/INFO] [minecraft/GameTestServer]: [_]
[10:10:43] [Server thread/INFO] [minecraft/GameTestServer]: [_]
[10:10:43] [Server thread/INFO] [minecraft/MinecraftServer]: Проверка конечного места: 13%, изменено блоков: 0
[10:10:43] [Server thread/INFO] [minecraft/GameTestServer]: [_]
[10:10:43] [Server thread/INFO] [minecraft/GameTestServer]: [_]
[10:10:43] [Server thread/INFO] [minecraft/GameTestServer]: [_]
[10:10:43] [Server thread/INFO] [minecraft/GameTestServer]: [_]
[10:10:43] [Server thread/INFO] [minecraft/GameTestServer]: [_]
[10:10:43] [Server thread/INFO] [minecraft/MinecraftServer]: Проверка конечного места: 13%, изменено блоков: 0
[10:10:43] [Server thread/INFO] [minecraft/GameTestServer]: [_]
[10:10:43] [Server thread/INFO] [minecraft/GameTestServer]: [_]
[10:10:44] [Server thread/INFO] [minecraft/GameTestServer]: [_]
[10:10:44] [Server thread/INFO] [minecraft/GameTestServer]: [_]
[10:10:44] [Server thread/INFO] [minecraft/GameTestServer]: [_]
[10:10:44] [Server thread/INFO] [minecraft/MinecraftServer]: Проверка конечного места: 14%, изменено блоков: 0
[10:10:44] [Server thread/INFO] [minecraft/GameTestServer]: [_]
[10:10:44] [Server thread/INFO] [minecraft/GameTestServer]: [_]
[10:10:44] [Server thread/INFO] [minecraft/GameTestServer]: [_]
[10:10:44] [Server thread/INFO] [minecraft/GameTestServer]: [_]
[10:10:44] [Server thread/INFO] [minecraft/GameTestServer]: [_]
[10:10:44] [Server thread/INFO] [minecraft/MinecraftServer]: Проверка конечного места: 15%, изменено блоков: 0
[10:10:45] [Server thread/INFO] [minecraft/GameTestServer]: [_]
[10:10:45] [Server thread/INFO] [minecraft/GameTestServer]: [_]
[10:10:45] [Server thread/INFO] [minecraft/GameTestServer]: [_]
[10:10:45] [Server thread/INFO] [minecraft/GameTestServer]: [_]
[10:10:45] [Server thread/INFO] [minecraft/GameTestServer]: [_]
[10:10:45] [Server thread/INFO] [minecraft/MinecraftServer]: Проверка конечного места: 16%, изменено блоков: 0
[10:10:45] [Server thread/INFO] [minecraft/GameTestServer]: [_]
[10:10:45] [Server thread/INFO] [minecraft/GameTestServer]: [_]
[10:10:45] [Server thread/INFO] [minecraft/GameTestServer]: [_]
[10:10:45] [Server thread/INFO] [minecraft/GameTestServer]: [_]
[10:10:46] [Server thread/INFO] [minecraft/GameTestServer]: [_]
[10:10:46] [Server thread/INFO] [minecraft/MinecraftServer]: Проверка конечного места: 18%, изменено блоков: 0
[10:10:46] [Server thread/INFO] [minecraft/GameTestServer]: [_]
[10:10:46] [Server thread/INFO] [minecraft/GameTestServer]: [_]
[10:10:46] [Server thread/INFO] [minecraft/GameTestServer]: [_]
[10:10:46] [Server thread/INFO] [minecraft/GameTestServer]: [_]
[10:10:46] [Server thread/INFO] [minecraft/GameTestServer]: [_]
[10:10:46] [Server thread/INFO] [minecraft/MinecraftServer]: Проверка конечного места: 19%, изменено блоков: 0
[10:10:46] [Server thread/INFO] [minecraft/GameTestServer]: [_]
[10:10:46] [Server thread/INFO] [minecraft/GameTestServer]: [_]
[10:10:46] [Server thread/INFO] [minecraft/GameTestServer]: [_]
[10:10:46] [Server thread/INFO] [minecraft/GameTestServer]: [_]
[10:10:47] [Server thread/INFO] [minecraft/GameTestServer]: [_]
[10:10:47] [Server thread/INFO] [minecraft/MinecraftServer]: Проверка конечного места: 20%, изменено блоков: 0
[10:10:47] [Server thread/INFO] [minecraft/GameTestServer]: [_]
[10:10:47] [Server thread/INFO] [minecraft/GameTestServer]: [_]
[10:10:47] [Server thread/INFO] [minecraft/GameTestServer]: [_]
[10:10:47] [Server thread/INFO] [minecraft/GameTestServer]: [_]
[10:10:47] [Server thread/INFO] [minecraft/GameTestServer]: [_]
[10:10:47] [Server thread/INFO] [minecraft/MinecraftServer]: Проверка конечного места: 21%, изменено блоков: 0
[10:10:47] [Server thread/INFO] [minecraft/GameTestServer]: [_]
[10:10:47] [Server thread/INFO] [minecraft/GameTestServer]: [_]
[10:10:47] [Server thread/INFO] [minecraft/GameTestServer]: [_]
[10:10:48] [Server thread/INFO] [minecraft/GameTestServer]: [_]
[10:10:48] [Server thread/INFO] [minecraft/GameTestServer]: [_]
[10:10:48] [Server thread/INFO] [minecraft/MinecraftServer]: Проверка конечного места: 22%, изменено блоков: 0
[10:10:48] [Server thread/INFO] [minecraft/GameTestServer]: [_]
[10:10:48] [Server thread/INFO] [minecraft/GameTestServer]: [_]
[10:10:48] [Server thread/INFO] [minecraft/GameTestServer]: [_]
[10:10:48] [Server thread/INFO] [minecraft/GameTestServer]: [_]
[10:10:48] [Server thread/INFO] [minecraft/GameTestServer]: [_]
[10:10:48] [Server thread/INFO] [minecraft/MinecraftServer]: Проверка конечного места: 23%, изменено блоков: 0
[10:10:48] [Server thread/INFO] [minecraft/GameTestServer]: [_]
[10:10:48] [Server thread/INFO] [minecraft/GameTestServer]: [_]
[10:10:49] [Server thread/INFO] [minecraft/GameTestServer]: [_]
[10:10:49] [Server thread/INFO] [minecraft/GameTestServer]: [_]
[10:10:49] [Server thread/INFO] [minecraft/GameTestServer]: [_]
[10:10:49] [Server thread/INFO] [minecraft/MinecraftServer]: Проверка конечного места: 24%, изменено блоков: 0
[10:10:49] [Server thread/INFO] [minecraft/GameTestServer]: [_]
[10:10:49] [Server thread/INFO] [minecraft/GameTestServer]: [_]
[10:10:49] [Server thread/INFO] [minecraft/GameTestServer]: [_]
[10:10:49] [Server thread/INFO] [minecraft/GameTestServer]: [_]
[10:10:49] [Server thread/INFO] [minecraft/GameTestServer]: [_]
[10:10:49] [Server thread/INFO] [minecraft/MinecraftServer]: Проверка конечного места: 25%, изменено блоков: 0
[10:10:49] [Server thread/INFO] [minecraft/GameTestServer]: [_]
[10:10:50] [Server thread/INFO] [minecraft/GameTestServer]: [_]
[10:10:50] [Server thread/INFO] [minecraft/GameTestServer]: [_]
[10:10:50] [Server thread/INFO] [minecraft/GameTestServer]: [_]
[10:10:50] [Server thread/INFO] [minecraft/GameTestServer]: [_]
[10:10:50] [Server thread/INFO] [minecraft/MinecraftServer]: Проверка конечного места: 26%, изменено блоков: 0
[10:10:50] [Server thread/INFO] [minecraft/GameTestServer]: [_]
[10:10:50] [Server thread/INFO] [minecraft/GameTestServer]: [_]
[10:10:50] [Server thread/INFO] [minecraft/GameTestServer]: [_]
[10:10:50] [Server thread/INFO] [minecraft/GameTestServer]: [_]
[10:10:50] [Server thread/INFO] [minecraft/GameTestServer]: [_]
[10:10:51] [Server thread/INFO] [minecraft/MinecraftServer]: Проверка конечного места: 27%, изменено блоков: 0
[10:10:51] [Server thread/INFO] [minecraft/GameTestServer]: [_]
[10:10:51] [Server thread/INFO] [minecraft/GameTestServer]: [_]
[10:10:51] [Server thread/INFO] [minecraft/GameTestServer]: [_]
[10:10:51] [Server thread/INFO] [minecraft/GameTestServer]: [_]
[10:10:51] [Server thread/INFO] [minecraft/GameTestServer]: [_]
[10:10:51] [Server thread/INFO] [minecraft/MinecraftServer]: Проверка конечного места: 28%, изменено блоков: 0
[10:10:51] [Server thread/INFO] [minecraft/GameTestServer]: [_]
[10:10:51] [Server thread/INFO] [minecraft/GameTestServer]: [_]
[10:10:51] [Server thread/INFO] [minecraft/GameTestServer]: [_]
[10:10:52] [Server thread/INFO] [minecraft/GameTestServer]: [_]
[10:10:52] [Server thread/INFO] [minecraft/GameTestServer]: [_]
[10:10:52] [Server thread/INFO] [minecraft/MinecraftServer]: Проверка конечного места: 29%, изменено блоков: 0
[10:10:52] [Server thread/INFO] [minecraft/GameTestServer]: [_]
[10:10:52] [Server thread/INFO] [minecraft/GameTestServer]: [_]
[10:10:52] [Server thread/INFO] [minecraft/GameTestServer]: [_]
[10:10:52] [Server thread/INFO] [minecraft/GameTestServer]: [_]
[10:10:52] [Server thread/INFO] [minecraft/GameTestServer]: [_]
[10:10:52] [Server thread/INFO] [minecraft/MinecraftServer]: Проверка конечного места: 30%, изменено блоков: 0
[10:10:52] [Server thread/INFO] [minecraft/GameTestServer]: [_]
[10:10:52] [Server thread/INFO] [minecraft/GameTestServer]: [_]
[10:10:52] [Server thread/INFO] [minecraft/GameTestServer]: [_]
[10:10:53] [Server thread/INFO] [minecraft/GameTestServer]: [_]
[10:10:53] [Server thread/INFO] [minecraft/GameTestServer]: [_]
[10:10:53] [Server thread/INFO] [minecraft/MinecraftServer]: Проверка конечного места: 31%, изменено блоков: 0
[10:10:53] [Server thread/INFO] [minecraft/GameTestServer]: [_]
[10:10:53] [Server thread/INFO] [minecraft/GameTestServer]: [_]
[10:10:53] [Server thread/INFO] [minecraft/GameTestServer]: [_]
[10:10:53] [Server thread/INFO] [minecraft/GameTestServer]: [_]
[10:10:53] [Server thread/INFO] [minecraft/GameTestServer]: [_]
[10:10:53] [Server thread/INFO] [minecraft/MinecraftServer]: Проверка конечного места: 32%, изменено блоков: 0
[10:10:53] [Server thread/INFO] [minecraft/GameTestServer]: [_]
[10:10:53] [Server thread/INFO] [minecraft/GameTestServer]: [_]
[10:10:54] [Server thread/INFO] [minecraft/GameTestServer]: [_]
[10:10:54] [Server thread/INFO] [minecraft/GameTestServer]: [_]
[10:10:54] [Server thread/INFO] [minecraft/GameTestServer]: [_]
[10:10:54] [Server thread/INFO] [minecraft/MinecraftServer]: Проверка конечного места: 33%, изменено блоков: 0
[10:10:54] [Server thread/INFO] [minecraft/GameTestServer]: [_]
[10:10:54] [Server thread/INFO] [minecraft/GameTestServer]: [_]
[10:10:54] [Server thread/INFO] [minecraft/GameTestServer]: [_]
[10:10:54] [Server thread/INFO] [minecraft/GameTestServer]: [_]
[10:10:54] [Server thread/INFO] [minecraft/GameTestServer]: [_]
[10:10:54] [Server thread/INFO] [minecraft/MinecraftServer]: Проверка конечного места: 35%, изменено блоков: 0
[10:10:54] [Server thread/INFO] [minecraft/GameTestServer]: [_]
[10:10:54] [Server thread/INFO] [minecraft/GameTestServer]: [_]
[10:10:55] [Server thread/INFO] [minecraft/GameTestServer]: [_]
[10:10:55] [Server thread/INFO] [minecraft/GameTestServer]: [_]
[10:10:55] [Server thread/INFO] [minecraft/GameTestServer]: [_]
[10:10:55] [Server thread/INFO] [minecraft/MinecraftServer]: Проверка конечного места: 36%, изменено блоков: 0
[10:10:55] [Server thread/INFO] [minecraft/GameTestServer]: [_]
[10:10:55] [Server thread/INFO] [minecraft/GameTestServer]: [_]
[10:10:55] [Server thread/INFO] [minecraft/GameTestServer]: [_]
[10:10:55] [Server thread/INFO] [minecraft/GameTestServer]: [_]
[10:10:55] [Server thread/INFO] [minecraft/GameTestServer]: [_]
[10:10:55] [Server thread/INFO] [minecraft/MinecraftServer]: Проверка конечного места: 37%, изменено блоков: 0
[10:10:55] [Server thread/INFO] [minecraft/GameTestServer]: [_]
[10:10:56] [Server thread/INFO] [minecraft/GameTestServer]: [_]
[10:10:56] [Server thread/INFO] [minecraft/GameTestServer]: [_]
[10:10:56] [Server thread/INFO] [minecraft/GameTestServer]: [_]
[10:10:56] [Server thread/INFO] [minecraft/GameTestServer]: [_]
[10:10:56] [Server thread/INFO] [minecraft/MinecraftServer]: Проверка конечного места: 38%, изменено блоков: 0
[10:10:56] [Server thread/INFO] [minecraft/GameTestServer]: [_]
[10:10:56] [Server thread/INFO] [minecraft/GameTestServer]: [_]
[10:10:56] [Server thread/INFO] [minecraft/GameTestServer]: [_]
[10:10:56] [Server thread/INFO] [minecraft/GameTestServer]: [_]
[10:10:57] [Server thread/INFO] [minecraft/GameTestServer]: [_]
[10:10:57] [Server thread/INFO] [minecraft/MinecraftServer]: Проверка конечного места: 39%, изменено блоков: 0
[10:10:57] [Server thread/INFO] [minecraft/GameTestServer]: [_]
[10:10:57] [Server thread/INFO] [minecraft/GameTestServer]: [_]
[10:10:57] [Server thread/INFO] [minecraft/GameTestServer]: [_]
[10:10:57] [Server thread/INFO] [minecraft/GameTestServer]: [_]
[10:10:57] [Server thread/INFO] [minecraft/GameTestServer]: [_]
[10:10:57] [Server thread/INFO] [minecraft/MinecraftServer]: Проверка конечного места: 40%, изменено блоков: 0
[10:10:57] [Server thread/INFO] [minecraft/GameTestServer]: [_]
[10:10:57] [Server thread/INFO] [minecraft/GameTestServer]: [_]
[10:10:57] [Server thread/INFO] [minecraft/GameTestServer]: [_]
[10:10:58] [Server thread/INFO] [minecraft/GameTestServer]: [_]
[10:10:58] [Server thread/INFO] [minecraft/GameTestServer]: [_]
[10:10:58] [Server thread/INFO] [minecraft/MinecraftServer]: Проверка конечного места: 41%, изменено блоков: 0
[10:10:58] [Server thread/INFO] [minecraft/GameTestServer]: [_]
[10:10:58] [Server thread/INFO] [minecraft/GameTestServer]: [_]
[10:10:58] [Server thread/INFO] [minecraft/GameTestServer]: [_]
[10:10:58] [Server thread/INFO] [minecraft/GameTestServer]: [_]
[10:10:58] [Server thread/INFO] [minecraft/GameTestServer]: [_]
[10:10:58] [Server thread/INFO] [minecraft/MinecraftServer]: Проверка конечного места: 42%, изменено блоков: 0
[10:10:58] [Server thread/INFO] [minecraft/GameTestServer]: [_]
[10:10:58] [Server thread/INFO] [minecraft/GameTestServer]: [_]
[10:10:59] [Server thread/INFO] [minecraft/GameTestServer]: [_]
[10:10:59] [Server thread/INFO] [minecraft/GameTestServer]: [_]
[10:10:59] [Server thread/INFO] [minecraft/GameTestServer]: [_]
[10:10:59] [Server thread/INFO] [minecraft/MinecraftServer]: Проверка конечного места: 43%, изменено блоков: 0
[10:10:59] [Server thread/INFO] [minecraft/GameTestServer]: [_]
[10:10:59] [Server thread/INFO] [minecraft/GameTestServer]: [_]
[10:10:59] [Server thread/INFO] [minecraft/GameTestServer]: [_]
[10:10:59] [Server thread/INFO] [minecraft/GameTestServer]: [_]
[10:10:59] [Server thread/INFO] [minecraft/GameTestServer]: [_]
[10:10:59] [Server thread/INFO] [minecraft/MinecraftServer]: Проверка конечного места: 44%, изменено блоков: 0
[10:11:00] [Server thread/INFO] [minecraft/GameTestServer]: [_]
[10:11:00] [Server thread/INFO] [minecraft/GameTestServer]: [_]
[10:11:00] [Server thread/INFO] [minecraft/GameTestServer]: [_]
[10:11:00] [Server thread/INFO] [minecraft/GameTestServer]: [_]
[10:11:00] [Server thread/INFO] [minecraft/GameTestServer]: [_]
[10:11:00] [Server thread/INFO] [minecraft/MinecraftServer]: Проверка конечного места: 45%, изменено блоков: 0
[10:11:00] [Server thread/INFO] [minecraft/GameTestServer]: [_]
[10:11:00] [Server thread/INFO] [minecraft/GameTestServer]: [_]
[10:11:00] [Server thread/INFO] [minecraft/GameTestServer]: [_]
[10:11:00] [Server thread/INFO] [minecraft/GameTestServer]: [_]
[10:11:01] [Server thread/INFO] [minecraft/GameTestServer]: [_]
[10:11:01] [Server thread/INFO] [minecraft/MinecraftServer]: Проверка конечного места: 46%, изменено блоков: 0
[10:11:01] [Server thread/INFO] [minecraft/GameTestServer]: [_]
[10:11:01] [Server thread/INFO] [minecraft/GameTestServer]: [_]
[10:11:01] [Server thread/INFO] [minecraft/GameTestServer]: [_]
[10:11:01] [Server thread/INFO] [minecraft/GameTestServer]: [_]
[10:11:01] [Server thread/INFO] [minecraft/GameTestServer]: [_]
[10:11:01] [Server thread/INFO] [minecraft/MinecraftServer]: Проверка конечного места: 47%, изменено блоков: 0
[10:11:01] [Server thread/INFO] [minecraft/GameTestServer]: [_]
[10:11:01] [Server thread/INFO] [minecraft/GameTestServer]: [_]
[10:11:01] [Server thread/INFO] [minecraft/GameTestServer]: [_]
[10:11:01] [Server thread/INFO] [minecraft/GameTestServer]: [_]
[10:11:02] [Server thread/INFO] [minecraft/GameTestServer]: [_]
[10:11:02] [Server thread/INFO] [minecraft/MinecraftServer]: Проверка конечного места: 48%, изменено блоков: 0
[10:11:02] [Server thread/INFO] [minecraft/GameTestServer]: [_]
[10:11:02] [Server thread/INFO] [minecraft/GameTestServer]: [_]
[10:11:02] [Server thread/INFO] [minecraft/GameTestServer]: [_]
[10:11:02] [Server thread/INFO] [minecraft/GameTestServer]: [_]
[10:11:02] [Server thread/INFO] [minecraft/GameTestServer]: [_]
[10:11:02] [Server thread/INFO] [minecraft/MinecraftServer]: Проверка конечного места: 49%, изменено блоков: 0
[10:11:02] [Server thread/INFO] [minecraft/GameTestServer]: [_]
[10:11:02] [Server thread/INFO] [minecraft/GameTestServer]: [_]
[10:11:02] [Server thread/INFO] [minecraft/GameTestServer]: [_]
[10:11:03] [Server thread/INFO] [minecraft/GameTestServer]: [_]
[10:11:03] [Server thread/INFO] [minecraft/GameTestServer]: [_]
[10:11:03] [Server thread/INFO] [minecraft/MinecraftServer]: Проверка конечного места: 50%, изменено блоков: 0
[10:11:03] [Server thread/INFO] [minecraft/GameTestServer]: [_]
[10:11:03] [Server thread/INFO] [minecraft/GameTestServer]: [_]
[10:11:03] [Server thread/INFO] [minecraft/GameTestServer]: [_]
[10:11:03] [Server thread/INFO] [minecraft/GameTestServer]: [_]
[10:11:03] [Server thread/INFO] [minecraft/GameTestServer]: [_]
[10:11:03] [Server thread/INFO] [minecraft/MinecraftServer]: Проверка конечного места: 51%, изменено блоков: 0
[10:11:03] [Server thread/INFO] [minecraft/GameTestServer]: [_]
[10:11:03] [Server thread/INFO] [minecraft/GameTestServer]: [_]
[10:11:03] [Server thread/INFO] [minecraft/GameTestServer]: [_]
[10:11:04] [Server thread/INFO] [minecraft/GameTestServer]: [_]
[10:11:04] [Server thread/INFO] [minecraft/GameTestServer]: [_]
[10:11:04] [Server thread/INFO] [minecraft/MinecraftServer]: Проверка конечного места: 52%, изменено блоков: 0
[10:11:04] [Server thread/INFO] [minecraft/GameTestServer]: [_]
[10:11:04] [Server thread/INFO] [minecraft/GameTestServer]: [_]
[10:11:04] [Server thread/INFO] [minecraft/GameTestServer]: [_]
[10:11:04] [Server thread/INFO] [minecraft/GameTestServer]: [_]
[10:11:04] [Server thread/INFO] [minecraft/GameTestServer]: [_]
[10:11:04] [Server thread/INFO] [minecraft/MinecraftServer]: Проверка конечного места: 53%, изменено блоков: 0
[10:11:04] [Server thread/INFO] [minecraft/GameTestServer]: [_]
[10:11:04] [Server thread/INFO] [minecraft/GameTestServer]: [_]
[10:11:05] [Server thread/INFO] [minecraft/GameTestServer]: [_]
[10:11:05] [Server thread/INFO] [minecraft/GameTestServer]: [_]
[10:11:05] [Server thread/INFO] [minecraft/GameTestServer]: [_]
[10:11:05] [Server thread/INFO] [minecraft/MinecraftServer]: Проверка конечного места: 54%, изменено блоков: 0
[10:11:05] [Server thread/INFO] [minecraft/GameTestServer]: [_]
[10:11:05] [Server thread/INFO] [minecraft/GameTestServer]: [_]
[10:11:05] [Server thread/INFO] [minecraft/GameTestServer]: [_]
[10:11:05] [Server thread/INFO] [minecraft/GameTestServer]: [_]
[10:11:05] [Server thread/INFO] [minecraft/GameTestServer]: [_]
[10:11:05] [Server thread/INFO] [minecraft/MinecraftServer]: Проверка конечного места: 55%, изменено блоков: 0
[10:11:05] [Server thread/INFO] [minecraft/GameTestServer]: [_]
[10:11:05] [Server thread/INFO] [minecraft/GameTestServer]: [_]
[10:11:06] [Server thread/INFO] [minecraft/GameTestServer]: [_]
[10:11:06] [Server thread/INFO] [minecraft/GameTestServer]: [_]
[10:11:06] [Server thread/INFO] [minecraft/GameTestServer]: [_]
[10:11:06] [Server thread/INFO] [minecraft/MinecraftServer]: Проверка конечного места: 57%, изменено блоков: 0
[10:11:06] [Server thread/INFO] [minecraft/GameTestServer]: [_]
[10:11:06] [Server thread/INFO] [minecraft/GameTestServer]: [_]
[10:11:06] [Server thread/INFO] [minecraft/GameTestServer]: [_]
[10:11:06] [Server thread/INFO] [minecraft/GameTestServer]: [_]
[10:11:06] [Server thread/INFO] [minecraft/GameTestServer]: [_]
[10:11:06] [Server thread/INFO] [minecraft/MinecraftServer]: Проверка конечного места: 58%, изменено блоков: 0
[10:11:06] [Server thread/INFO] [minecraft/GameTestServer]: [_]
[10:11:07] [Server thread/INFO] [minecraft/GameTestServer]: [_]
[10:11:07] [Server thread/INFO] [minecraft/GameTestServer]: [_]
[10:11:07] [Server thread/INFO] [minecraft/GameTestServer]: [_]
[10:11:07] [Server thread/INFO] [minecraft/GameTestServer]: [_]
[10:11:07] [Server thread/INFO] [minecraft/MinecraftServer]: Проверка конечного места: 59%, изменено блоков: 0
[10:11:07] [Server thread/INFO] [minecraft/GameTestServer]: [_]
[10:11:07] [Server thread/INFO] [minecraft/GameTestServer]: [_]
[10:11:07] [Server thread/INFO] [minecraft/GameTestServer]: [_]
[10:11:07] [Server thread/INFO] [minecraft/GameTestServer]: [_]
[10:11:07] [Server thread/INFO] [minecraft/GameTestServer]: [_]
[10:11:08] [Server thread/INFO] [minecraft/MinecraftServer]: Проверка конечного места: 60%, изменено блоков: 0
[10:11:08] [Server thread/INFO] [minecraft/GameTestServer]: [_]
[10:11:08] [Server thread/INFO] [minecraft/GameTestServer]: [_]
[10:11:08] [Server thread/INFO] [minecraft/GameTestServer]: [_]
[10:11:08] [Server thread/INFO] [minecraft/GameTestServer]: [_]
[10:11:08] [Server thread/INFO] [minecraft/GameTestServer]: [_]
[10:11:08] [Server thread/INFO] [minecraft/MinecraftServer]: Проверка конечного места: 61%, изменено блоков: 0
[10:11:08] [Server thread/INFO] [minecraft/GameTestServer]: [_]
[10:11:08] [Server thread/INFO] [minecraft/GameTestServer]: [_]
[10:11:08] [Server thread/INFO] [minecraft/GameTestServer]: [_]
[10:11:08] [Server thread/INFO] [minecraft/GameTestServer]: [_]
[10:11:09] [Server thread/INFO] [minecraft/GameTestServer]: [_]
[10:11:09] [Server thread/INFO] [minecraft/MinecraftServer]: Проверка конечного места: 62%, изменено блоков: 0
[10:11:09] [Server thread/INFO] [minecraft/GameTestServer]: [_]
[10:11:09] [Server thread/INFO] [minecraft/GameTestServer]: [_]
[10:11:09] [Server thread/INFO] [minecraft/GameTestServer]: [_]
[10:11:09] [Server thread/INFO] [minecraft/GameTestServer]: [_]
[10:11:09] [Server thread/INFO] [minecraft/GameTestServer]: [_]
[10:11:09] [Server thread/INFO] [minecraft/MinecraftServer]: Проверка конечного места: 63%, изменено блоков: 0
[10:11:09] [Server thread/INFO] [minecraft/GameTestServer]: [_]
[10:11:09] [Server thread/INFO] [minecraft/GameTestServer]: [_]
[10:11:09] [Server thread/INFO] [minecraft/GameTestServer]: [_]
[10:11:10] [Server thread/INFO] [minecraft/GameTestServer]: [_]
[10:11:10] [Server thread/INFO] [minecraft/GameTestServer]: [_]
[10:11:10] [Server thread/INFO] [minecraft/MinecraftServer]: Проверка конечного места: 64%, изменено блоков: 0
[10:11:10] [Server thread/INFO] [minecraft/GameTestServer]: [_]
[10:11:10] [Server thread/INFO] [minecraft/GameTestServer]: [_]
[10:11:10] [Server thread/INFO] [minecraft/GameTestServer]: [_]
[10:11:10] [Server thread/INFO] [minecraft/GameTestServer]: [_]
[10:11:10] [Server thread/INFO] [minecraft/GameTestServer]: [_]
[10:11:10] [Server thread/INFO] [minecraft/MinecraftServer]: Проверка конечного места: 65%, изменено блоков: 0
[10:11:10] [Server thread/INFO] [minecraft/GameTestServer]: [_]
[10:11:10] [Server thread/INFO] [minecraft/GameTestServer]: [_]
[10:11:10] [Server thread/INFO] [minecraft/GameTestServer]: [_]
[10:11:11] [Server thread/INFO] [minecraft/GameTestServer]: [_]
[10:11:11] [Server thread/INFO] [minecraft/GameTestServer]: [_]
[10:11:11] [Server thread/INFO] [minecraft/MinecraftServer]: Проверка конечного места: 66%, изменено блоков: 0
[10:11:11] [Server thread/INFO] [minecraft/GameTestServer]: [_]
[10:11:11] [Server thread/INFO] [minecraft/GameTestServer]: [_]
[10:11:11] [Server thread/INFO] [minecraft/GameTestServer]: [_]
[10:11:11] [Server thread/INFO] [minecraft/GameTestServer]: [_]
[10:11:11] [Server thread/INFO] [minecraft/GameTestServer]: [_]
[10:11:11] [Server thread/INFO] [minecraft/MinecraftServer]: Проверка конечного места: 67%, изменено блоков: 0
[10:11:11] [Server thread/INFO] [minecraft/GameTestServer]: [_]
[10:11:11] [Server thread/INFO] [minecraft/GameTestServer]: [_]
[10:11:12] [Server thread/INFO] [minecraft/GameTestServer]: [_]
[10:11:12] [Server thread/INFO] [minecraft/GameTestServer]: [_]
[10:11:12] [Server thread/INFO] [minecraft/GameTestServer]: [_]
[10:11:12] [Server thread/INFO] [minecraft/MinecraftServer]: Проверка конечного места: 69%, изменено блоков: 0
[10:11:12] [Server thread/INFO] [minecraft/GameTestServer]: [_]
[10:11:12] [Server thread/INFO] [minecraft/GameTestServer]: [_]
[10:11:12] [Server thread/INFO] [minecraft/GameTestServer]: [_]
[10:11:12] [Server thread/INFO] [minecraft/GameTestServer]: [_]
[10:11:12] [Server thread/INFO] [minecraft/GameTestServer]: [_]
[10:11:12] [Server thread/INFO] [minecraft/MinecraftServer]: Проверка конечного места: 70%, изменено блоков: 0
[10:11:12] [Server thread/INFO] [minecraft/GameTestServer]: [_]
[10:11:12] [Server thread/INFO] [minecraft/GameTestServer]: [_]
[10:11:13] [Server thread/INFO] [minecraft/GameTestServer]: [_]
[10:11:13] [Server thread/INFO] [minecraft/GameTestServer]: [_]
[10:11:13] [Server thread/INFO] [minecraft/GameTestServer]: [_]
[10:11:13] [Server thread/INFO] [minecraft/MinecraftServer]: Проверка конечного места: 71%, изменено блоков: 0
[10:11:13] [Server thread/INFO] [minecraft/GameTestServer]: [_]
[10:11:13] [Server thread/INFO] [minecraft/GameTestServer]: [_]
[10:11:13] [Server thread/INFO] [minecraft/GameTestServer]: [_]
[10:11:13] [Server thread/INFO] [minecraft/GameTestServer]: [_]
[10:11:13] [Server thread/INFO] [minecraft/GameTestServer]: [_]
[10:11:13] [Server thread/INFO] [minecraft/MinecraftServer]: Проверка конечного места: 72%, изменено блоков: 0
[10:11:13] [Server thread/INFO] [minecraft/GameTestServer]: [_]
[10:11:14] [Server thread/INFO] [minecraft/GameTestServer]: [_]
[10:11:14] [Server thread/INFO] [minecraft/GameTestServer]: [_]
[10:11:14] [Server thread/INFO] [minecraft/GameTestServer]: [_]
[10:11:14] [Server thread/INFO] [minecraft/GameTestServer]: [_]
[10:11:14] [Server thread/INFO] [minecraft/MinecraftServer]: Проверка конечного места: 73%, изменено блоков: 0
[10:11:14] [Server thread/INFO] [minecraft/GameTestServer]: [_]
[10:11:14] [Server thread/INFO] [minecraft/GameTestServer]: [_]
[10:11:14] [Server thread/INFO] [minecraft/GameTestServer]: [_]
[10:11:14] [Server thread/INFO] [minecraft/GameTestServer]: [_]
[10:11:14] [Server thread/INFO] [minecraft/GameTestServer]: [_]
[10:11:14] [Server thread/INFO] [minecraft/MinecraftServer]: Проверка конечного места: 74%, изменено блоков: 0
[10:11:15] [Server thread/INFO] [minecraft/GameTestServer]: [_]
[10:11:15] [Server thread/INFO] [minecraft/GameTestServer]: [_]
[10:11:15] [Server thread/INFO] [minecraft/GameTestServer]: [_]
[10:11:15] [Server thread/INFO] [minecraft/GameTestServer]: [_]
[10:11:15] [Server thread/INFO] [minecraft/GameTestServer]: [_]
[10:11:15] [Server thread/INFO] [minecraft/MinecraftServer]: Проверка конечного места: 75%, изменено блоков: 0
[10:11:15] [Server thread/INFO] [minecraft/GameTestServer]: [_]
[10:11:15] [Server thread/INFO] [minecraft/GameTestServer]: [_]
[10:11:15] [Server thread/INFO] [minecraft/GameTestServer]: [_]
[10:11:15] [Server thread/INFO] [minecraft/GameTestServer]: [_]
[10:11:15] [Server thread/INFO] [minecraft/GameTestServer]: [_]
[10:11:16] [Server thread/INFO] [minecraft/MinecraftServer]: Проверка конечного места: 76%, изменено блоков: 0
[10:11:16] [Server thread/INFO] [minecraft/GameTestServer]: [_]
[10:11:16] [Server thread/INFO] [minecraft/GameTestServer]: [_]
[10:11:16] [Server thread/INFO] [minecraft/GameTestServer]: [_]
[10:11:16] [Server thread/INFO] [minecraft/GameTestServer]: [_]
[10:11:16] [Server thread/INFO] [minecraft/GameTestServer]: [_]
[10:11:16] [Server thread/INFO] [minecraft/MinecraftServer]: Проверка конечного места: 77%, изменено блоков: 0
[10:11:16] [Server thread/INFO] [minecraft/GameTestServer]: [_]
[10:11:16] [Server thread/INFO] [minecraft/GameTestServer]: [_]
[10:11:16] [Server thread/INFO] [minecraft/GameTestServer]: [_]
[10:11:16] [Server thread/INFO] [minecraft/GameTestServer]: [_]
[10:11:17] [Server thread/INFO] [minecraft/GameTestServer]: [_]
[10:11:17] [Server thread/INFO] [minecraft/MinecraftServer]: Проверка конечного места: 78%, изменено блоков: 0
[10:11:17] [Server thread/INFO] [minecraft/GameTestServer]: [_]
[10:11:17] [Server thread/INFO] [minecraft/GameTestServer]: [_]
[10:11:17] [Server thread/INFO] [minecraft/GameTestServer]: [_]
[10:11:17] [Server thread/INFO] [minecraft/GameTestServer]: [_]
[10:11:17] [Server thread/INFO] [minecraft/GameTestServer]: [_]
[10:11:17] [Server thread/INFO] [minecraft/MinecraftServer]: Проверка конечного места: 79%, изменено блоков: 0
[10:11:17] [Server thread/INFO] [minecraft/GameTestServer]: [_]
[10:11:17] [Server thread/INFO] [minecraft/GameTestServer]: [_]
[10:11:17] [Server thread/INFO] [minecraft/GameTestServer]: [_]
[10:11:17] [Server thread/INFO] [minecraft/GameTestServer]: [_]
[10:11:18] [Server thread/INFO] [minecraft/GameTestServer]: [_]
[10:11:18] [Server thread/INFO] [minecraft/MinecraftServer]: Проверка конечного места: 80%, изменено блоков: 0
[10:11:18] [Server thread/INFO] [minecraft/GameTestServer]: [_]
[10:11:18] [Server thread/INFO] [minecraft/GameTestServer]: [_]
[10:11:18] [Server thread/INFO] [minecraft/GameTestServer]: [_]
[10:11:18] [Server thread/INFO] [minecraft/GameTestServer]: [_]
[10:11:18] [Server thread/INFO] [minecraft/GameTestServer]: [_]
[10:11:18] [Server thread/INFO] [minecraft/MinecraftServer]: Проверка конечного места: 81%, изменено блоков: 0
[10:11:18] [Server thread/INFO] [minecraft/GameTestServer]: [_]
[10:11:18] [Server thread/INFO] [minecraft/GameTestServer]: [_]
[10:11:18] [Server thread/INFO] [minecraft/GameTestServer]: [_]
[10:11:19] [Server thread/INFO] [minecraft/GameTestServer]: [_]
[10:11:19] [Server thread/INFO] [minecraft/GameTestServer]: [_]
[10:11:19] [Server thread/INFO] [minecraft/MinecraftServer]: Проверка конечного места: 82%, изменено блоков: 0
[10:11:19] [Server thread/INFO] [minecraft/GameTestServer]: [_]
[10:11:19] [Server thread/INFO] [minecraft/GameTestServer]: [_]
[10:11:19] [Server thread/INFO] [minecraft/GameTestServer]: [_]
[10:11:19] [Server thread/INFO] [minecraft/GameTestServer]: [_]
[10:11:19] [Server thread/INFO] [minecraft/GameTestServer]: [_]
[10:11:19] [Server thread/INFO] [minecraft/MinecraftServer]: Проверка конечного места: 83%, изменено блоков: 0
[10:11:19] [Server thread/INFO] [minecraft/GameTestServer]: [_]
[10:11:19] [Server thread/INFO] [minecraft/GameTestServer]: [_]
[10:11:20] [Server thread/INFO] [minecraft/GameTestServer]: [_]
[10:11:20] [Server thread/INFO] [minecraft/GameTestServer]: [_]
[10:11:20] [Server thread/INFO] [minecraft/GameTestServer]: [_]
[10:11:20] [Server thread/INFO] [minecraft/MinecraftServer]: Проверка конечного места: 85%, изменено блоков: 0
[10:11:20] [Server thread/INFO] [minecraft/GameTestServer]: [_]
[10:11:20] [Server thread/INFO] [minecraft/GameTestServer]: [_]
[10:11:20] [Server thread/INFO] [minecraft/GameTestServer]: [_]
[10:11:20] [Server thread/INFO] [minecraft/GameTestServer]: [_]
[10:11:20] [Server thread/INFO] [minecraft/GameTestServer]: [_]
[10:11:20] [Server thread/INFO] [minecraft/MinecraftServer]: Проверка конечного места: 86%, изменено блоков: 0
[10:11:20] [Server thread/INFO] [minecraft/GameTestServer]: [_]
[10:11:20] [Server thread/INFO] [minecraft/GameTestServer]: [_]
[10:11:21] [Server thread/INFO] [minecraft/GameTestServer]: [_]
[10:11:21] [Server thread/INFO] [minecraft/GameTestServer]: [_]
[10:11:21] [Server thread/INFO] [minecraft/GameTestServer]: [_]
[10:11:21] [Server thread/INFO] [minecraft/MinecraftServer]: Проверка конечного места: 87%, изменено блоков: 0
[10:11:21] [Server thread/INFO] [minecraft/GameTestServer]: [_]
[10:11:21] [Server thread/INFO] [minecraft/GameTestServer]: [_]
[10:11:21] [Server thread/INFO] [minecraft/GameTestServer]: [_]
[10:11:21] [Server thread/INFO] [minecraft/GameTestServer]: [_]
[10:11:21] [Server thread/INFO] [minecraft/GameTestServer]: [_]
[10:11:21] [Server thread/INFO] [minecraft/MinecraftServer]: Проверка конечного места: 88%, изменено блоков: 0
[10:11:21] [Server thread/INFO] [minecraft/GameTestServer]: [_]
[10:11:22] [Server thread/INFO] [minecraft/GameTestServer]: [_]
[10:11:22] [Server thread/INFO] [minecraft/GameTestServer]: [_]
[10:11:22] [Server thread/INFO] [minecraft/GameTestServer]: [_]
[10:11:22] [Server thread/INFO] [minecraft/GameTestServer]: [_]
[10:11:22] [Server thread/INFO] [minecraft/MinecraftServer]: Проверка конечного места: 89%, изменено блоков: 0
[10:11:22] [Server thread/INFO] [minecraft/GameTestServer]: [_]
[10:11:22] [Server thread/INFO] [minecraft/GameTestServer]: [_]
[10:11:22] [Server thread/INFO] [minecraft/GameTestServer]: [_]
[10:11:22] [Server thread/INFO] [minecraft/GameTestServer]: [_]
[10:11:22] [Server thread/INFO] [minecraft/GameTestServer]: [_]
[10:11:22] [Server thread/INFO] [minecraft/MinecraftServer]: Проверка конечного места: 90%, изменено блоков: 0
[10:11:23] [Server thread/INFO] [minecraft/GameTestServer]: [_]
[10:11:23] [Server thread/INFO] [minecraft/GameTestServer]: [_]
[10:11:23] [Server thread/INFO] [minecraft/GameTestServer]: [_]
[10:11:23] [Server thread/INFO] [minecraft/GameTestServer]: [_]
[10:11:23] [Server thread/INFO] [minecraft/GameTestServer]: [_]
[10:11:23] [Server thread/INFO] [minecraft/MinecraftServer]: Проверка конечного места: 91%, изменено блоков: 0
[10:11:23] [Server thread/INFO] [minecraft/GameTestServer]: [_]
[10:11:23] [Server thread/INFO] [minecraft/GameTestServer]: [_]
[10:11:23] [Server thread/INFO] [minecraft/GameTestServer]: [_]
[10:11:23] [Server thread/INFO] [minecraft/GameTestServer]: [_]
[10:11:23] [Server thread/INFO] [minecraft/MinecraftServer]: Территория подготовлена. Размещается структура...
[10:11:24] [Server thread/INFO] [minecraft/GameTestServer]: [_]
[10:11:24] [Server thread/INFO] [minecraft/MinecraftServer]: Размещение структуры: 2%, изменено блоков: 82688
[10:11:24] [Server thread/INFO] [minecraft/GameTestServer]: [_]
[10:11:24] [Server thread/INFO] [minecraft/GameTestServer]: [_]
[10:11:24] [Server thread/INFO] [minecraft/GameTestServer]: [_]
[10:11:24] [Server thread/INFO] [minecraft/GameTestServer]: [_]
[10:11:24] [Server thread/INFO] [minecraft/GameTestServer]: [_]
[10:11:24] [Server thread/INFO] [minecraft/MinecraftServer]: Размещение структуры: 13%, изменено блоков: 82688
[10:11:24] [Server thread/INFO] [minecraft/GameTestServer]: [_]
[10:11:24] [Server thread/INFO] [minecraft/GameTestServer]: [_]
[10:11:25] [Server thread/INFO] [minecraft/GameTestServer]: [_]
[10:11:25] [Server thread/INFO] [minecraft/GameTestServer]: [_]
[10:11:25] [Server thread/INFO] [minecraft/GameTestServer]: [_]
[10:11:25] [Server thread/INFO] [minecraft/MinecraftServer]: Размещение структуры: 23%, изменено блоков: 82688
[10:11:25] [Server thread/INFO] [minecraft/GameTestServer]: [_]
[10:11:25] [Server thread/INFO] [minecraft/GameTestServer]: [_]
[10:11:25] [Server thread/INFO] [minecraft/GameTestServer]: [_]
[10:11:25] [Server thread/INFO] [minecraft/GameTestServer]: [_]
[10:11:26] [Server thread/INFO] [minecraft/GameTestServer]: [_]
[10:11:26] [Server thread/INFO] [minecraft/MinecraftServer]: Размещение структуры: 33%, изменено блоков: 82688
[10:11:26] [Server thread/INFO] [minecraft/GameTestServer]: [_]
[10:11:26] [Server thread/INFO] [minecraft/GameTestServer]: [_]
[10:11:26] [Server thread/INFO] [minecraft/GameTestServer]: [_]
[10:11:26] [Server thread/INFO] [minecraft/GameTestServer]: [_]
[10:11:26] [Server thread/INFO] [minecraft/GameTestServer]: [_]
[10:11:26] [Server thread/INFO] [minecraft/MinecraftServer]: Размещение структуры: 43%, изменено блоков: 82688
[10:11:26] [Server thread/INFO] [minecraft/GameTestServer]: [_]
[10:11:26] [Server thread/INFO] [minecraft/GameTestServer]: [_]
[10:11:27] [Server thread/INFO] [minecraft/GameTestServer]: [_]
[10:11:27] [Server thread/INFO] [minecraft/GameTestServer]: [_]
[10:11:27] [Server thread/INFO] [minecraft/GameTestServer]: [_]
[10:11:27] [Server thread/INFO] [minecraft/MinecraftServer]: Размещение структуры: 53%, изменено блоков: 82688
[10:11:27] [Server thread/INFO] [minecraft/GameTestServer]: [_]
[10:11:27] [Server thread/INFO] [minecraft/GameTestServer]: [_]
[10:11:27] [Server thread/INFO] [minecraft/GameTestServer]: [_]
[10:11:27] [Server thread/INFO] [minecraft/GameTestServer]: [_]
[10:11:28] [Server thread/INFO] [minecraft/GameTestServer]: [_]
[10:11:28] [Server thread/INFO] [minecraft/MinecraftServer]: Размещение структуры: 63%, изменено блоков: 82688
[10:11:28] [Server thread/INFO] [minecraft/GameTestServer]: [_]
[10:11:28] [Server thread/INFO] [minecraft/GameTestServer]: [_]
[10:11:28] [Server thread/INFO] [minecraft/GameTestServer]: [_]
[10:11:28] [Server thread/INFO] [minecraft/GameTestServer]: [_]
[10:11:28] [Server thread/INFO] [minecraft/GameTestServer]: [_]
[10:11:28] [Server thread/INFO] [minecraft/MinecraftServer]: Размещение структуры: 73%, изменено блоков: 82688
[10:11:29] [Server thread/INFO] [minecraft/GameTestServer]: [_]
[10:11:29] [Server thread/INFO] [minecraft/GameTestServer]: [_]
[10:11:29] [Server thread/INFO] [minecraft/GameTestServer]: [_]
[10:11:29] [Server thread/INFO] [minecraft/GameTestServer]: [_]
[10:11:29] [Server thread/INFO] [minecraft/GameTestServer]: [_]
[10:11:29] [Server thread/INFO] [minecraft/MinecraftServer]: Размещение структуры: 83%, изменено блоков: 82688
[10:11:29] [Server thread/INFO] [minecraft/GameTestServer]: [_]
[10:11:29] [Server thread/INFO] [minecraft/GameTestServer]: [_]
[10:11:30] [Server thread/INFO] [minecraft/GameTestServer]: [_]
[10:11:30] [Server thread/INFO] [minecraft/GameTestServer]: [_]
[10:11:30] [Server thread/INFO] [minecraft/GameTestServer]: [_]
[10:11:30] [Server thread/INFO] [minecraft/MinecraftServer]: Размещение структуры: 93%, изменено блоков: 82688
[10:11:30] [Server thread/INFO] [minecraft/GameTestServer]: [_]
[10:11:30] [Server thread/INFO] [minecraft/GameTestServer]: [_]
[10:11:30] [Server thread/INFO] [minecraft/GameTestServer]: [_]
[10:11:30] [Server thread/INFO] [minecraft/MinecraftServer]: Структура создана: 11790504, 173, 13233739
[10:11:31] [Server thread/INFO] [minecraft/MinecraftServer]: Great Kurgan: 11790504, 173, 13233739
[10:11:31] [Server thread/INFO] [minecraft/MinecraftServer]: Distance: 126 blocks.
MANUAL_STRUCTURE_COMMAND_PASS slavicmyths generate kurgan great 0 entrance=BlockPos{x=11790504, y=173, z=13233739} constructionY=172 changedBlocks=82688 peakOperations=8192 peakJobMs=11.9374 slowestPhase=PLACE_STRUCTURE
[10:11:31] [Server thread/INFO] [minecraft/MinecraftServer]: Подготавливается территория: bandit_camp / 0. Задание 242b8ac0-7a81-4fb5-8a7e-1b264a2c50eb
[10:11:31] [Server thread/INFO] [minecraft/MinecraftServer]: Генерация уже выполняется. /slavicmyths generation status или cancel
[10:11:31] [Server thread/INFO] [minecraft/GameTestServer]: [_]
[10:11:31] [Server thread/INFO] [minecraft/GameTestServer]: [_]
[10:11:31] [Server thread/INFO] [minecraft/GameTestServer]: [_]
[10:11:31] [Server thread/INFO] [minecraft/GameTestServer]: [_]
[10:11:31] [Server thread/INFO] [minecraft/GameTestServer]: [_]
[10:11:31] [Server thread/INFO] [minecraft/MinecraftServer]: Загрузка территории: 0%, изменено блоков: 0
[10:11:31] [Server thread/INFO] [minecraft/GameTestServer]: [_]
[10:11:31] [Server thread/INFO] [minecraft/GameTestServer]: [_]
[10:11:31] [Server thread/INFO] [minecraft/GameTestServer]: [_]
[10:11:31] [Server thread/INFO] [minecraft/GameTestServer]: [_]
[10:11:31] [Server thread/INFO] [minecraft/GameTestServer]: [_]
[10:11:31] [Server thread/INFO] [minecraft/MinecraftServer]: Загрузка территории: 11%, изменено блоков: 0
[10:11:31] [Server thread/INFO] [minecraft/GameTestServer]: [_]
[10:11:31] [Server thread/INFO] [minecraft/GameTestServer]: [_]
[10:11:31] [Server thread/INFO] [minecraft/GameTestServer]: [_]
[10:11:32] [Server thread/INFO] [minecraft/GameTestServer]: [_]
[10:11:32] [Server thread/INFO] [minecraft/GameTestServer]: [_]
[10:11:32] [Server thread/INFO] [minecraft/MinecraftServer]: Загрузка территории: 44%, изменено блоков: 0
[10:11:32] [Server thread/INFO] [minecraft/GameTestServer]: [_]
[10:11:32] [Server thread/INFO] [minecraft/GameTestServer]: [_]
[10:11:32] [Server thread/INFO] [minecraft/GameTestServer]: [_]
[10:11:32] [Server thread/INFO] [minecraft/GameTestServer]: [_]
[10:11:32] [Server thread/INFO] [minecraft/GameTestServer]: [_]
[10:11:32] [Server thread/INFO] [minecraft/MinecraftServer]: Загрузка территории: 90%, изменено блоков: 0
[10:11:32] [Server thread/INFO] [minecraft/GameTestServer]: [_]
[10:11:32] [Server thread/INFO] [minecraft/GameTestServer]: [_]
[10:11:32] [Server thread/INFO] [minecraft/MinecraftServer]: Чанки загружены. Подготовка окончательного положения на Y=172
[10:11:32] [Server thread/INFO] [minecraft/GameTestServer]: [_]
[10:11:32] [Server thread/INFO] [minecraft/MinecraftServer]: Территория подготовлена. Размещается структура...
[10:11:32] [Server thread/INFO] [minecraft/GameTestServer]: [_]
[10:11:32] [Server thread/INFO] [minecraft/MinecraftServer]: Структура создана: 11794610, 173, 13233727
[10:11:32] [Server thread/INFO] [minecraft/MinecraftServer]: bandit_camp small: 11794610 173 13233727 — confirmed structure start.
MANUAL_STRUCTURE_COMMAND_PASS slavicmyths generate bandit_camp small 0 entrance=BlockPos{x=11794610, y=173, z=13233727} constructionY=172 changedBlocks=5504 peakOperations=8192 peakJobMs=37.699 slowestPhase=PLACE_STRUCTURE
[10:11:32] [Server thread/INFO] [minecraft/MinecraftServer]: Подготавливается территория: bandit_camp / 1. Задание 774051b2-cd98-4449-8639-42fcec530d9f
[10:11:32] [Server thread/INFO] [minecraft/MinecraftServer]: Генерация уже выполняется. /slavicmyths generation status или cancel
[10:11:33] [Server thread/INFO] [minecraft/GameTestServer]: [_]
[10:11:33] [Server thread/INFO] [minecraft/GameTestServer]: [_]
[10:11:33] [Server thread/INFO] [minecraft/GameTestServer]: [_]
[10:11:33] [Server thread/INFO] [minecraft/GameTestServer]: [_]
[10:11:33] [Server thread/INFO] [minecraft/GameTestServer]: [_]
[10:11:33] [Server thread/INFO] [minecraft/MinecraftServer]: Загрузка территории: 0%, изменено блоков: 0
[10:11:33] [Server thread/INFO] [minecraft/GameTestServer]: [_]
[10:11:33] [Server thread/INFO] [minecraft/GameTestServer]: [_]
[10:11:33] [Server thread/INFO] [minecraft/GameTestServer]: [_]
[10:11:33] [Server thread/INFO] [minecraft/GameTestServer]: [_]
[10:11:33] [Server thread/INFO] [minecraft/GameTestServer]: [_]
[10:11:33] [Server thread/INFO] [minecraft/MinecraftServer]: Загрузка территории: 0%, изменено блоков: 0
[10:11:33] [Server thread/INFO] [minecraft/GameTestServer]: [_]
[10:11:33] [Server thread/INFO] [minecraft/GameTestServer]: [_]
[10:11:33] [Server thread/INFO] [minecraft/GameTestServer]: [_]
[10:11:33] [Server thread/INFO] [minecraft/GameTestServer]: [_]
[10:11:33] [Server thread/INFO] [minecraft/GameTestServer]: [_]
[10:11:33] [Server thread/INFO] [minecraft/MinecraftServer]: Загрузка территории: 6%, изменено блоков: 0
[10:11:33] [Server thread/INFO] [minecraft/GameTestServer]: [_]
[10:11:33] [Server thread/INFO] [minecraft/GameTestServer]: [_]
[10:11:34] [Server thread/INFO] [minecraft/GameTestServer]: [_]
[10:11:34] [Server thread/INFO] [minecraft/GameTestServer]: [_]
[10:11:34] [Server thread/INFO] [minecraft/GameTestServer]: [_]
[10:11:34] [Server thread/INFO] [minecraft/MinecraftServer]: Загрузка территории: 62%, изменено блоков: 0
[10:11:34] [Server thread/INFO] [minecraft/GameTestServer]: [_]
[10:11:34] [Server thread/INFO] [minecraft/GameTestServer]: [_]
[10:11:34] [Server thread/INFO] [minecraft/GameTestServer]: [_]
[10:11:34] [Server thread/INFO] [minecraft/GameTestServer]: [_]
[10:11:34] [Server thread/INFO] [minecraft/GameTestServer]: [_]
[10:11:34] [Server thread/INFO] [minecraft/MinecraftServer]: Загрузка территории: 83%, изменено блоков: 0
[10:11:34] [Server thread/INFO] [minecraft/GameTestServer]: [_]
[10:11:34] [Server thread/INFO] [minecraft/MinecraftServer]: Чанки загружены. Подготовка окончательного положения на Y=172
[10:11:34] [Server thread/INFO] [minecraft/GameTestServer]: [_]
[10:11:34] [Server thread/INFO] [minecraft/GameTestServer]: [_]
[10:11:34] [Server thread/INFO] [minecraft/GameTestServer]: [_]
[10:11:34] [Server thread/INFO] [minecraft/MinecraftServer]: Территория подготовлена. Размещается структура...
[10:11:34] [Server thread/INFO] [minecraft/GameTestServer]: [_]
[10:11:34] [Server thread/INFO] [minecraft/MinecraftServer]: Размещение структуры: 35%, изменено блоков: 10022
[10:11:34] [Server thread/INFO] [minecraft/GameTestServer]: [_]
[10:11:34] [Server thread/INFO] [minecraft/GameTestServer]: [_]
[10:11:34] [Server thread/INFO] [minecraft/MinecraftServer]: Структура создана: 11798706, 173, 13233727
[10:11:34] [Server thread/INFO] [minecraft/MinecraftServer]: bandit_camp medium: 11798706 173 13233727 — confirmed structure start.
MANUAL_STRUCTURE_COMMAND_PASS slavicmyths generate bandit_camp fortified 0 entrance=BlockPos{x=11798706, y=173, z=13233727} constructionY=172 changedBlocks=10022 peakOperations=8192 peakJobMs=8.0078 slowestPhase=PLACE_STRUCTURE
[10:11:34] [Server thread/INFO] [minecraft/MinecraftServer]: Подготавливается территория: bandit_camp / 2. Задание f0d1b447-518f-46b2-bf3b-1ffb1f7b9258
[10:11:34] [Server thread/INFO] [minecraft/MinecraftServer]: Генерация уже выполняется. /slavicmyths generation status или cancel
[10:11:35] [Server thread/INFO] [minecraft/GameTestServer]: [_]
[10:11:35] [Server thread/INFO] [minecraft/GameTestServer]: [_]
[10:11:35] [Server thread/INFO] [minecraft/GameTestServer]: [_]
[10:11:35] [Server thread/INFO] [minecraft/GameTestServer]: [_]
[10:11:35] [Server thread/INFO] [minecraft/GameTestServer]: [_]
[10:11:35] [Server thread/INFO] [minecraft/MinecraftServer]: Загрузка территории: 0%, изменено блоков: 0
[10:11:35] [Server thread/INFO] [minecraft/GameTestServer]: [_]
[10:11:35] [Server thread/INFO] [minecraft/GameTestServer]: [_]
[10:11:35] [Server thread/INFO] [minecraft/GameTestServer]: [_]
[10:11:35] [Server thread/INFO] [minecraft/GameTestServer]: [_]
[10:11:35] [Server thread/INFO] [minecraft/GameTestServer]: [_]
[10:11:35] [Server thread/INFO] [minecraft/MinecraftServer]: Загрузка территории: 0%, изменено блоков: 0
[10:11:35] [Server thread/INFO] [minecraft/GameTestServer]: [_]
[10:11:35] [Server thread/INFO] [minecraft/GameTestServer]: [_]
[10:11:35] [Server thread/INFO] [minecraft/GameTestServer]: [_]
[10:11:35] [Server thread/INFO] [minecraft/GameTestServer]: [_]
[10:11:35] [Server thread/INFO] [minecraft/GameTestServer]: [_]
[10:11:35] [Server thread/INFO] [minecraft/MinecraftServer]: Загрузка территории: 8%, изменено блоков: 0
[10:11:35] [Server thread/INFO] [minecraft/GameTestServer]: [_]
[10:11:36] [Server thread/INFO] [minecraft/GameTestServer]: [_]
[10:11:36] [Server thread/INFO] [minecraft/GameTestServer]: [_]
[10:11:36] [Server thread/INFO] [minecraft/GameTestServer]: [_]
[10:11:36] [Server thread/INFO] [minecraft/GameTestServer]: [_]
[10:11:36] [Server thread/INFO] [minecraft/MinecraftServer]: Загрузка территории: 36%, изменено блоков: 0
[10:11:36] [Server thread/INFO] [minecraft/GameTestServer]: [_]
[10:11:36] [Server thread/INFO] [minecraft/GameTestServer]: [_]
[10:11:36] [Server thread/INFO] [minecraft/GameTestServer]: [_]
[10:11:36] [Server thread/INFO] [minecraft/GameTestServer]: [_]
[10:11:36] [Server thread/INFO] [minecraft/GameTestServer]: [_]
[10:11:36] [Server thread/INFO] [minecraft/MinecraftServer]: Загрузка территории: 61%, изменено блоков: 0
[10:11:36] [Server thread/INFO] [minecraft/GameTestServer]: [_]
[10:11:36] [Server thread/INFO] [minecraft/GameTestServer]: [_]
[10:11:36] [Server thread/INFO] [minecraft/GameTestServer]: [_]
[10:11:36] [Server thread/INFO] [minecraft/GameTestServer]: [_]
[10:11:36] [Server thread/INFO] [minecraft/GameTestServer]: [_]
[10:11:36] [Server thread/INFO] [minecraft/MinecraftServer]: Загрузка территории: 97%, изменено блоков: 0
[10:11:36] [Server thread/INFO] [minecraft/GameTestServer]: [_]
[10:11:36] [Server thread/INFO] [minecraft/GameTestServer]: [_]
[10:11:36] [Server thread/INFO] [minecraft/GameTestServer]: [_]
[10:11:36] [Server thread/INFO] [minecraft/GameTestServer]: [_]
[10:11:36] [Server thread/INFO] [minecraft/MinecraftServer]: Чанки загружены. Подготовка окончательного положения на Y=172
[10:11:36] [Server thread/INFO] [minecraft/GameTestServer]: [_]
[10:11:36] [Server thread/INFO] [minecraft/MinecraftServer]: Планирование грунта: 16%, изменено блоков: 0
[10:11:36] [Server thread/INFO] [minecraft/GameTestServer]: [_]
[10:11:36] [Server thread/INFO] [minecraft/GameTestServer]: [_]
[10:11:36] [Server thread/INFO] [minecraft/GameTestServer]: [_]
[10:11:36] [Server thread/INFO] [minecraft/GameTestServer]: [_]
[10:11:37] [Server thread/INFO] [minecraft/GameTestServer]: [_]
[10:11:37] [Server thread/INFO] [minecraft/MinecraftServer]: Проверка конечного места: 56%, изменено блоков: 0
[10:11:37] [Server thread/INFO] [minecraft/GameTestServer]: [_]
[10:11:37] [Server thread/INFO] [minecraft/GameTestServer]: [_]
[10:11:37] [Server thread/INFO] [minecraft/MinecraftServer]: Территория подготовлена. Размещается структура...
[10:11:37] [Server thread/INFO] [minecraft/GameTestServer]: [_]
[10:11:37] [Server thread/INFO] [minecraft/GameTestServer]: [_]
[10:11:37] [Server thread/INFO] [minecraft/GameTestServer]: [_]
[10:11:37] [Server thread/INFO] [minecraft/MinecraftServer]: Размещение структуры: 27%, изменено блоков: 23807
[10:11:37] [Server thread/INFO] [minecraft/GameTestServer]: [_]
[10:11:37] [Server thread/INFO] [minecraft/GameTestServer]: [_]
[10:11:37] [Server thread/INFO] [minecraft/GameTestServer]: [_]
[10:11:37] [Server thread/INFO] [minecraft/GameTestServer]: [_]
[10:11:37] [Server thread/INFO] [minecraft/GameTestServer]: [_]
[10:11:37] [Server thread/INFO] [minecraft/MinecraftServer]: Размещение структуры: 74%, изменено блоков: 23807
[10:11:38] [Server thread/INFO] [minecraft/GameTestServer]: [_]
[10:11:38] [Server thread/INFO] [minecraft/GameTestServer]: [_]
[10:11:38] [Server thread/INFO] [minecraft/GameTestServer]: [_]
[10:11:38] [Server thread/INFO] [minecraft/MinecraftServer]: Структура создана: 11802831, 173, 13233687
[10:11:38] [Server thread/INFO] [minecraft/MinecraftServer]: bandit_camp large: 11802831 173 13233687 — confirmed structure start.
MANUAL_STRUCTURE_COMMAND_PASS slavicmyths generate bandit_camp large 0 entrance=BlockPos{x=11802831, y=173, z=13233687} constructionY=172 changedBlocks=23807 peakOperations=8192 peakJobMs=73.4797 slowestPhase=PLACE_STRUCTURE
[10:11:39] [Server thread/INFO] [minecraft/MinecraftServer]: Подготавливается территория: bandit_camp / 1. Задание 31ada3c0-7f89-47e6-b29b-7a3fbff9a93d
[10:11:39] [Server thread/INFO] [minecraft/MinecraftServer]: Генерация уже выполняется. /slavicmyths generation status или cancel
[10:11:39] [Server thread/INFO] [minecraft/GameTestServer]: [_]
[10:11:39] [Server thread/INFO] [minecraft/GameTestServer]: [_]
[10:11:39] [Server thread/INFO] [minecraft/GameTestServer]: [_]
[10:11:39] [Server thread/INFO] [minecraft/GameTestServer]: [_]
[10:11:39] [Server thread/INFO] [minecraft/GameTestServer]: [_]
[10:11:39] [Server thread/INFO] [minecraft/MinecraftServer]: Загрузка территории: 62%, изменено блоков: 0
[10:11:39] [Server thread/INFO] [minecraft/GameTestServer]: [_]
[10:11:39] [Server thread/INFO] [minecraft/GameTestServer]: [_]
[10:11:39] [Server thread/INFO] [minecraft/GameTestServer]: [_]
[10:11:39] [Server thread/INFO] [minecraft/GameTestServer]: [_]
[10:11:39] [Server thread/INFO] [minecraft/GameTestServer]: [_]
[10:11:39] [Server thread/INFO] [minecraft/MinecraftServer]: Загрузка территории: 93%, изменено блоков: 0
[10:11:39] [Server thread/INFO] [minecraft/GameTestServer]: [_]
[10:11:39] [Server thread/INFO] [minecraft/GameTestServer]: [_]
[10:11:39] [Server thread/INFO] [minecraft/GameTestServer]: [_]
[10:11:39] [Server thread/INFO] [minecraft/GameTestServer]: [_]
[10:11:39] [Server thread/INFO] [minecraft/GameTestServer]: [_]
[10:11:39] [Server thread/INFO] [minecraft/MinecraftServer]: Загрузка территории: 36%, изменено блоков: 0
[10:11:39] [Server thread/INFO] [minecraft/GameTestServer]: [_]
[10:11:39] [Server thread/INFO] [minecraft/GameTestServer]: [_]
[10:11:40] [Server thread/INFO] [minecraft/GameTestServer]: [_]
[10:11:40] [Server thread/INFO] [minecraft/GameTestServer]: [_]
[10:11:40] [Server thread/INFO] [minecraft/GameTestServer]: [_]
[10:11:40] [Server thread/INFO] [minecraft/MinecraftServer]: Загрузка территории: 85%, изменено блоков: 0
[10:11:40] [Server thread/INFO] [minecraft/GameTestServer]: [_]
[10:11:40] [Server thread/INFO] [minecraft/GameTestServer]: [_]
[10:11:40] [Server thread/INFO] [minecraft/GameTestServer]: [_]
[10:11:40] [Server thread/INFO] [minecraft/MinecraftServer]: Чанки загружены. Подготовка окончательного положения на Y=172
[10:11:40] [Server thread/INFO] [minecraft/GameTestServer]: [_]
[10:11:40] [Server thread/INFO] [minecraft/GameTestServer]: [_]
[10:11:40] [Server thread/INFO] [minecraft/MinecraftServer]: Планирование грунта: 48%, изменено блоков: 0
[10:11:40] [Server thread/INFO] [minecraft/GameTestServer]: [_]
[10:11:40] [Server thread/INFO] [minecraft/GameTestServer]: [_]
[10:11:40] [Server thread/INFO] [minecraft/GameTestServer]: [_]
[10:11:40] [Server thread/INFO] [minecraft/GameTestServer]: [_]
[10:11:40] [Server thread/INFO] [minecraft/MinecraftServer]: Территория подготовлена. Размещается структура...
[10:11:40] [Server thread/INFO] [minecraft/GameTestServer]: [_]
[10:11:40] [Server thread/INFO] [minecraft/MinecraftServer]: Размещение структуры: 50%, изменено блоков: 24302
[10:11:40] [Server thread/INFO] [minecraft/GameTestServer]: [_]
[10:11:40] [Server thread/INFO] [minecraft/MinecraftServer]: Структура создана: 11806898, 173, 13233727
[10:11:40] [Server thread/INFO] [minecraft/MinecraftServer]: bandit_camp medium: 11806898 173 13233727 — confirmed structure start.
MANUAL_STRUCTURE_COMMAND_PASS slavicmyths generate bandit_camp fortified 0 entrance=BlockPos{x=11806898, y=173, z=13233727} constructionY=172 changedBlocks=24302 peakOperations=8192 peakJobMs=7.2169 slowestPhase=PLACE_STRUCTURE
[10:11:42] [Server thread/INFO] [minecraft/MinecraftServer]: Подготавливается территория: kurgan / 0. Задание 4ee84a6e-7536-4727-b035-d3e577a3e60b
[10:11:42] [Server thread/INFO] [minecraft/MinecraftServer]: Генерация уже выполняется. /slavicmyths generation status или cancel
[10:11:42] [Server thread/INFO] [minecraft/GameTestServer]: [_]
[10:11:42] [Server thread/INFO] [minecraft/GameTestServer]: [_]
[10:11:42] [Server thread/INFO] [minecraft/GameTestServer]: [_]
[10:11:42] [Server thread/INFO] [minecraft/GameTestServer]: [_]
[10:11:42] [Server thread/INFO] [minecraft/GameTestServer]: [_]
[10:11:42] [Server thread/INFO] [minecraft/MinecraftServer]: Загрузка территории: 75%, изменено блоков: 0
[10:11:42] [Server thread/INFO] [minecraft/GameTestServer]: [_]
[10:11:42] [Server thread/INFO] [minecraft/GameTestServer]: [_]
[10:11:42] [Server thread/INFO] [minecraft/GameTestServer]: [_]
[10:11:42] [Server thread/INFO] [minecraft/GameTestServer]: [_]
[10:11:42] [Server thread/INFO] [minecraft/GameTestServer]: [_]
[10:11:42] [Server thread/INFO] [minecraft/MinecraftServer]: Загрузка территории: 96%, изменено блоков: 0
[10:11:42] [Server thread/INFO] [minecraft/GameTestServer]: [_]
[10:11:43] [Server thread/INFO] [minecraft/GameTestServer]: [_]
[10:11:43] [Server thread/INFO] [minecraft/GameTestServer]: [_]
[10:11:43] [Server thread/INFO] [minecraft/MinecraftServer]: Чанки загружены. Подготовка окончательного положения на Y=172
[10:11:43] [Server thread/INFO] [minecraft/GameTestServer]: [_]
[10:11:43] [Server thread/INFO] [minecraft/GameTestServer]: [_]
[10:11:43] [Server thread/INFO] [minecraft/MinecraftServer]: Планирование грунта: 68%, изменено блоков: 0
[10:11:43] [Server thread/INFO] [minecraft/GameTestServer]: [_]
[10:11:43] [Server thread/INFO] [minecraft/GameTestServer]: [_]
[10:11:43] [Server thread/INFO] [minecraft/GameTestServer]: [_]
[10:11:43] [Server thread/INFO] [minecraft/GameTestServer]: [_]
[10:11:43] [Server thread/INFO] [minecraft/GameTestServer]: [_]
[10:11:43] [Server thread/INFO] [minecraft/MinecraftServer]: Проверка конечного места: 48%, изменено блоков: 0
[10:11:43] [Server thread/INFO] [minecraft/GameTestServer]: [_]
[10:11:43] [Server thread/INFO] [minecraft/GameTestServer]: [_]
[10:11:44] [Server thread/INFO] [minecraft/GameTestServer]: [_]
[10:11:44] [Server thread/INFO] [minecraft/GameTestServer]: [_]
[10:11:44] [Server thread/INFO] [minecraft/GameTestServer]: [_]
[10:11:44] [Server thread/INFO] [minecraft/MinecraftServer]: Территория подготовлена. Размещается структура...
[10:11:44] [Server thread/INFO] [minecraft/MinecraftServer]: Размещение структуры: 0%, изменено блоков: 26774
[10:11:44] [Server thread/INFO] [minecraft/GameTestServer]: [_]
[10:11:44] [Server thread/INFO] [minecraft/GameTestServer]: [_]
[10:11:44] [Server thread/INFO] [minecraft/GameTestServer]: [_]
[10:11:44] [Server thread/INFO] [minecraft/GameTestServer]: [_]
[10:11:44] [Server thread/INFO] [minecraft/GameTestServer]: [_]
[10:11:44] [Server thread/INFO] [minecraft/MinecraftServer]: Размещение структуры: 52%, изменено блоков: 26774
[10:11:44] [Server thread/INFO] [minecraft/GameTestServer]: [_]
[10:11:44] [Server thread/INFO] [minecraft/GameTestServer]: [_]
[10:11:44] [Server thread/INFO] [minecraft/GameTestServer]: [_]
[10:11:44] [Server thread/INFO] [minecraft/GameTestServer]: [_]
[10:11:45] [Server thread/INFO] [minecraft/GameTestServer]: [_]
[10:11:45] [Server thread/INFO] [minecraft/MinecraftServer]: Структура создана: 11811048, 173, 13233739
[10:11:45] [Server thread/INFO] [minecraft/MinecraftServer]: Small Kurgan: 11811048, 173, 13233739
[10:11:45] [Server thread/INFO] [minecraft/MinecraftServer]: Distance: 141 blocks.
MANUAL_STRUCTURE_COMMAND_PASS slavicmyths generate kurgan small 0 entrance=BlockPos{x=11811048, y=173, z=13233739} constructionY=172 changedBlocks=26774 peakOperations=7936 peakJobMs=9.9797 slowestPhase=PREFLIGHT
[10:11:45] [Server thread/INFO] [minecraft/MinecraftServer]: Подготавливается территория: kurgan / 2. Задание dbc6a3bc-1945-47b2-8bf3-90888f5e1398
[10:11:45] [Server thread/INFO] [minecraft/MinecraftServer]: Генерация уже выполняется. /slavicmyths generation status или cancel
[10:11:45] [Server thread/INFO] [minecraft/GameTestServer]: [_]
[10:11:45] [Server thread/INFO] [minecraft/GameTestServer]: [_]
[10:11:45] [Server thread/INFO] [minecraft/GameTestServer]: [_]
[10:11:45] [Server thread/INFO] [minecraft/GameTestServer]: [_]
[10:11:45] [Server thread/INFO] [minecraft/GameTestServer]: [_]
[10:11:46] [Server thread/INFO] [minecraft/MinecraftServer]: Загрузка территории: 1%, изменено блоков: 0
[10:11:46] [Server thread/INFO] [minecraft/GameTestServer]: [_]
[10:11:46] [Server thread/INFO] [minecraft/GameTestServer]: [_]
[10:11:46] [Server thread/INFO] [minecraft/GameTestServer]: [_]
[10:11:46] [Server thread/INFO] [minecraft/GameTestServer]: [_]
[10:11:46] [Server thread/INFO] [minecraft/GameTestServer]: [_]
[10:11:46] [Server thread/INFO] [minecraft/MinecraftServer]: Загрузка территории: 12%, изменено блоков: 0
[10:11:46] [Server thread/INFO] [minecraft/GameTestServer]: [_]
[10:11:46] [Server thread/INFO] [minecraft/GameTestServer]: [_]
[10:11:46] [Server thread/INFO] [minecraft/GameTestServer]: [_]
[10:11:46] [Server thread/INFO] [minecraft/GameTestServer]: [_]
[10:11:46] [Server thread/INFO] [minecraft/GameTestServer]: [_]
[10:11:46] [Server thread/INFO] [minecraft/MinecraftServer]: Загрузка территории: 28%, изменено блоков: 0
[10:11:46] [Server thread/INFO] [minecraft/GameTestServer]: [_]
[10:11:46] [Server thread/INFO] [minecraft/GameTestServer]: [_]
[10:11:46] [Server thread/INFO] [minecraft/GameTestServer]: [_]
[10:11:46] [Server thread/INFO] [minecraft/GameTestServer]: [_]
[10:11:46] [Server thread/INFO] [minecraft/GameTestServer]: [_]
[10:11:46] [Server thread/INFO] [minecraft/MinecraftServer]: Загрузка территории: 44%, изменено блоков: 0
[10:11:46] [Server thread/INFO] [minecraft/GameTestServer]: [_]
[10:11:46] [Server thread/INFO] [minecraft/GameTestServer]: [_]
[10:11:46] [Server thread/INFO] [minecraft/GameTestServer]: [_]
[10:11:46] [Server thread/INFO] [minecraft/GameTestServer]: [_]
[10:11:46] [Server thread/INFO] [minecraft/GameTestServer]: [_]
[10:11:46] [Server thread/INFO] [minecraft/MinecraftServer]: Загрузка территории: 63%, изменено блоков: 0
[10:11:46] [Server thread/INFO] [minecraft/GameTestServer]: [_]
[10:11:46] [Server thread/INFO] [minecraft/GameTestServer]: [_]
[10:11:47] [Server thread/INFO] [minecraft/GameTestServer]: [_]
[10:11:47] [Server thread/INFO] [minecraft/GameTestServer]: [_]
[10:11:47] [Server thread/INFO] [minecraft/GameTestServer]: [_]
[10:11:47] [Server thread/INFO] [minecraft/MinecraftServer]: Загрузка территории: 77%, изменено блоков: 0
[10:11:47] [Server thread/INFO] [minecraft/GameTestServer]: [_]
[10:11:47] [Server thread/INFO] [minecraft/GameTestServer]: [_]
[10:11:47] [Server thread/INFO] [minecraft/GameTestServer]: [_]
[10:11:47] [Server thread/INFO] [minecraft/GameTestServer]: [_]
[10:11:47] [Server thread/INFO] [minecraft/GameTestServer]: [_]
[10:11:47] [Server thread/INFO] [minecraft/MinecraftServer]: Загрузка территории: 88%, изменено блоков: 0
[10:11:47] [Server thread/INFO] [minecraft/GameTestServer]: [_]
[10:11:47] [Server thread/INFO] [minecraft/GameTestServer]: [_]
[10:11:47] [Server thread/INFO] [minecraft/GameTestServer]: [_]
[10:11:47] [Server thread/INFO] [minecraft/GameTestServer]: [_]
[10:11:47] [Server thread/INFO] [minecraft/GameTestServer]: [_]
[10:11:47] [Server thread/INFO] [minecraft/MinecraftServer]: Загрузка территории: 20%, изменено блоков: 0
[10:11:47] [Server thread/INFO] [minecraft/GameTestServer]: [_]
[10:11:47] [Server thread/INFO] [minecraft/GameTestServer]: [_]
[10:11:47] [Server thread/INFO] [minecraft/GameTestServer]: [_]
[10:11:47] [Server thread/INFO] [minecraft/GameTestServer]: [_]
[10:11:47] [Server thread/INFO] [minecraft/GameTestServer]: [_]
[10:11:47] [Server thread/INFO] [minecraft/MinecraftServer]: Загрузка территории: 77%, изменено блоков: 0
[10:11:47] [Server thread/INFO] [minecraft/GameTestServer]: [_]
[10:11:47] [Server thread/INFO] [minecraft/GameTestServer]: [_]
[10:11:47] [Server thread/INFO] [minecraft/GameTestServer]: [_]
[10:11:47] [Server thread/INFO] [minecraft/GameTestServer]: [_]
[10:11:47] [Server thread/INFO] [minecraft/GameTestServer]: [_]
[10:11:47] [Server thread/INFO] [minecraft/MinecraftServer]: Загрузка территории: 93%, изменено блоков: 0
[10:11:47] [Server thread/INFO] [minecraft/GameTestServer]: [_]
[10:11:48] [Server thread/INFO] [minecraft/GameTestServer]: [_]
[10:11:48] [Server thread/INFO] [minecraft/GameTestServer]: [_]
[10:11:48] [Server thread/INFO] [minecraft/MinecraftServer]: Чанки загружены. Подготовка окончательного положения на Y=172
[10:11:48] [Server thread/INFO] [minecraft/GameTestServer]: [_]
[10:11:48] [Server thread/INFO] [minecraft/GameTestServer]: [_]
[10:11:48] [Server thread/INFO] [minecraft/MinecraftServer]: Планирование грунта: 11%, изменено блоков: 0
[10:11:48] [Server thread/INFO] [minecraft/GameTestServer]: [_]
[10:11:48] [Server thread/INFO] [minecraft/GameTestServer]: [_]
[10:11:48] [Server thread/INFO] [minecraft/GameTestServer]: [_]
[10:11:48] [Server thread/INFO] [minecraft/GameTestServer]: [_]
[10:11:48] [Server thread/INFO] [minecraft/GameTestServer]: [_]
[10:11:48] [Server thread/INFO] [minecraft/MinecraftServer]: Планирование грунта: 51%, изменено блоков: 0
[10:11:48] [Server thread/INFO] [minecraft/GameTestServer]: [_]
[10:11:48] [Server thread/INFO] [minecraft/GameTestServer]: [_]
[10:11:48] [Server thread/INFO] [minecraft/GameTestServer]: [_]
[10:11:48] [Server thread/INFO] [minecraft/GameTestServer]: [_]
[10:11:48] [Server thread/INFO] [minecraft/GameTestServer]: [_]
[10:11:48] [Server thread/INFO] [minecraft/MinecraftServer]: Планирование грунта: 92%, изменено блоков: 0
[10:11:48] [Server thread/INFO] [minecraft/GameTestServer]: [_]
[10:11:48] [Server thread/INFO] [minecraft/GameTestServer]: [_]
[10:11:48] [Server thread/INFO] [minecraft/GameTestServer]: [_]
[10:11:48] [Server thread/INFO] [minecraft/GameTestServer]: [_]
[10:11:48] [Server thread/INFO] [minecraft/GameTestServer]: [_]
[10:11:48] [Server thread/INFO] [minecraft/MinecraftServer]: Проверка конечного места: 15%, изменено блоков: 0
[10:11:49] [Server thread/INFO] [minecraft/GameTestServer]: [_]
[10:11:49] [Server thread/INFO] [minecraft/GameTestServer]: [_]
[10:11:49] [Server thread/INFO] [minecraft/GameTestServer]: [_]
[10:11:49] [Server thread/INFO] [minecraft/GameTestServer]: [_]
[10:11:49] [Server thread/INFO] [minecraft/GameTestServer]: [_]
[10:11:49] [Server thread/INFO] [minecraft/MinecraftServer]: Проверка конечного места: 16%, изменено блоков: 0
[10:11:49] [Server thread/INFO] [minecraft/GameTestServer]: [_]
[10:11:49] [Server thread/INFO] [minecraft/GameTestServer]: [_]
[10:11:49] [Server thread/INFO] [minecraft/GameTestServer]: [_]
[10:11:49] [Server thread/INFO] [minecraft/GameTestServer]: [_]
[10:11:50] [Server thread/INFO] [minecraft/GameTestServer]: [_]
[10:11:50] [Server thread/INFO] [minecraft/MinecraftServer]: Проверка конечного места: 17%, изменено блоков: 0
[10:11:50] [Server thread/INFO] [minecraft/GameTestServer]: [_]
[10:11:50] [Server thread/INFO] [minecraft/GameTestServer]: [_]
[10:11:50] [Server thread/INFO] [minecraft/GameTestServer]: [_]
[10:11:50] [Server thread/INFO] [minecraft/GameTestServer]: [_]
[10:11:50] [Server thread/INFO] [minecraft/GameTestServer]: [_]
[10:11:50] [Server thread/INFO] [minecraft/MinecraftServer]: Проверка конечного места: 18%, изменено блоков: 0
[10:11:50] [Server thread/INFO] [minecraft/GameTestServer]: [_]
[10:11:50] [Server thread/INFO] [minecraft/GameTestServer]: [_]
[10:11:50] [Server thread/INFO] [minecraft/GameTestServer]: [_]
[10:11:50] [Server thread/INFO] [minecraft/GameTestServer]: [_]
[10:11:51] [Server thread/INFO] [minecraft/GameTestServer]: [_]
[10:11:51] [Server thread/INFO] [minecraft/MinecraftServer]: Проверка конечного места: 18%, изменено блоков: 0
[10:11:51] [Server thread/INFO] [minecraft/GameTestServer]: [_]
[10:11:51] [Server thread/INFO] [minecraft/GameTestServer]: [_]
[10:11:51] [Server thread/INFO] [minecraft/GameTestServer]: [_]
[10:11:51] [Server thread/INFO] [minecraft/GameTestServer]: [_]
[10:11:51] [Server thread/INFO] [minecraft/GameTestServer]: [_]
[10:11:51] [Server thread/INFO] [minecraft/MinecraftServer]: Проверка конечного места: 19%, изменено блоков: 0
[10:11:51] [Server thread/INFO] [minecraft/GameTestServer]: [_]
[10:11:51] [Server thread/INFO] [minecraft/GameTestServer]: [_]
[10:11:51] [Server thread/INFO] [minecraft/GameTestServer]: [_]
[10:11:51] [Server thread/INFO] [minecraft/GameTestServer]: [_]
[10:11:52] [Server thread/INFO] [minecraft/GameTestServer]: [_]
[10:11:52] [Server thread/INFO] [minecraft/MinecraftServer]: Проверка конечного места: 20%, изменено блоков: 0
[10:11:52] [Server thread/INFO] [minecraft/GameTestServer]: [_]
[10:11:52] [Server thread/INFO] [minecraft/GameTestServer]: [_]
[10:11:52] [Server thread/INFO] [minecraft/GameTestServer]: [_]
[10:11:52] [Server thread/INFO] [minecraft/GameTestServer]: [_]
[10:11:52] [Server thread/INFO] [minecraft/GameTestServer]: [_]
[10:11:52] [Server thread/INFO] [minecraft/MinecraftServer]: Проверка конечного места: 21%, изменено блоков: 0
[10:11:52] [Server thread/INFO] [minecraft/GameTestServer]: [_]
[10:11:52] [Server thread/INFO] [minecraft/GameTestServer]: [_]
[10:11:52] [Server thread/INFO] [minecraft/GameTestServer]: [_]
[10:11:53] [Server thread/INFO] [minecraft/GameTestServer]: [_]
[10:11:53] [Server thread/INFO] [minecraft/GameTestServer]: [_]
[10:11:53] [Server thread/INFO] [minecraft/MinecraftServer]: Проверка конечного места: 22%, изменено блоков: 0
[10:11:53] [Server thread/INFO] [minecraft/GameTestServer]: [_]
[10:11:53] [Server thread/INFO] [minecraft/GameTestServer]: [_]
[10:11:53] [Server thread/INFO] [minecraft/GameTestServer]: [_]
[10:11:53] [Server thread/INFO] [minecraft/GameTestServer]: [_]
[10:11:53] [Server thread/INFO] [minecraft/GameTestServer]: [_]
[10:11:53] [Server thread/INFO] [minecraft/MinecraftServer]: Проверка конечного места: 23%, изменено блоков: 0
[10:11:53] [Server thread/INFO] [minecraft/GameTestServer]: [_]
[10:11:53] [Server thread/INFO] [minecraft/GameTestServer]: [_]
[10:11:53] [Server thread/INFO] [minecraft/GameTestServer]: [_]
[10:11:54] [Server thread/INFO] [minecraft/GameTestServer]: [_]
[10:11:54] [Server thread/INFO] [minecraft/GameTestServer]: [_]
[10:11:54] [Server thread/INFO] [minecraft/MinecraftServer]: Проверка конечного места: 24%, изменено блоков: 0
[10:11:54] [Server thread/INFO] [minecraft/GameTestServer]: [_]
[10:11:54] [Server thread/INFO] [minecraft/GameTestServer]: [_]
[10:11:54] [Server thread/INFO] [minecraft/GameTestServer]: [_]
[10:11:54] [Server thread/INFO] [minecraft/GameTestServer]: [_]
[10:11:54] [Server thread/INFO] [minecraft/GameTestServer]: [_]
[10:11:54] [Server thread/INFO] [minecraft/MinecraftServer]: Проверка конечного места: 25%, изменено блоков: 0
[10:11:54] [Server thread/INFO] [minecraft/GameTestServer]: [_]
[10:11:54] [Server thread/INFO] [minecraft/GameTestServer]: [_]
[10:11:55] [Server thread/INFO] [minecraft/GameTestServer]: [_]
[10:11:55] [Server thread/INFO] [minecraft/GameTestServer]: [_]
[10:11:55] [Server thread/INFO] [minecraft/GameTestServer]: [_]
[10:11:55] [Server thread/INFO] [minecraft/MinecraftServer]: Проверка конечного места: 26%, изменено блоков: 0
[10:11:55] [Server thread/INFO] [minecraft/GameTestServer]: [_]
[10:11:55] [Server thread/INFO] [minecraft/GameTestServer]: [_]
[10:11:55] [Server thread/INFO] [minecraft/GameTestServer]: [_]
[10:11:55] [Server thread/INFO] [minecraft/GameTestServer]: [_]
[10:11:55] [Server thread/INFO] [minecraft/GameTestServer]: [_]
[10:11:55] [Server thread/INFO] [minecraft/MinecraftServer]: Проверка конечного места: 27%, изменено блоков: 0
[10:11:55] [Server thread/INFO] [minecraft/GameTestServer]: [_]
[10:11:55] [Server thread/INFO] [minecraft/GameTestServer]: [_]
[10:11:56] [Server thread/INFO] [minecraft/GameTestServer]: [_]
[10:11:56] [Server thread/INFO] [minecraft/GameTestServer]: [_]
[10:11:56] [Server thread/INFO] [minecraft/GameTestServer]: [_]
[10:11:56] [Server thread/INFO] [minecraft/MinecraftServer]: Проверка конечного места: 28%, изменено блоков: 0
[10:11:56] [Server thread/INFO] [minecraft/GameTestServer]: [_]
[10:11:56] [Server thread/INFO] [minecraft/GameTestServer]: [_]
[10:11:56] [Server thread/INFO] [minecraft/GameTestServer]: [_]
[10:11:56] [Server thread/INFO] [minecraft/GameTestServer]: [_]
[10:11:56] [Server thread/INFO] [minecraft/GameTestServer]: [_]
[10:11:56] [Server thread/INFO] [minecraft/MinecraftServer]: Проверка конечного места: 29%, изменено блоков: 0
[10:11:56] [Server thread/INFO] [minecraft/GameTestServer]: [_]
[10:11:56] [Server thread/INFO] [minecraft/GameTestServer]: [_]
[10:11:57] [Server thread/INFO] [minecraft/GameTestServer]: [_]
[10:11:57] [Server thread/INFO] [minecraft/GameTestServer]: [_]
[10:11:57] [Server thread/INFO] [minecraft/GameTestServer]: [_]
[10:11:57] [Server thread/INFO] [minecraft/MinecraftServer]: Проверка конечного места: 30%, изменено блоков: 0
[10:11:57] [Server thread/INFO] [minecraft/GameTestServer]: [_]
[10:11:57] [Server thread/INFO] [minecraft/GameTestServer]: [_]
[10:11:57] [Server thread/INFO] [minecraft/GameTestServer]: [_]
[10:11:57] [Server thread/INFO] [minecraft/GameTestServer]: [_]
[10:11:57] [Server thread/INFO] [minecraft/GameTestServer]: [_]
[10:11:57] [Server thread/INFO] [minecraft/MinecraftServer]: Проверка конечного места: 31%, изменено блоков: 0
[10:11:57] [Server thread/INFO] [minecraft/GameTestServer]: [_]
[10:11:57] [Server thread/INFO] [minecraft/GameTestServer]: [_]
[10:11:58] [Server thread/INFO] [minecraft/GameTestServer]: [_]
[10:11:58] [Server thread/INFO] [minecraft/GameTestServer]: [_]
[10:11:58] [Server thread/INFO] [minecraft/GameTestServer]: [_]
[10:11:58] [Server thread/INFO] [minecraft/MinecraftServer]: Проверка конечного места: 31%, изменено блоков: 0
[10:11:58] [Server thread/INFO] [minecraft/GameTestServer]: [_]
[10:11:58] [Server thread/INFO] [minecraft/GameTestServer]: [_]
[10:11:58] [Server thread/INFO] [minecraft/GameTestServer]: [_]
[10:11:58] [Server thread/INFO] [minecraft/GameTestServer]: [_]
[10:11:58] [Server thread/INFO] [minecraft/GameTestServer]: [_]
[10:11:58] [Server thread/INFO] [minecraft/MinecraftServer]: Проверка конечного места: 32%, изменено блоков: 0
[10:11:58] [Server thread/INFO] [minecraft/GameTestServer]: [_]
[10:11:58] [Server thread/INFO] [minecraft/GameTestServer]: [_]
[10:11:59] [Server thread/INFO] [minecraft/GameTestServer]: [_]
[10:11:59] [Server thread/INFO] [minecraft/GameTestServer]: [_]
[10:11:59] [Server thread/INFO] [minecraft/GameTestServer]: [_]
[10:11:59] [Server thread/INFO] [minecraft/MinecraftServer]: Проверка конечного места: 33%, изменено блоков: 0
[10:11:59] [Server thread/INFO] [minecraft/GameTestServer]: [_]
[10:11:59] [Server thread/INFO] [minecraft/GameTestServer]: [_]
[10:11:59] [Server thread/INFO] [minecraft/GameTestServer]: [_]
[10:11:59] [Server thread/INFO] [minecraft/GameTestServer]: [_]
[10:11:59] [Server thread/INFO] [minecraft/GameTestServer]: [_]
[10:11:59] [Server thread/INFO] [minecraft/MinecraftServer]: Проверка конечного места: 34%, изменено блоков: 0
[10:11:59] [Server thread/INFO] [minecraft/GameTestServer]: [_]
[10:11:59] [Server thread/INFO] [minecraft/GameTestServer]: [_]
[10:12:00] [Server thread/INFO] [minecraft/GameTestServer]: [_]
[10:12:00] [Server thread/INFO] [minecraft/GameTestServer]: [_]
[10:12:00] [Server thread/INFO] [minecraft/GameTestServer]: [_]
[10:12:00] [Server thread/INFO] [minecraft/MinecraftServer]: Проверка конечного места: 35%, изменено блоков: 0
[10:12:00] [Server thread/INFO] [minecraft/GameTestServer]: [_]
[10:12:00] [Server thread/INFO] [minecraft/GameTestServer]: [_]
[10:12:00] [Server thread/INFO] [minecraft/GameTestServer]: [_]
[10:12:00] [Server thread/INFO] [minecraft/GameTestServer]: [_]
[10:12:00] [Server thread/INFO] [minecraft/GameTestServer]: [_]
[10:12:00] [Server thread/INFO] [minecraft/MinecraftServer]: Проверка конечного места: 36%, изменено блоков: 0
[10:12:00] [Server thread/INFO] [minecraft/GameTestServer]: [_]
[10:12:00] [Server thread/INFO] [minecraft/GameTestServer]: [_]
[10:12:01] [Server thread/INFO] [minecraft/GameTestServer]: [_]
[10:12:01] [Server thread/INFO] [minecraft/GameTestServer]: [_]
[10:12:01] [Server thread/INFO] [minecraft/GameTestServer]: [_]
[10:12:01] [Server thread/INFO] [minecraft/MinecraftServer]: Проверка конечного места: 37%, изменено блоков: 0
[10:12:01] [Server thread/INFO] [minecraft/GameTestServer]: [_]
[10:12:01] [Server thread/INFO] [minecraft/GameTestServer]: [_]
[10:12:01] [Server thread/INFO] [minecraft/GameTestServer]: [_]
[10:12:01] [Server thread/INFO] [minecraft/GameTestServer]: [_]
[10:12:01] [Server thread/INFO] [minecraft/GameTestServer]: [_]
[10:12:01] [Server thread/INFO] [minecraft/MinecraftServer]: Проверка конечного места: 38%, изменено блоков: 0
[10:12:01] [Server thread/INFO] [minecraft/GameTestServer]: [_]
[10:12:01] [Server thread/INFO] [minecraft/GameTestServer]: [_]
[10:12:02] [Server thread/INFO] [minecraft/GameTestServer]: [_]
[10:12:02] [Server thread/INFO] [minecraft/GameTestServer]: [_]
[10:12:02] [Server thread/INFO] [minecraft/GameTestServer]: [_]
[10:12:02] [Server thread/INFO] [minecraft/MinecraftServer]: Проверка конечного места: 39%, изменено блоков: 0
[10:12:02] [Server thread/INFO] [minecraft/GameTestServer]: [_]
[10:12:02] [Server thread/INFO] [minecraft/GameTestServer]: [_]
[10:12:02] [Server thread/INFO] [minecraft/GameTestServer]: [_]
[10:12:02] [Server thread/INFO] [minecraft/GameTestServer]: [_]
[10:12:02] [Server thread/INFO] [minecraft/GameTestServer]: [_]
[10:12:02] [Server thread/INFO] [minecraft/MinecraftServer]: Проверка конечного места: 40%, изменено блоков: 0
[10:12:02] [Server thread/INFO] [minecraft/GameTestServer]: [_]
[10:12:02] [Server thread/INFO] [minecraft/GameTestServer]: [_]
[10:12:03] [Server thread/INFO] [minecraft/GameTestServer]: [_]
[10:12:03] [Server thread/INFO] [minecraft/GameTestServer]: [_]
[10:12:03] [Server thread/INFO] [minecraft/GameTestServer]: [_]
[10:12:03] [Server thread/INFO] [minecraft/MinecraftServer]: Проверка конечного места: 41%, изменено блоков: 0
[10:12:03] [Server thread/INFO] [minecraft/GameTestServer]: [_]
[10:12:03] [Server thread/INFO] [minecraft/GameTestServer]: [_]
[10:12:03] [Server thread/INFO] [minecraft/GameTestServer]: [_]
[10:12:03] [Server thread/INFO] [minecraft/GameTestServer]: [_]
[10:12:03] [Server thread/INFO] [minecraft/GameTestServer]: [_]
[10:12:03] [Server thread/INFO] [minecraft/MinecraftServer]: Проверка конечного места: 42%, изменено блоков: 0
[10:12:03] [Server thread/INFO] [minecraft/GameTestServer]: [_]
[10:12:04] [Server thread/INFO] [minecraft/GameTestServer]: [_]
[10:12:04] [Server thread/INFO] [minecraft/GameTestServer]: [_]
[10:12:04] [Server thread/INFO] [minecraft/GameTestServer]: [_]
[10:12:04] [Server thread/INFO] [minecraft/GameTestServer]: [_]
[10:12:04] [Server thread/INFO] [minecraft/MinecraftServer]: Проверка конечного места: 42%, изменено блоков: 0
[10:12:04] [Server thread/INFO] [minecraft/GameTestServer]: [_]
[10:12:04] [Server thread/INFO] [minecraft/GameTestServer]: [_]
[10:12:04] [Server thread/INFO] [minecraft/GameTestServer]: [_]
[10:12:04] [Server thread/INFO] [minecraft/GameTestServer]: [_]
[10:12:04] [Server thread/INFO] [minecraft/GameTestServer]: [_]
[10:12:05] [Server thread/INFO] [minecraft/MinecraftServer]: Проверка конечного места: 43%, изменено блоков: 0
[10:12:05] [Server thread/INFO] [minecraft/GameTestServer]: [_]
[10:12:05] [Server thread/INFO] [minecraft/GameTestServer]: [_]
[10:12:05] [Server thread/INFO] [minecraft/GameTestServer]: [_]
[10:12:05] [Server thread/INFO] [minecraft/GameTestServer]: [_]
[10:12:05] [Server thread/INFO] [minecraft/GameTestServer]: [_]
[10:12:05] [Server thread/INFO] [minecraft/MinecraftServer]: Проверка конечного места: 44%, изменено блоков: 0
[10:12:05] [Server thread/INFO] [minecraft/GameTestServer]: [_]
[10:12:05] [Server thread/INFO] [minecraft/GameTestServer]: [_]
[10:12:05] [Server thread/INFO] [minecraft/GameTestServer]: [_]
[10:12:05] [Server thread/INFO] [minecraft/GameTestServer]: [_]
[10:12:06] [Server thread/INFO] [minecraft/GameTestServer]: [_]
[10:12:06] [Server thread/INFO] [minecraft/MinecraftServer]: Проверка конечного места: 45%, изменено блоков: 0
[10:12:06] [Server thread/INFO] [minecraft/GameTestServer]: [_]
[10:12:06] [Server thread/INFO] [minecraft/GameTestServer]: [_]
[10:12:06] [Server thread/INFO] [minecraft/GameTestServer]: [_]
[10:12:06] [Server thread/INFO] [minecraft/GameTestServer]: [_]
[10:12:06] [Server thread/INFO] [minecraft/GameTestServer]: [_]
[10:12:06] [Server thread/INFO] [minecraft/MinecraftServer]: Проверка конечного места: 46%, изменено блоков: 0
[10:12:06] [Server thread/INFO] [minecraft/GameTestServer]: [_]
[10:12:06] [Server thread/INFO] [minecraft/GameTestServer]: [_]
[10:12:06] [Server thread/INFO] [minecraft/GameTestServer]: [_]
[10:12:07] [Server thread/INFO] [minecraft/GameTestServer]: [_]
[10:12:07] [Server thread/INFO] [minecraft/GameTestServer]: [_]
[10:12:07] [Server thread/INFO] [minecraft/MinecraftServer]: Проверка конечного места: 47%, изменено блоков: 0
[10:12:07] [Server thread/INFO] [minecraft/GameTestServer]: [_]
[10:12:07] [Server thread/INFO] [minecraft/GameTestServer]: [_]
[10:12:07] [Server thread/INFO] [minecraft/GameTestServer]: [_]
[10:12:07] [Server thread/INFO] [minecraft/GameTestServer]: [_]
[10:12:07] [Server thread/INFO] [minecraft/GameTestServer]: [_]
[10:12:07] [Server thread/INFO] [minecraft/MinecraftServer]: Проверка конечного места: 48%, изменено блоков: 0
[10:12:07] [Server thread/INFO] [minecraft/GameTestServer]: [_]
[10:12:08] [Server thread/INFO] [minecraft/GameTestServer]: [_]
[10:12:08] [Server thread/INFO] [minecraft/GameTestServer]: [_]
[10:12:08] [Server thread/INFO] [minecraft/GameTestServer]: [_]
[10:12:08] [Server thread/INFO] [minecraft/GameTestServer]: [_]
[10:12:08] [Server thread/INFO] [minecraft/MinecraftServer]: Проверка конечного места: 48%, изменено блоков: 0
[10:12:08] [Server thread/INFO] [minecraft/GameTestServer]: [_]
[10:12:08] [Server thread/INFO] [minecraft/GameTestServer]: [_]
[10:12:08] [Server thread/INFO] [minecraft/GameTestServer]: [_]
[10:12:08] [Server thread/INFO] [minecraft/GameTestServer]: [_]
[10:12:08] [Server thread/INFO] [minecraft/GameTestServer]: [_]
[10:12:08] [Server thread/INFO] [minecraft/MinecraftServer]: Проверка конечного места: 49%, изменено блоков: 0
[10:12:08] [Server thread/INFO] [minecraft/GameTestServer]: [_]
[10:12:09] [Server thread/INFO] [minecraft/GameTestServer]: [_]
[10:12:09] [Server thread/INFO] [minecraft/GameTestServer]: [_]
[10:12:09] [Server thread/INFO] [minecraft/GameTestServer]: [_]
[10:12:09] [Server thread/INFO] [minecraft/GameTestServer]: [_]
[10:12:09] [Server thread/INFO] [minecraft/MinecraftServer]: Проверка конечного места: 50%, изменено блоков: 0
[10:12:09] [Server thread/INFO] [minecraft/GameTestServer]: [_]
[10:12:09] [Server thread/INFO] [minecraft/GameTestServer]: [_]
[10:12:09] [Server thread/INFO] [minecraft/GameTestServer]: [_]
[10:12:09] [Server thread/INFO] [minecraft/GameTestServer]: [_]
[10:12:09] [Server thread/INFO] [minecraft/GameTestServer]: [_]
[10:12:10] [Server thread/INFO] [minecraft/MinecraftServer]: Проверка конечного места: 51%, изменено блоков: 0
[10:12:10] [Server thread/INFO] [minecraft/GameTestServer]: [_]
[10:12:10] [Server thread/INFO] [minecraft/GameTestServer]: [_]
[10:12:10] [Server thread/INFO] [minecraft/GameTestServer]: [_]
[10:12:10] [Server thread/INFO] [minecraft/GameTestServer]: [_]
[10:12:10] [Server thread/INFO] [minecraft/GameTestServer]: [_]
[10:12:10] [Server thread/INFO] [minecraft/MinecraftServer]: Проверка конечного места: 52%, изменено блоков: 0
[10:12:10] [Server thread/INFO] [minecraft/GameTestServer]: [_]
[10:12:10] [Server thread/INFO] [minecraft/GameTestServer]: [_]
[10:12:10] [Server thread/INFO] [minecraft/GameTestServer]: [_]
[10:12:10] [Server thread/INFO] [minecraft/GameTestServer]: [_]
[10:12:11] [Server thread/INFO] [minecraft/GameTestServer]: [_]
[10:12:11] [Server thread/INFO] [minecraft/MinecraftServer]: Проверка конечного места: 53%, изменено блоков: 0
[10:12:11] [Server thread/INFO] [minecraft/GameTestServer]: [_]
[10:12:11] [Server thread/INFO] [minecraft/GameTestServer]: [_]
[10:12:11] [Server thread/INFO] [minecraft/GameTestServer]: [_]
[10:12:11] [Server thread/INFO] [minecraft/GameTestServer]: [_]
[10:12:11] [Server thread/INFO] [minecraft/GameTestServer]: [_]
[10:12:11] [Server thread/INFO] [minecraft/MinecraftServer]: Проверка конечного места: 54%, изменено блоков: 0
[10:12:11] [Server thread/INFO] [minecraft/GameTestServer]: [_]
[10:12:11] [Server thread/INFO] [minecraft/GameTestServer]: [_]
[10:12:11] [Server thread/INFO] [minecraft/GameTestServer]: [_]
[10:12:11] [Server thread/INFO] [minecraft/GameTestServer]: [_]
[10:12:12] [Server thread/INFO] [minecraft/GameTestServer]: [_]
[10:12:12] [Server thread/INFO] [minecraft/MinecraftServer]: Проверка конечного места: 55%, изменено блоков: 0
[10:12:12] [Server thread/INFO] [minecraft/GameTestServer]: [_]
[10:12:12] [Server thread/INFO] [minecraft/GameTestServer]: [_]
[10:12:12] [Server thread/INFO] [minecraft/GameTestServer]: [_]
[10:12:12] [Server thread/INFO] [minecraft/GameTestServer]: [_]
[10:12:12] [Server thread/INFO] [minecraft/GameTestServer]: [_]
[10:12:12] [Server thread/INFO] [minecraft/MinecraftServer]: Проверка конечного места: 56%, изменено блоков: 0
[10:12:12] [Server thread/INFO] [minecraft/GameTestServer]: [_]
[10:12:12] [Server thread/INFO] [minecraft/GameTestServer]: [_]
[10:12:12] [Server thread/INFO] [minecraft/GameTestServer]: [_]
[10:12:12] [Server thread/INFO] [minecraft/GameTestServer]: [_]
[10:12:13] [Server thread/INFO] [minecraft/GameTestServer]: [_]
[10:12:13] [Server thread/INFO] [minecraft/MinecraftServer]: Проверка конечного места: 57%, изменено блоков: 0
[10:12:13] [Server thread/INFO] [minecraft/GameTestServer]: [_]
[10:12:13] [Server thread/INFO] [minecraft/GameTestServer]: [_]
[10:12:13] [Server thread/INFO] [minecraft/GameTestServer]: [_]
[10:12:13] [Server thread/INFO] [minecraft/GameTestServer]: [_]
[10:12:13] [Server thread/INFO] [minecraft/GameTestServer]: [_]
[10:12:13] [Server thread/INFO] [minecraft/MinecraftServer]: Проверка конечного места: 57%, изменено блоков: 0
[10:12:13] [Server thread/INFO] [minecraft/GameTestServer]: [_]
[10:12:13] [Server thread/INFO] [minecraft/GameTestServer]: [_]
[10:12:13] [Server thread/INFO] [minecraft/GameTestServer]: [_]
[10:12:13] [Server thread/INFO] [minecraft/GameTestServer]: [_]
[10:12:14] [Server thread/INFO] [minecraft/GameTestServer]: [_]
[10:12:14] [Server thread/INFO] [minecraft/MinecraftServer]: Проверка конечного места: 58%, изменено блоков: 0
[10:12:14] [Server thread/INFO] [minecraft/GameTestServer]: [_]
[10:12:14] [Server thread/INFO] [minecraft/GameTestServer]: [_]
[10:12:14] [Server thread/INFO] [minecraft/GameTestServer]: [_]
[10:12:14] [Server thread/INFO] [minecraft/GameTestServer]: [_]
[10:12:14] [Server thread/INFO] [minecraft/GameTestServer]: [_]
[10:12:14] [Server thread/INFO] [minecraft/MinecraftServer]: Проверка конечного места: 59%, изменено блоков: 0
[10:12:14] [Server thread/INFO] [minecraft/GameTestServer]: [_]
[10:12:14] [Server thread/INFO] [minecraft/GameTestServer]: [_]
[10:12:14] [Server thread/INFO] [minecraft/GameTestServer]: [_]
[10:12:15] [Server thread/INFO] [minecraft/GameTestServer]: [_]
[10:12:15] [Server thread/INFO] [minecraft/GameTestServer]: [_]
[10:12:15] [Server thread/INFO] [minecraft/MinecraftServer]: Проверка конечного места: 60%, изменено блоков: 0
[10:12:15] [Server thread/INFO] [minecraft/GameTestServer]: [_]
[10:12:15] [Server thread/INFO] [minecraft/GameTestServer]: [_]
[10:12:15] [Server thread/INFO] [minecraft/GameTestServer]: [_]
[10:12:15] [Server thread/INFO] [minecraft/GameTestServer]: [_]
[10:12:15] [Server thread/INFO] [minecraft/GameTestServer]: [_]
[10:12:15] [Server thread/INFO] [minecraft/MinecraftServer]: Проверка конечного места: 61%, изменено блоков: 0
[10:12:15] [Server thread/INFO] [minecraft/GameTestServer]: [_]
[10:12:15] [Server thread/INFO] [minecraft/GameTestServer]: [_]
[10:12:15] [Server thread/INFO] [minecraft/GameTestServer]: [_]
[10:12:15] [Server thread/INFO] [minecraft/GameTestServer]: [_]
[10:12:16] [Server thread/INFO] [minecraft/GameTestServer]: [_]
[10:12:16] [Server thread/INFO] [minecraft/MinecraftServer]: Проверка конечного места: 62%, изменено блоков: 0
[10:12:16] [Server thread/INFO] [minecraft/GameTestServer]: [_]
[10:12:16] [Server thread/INFO] [minecraft/GameTestServer]: [_]
[10:12:16] [Server thread/INFO] [minecraft/GameTestServer]: [_]
[10:12:16] [Server thread/INFO] [minecraft/GameTestServer]: [_]
[10:12:16] [Server thread/INFO] [minecraft/GameTestServer]: [_]
[10:12:16] [Server thread/INFO] [minecraft/MinecraftServer]: Проверка конечного места: 63%, изменено блоков: 0
[10:12:16] [Server thread/INFO] [minecraft/GameTestServer]: [_]
[10:12:16] [Server thread/INFO] [minecraft/GameTestServer]: [_]
[10:12:16] [Server thread/INFO] [minecraft/GameTestServer]: [_]
[10:12:16] [Server thread/INFO] [minecraft/GameTestServer]: [_]
[10:12:17] [Server thread/INFO] [minecraft/GameTestServer]: [_]
[10:12:17] [Server thread/INFO] [minecraft/MinecraftServer]: Проверка конечного места: 64%, изменено блоков: 0
[10:12:17] [Server thread/INFO] [minecraft/GameTestServer]: [_]
[10:12:17] [Server thread/INFO] [minecraft/GameTestServer]: [_]
[10:12:17] [Server thread/INFO] [minecraft/GameTestServer]: [_]
[10:12:17] [Server thread/INFO] [minecraft/GameTestServer]: [_]
[10:12:17] [Server thread/INFO] [minecraft/GameTestServer]: [_]
[10:12:17] [Server thread/INFO] [minecraft/MinecraftServer]: Проверка конечного места: 65%, изменено блоков: 0
[10:12:17] [Server thread/INFO] [minecraft/GameTestServer]: [_]
[10:12:17] [Server thread/INFO] [minecraft/GameTestServer]: [_]
[10:12:17] [Server thread/INFO] [minecraft/GameTestServer]: [_]
[10:12:17] [Server thread/INFO] [minecraft/GameTestServer]: [_]
[10:12:18] [Server thread/INFO] [minecraft/GameTestServer]: [_]
[10:12:18] [Server thread/INFO] [minecraft/MinecraftServer]: Проверка конечного места: 66%, изменено блоков: 0
[10:12:18] [Server thread/INFO] [minecraft/GameTestServer]: [_]
[10:12:18] [Server thread/INFO] [minecraft/GameTestServer]: [_]
[10:12:18] [Server thread/INFO] [minecraft/GameTestServer]: [_]
[10:12:18] [Server thread/INFO] [minecraft/GameTestServer]: [_]
[10:12:18] [Server thread/INFO] [minecraft/GameTestServer]: [_]
[10:12:18] [Server thread/INFO] [minecraft/MinecraftServer]: Проверка конечного места: 67%, изменено блоков: 0
[10:12:18] [Server thread/INFO] [minecraft/GameTestServer]: [_]
[10:12:18] [Server thread/INFO] [minecraft/GameTestServer]: [_]
[10:12:18] [Server thread/INFO] [minecraft/GameTestServer]: [_]
[10:12:18] [Server thread/INFO] [minecraft/GameTestServer]: [_]
[10:12:18] [Server thread/INFO] [minecraft/GameTestServer]: [_]
[10:12:19] [Server thread/INFO] [minecraft/MinecraftServer]: Проверка конечного места: 68%, изменено блоков: 0
[10:12:19] [Server thread/INFO] [minecraft/GameTestServer]: [_]
[10:12:19] [Server thread/INFO] [minecraft/GameTestServer]: [_]
[10:12:19] [Server thread/INFO] [minecraft/GameTestServer]: [_]
[10:12:19] [Server thread/INFO] [minecraft/GameTestServer]: [_]
[10:12:19] [Server thread/INFO] [minecraft/GameTestServer]: [_]
[10:12:19] [Server thread/INFO] [minecraft/MinecraftServer]: Проверка конечного места: 68%, изменено блоков: 0
[10:12:19] [Server thread/INFO] [minecraft/GameTestServer]: [_]
[10:12:19] [Server thread/INFO] [minecraft/GameTestServer]: [_]
[10:12:19] [Server thread/INFO] [minecraft/GameTestServer]: [_]
[10:12:19] [Server thread/INFO] [minecraft/GameTestServer]: [_]
[10:12:19] [Server thread/INFO] [minecraft/GameTestServer]: [_]
[10:12:20] [Server thread/INFO] [minecraft/MinecraftServer]: Проверка конечного места: 69%, изменено блоков: 0
[10:12:20] [Server thread/INFO] [minecraft/GameTestServer]: [_]
[10:12:20] [Server thread/INFO] [minecraft/GameTestServer]: [_]
[10:12:20] [Server thread/INFO] [minecraft/GameTestServer]: [_]
[10:12:20] [Server thread/INFO] [minecraft/GameTestServer]: [_]
[10:12:20] [Server thread/INFO] [minecraft/GameTestServer]: [_]
[10:12:20] [Server thread/INFO] [minecraft/MinecraftServer]: Проверка конечного места: 70%, изменено блоков: 0
[10:12:20] [Server thread/INFO] [minecraft/GameTestServer]: [_]
[10:12:20] [Server thread/INFO] [minecraft/GameTestServer]: [_]
[10:12:20] [Server thread/INFO] [minecraft/GameTestServer]: [_]
[10:12:20] [Server thread/INFO] [minecraft/GameTestServer]: [_]
[10:12:20] [Server thread/INFO] [minecraft/GameTestServer]: [_]
[10:12:20] [Server thread/INFO] [minecraft/MinecraftServer]: Проверка конечного места: 71%, изменено блоков: 0
[10:12:21] [Server thread/INFO] [minecraft/GameTestServer]: [_]
[10:12:21] [Server thread/INFO] [minecraft/GameTestServer]: [_]
[10:12:21] [Server thread/INFO] [minecraft/GameTestServer]: [_]
[10:12:21] [Server thread/INFO] [minecraft/GameTestServer]: [_]
[10:12:21] [Server thread/INFO] [minecraft/GameTestServer]: [_]
[10:12:21] [Server thread/INFO] [minecraft/MinecraftServer]: Проверка конечного места: 72%, изменено блоков: 0
[10:12:21] [Server thread/INFO] [minecraft/GameTestServer]: [_]
[10:12:21] [Server thread/INFO] [minecraft/GameTestServer]: [_]
[10:12:21] [Server thread/INFO] [minecraft/GameTestServer]: [_]
[10:12:21] [Server thread/INFO] [minecraft/GameTestServer]: [_]
[10:12:21] [Server thread/INFO] [minecraft/GameTestServer]: [_]
[10:12:21] [Server thread/INFO] [minecraft/MinecraftServer]: Проверка конечного места: 73%, изменено блоков: 0
[10:12:22] [Server thread/INFO] [minecraft/GameTestServer]: [_]
[10:12:22] [Server thread/INFO] [minecraft/GameTestServer]: [_]
[10:12:22] [Server thread/INFO] [minecraft/GameTestServer]: [_]
[10:12:22] [Server thread/INFO] [minecraft/GameTestServer]: [_]
[10:12:22] [Server thread/INFO] [minecraft/GameTestServer]: [_]
[10:12:22] [Server thread/INFO] [minecraft/MinecraftServer]: Проверка конечного места: 74%, изменено блоков: 0
[10:12:22] [Server thread/INFO] [minecraft/GameTestServer]: [_]
[10:12:22] [Server thread/INFO] [minecraft/GameTestServer]: [_]
[10:12:22] [Server thread/INFO] [minecraft/GameTestServer]: [_]
[10:12:22] [Server thread/INFO] [minecraft/GameTestServer]: [_]
[10:12:22] [Server thread/INFO] [minecraft/GameTestServer]: [_]
[10:12:22] [Server thread/INFO] [minecraft/MinecraftServer]: Проверка конечного места: 75%, изменено блоков: 0
[10:12:22] [Server thread/INFO] [minecraft/GameTestServer]: [_]
[10:12:23] [Server thread/INFO] [minecraft/GameTestServer]: [_]
[10:12:23] [Server thread/INFO] [minecraft/GameTestServer]: [_]
[10:12:23] [Server thread/INFO] [minecraft/GameTestServer]: [_]
[10:12:23] [Server thread/INFO] [minecraft/GameTestServer]: [_]
[10:12:23] [Server thread/INFO] [minecraft/MinecraftServer]: Проверка конечного места: 76%, изменено блоков: 0
[10:12:23] [Server thread/INFO] [minecraft/GameTestServer]: [_]
[10:12:23] [Server thread/INFO] [minecraft/GameTestServer]: [_]
[10:12:23] [Server thread/INFO] [minecraft/GameTestServer]: [_]
[10:12:23] [Server thread/INFO] [minecraft/GameTestServer]: [_]
[10:12:23] [Server thread/INFO] [minecraft/GameTestServer]: [_]
[10:12:23] [Server thread/INFO] [minecraft/MinecraftServer]: Проверка конечного места: 77%, изменено блоков: 0
[10:12:23] [Server thread/INFO] [minecraft/GameTestServer]: [_]
[10:12:24] [Server thread/INFO] [minecraft/GameTestServer]: [_]
[10:12:24] [Server thread/INFO] [minecraft/GameTestServer]: [_]
[10:12:24] [Server thread/INFO] [minecraft/GameTestServer]: [_]
[10:12:24] [Server thread/INFO] [minecraft/GameTestServer]: [_]
[10:12:24] [Server thread/INFO] [minecraft/MinecraftServer]: Проверка конечного места: 78%, изменено блоков: 0
[10:12:24] [Server thread/INFO] [minecraft/GameTestServer]: [_]
[10:12:24] [Server thread/INFO] [minecraft/GameTestServer]: [_]
[10:12:24] [Server thread/INFO] [minecraft/GameTestServer]: [_]
[10:12:24] [Server thread/INFO] [minecraft/GameTestServer]: [_]
[10:12:24] [Server thread/INFO] [minecraft/GameTestServer]: [_]
[10:12:24] [Server thread/INFO] [minecraft/MinecraftServer]: Проверка конечного места: 79%, изменено блоков: 0
[10:12:24] [Server thread/INFO] [minecraft/GameTestServer]: [_]
[10:12:24] [Server thread/INFO] [minecraft/GameTestServer]: [_]
[10:12:25] [Server thread/INFO] [minecraft/GameTestServer]: [_]
[10:12:25] [Server thread/INFO] [minecraft/GameTestServer]: [_]
[10:12:25] [Server thread/INFO] [minecraft/GameTestServer]: [_]
[10:12:25] [Server thread/INFO] [minecraft/MinecraftServer]: Проверка конечного места: 80%, изменено блоков: 0
[10:12:25] [Server thread/INFO] [minecraft/GameTestServer]: [_]
[10:12:25] [Server thread/INFO] [minecraft/GameTestServer]: [_]
[10:12:25] [Server thread/INFO] [minecraft/GameTestServer]: [_]
[10:12:25] [Server thread/INFO] [minecraft/GameTestServer]: [_]
[10:12:25] [Server thread/INFO] [minecraft/GameTestServer]: [_]
[10:12:25] [Server thread/INFO] [minecraft/MinecraftServer]: Проверка конечного места: 81%, изменено блоков: 0
[10:12:25] [Server thread/INFO] [minecraft/GameTestServer]: [_]
[10:12:25] [Server thread/INFO] [minecraft/GameTestServer]: [_]
[10:12:26] [Server thread/INFO] [minecraft/GameTestServer]: [_]
[10:12:26] [Server thread/INFO] [minecraft/GameTestServer]: [_]
[10:12:26] [Server thread/INFO] [minecraft/GameTestServer]: [_]
[10:12:26] [Server thread/INFO] [minecraft/MinecraftServer]: Проверка конечного места: 82%, изменено блоков: 0
[10:12:26] [Server thread/INFO] [minecraft/GameTestServer]: [_]
[10:12:26] [Server thread/INFO] [minecraft/GameTestServer]: [_]
[10:12:26] [Server thread/INFO] [minecraft/GameTestServer]: [_]
[10:12:26] [Server thread/INFO] [minecraft/GameTestServer]: [_]
[10:12:26] [Server thread/INFO] [minecraft/GameTestServer]: [_]
[10:12:26] [Server thread/INFO] [minecraft/MinecraftServer]: Проверка конечного места: 82%, изменено блоков: 0
[10:12:26] [Server thread/INFO] [minecraft/GameTestServer]: [_]
[10:12:26] [Server thread/INFO] [minecraft/GameTestServer]: [_]
[10:12:27] [Server thread/INFO] [minecraft/GameTestServer]: [_]
[10:12:27] [Server thread/INFO] [minecraft/GameTestServer]: [_]
[10:12:27] [Server thread/INFO] [minecraft/GameTestServer]: [_]
[10:12:27] [Server thread/INFO] [minecraft/MinecraftServer]: Проверка конечного места: 83%, изменено блоков: 0
[10:12:27] [Server thread/INFO] [minecraft/GameTestServer]: [_]
[10:12:27] [Server thread/INFO] [minecraft/GameTestServer]: [_]
[10:12:27] [Server thread/INFO] [minecraft/GameTestServer]: [_]
[10:12:27] [Server thread/INFO] [minecraft/GameTestServer]: [_]
[10:12:27] [Server thread/INFO] [minecraft/GameTestServer]: [_]
[10:12:27] [Server thread/INFO] [minecraft/MinecraftServer]: Проверка конечного места: 84%, изменено блоков: 0
[10:12:27] [Server thread/INFO] [minecraft/GameTestServer]: [_]
[10:12:27] [Server thread/INFO] [minecraft/GameTestServer]: [_]
[10:12:27] [Server thread/INFO] [minecraft/GameTestServer]: [_]
[10:12:28] [Server thread/INFO] [minecraft/GameTestServer]: [_]
[10:12:28] [Server thread/INFO] [minecraft/GameTestServer]: [_]
[10:12:28] [Server thread/INFO] [minecraft/MinecraftServer]: Подготовка грунта: 40%, изменено блоков: 40228
[10:12:28] [Server thread/INFO] [minecraft/GameTestServer]: [_]
[10:12:28] [Server thread/INFO] [minecraft/GameTestServer]: [_]
[10:12:28] [Server thread/INFO] [minecraft/MinecraftServer]: Территория подготовлена. Размещается структура...
[10:12:28] [Server thread/INFO] [minecraft/GameTestServer]: [_]
[10:12:28] [Server thread/INFO] [minecraft/GameTestServer]: [_]
[10:12:28] [Server thread/INFO] [minecraft/GameTestServer]: [_]
[10:12:28] [Server thread/INFO] [minecraft/MinecraftServer]: Размещение структуры: 3%, изменено блоков: 101391
[10:12:28] [Server thread/INFO] [minecraft/GameTestServer]: [_]
[10:12:28] [Server thread/INFO] [minecraft/GameTestServer]: [_]
[10:12:29] [Server thread/INFO] [minecraft/GameTestServer]: [_]
[10:12:29] [Server thread/INFO] [minecraft/GameTestServer]: [_]
[10:12:29] [Server thread/INFO] [minecraft/GameTestServer]: [_]
[10:12:29] [Server thread/INFO] [minecraft/MinecraftServer]: Размещение структуры: 9%, изменено блоков: 101391
[10:12:29] [Server thread/INFO] [minecraft/GameTestServer]: [_]
[10:12:29] [Server thread/INFO] [minecraft/GameTestServer]: [_]
[10:12:29] [Server thread/INFO] [minecraft/GameTestServer]: [_]
[10:12:29] [Server thread/INFO] [minecraft/GameTestServer]: [_]
[10:12:29] [Server thread/INFO] [minecraft/GameTestServer]: [_]
[10:12:29] [Server thread/INFO] [minecraft/MinecraftServer]: Размещение структуры: 16%, изменено блоков: 101391
[10:12:30] [Server thread/INFO] [minecraft/GameTestServer]: [_]
[10:12:30] [Server thread/INFO] [minecraft/GameTestServer]: [_]
[10:12:30] [Server thread/INFO] [minecraft/GameTestServer]: [_]
[10:12:30] [Server thread/INFO] [minecraft/GameTestServer]: [_]
[10:12:30] [Server thread/INFO] [minecraft/GameTestServer]: [_]
[10:12:30] [Server thread/INFO] [minecraft/MinecraftServer]: Размещение структуры: 22%, изменено блоков: 101391
[10:12:30] [Server thread/INFO] [minecraft/GameTestServer]: [_]
[10:12:30] [Server thread/INFO] [minecraft/GameTestServer]: [_]
[10:12:30] [Server thread/INFO] [minecraft/GameTestServer]: [_]
[10:12:30] [Server thread/INFO] [minecraft/GameTestServer]: [_]
[10:12:31] [Server thread/INFO] [minecraft/GameTestServer]: [_]
[10:12:31] [Server thread/INFO] [minecraft/MinecraftServer]: Размещение структуры: 29%, изменено блоков: 101391
[10:12:31] [Server thread/INFO] [minecraft/GameTestServer]: [_]
[10:12:31] [Server thread/INFO] [minecraft/GameTestServer]: [_]
[10:12:31] [Server thread/INFO] [minecraft/GameTestServer]: [_]
[10:12:31] [Server thread/INFO] [minecraft/GameTestServer]: [_]
[10:12:31] [Server thread/INFO] [minecraft/GameTestServer]: [_]
[10:12:31] [Server thread/INFO] [minecraft/MinecraftServer]: Размещение структуры: 35%, изменено блоков: 101391
[10:12:31] [Server thread/INFO] [minecraft/GameTestServer]: [_]
[10:12:31] [Server thread/INFO] [minecraft/GameTestServer]: [_]
[10:12:32] [Server thread/INFO] [minecraft/GameTestServer]: [_]
[10:12:32] [Server thread/INFO] [minecraft/GameTestServer]: [_]
[10:12:32] [Server thread/INFO] [minecraft/GameTestServer]: [_]
[10:12:32] [Server thread/INFO] [minecraft/MinecraftServer]: Размещение структуры: 41%, изменено блоков: 101391
[10:12:32] [Server thread/INFO] [minecraft/GameTestServer]: [_]
[10:12:32] [Server thread/INFO] [minecraft/GameTestServer]: [_]
[10:12:32] [Server thread/INFO] [minecraft/GameTestServer]: [_]
[10:12:32] [Server thread/INFO] [minecraft/GameTestServer]: [_]
[10:12:32] [Server thread/INFO] [minecraft/GameTestServer]: [_]
[10:12:33] [Server thread/INFO] [minecraft/MinecraftServer]: Размещение структуры: 48%, изменено блоков: 101391
[10:12:33] [Server thread/INFO] [minecraft/GameTestServer]: [_]
[10:12:33] [Server thread/INFO] [minecraft/GameTestServer]: [_]
[10:12:33] [Server thread/INFO] [minecraft/GameTestServer]: [_]
[10:12:33] [Server thread/INFO] [minecraft/GameTestServer]: [_]
[10:12:33] [Server thread/INFO] [minecraft/GameTestServer]: [_]
[10:12:33] [Server thread/INFO] [minecraft/MinecraftServer]: Размещение структуры: 54%, изменено блоков: 101391
[10:12:33] [Server thread/INFO] [minecraft/GameTestServer]: [_]
[10:12:33] [Server thread/INFO] [minecraft/GameTestServer]: [_]
[10:12:33] [Server thread/INFO] [minecraft/GameTestServer]: [_]
[10:12:34] [Server thread/INFO] [minecraft/GameTestServer]: [_]
[10:12:34] [Server thread/INFO] [minecraft/GameTestServer]: [_]
[10:12:34] [Server thread/INFO] [minecraft/MinecraftServer]: Размещение структуры: 60%, изменено блоков: 101391
[10:12:34] [Server thread/INFO] [minecraft/GameTestServer]: [_]
[10:12:34] [Server thread/INFO] [minecraft/GameTestServer]: [_]
[10:12:34] [Server thread/INFO] [minecraft/GameTestServer]: [_]
[10:12:34] [Server thread/INFO] [minecraft/GameTestServer]: [_]
[10:12:34] [Server thread/INFO] [minecraft/GameTestServer]: [_]
[10:12:34] [Server thread/INFO] [minecraft/MinecraftServer]: Размещение структуры: 67%, изменено блоков: 101391
[10:12:34] [Server thread/INFO] [minecraft/GameTestServer]: [_]
[10:12:35] [Server thread/INFO] [minecraft/GameTestServer]: [_]
[10:12:35] [Server thread/INFO] [minecraft/GameTestServer]: [_]
[10:12:35] [Server thread/INFO] [minecraft/GameTestServer]: [_]
[10:12:35] [Server thread/INFO] [minecraft/GameTestServer]: [_]
[10:12:35] [Server thread/INFO] [minecraft/MinecraftServer]: Размещение структуры: 73%, изменено блоков: 101391
[10:12:35] [Server thread/INFO] [minecraft/GameTestServer]: [_]
[10:12:35] [Server thread/INFO] [minecraft/GameTestServer]: [_]
[10:12:35] [Server thread/INFO] [minecraft/GameTestServer]: [_]
[10:12:35] [Server thread/INFO] [minecraft/GameTestServer]: [_]
[10:12:35] [Server thread/INFO] [minecraft/GameTestServer]: [_]
[10:12:36] [Server thread/INFO] [minecraft/MinecraftServer]: Размещение структуры: 79%, изменено блоков: 101391
[10:12:36] [Server thread/INFO] [minecraft/GameTestServer]: [_]
[10:12:36] [Server thread/INFO] [minecraft/GameTestServer]: [_]
[10:12:36] [Server thread/INFO] [minecraft/GameTestServer]: [_]
[10:12:36] [Server thread/INFO] [minecraft/GameTestServer]: [_]
[10:12:36] [Server thread/INFO] [minecraft/GameTestServer]: [_]
[10:12:36] [Server thread/INFO] [minecraft/MinecraftServer]: Размещение структуры: 86%, изменено блоков: 101391
[10:12:36] [Server thread/INFO] [minecraft/GameTestServer]: [_]
[10:12:36] [Server thread/INFO] [minecraft/GameTestServer]: [_]
[10:12:36] [Server thread/INFO] [minecraft/GameTestServer]: [_]
[10:12:37] [Server thread/INFO] [minecraft/GameTestServer]: [_]
[10:12:37] [Server thread/INFO] [minecraft/GameTestServer]: [_]
[10:12:37] [Server thread/INFO] [minecraft/MinecraftServer]: Размещение структуры: 92%, изменено блоков: 101391
[10:12:37] [Server thread/INFO] [minecraft/GameTestServer]: [_]
[10:12:37] [Server thread/INFO] [minecraft/GameTestServer]: [_]
[10:12:37] [Server thread/INFO] [minecraft/GameTestServer]: [_]
[10:12:37] [Server thread/INFO] [minecraft/GameTestServer]: [_]
[10:12:37] [Server thread/INFO] [minecraft/GameTestServer]: [_]
[10:12:37] [Server thread/INFO] [minecraft/MinecraftServer]: Размещение структуры: 98%, изменено блоков: 101391
[10:12:37] [Server thread/INFO] [minecraft/GameTestServer]: [_]
[10:12:37] [Server thread/INFO] [minecraft/MinecraftServer]: Структура создана: 11815080, 173, 13233739
[10:12:38] [Server thread/INFO] [minecraft/MinecraftServer]: Great Kurgan: 11815080, 173, 13233739
[10:12:38] [Server thread/INFO] [minecraft/MinecraftServer]: Distance: 126 blocks.
MANUAL_STRUCTURE_COMMAND_PASS slavicmyths generate kurgan great 0 entrance=BlockPos{x=11815080, y=173, z=13233739} constructionY=172 changedBlocks=101391 peakOperations=8192 peakJobMs=14.3666 slowestPhase=PREFLIGHT
[10:12:38] [Server thread/INFO] [minecraft/MinecraftServer]: Подготавливается территория: kurgan / 0. Задание 802e8ba4-4e53-47d7-8c1d-f329e66f3f89
[10:12:38] [Server thread/INFO] [minecraft/MinecraftServer]: Генерация уже выполняется. /slavicmyths generation status или cancel
[10:12:38] [Server thread/INFO] [minecraft/GameTestServer]: [_]
[10:12:38] [Server thread/INFO] [minecraft/GameTestServer]: [_]
[10:12:38] [Server thread/INFO] [minecraft/GameTestServer]: [_]
[10:12:38] [Server thread/INFO] [minecraft/GameTestServer]: [_]
[10:12:39] [Server thread/INFO] [minecraft/GameTestServer]: [_]
[10:12:39] [Server thread/INFO] [minecraft/MinecraftServer]: Загрузка территории: 0%, изменено блоков: 0
[10:12:39] [Server thread/INFO] [minecraft/GameTestServer]: [_]
[10:12:39] [Server thread/INFO] [minecraft/GameTestServer]: [_]
[10:12:39] [Server thread/INFO] [minecraft/GameTestServer]: [_]
[10:12:39] [Server thread/INFO] [minecraft/GameTestServer]: [_]
[10:12:39] [Server thread/INFO] [minecraft/GameTestServer]: [_]
[10:12:39] [Server thread/INFO] [minecraft/MinecraftServer]: Загрузка территории: 14%, изменено блоков: 0
[10:12:39] [Server thread/INFO] [minecraft/GameTestServer]: [_]
[10:12:39] [Server thread/INFO] [minecraft/GameTestServer]: [_]
[10:12:39] [Server thread/INFO] [minecraft/GameTestServer]: [_]
[10:12:39] [Server thread/INFO] [minecraft/GameTestServer]: [_]
[10:12:39] [Server thread/INFO] [minecraft/GameTestServer]: [_]
[10:12:39] [Server thread/INFO] [minecraft/MinecraftServer]: Загрузка территории: 60%, изменено блоков: 0
[10:12:39] [Server thread/INFO] [minecraft/GameTestServer]: [_]
[10:12:39] [Server thread/INFO] [minecraft/GameTestServer]: [_]
[10:12:39] [Server thread/INFO] [minecraft/GameTestServer]: [_]
[10:12:39] [Server thread/INFO] [minecraft/GameTestServer]: [_]
[10:12:39] [Server thread/INFO] [minecraft/GameTestServer]: [_]
[10:12:39] [Server thread/INFO] [minecraft/MinecraftServer]: Загрузка территории: 85%, изменено блоков: 0
[10:12:39] [Server thread/INFO] [minecraft/GameTestServer]: [_]
[10:12:39] [Server thread/INFO] [minecraft/GameTestServer]: [_]
[10:12:39] [Server thread/INFO] [minecraft/GameTestServer]: [_]
[10:12:39] [Server thread/INFO] [minecraft/GameTestServer]: [_]
[10:12:39] [Server thread/INFO] [minecraft/GameTestServer]: [_]
[10:12:39] [Server thread/INFO] [minecraft/MinecraftServer]: Загрузка территории: 91%, изменено блоков: 0
[10:12:39] [Server thread/INFO] [minecraft/MinecraftServer]: Чанки загружены. Подготовка окончательного положения на Y=172
[10:12:39] [Server thread/INFO] [minecraft/GameTestServer]: [_]
[10:12:39] [Server thread/INFO] [minecraft/GameTestServer]: [_]
[10:12:39] [Server thread/INFO] [minecraft/GameTestServer]: [_]
[10:12:39] [Server thread/INFO] [minecraft/GameTestServer]: [_]
[10:12:40] [Server thread/INFO] [minecraft/GameTestServer]: [_]
[10:12:40] [Server thread/INFO] [minecraft/MinecraftServer]: Проверка конечного места: 24%, изменено блоков: 0
[10:12:40] [Server thread/INFO] [minecraft/GameTestServer]: [_]
[10:12:40] [Server thread/INFO] [minecraft/MinecraftServer]: Генерация остановлена: Защищённый строительный блок: 11819176, 161, 13233701 / Block{minecraft:bricks}
MANUAL_FINAL_VOLUME_PROTECTION_PASS terrainWrites=0
[10:12:40] [Server thread/INFO] [minecraft/GameTestServer]: [_]
MANUAL_STRUCTURE_THIN_FLAT_PASS actualCommands=10 realStructures=9 accessibleEntrances=9 hillFixtures=2 waterRelocation=1 protectedConstruction=1 maxOperations=8192 repeatedRequestGuard=true
[10:12:40] [Server thread/INFO] [minecraft/MinecraftServer]: Подготавливается территория: kurgan / 0. Задание 57645223-6af1-4ee1-8e04-d35d9342f9ce
[10:12:40] [Server thread/INFO] [minecraft/MinecraftServer]: Загрузка территории: 0%, изменено блоков: 0
[10:12:40] [Server thread/INFO] [minecraft/MinecraftServer]: Генерация отменена; уже подготовленный грунт сохранён.
[10:12:40] [Server thread/INFO] [minecraft/MinecraftServer]: Активного поиска нет.
MANUAL_JOB_STATUS_CANCEL_PASS releasedActiveJob=true
[10:12:40] [Server thread/INFO] [minecraft/GameTestServer]: [+]
[10:12:40] [Server thread/INFO] [minecraft/GameTestServer]: ========= 1 GAME TESTS COMPLETE IN 2.510 min ======================
[10:12:40] [Server thread/INFO] [minecraft/GameTestServer]: All 1 required tests passed :)
[10:12:40] [Server thread/INFO] [minecraft/GameTestServer]: ====================================================
[10:12:40] [Server thread/INFO] [minecraft/MinecraftServer]: Stopping server
[10:12:40] [Server thread/INFO] [minecraft/MinecraftServer]: Saving players
[10:12:40] [Server thread/INFO] [minecraft/MinecraftServer]: Saving worlds
[10:12:40] [Server thread/INFO] [minecraft/MinecraftServer]: Saving chunks for level 'ServerLevel[Test Level]'/minecraft:overworld
[10:12:41] [Server thread/INFO] [minecraft/MinecraftServer]: Saving chunks for level 'ServerLevel[Test Level]'/minecraft:the_nether
[10:12:41] [Server thread/INFO] [minecraft/MinecraftServer]: Saving chunks for level 'ServerLevel[Test Level]'/minecraft:the_end
[10:12:41] [Server thread/INFO] [minecraft/MinecraftServer]: ThreadedAnvilChunkStorage (world): All chunks are saved
[10:12:41] [Server thread/INFO] [minecraft/MinecraftServer]: ThreadedAnvilChunkStorage (DIM-1): All chunks are saved
[10:12:41] [Server thread/INFO] [minecraft/MinecraftServer]: ThreadedAnvilChunkStorage (DIM1): All chunks are saved
[10:12:41] [Server thread/INFO] [minecraft/MinecraftServer]: ThreadedAnvilChunkStorage: All dimensions are saved
[10:12:42] [Server thread/INFO] [minecraft/GameTestServer]: Game test server shutting down

[Incubating] Problems report is available at: file:///D:/slavic-myths/build/reports/problems/problems-report.html

BUILD SUCCESSFUL in 2m 58s
9 actionable tasks: 3 executed, 6 up-to-date
Consider enabling configuration cache to speed up this build: https://docs.gradle.org/9.2.1/userguide/configuration_cache_enabling.html
