To honour the JVM settings for this build a single-use Daemon process will be forked. For more on this, please refer to https://docs.gradle.org/9.2.1/userguide/gradle_daemon.html#sec:disabling_the_daemon in the Gradle documentation.
Daemon will be stopped at the end of the build 
> Task :createMinecraftArtifacts UP-TO-DATE

> Task :compileJava
Note: Some input files use or override a deprecated API.
Note: Recompile with -Xlint:deprecation for details.

> Task :processResources UP-TO-DATE
> Task :classes
> Task :compileKurganCheckJava
> Task :processKurganCheckResources UP-TO-DATE
> Task :kurganCheckClasses
> Task :downloadAssets UP-TO-DATE
> Task :writeRuntimeChecksLegacyClasspath UP-TO-DATE
> Task :prepareRuntimeChecksRun UP-TO-DATE

> Task :runRuntimeChecks
WARN StatusConsoleListener Advanced terminal features are not available in this environment
[10:41:13] [main/INFO] [cp.mo.mo.Launcher/MODLAUNCHER]: ModLauncher running: args [--launchTarget, forgeserverdev, --gameDir, ., --fml.fmlVersion, 4.0.45, --fml.mcVersion, 1.21.1, --fml.neoForgeVersion, 21.1.255, --fml.neoFormVersion, 20240808.144430]
[10:41:13] [main/INFO] [cp.mo.mo.Launcher/MODLAUNCHER]: JVM identified as Oracle Corporation Java HotSpot(TM) 64-Bit Server VM 21.0.12+7-LTS-205
[10:41:13] [main/INFO] [cp.mo.mo.Launcher/MODLAUNCHER]: ModLauncher 11.0.5+main.901c6ea8 starting: java version 21.0.12 by Oracle Corporation; OS Windows 10 arch amd64 version 10.0
[10:41:13] [main/INFO] [ne.ne.fm.lo.ImmediateWindowHandler/]: ImmediateWindowProvider not loading because launch target is forgeserverdev
[10:41:13] [main/INFO] [mixin/]: SpongePowered MIXIN Subsystem Version=0.8.7 Source=union:/C:/Users/pavel/.gradle/caches/modules-2/files-2.1/net.fabricmc/sponge-mixin/0.16.4+mixin.0.8.7/26d01f0567ab46e9ca0d2ed89d0ecc11aadbd433/sponge-mixin-0.16.4+mixin.0.8.7.jar%2394!/ Service=ModLauncher Env=SERVER
[10:41:14] [main/INFO] [ne.ne.fm.lo.mo.lo.JarInJarDependencyLocator/]: Found 2 dependencies adding them to mods collection
[10:41:14] [main/INFO] [ne.ne.fm.lo.mo.ModDiscoverer/]: 
     Mod List:
		Name Version (Mod Id)

		Curios API 9.5.1+1.21.1 (curios)
		Minecraft 1.21.1 (minecraft)
		NeoForge 21.1.255 (neoforge)
		Slavic Myths 0.9.9-dev (slavicmyths)
[10:41:15] [main/INFO] [mixin/]: Compatibility level set to JAVA_21
[10:41:15] [main/INFO] [cp.mo.mo.LaunchServiceHandler/MODLAUNCHER]: Launching target 'forgeserverdev' with arguments [--gameDir, .]
[10:41:15] [main/WARN] [mixin/]: Reference map 'curios.refmap.json' for curios.neoforge.mixins.json could not be read. If this is a development environment you can ignore this message
[10:41:15] [main/WARN] [mixin/]: Reference map 'curios.refmap.json' for curios.mixins.json could not be read. If this is a development environment you can ignore this message
[10:41:16] [main/WARN] [os.dr.wi.pe.PerfmonDisabled/]: Invalid registry value type detected for PerfOS counters. Should be REG_DWORD. Ignoring: HKEY_LOCAL_MACHINE\SYSTEM\CurrentControlSet\Services\PerfOS\Performance\Disable Performance Counters.
[10:41:17] [main/INFO] [MixinExtras|Service/]: Initializing MixinExtras via com.llamalad7.mixinextras.service.MixinExtrasServiceImpl(version=0.5.5).
[10:41:23] [main/WARN] [minecraft/Commands]: Ambiguity between arguments [teleport, location] and [teleport, destination] with inputs: [0.1 -0.5 .9, 0 0 0]
[10:41:23] [main/WARN] [minecraft/Commands]: Ambiguity between arguments [teleport, location] and [teleport, targets] with inputs: [0.1 -0.5 .9, 0 0 0]
[10:41:23] [main/WARN] [minecraft/Commands]: Ambiguity between arguments [teleport, destination] and [teleport, targets] with inputs: [Player, 0123, @e, dd12be42-52a9-4a91-a8a1-11c01849e498]
[10:41:23] [main/WARN] [minecraft/Commands]: Ambiguity between arguments [teleport, targets] and [teleport, destination] with inputs: [Player, 0123, dd12be42-52a9-4a91-a8a1-11c01849e498]
[10:41:23] [main/WARN] [minecraft/Commands]: Ambiguity between arguments [teleport, targets, location] and [teleport, targets, destination] with inputs: [0.1 -0.5 .9, 0 0 0]
[10:41:23] [modloading-worker-0/INFO] [ne.ne.ne.co.NeoForgeMod/NEOFORGE-MOD]: NeoForge mod loading, version 21.1.255, for MC 1.21.1
[10:41:25] [main/INFO] [mojang/YggdrasilAuthenticationService]: Environment: Environment[sessionHost=https://sessionserver.mojang.com, servicesHost=https://api.minecraftservices.com, name=PROD]
[10:41:25] [main/WARN] [minecraft/VanillaPackResourcesBuilder]: Assets URL 'union:/D:/slavic-myths/build/moddev/artifacts/neoforge-21.1.255.jar%23125!/assets/.mcassetsroot' uses unexpected schema
[10:41:25] [main/WARN] [minecraft/VanillaPackResourcesBuilder]: Assets URL 'union:/D:/slavic-myths/build/moddev/artifacts/neoforge-21.1.255.jar%23125!/data/.mcassetsroot' uses unexpected schema
[10:41:25] [main/INFO] [ne.ne.ne.ga.GameTestHooks/]: Enabled Gametest Namespaces: [slavicmyths_sequential_placement]
[10:41:27] [main/INFO] [minecraft/RecipeManager]: Loaded 1564 recipes
[10:41:27] [main/INFO] [minecraft/AdvancementTree]: Loaded 1554 advancements
[10:41:27] [main/INFO] [Curios API/]: Loaded 10 curio slots
[10:41:27] [main/INFO] [Curios API/]: Loaded 1 curio entities
[10:41:28] [Server thread/INFO] [minecraft/MinecraftServer]: Preparing start region for dimension minecraft:overworld
[10:41:28] [worldgen/INFO] [minecraft/LoggerChunkProgressListener]: Preparing spawn area: 2%
[10:41:28] [Server thread/INFO] [minecraft/LoggerChunkProgressListener]: Time elapsed: 156 ms
[10:41:28] [Server thread/INFO] [minecraft/GameTestServer]: Started game test server
[10:41:28] [Server thread/INFO] [ne.ne.ne.se.pe.PermissionAPI/]: Successfully initialized permission handler neoforge:default_handler
[10:41:28] [Server thread/INFO] [minecraft/GameTestServer]: 1 tests are now running at position -11542417, -59, 11066233!
[10:41:29] [Server thread/INFO] [minecraft/GameTestRunner]: Running test batch 'defaultBatch:0' (1 tests)...
[10:41:29] [Server thread/INFO] [minecraft/GameTestServer]: [ ]
[10:41:29] [Server thread/INFO] [minecraft/GameTestServer]: [ ]
[10:41:29] [Server thread/INFO] [minecraft/MinecraftServer]: Подготавливается территория: kurgan / 0. Задание 5f7ff2e2-203d-416e-82cc-1a9745c30b8e
[10:41:29] [Server thread/INFO] [minecraft/GameTestServer]: [_]
[10:41:29] [Server thread/INFO] [minecraft/GameTestServer]: [_]
[10:41:29] [Server thread/INFO] [minecraft/GameTestServer]: [_]
[10:41:30] [Server thread/INFO] [minecraft/GameTestServer]: [_]
[10:41:30] [Server thread/INFO] [minecraft/GameTestServer]: [_]
[10:41:30] [Server thread/INFO] [minecraft/MinecraftServer]: Загрузка территории: 42%, изменено блоков: 0
[10:41:30] [Server thread/INFO] [minecraft/GameTestServer]: [_]
[10:41:30] [Server thread/INFO] [minecraft/GameTestServer]: [_]
[10:41:30] [Server thread/INFO] [minecraft/GameTestServer]: [_]
[10:41:30] [Server thread/INFO] [minecraft/GameTestServer]: [_]
[10:41:30] [Server thread/INFO] [minecraft/GameTestServer]: [_]
[10:41:30] [Server thread/INFO] [minecraft/MinecraftServer]: Загрузка территории: 88%, изменено блоков: 0
[10:41:30] [Server thread/INFO] [minecraft/GameTestServer]: [_]
[10:41:30] [Server thread/INFO] [minecraft/GameTestServer]: [_]
[10:41:31] [Server thread/INFO] [minecraft/GameTestServer]: [_]
[10:41:31] [Server thread/INFO] [minecraft/GameTestServer]: [_]
[10:41:31] [Server thread/INFO] [minecraft/GameTestServer]: [_]
[10:41:31] [Server thread/INFO] [minecraft/MinecraftServer]: Загрузка территории: 53%, изменено блоков: 0
[10:41:31] [Server thread/INFO] [minecraft/GameTestServer]: [_]
[10:41:31] [Server thread/INFO] [minecraft/GameTestServer]: [_]
[10:41:31] [Server thread/INFO] [minecraft/GameTestServer]: [_]
[10:41:31] [Server thread/INFO] [minecraft/GameTestServer]: [_]
[10:41:31] [Server thread/INFO] [minecraft/GameTestServer]: [_]
[10:41:31] [Server thread/INFO] [minecraft/MinecraftServer]: Загрузка территории: 92%, изменено блоков: 0
[10:41:31] [Server thread/INFO] [minecraft/GameTestServer]: [_]
[10:41:31] [Server thread/INFO] [minecraft/MinecraftServer]: Чанки загружены. Подготовка окончательного положения на Y=-49
[10:41:31] [Server thread/INFO] [minecraft/GameTestServer]: [_]
[10:41:31] [Server thread/INFO] [minecraft/GameTestServer]: [_]
[10:41:32] [Server thread/INFO] [minecraft/GameTestServer]: [_]
[10:41:32] [Server thread/INFO] [minecraft/GameTestServer]: [_]
[10:41:32] [Server thread/INFO] [minecraft/MinecraftServer]: Планирование грунта: 70%, изменено блоков: 0
[10:41:32] [Server thread/INFO] [minecraft/GameTestServer]: [_]
[10:41:32] [Server thread/INFO] [minecraft/GameTestServer]: [_]
[10:41:32] [Server thread/INFO] [minecraft/GameTestServer]: [_]
[10:41:32] [Server thread/INFO] [minecraft/GameTestServer]: [_]
[10:41:32] [Server thread/INFO] [minecraft/GameTestServer]: [_]
[10:41:32] [Server thread/INFO] [minecraft/MinecraftServer]: Проверка конечного места: 43%, изменено блоков: 0
[10:41:32] [Server thread/INFO] [minecraft/GameTestServer]: [_]
[10:41:33] [Server thread/INFO] [minecraft/GameTestServer]: [_]
[10:41:33] [Server thread/INFO] [minecraft/GameTestServer]: [_]
[10:41:33] [Server thread/INFO] [minecraft/GameTestServer]: [_]
[10:41:33] [Server thread/INFO] [minecraft/GameTestServer]: [_]
[10:41:33] [Server thread/INFO] [minecraft/MinecraftServer]: Подготовка грунта: 13%, изменено блоков: 2108
[10:41:33] [Server thread/INFO] [minecraft/GameTestServer]: [_]
[10:41:33] [Server thread/INFO] [minecraft/GameTestServer]: [_]
[10:41:33] [Server thread/INFO] [minecraft/GameTestServer]: [_]
[10:41:33] [Server thread/INFO] [minecraft/GameTestServer]: [_]
[10:41:34] [Server thread/INFO] [minecraft/GameTestServer]: [_]
[10:41:34] [Server thread/INFO] [minecraft/MinecraftServer]: Подготовка грунта: 67%, изменено блоков: 85684
[10:41:34] [Server thread/INFO] [minecraft/GameTestServer]: [_]
[10:41:34] [Server thread/INFO] [minecraft/MinecraftServer]: Территория подготовлена. Размещается структура...
[10:41:34] [Server thread/INFO] [minecraft/GameTestServer]: [_]
[10:41:34] [Server thread/INFO] [minecraft/GameTestServer]: [_]
[10:41:34] [Server thread/INFO] [minecraft/GameTestServer]: [_]
[10:41:34] [Server thread/INFO] [minecraft/GameTestServer]: [_]
[10:41:34] [Server thread/INFO] [minecraft/MinecraftServer]: Размещение структуры: 32%, изменено блоков: 114624
[10:41:34] [Server thread/INFO] [minecraft/GameTestServer]: [_]
[10:41:35] [Server thread/INFO] [minecraft/GameTestServer]: [_]
[10:41:35] [Server thread/INFO] [minecraft/GameTestServer]: [_]
[10:41:35] [Server thread/INFO] [minecraft/GameTestServer]: [_]
[10:41:35] [Server thread/INFO] [minecraft/GameTestServer]: [_]
[10:41:35] [Server thread/INFO] [minecraft/MinecraftServer]: Размещение структуры: 71%, изменено блоков: 114624
[10:41:35] [Server thread/INFO] [minecraft/GameTestServer]: [_]
[10:41:35] [Server thread/INFO] [minecraft/GameTestServer]: [_]
[10:41:35] [Server thread/INFO] [minecraft/GameTestServer]: [_]
[10:41:35] [Server thread/INFO] [minecraft/MinecraftServer]: Структура создана: -11534225, -48, 11074299
MANUAL_SEQUENTIAL_COMMAND_PASS slavicmyths generate kurgan small 0 dx=0 dz=0 entrance=BlockPos{x=-11534225, y=-48, z=11074299}
[10:41:36] [Server thread/INFO] [minecraft/MinecraftServer]: Подготавливается территория: kurgan / 1. Задание f14eb85a-16e5-4d70-a1af-c66aaacb323d
[10:41:36] [Server thread/INFO] [minecraft/GameTestServer]: [_]
[10:41:36] [Server thread/INFO] [minecraft/GameTestServer]: [_]
[10:41:36] [Server thread/INFO] [minecraft/GameTestServer]: [_]
[10:41:36] [Server thread/INFO] [minecraft/GameTestServer]: [_]
[10:41:36] [Server thread/INFO] [minecraft/GameTestServer]: [_]
[10:41:36] [Server thread/INFO] [minecraft/MinecraftServer]: Загрузка территории: 21%, изменено блоков: 0
[10:41:36] [Server thread/INFO] [minecraft/GameTestServer]: [_]
[10:41:36] [Server thread/INFO] [minecraft/GameTestServer]: [_]
[10:41:36] [Server thread/INFO] [minecraft/GameTestServer]: [_]
[10:41:36] [Server thread/INFO] [minecraft/GameTestServer]: [_]
[10:41:36] [Server thread/INFO] [minecraft/GameTestServer]: [_]
[10:41:37] [Server thread/INFO] [minecraft/MinecraftServer]: Загрузка территории: 42%, изменено блоков: 0
[10:41:37] [Server thread/INFO] [minecraft/GameTestServer]: [_]
[10:41:37] [Server thread/INFO] [minecraft/GameTestServer]: [_]
[10:41:37] [Server thread/INFO] [minecraft/GameTestServer]: [_]
[10:41:37] [Server thread/INFO] [minecraft/GameTestServer]: [_]
[10:41:37] [Server thread/INFO] [minecraft/GameTestServer]: [_]
[10:41:37] [Server thread/INFO] [minecraft/MinecraftServer]: Загрузка территории: 62%, изменено блоков: 0
[10:41:37] [Server thread/INFO] [minecraft/GameTestServer]: [_]
[10:41:37] [Server thread/INFO] [minecraft/GameTestServer]: [_]
[10:41:37] [Server thread/INFO] [minecraft/GameTestServer]: [_]
[10:41:37] [Server thread/INFO] [minecraft/GameTestServer]: [_]
[10:41:37] [Server thread/INFO] [minecraft/GameTestServer]: [_]
[10:41:38] [Server thread/INFO] [minecraft/MinecraftServer]: Загрузка территории: 83%, изменено блоков: 0
[10:41:38] [Server thread/INFO] [minecraft/GameTestServer]: [_]
[10:41:38] [Server thread/INFO] [minecraft/GameTestServer]: [_]
[10:41:38] [Server thread/INFO] [minecraft/GameTestServer]: [_]
[10:41:38] [Server thread/INFO] [minecraft/GameTestServer]: [_]
[10:41:38] [Server thread/INFO] [minecraft/GameTestServer]: [_]
[10:41:38] [Server thread/INFO] [minecraft/MinecraftServer]: Загрузка территории: 6%, изменено блоков: 0
[10:41:38] [Server thread/INFO] [minecraft/GameTestServer]: [_]
[10:41:38] [Server thread/INFO] [minecraft/GameTestServer]: [_]
[10:41:38] [Server thread/INFO] [minecraft/GameTestServer]: [_]
[10:41:38] [Server thread/INFO] [minecraft/GameTestServer]: [_]
[10:41:38] [Server thread/INFO] [minecraft/GameTestServer]: [_]
[10:41:38] [Server thread/INFO] [minecraft/MinecraftServer]: Загрузка территории: 24%, изменено блоков: 0
[10:41:38] [Server thread/INFO] [minecraft/GameTestServer]: [_]
[10:41:38] [Server thread/INFO] [minecraft/GameTestServer]: [_]
[10:41:38] [Server thread/INFO] [minecraft/GameTestServer]: [_]
[10:41:39] [Server thread/INFO] [minecraft/GameTestServer]: [_]
[10:41:39] [Server thread/INFO] [minecraft/GameTestServer]: [_]
[10:41:39] [Server thread/INFO] [minecraft/MinecraftServer]: Загрузка территории: 35%, изменено блоков: 0
[10:41:39] [Server thread/INFO] [minecraft/GameTestServer]: [_]
[10:41:39] [Server thread/INFO] [minecraft/GameTestServer]: [_]
[10:41:39] [Server thread/INFO] [minecraft/GameTestServer]: [_]
[10:41:39] [Server thread/INFO] [minecraft/GameTestServer]: [_]
[10:41:39] [Server thread/INFO] [minecraft/GameTestServer]: [_]
[10:41:39] [Server thread/INFO] [minecraft/MinecraftServer]: Загрузка территории: 50%, изменено блоков: 0
[10:41:39] [Server thread/INFO] [minecraft/GameTestServer]: [_]
[10:41:39] [Server thread/INFO] [minecraft/GameTestServer]: [_]
[10:41:39] [Server thread/INFO] [minecraft/GameTestServer]: [_]
[10:41:39] [Server thread/INFO] [minecraft/GameTestServer]: [_]
[10:41:39] [Server thread/INFO] [minecraft/GameTestServer]: [_]
[10:41:39] [Server thread/INFO] [minecraft/MinecraftServer]: Загрузка территории: 63%, изменено блоков: 0
[10:41:39] [Server thread/INFO] [minecraft/GameTestServer]: [_]
[10:41:40] [Server thread/INFO] [minecraft/GameTestServer]: [_]
[10:41:40] [Server thread/INFO] [minecraft/GameTestServer]: [_]
[10:41:40] [Server thread/INFO] [minecraft/GameTestServer]: [_]
[10:41:40] [Server thread/INFO] [minecraft/GameTestServer]: [_]
[10:41:40] [Server thread/INFO] [minecraft/MinecraftServer]: Загрузка территории: 72%, изменено блоков: 0
[10:41:40] [Server thread/INFO] [minecraft/GameTestServer]: [_]
[10:41:40] [Server thread/INFO] [minecraft/GameTestServer]: [_]
[10:41:40] [Server thread/INFO] [minecraft/GameTestServer]: [_]
[10:41:40] [Server thread/INFO] [minecraft/GameTestServer]: [_]
[10:41:40] [Server thread/INFO] [minecraft/GameTestServer]: [_]
[10:41:40] [Server thread/INFO] [minecraft/MinecraftServer]: Загрузка территории: 80%, изменено блоков: 0
[10:41:40] [Server thread/INFO] [minecraft/GameTestServer]: [_]
[10:41:40] [Server thread/INFO] [minecraft/GameTestServer]: [_]
[10:41:40] [Server thread/INFO] [minecraft/GameTestServer]: [_]
[10:41:40] [Server thread/INFO] [minecraft/GameTestServer]: [_]
[10:41:41] [Server thread/INFO] [minecraft/GameTestServer]: [_]
[10:41:41] [Server thread/INFO] [minecraft/MinecraftServer]: Загрузка территории: 89%, изменено блоков: 0
[10:41:41] [Server thread/INFO] [minecraft/GameTestServer]: [_]
[10:41:41] [Server thread/INFO] [minecraft/GameTestServer]: [_]
[10:41:41] [Server thread/INFO] [minecraft/GameTestServer]: [_]
[10:41:41] [Server thread/INFO] [minecraft/GameTestServer]: [_]
[10:41:41] [Server thread/INFO] [minecraft/GameTestServer]: [_]
[10:41:41] [Server thread/INFO] [minecraft/MinecraftServer]: Загрузка территории: 97%, изменено блоков: 0
[10:41:41] [Server thread/INFO] [minecraft/GameTestServer]: [_]
[10:41:41] [Server thread/INFO] [minecraft/GameTestServer]: [_]
[10:41:41] [Server thread/INFO] [minecraft/MinecraftServer]: Чанки загружены. Подготовка окончательного положения на Y=-32
[10:41:41] [Server thread/INFO] [minecraft/GameTestServer]: [_]
[10:41:41] [Server thread/INFO] [minecraft/GameTestServer]: [_]
[10:41:41] [Server thread/INFO] [minecraft/GameTestServer]: [_]
[10:41:41] [Server thread/INFO] [minecraft/MinecraftServer]: Планирование грунта: 18%, изменено блоков: 0
[10:41:41] [Server thread/INFO] [minecraft/GameTestServer]: [_]
[10:41:41] [Server thread/INFO] [minecraft/GameTestServer]: [_]
[10:41:42] [Server thread/INFO] [minecraft/GameTestServer]: [_]
[10:41:42] [Server thread/INFO] [minecraft/GameTestServer]: [_]
[10:41:42] [Server thread/INFO] [minecraft/GameTestServer]: [_]
[10:41:42] [Server thread/INFO] [minecraft/MinecraftServer]: Планирование грунта: 47%, изменено блоков: 0
[10:41:42] [Server thread/INFO] [minecraft/GameTestServer]: [_]
[10:41:42] [Server thread/INFO] [minecraft/GameTestServer]: [_]
[10:41:42] [Server thread/INFO] [minecraft/GameTestServer]: [_]
[10:41:42] [Server thread/INFO] [minecraft/GameTestServer]: [_]
[10:41:42] [Server thread/INFO] [minecraft/GameTestServer]: [_]
[10:41:42] [Server thread/INFO] [minecraft/MinecraftServer]: Планирование грунта: 77%, изменено блоков: 0
[10:41:42] [Server thread/INFO] [minecraft/GameTestServer]: [_]
[10:41:42] [Server thread/INFO] [minecraft/GameTestServer]: [_]
[10:41:42] [Server thread/INFO] [minecraft/GameTestServer]: [_]
[10:41:43] [Server thread/INFO] [minecraft/GameTestServer]: [_]
[10:41:43] [Server thread/INFO] [minecraft/MinecraftServer]: Проверяется другая площадка: 1 / 16
[10:41:43] [Server thread/INFO] [minecraft/GameTestServer]: [_]
[10:41:43] [Server thread/INFO] [minecraft/MinecraftServer]: Загрузка территории: 3%, изменено блоков: 0
[10:41:43] [Server thread/INFO] [minecraft/GameTestServer]: [_]
[10:41:43] [Server thread/INFO] [minecraft/GameTestServer]: [_]
[10:41:43] [Server thread/INFO] [minecraft/GameTestServer]: [_]
[10:41:43] [Server thread/INFO] [minecraft/GameTestServer]: [_]
[10:41:43] [Server thread/INFO] [minecraft/GameTestServer]: [_]
[10:41:43] [Server thread/INFO] [minecraft/MinecraftServer]: Загрузка территории: 25%, изменено блоков: 0
[10:41:43] [Server thread/INFO] [minecraft/GameTestServer]: [_]
[10:41:43] [Server thread/INFO] [minecraft/GameTestServer]: [_]
[10:41:43] [Server thread/INFO] [minecraft/GameTestServer]: [_]
[10:41:44] [Server thread/INFO] [minecraft/GameTestServer]: [_]
[10:41:44] [Server thread/INFO] [minecraft/GameTestServer]: [_]
[10:41:44] [Server thread/INFO] [minecraft/MinecraftServer]: Загрузка территории: 46%, изменено блоков: 0
[10:41:44] [Server thread/INFO] [minecraft/GameTestServer]: [_]
[10:41:44] [Server thread/INFO] [minecraft/GameTestServer]: [_]
[10:41:44] [Server thread/INFO] [minecraft/GameTestServer]: [_]
[10:41:44] [Server thread/INFO] [minecraft/GameTestServer]: [_]
[10:41:44] [Server thread/INFO] [minecraft/GameTestServer]: [_]
[10:41:44] [Server thread/INFO] [minecraft/MinecraftServer]: Загрузка территории: 66%, изменено блоков: 0
[10:41:44] [Server thread/INFO] [minecraft/GameTestServer]: [_]
[10:41:44] [Server thread/INFO] [minecraft/GameTestServer]: [_]
[10:41:44] [Server thread/INFO] [minecraft/GameTestServer]: [_]
[10:41:44] [Server thread/INFO] [minecraft/GameTestServer]: [_]
[10:41:44] [Server thread/INFO] [minecraft/GameTestServer]: [_]
[10:41:44] [Server thread/INFO] [minecraft/MinecraftServer]: Загрузка территории: 88%, изменено блоков: 0
[10:41:44] [Server thread/INFO] [minecraft/GameTestServer]: [_]
[10:41:45] [Server thread/INFO] [minecraft/GameTestServer]: [_]
[10:41:45] [Server thread/INFO] [minecraft/GameTestServer]: [_]
[10:41:45] [Server thread/INFO] [minecraft/GameTestServer]: [_]
[10:41:45] [Server thread/INFO] [minecraft/GameTestServer]: [_]
[10:41:45] [Server thread/INFO] [minecraft/MinecraftServer]: Загрузка территории: 11%, изменено блоков: 0
[10:41:45] [Server thread/INFO] [minecraft/GameTestServer]: [_]
[10:41:45] [Server thread/INFO] [minecraft/GameTestServer]: [_]
[10:41:45] [Server thread/INFO] [minecraft/GameTestServer]: [_]
[10:41:45] [Server thread/INFO] [minecraft/GameTestServer]: [_]
[10:41:45] [Server thread/INFO] [minecraft/GameTestServer]: [_]
[10:41:45] [Server thread/INFO] [minecraft/MinecraftServer]: Загрузка территории: 29%, изменено блоков: 0
[10:41:45] [Server thread/INFO] [minecraft/GameTestServer]: [_]
[10:41:45] [Server thread/INFO] [minecraft/GameTestServer]: [_]
[10:41:45] [Server thread/INFO] [minecraft/GameTestServer]: [_]
[10:41:45] [Server thread/INFO] [minecraft/GameTestServer]: [_]
[10:41:46] [Server thread/INFO] [minecraft/GameTestServer]: [_]
[10:41:46] [Server thread/INFO] [minecraft/MinecraftServer]: Загрузка территории: 44%, изменено блоков: 0
[10:41:46] [Server thread/INFO] [minecraft/GameTestServer]: [_]
[10:41:46] [Server thread/INFO] [minecraft/GameTestServer]: [_]
[10:41:46] [Server thread/INFO] [minecraft/GameTestServer]: [_]
[10:41:46] [Server thread/INFO] [minecraft/GameTestServer]: [_]
[10:41:46] [Server thread/INFO] [minecraft/GameTestServer]: [_]
[10:41:46] [Server thread/INFO] [minecraft/MinecraftServer]: Загрузка территории: 60%, изменено блоков: 0
[10:41:46] [Server thread/INFO] [minecraft/GameTestServer]: [_]
[10:41:46] [Server thread/INFO] [minecraft/GameTestServer]: [_]
[10:41:46] [Server thread/INFO] [minecraft/GameTestServer]: [_]
[10:41:46] [Server thread/INFO] [minecraft/GameTestServer]: [_]
[10:41:46] [Server thread/INFO] [minecraft/GameTestServer]: [_]
[10:41:46] [Server thread/INFO] [minecraft/MinecraftServer]: Загрузка территории: 70%, изменено блоков: 0
[10:41:46] [Server thread/INFO] [minecraft/GameTestServer]: [_]
[10:41:46] [Server thread/INFO] [minecraft/GameTestServer]: [_]
[10:41:46] [Server thread/INFO] [minecraft/GameTestServer]: [_]
[10:41:47] [Server thread/INFO] [minecraft/GameTestServer]: [_]
[10:41:47] [Server thread/INFO] [minecraft/GameTestServer]: [_]
[10:41:47] [Server thread/INFO] [minecraft/MinecraftServer]: Загрузка территории: 80%, изменено блоков: 0
[10:41:47] [Server thread/INFO] [minecraft/GameTestServer]: [_]
[10:41:47] [Server thread/INFO] [minecraft/GameTestServer]: [_]
[10:41:47] [Server thread/INFO] [minecraft/GameTestServer]: [_]
[10:41:47] [Server thread/INFO] [minecraft/GameTestServer]: [_]
[10:41:47] [Server thread/INFO] [minecraft/GameTestServer]: [_]
[10:41:47] [Server thread/INFO] [minecraft/MinecraftServer]: Загрузка территории: 89%, изменено блоков: 0
[10:41:47] [Server thread/INFO] [minecraft/GameTestServer]: [_]
[10:41:47] [Server thread/INFO] [minecraft/GameTestServer]: [_]
[10:41:47] [Server thread/INFO] [minecraft/GameTestServer]: [_]
[10:41:47] [Server thread/INFO] [minecraft/GameTestServer]: [_]
[10:41:47] [Server thread/INFO] [minecraft/GameTestServer]: [_]
[10:41:47] [Server thread/INFO] [minecraft/MinecraftServer]: Загрузка территории: 97%, изменено блоков: 0
[10:41:47] [Server thread/INFO] [minecraft/GameTestServer]: [_]
[10:41:47] [Server thread/INFO] [minecraft/GameTestServer]: [_]
[10:41:48] [Server thread/INFO] [minecraft/MinecraftServer]: Чанки загружены. Подготовка окончательного положения на Y=-32
[10:41:48] [Server thread/INFO] [minecraft/GameTestServer]: [_]
[10:41:48] [Server thread/INFO] [minecraft/GameTestServer]: [_]
[10:41:48] [Server thread/INFO] [minecraft/GameTestServer]: [_]
[10:41:48] [Server thread/INFO] [minecraft/MinecraftServer]: Планирование грунта: 19%, изменено блоков: 0
[10:41:48] [Server thread/INFO] [minecraft/GameTestServer]: [_]
[10:41:48] [Server thread/INFO] [minecraft/GameTestServer]: [_]
[10:41:48] [Server thread/INFO] [minecraft/GameTestServer]: [_]
[10:41:48] [Server thread/INFO] [minecraft/GameTestServer]: [_]
[10:41:48] [Server thread/INFO] [minecraft/GameTestServer]: [_]
[10:41:48] [Server thread/INFO] [minecraft/MinecraftServer]: Планирование грунта: 49%, изменено блоков: 0
[10:41:48] [Server thread/INFO] [minecraft/GameTestServer]: [_]
[10:41:48] [Server thread/INFO] [minecraft/GameTestServer]: [_]
[10:41:48] [Server thread/INFO] [minecraft/GameTestServer]: [_]
[10:41:49] [Server thread/INFO] [minecraft/GameTestServer]: [_]
[10:41:49] [Server thread/INFO] [minecraft/GameTestServer]: [_]
[10:41:49] [Server thread/INFO] [minecraft/MinecraftServer]: Планирование грунта: 78%, изменено блоков: 0
[10:41:49] [Server thread/INFO] [minecraft/GameTestServer]: [_]
[10:41:49] [Server thread/INFO] [minecraft/GameTestServer]: [_]
[10:41:49] [Server thread/INFO] [minecraft/GameTestServer]: [_]
[10:41:49] [Server thread/INFO] [minecraft/GameTestServer]: [_]
[10:41:49] [Server thread/INFO] [minecraft/MinecraftServer]: Проверяется другая площадка: 2 / 16
[10:41:49] [Server thread/INFO] [minecraft/GameTestServer]: [_]
[10:41:49] [Server thread/INFO] [minecraft/MinecraftServer]: Загрузка территории: 5%, изменено блоков: 0
[10:41:49] [Server thread/INFO] [minecraft/GameTestServer]: [_]
[10:41:50] [Server thread/INFO] [minecraft/GameTestServer]: [_]
[10:41:50] [Server thread/INFO] [minecraft/GameTestServer]: [_]
[10:41:50] [Server thread/INFO] [minecraft/GameTestServer]: [_]
[10:41:50] [Server thread/INFO] [minecraft/GameTestServer]: [_]
[10:41:50] [Server thread/INFO] [minecraft/MinecraftServer]: Загрузка территории: 30%, изменено блоков: 0
[10:41:50] [Server thread/INFO] [minecraft/GameTestServer]: [_]
[10:41:50] [Server thread/INFO] [minecraft/GameTestServer]: [_]
[10:41:50] [Server thread/INFO] [minecraft/GameTestServer]: [_]
[10:41:50] [Server thread/INFO] [minecraft/GameTestServer]: [_]
[10:41:50] [Server thread/INFO] [minecraft/GameTestServer]: [_]
[10:41:50] [Server thread/INFO] [minecraft/MinecraftServer]: Загрузка территории: 62%, изменено блоков: 0
[10:41:50] [Server thread/INFO] [minecraft/GameTestServer]: [_]
[10:41:50] [Server thread/INFO] [minecraft/GameTestServer]: [_]
[10:41:50] [Server thread/INFO] [minecraft/GameTestServer]: [_]
[10:41:50] [Server thread/INFO] [minecraft/GameTestServer]: [_]
[10:41:51] [Server thread/INFO] [minecraft/GameTestServer]: [_]
[10:41:51] [Server thread/INFO] [minecraft/MinecraftServer]: Загрузка территории: 6%, изменено блоков: 0
[10:41:51] [Server thread/INFO] [minecraft/GameTestServer]: [_]
[10:41:51] [Server thread/INFO] [minecraft/GameTestServer]: [_]
[10:41:51] [Server thread/INFO] [minecraft/GameTestServer]: [_]
[10:41:51] [Server thread/INFO] [minecraft/GameTestServer]: [_]
[10:41:51] [Server thread/INFO] [minecraft/GameTestServer]: [_]
[10:41:51] [Server thread/INFO] [minecraft/MinecraftServer]: Загрузка территории: 23%, изменено блоков: 0
[10:41:51] [Server thread/INFO] [minecraft/GameTestServer]: [_]
[10:41:51] [Server thread/INFO] [minecraft/GameTestServer]: [_]
[10:41:51] [Server thread/INFO] [minecraft/GameTestServer]: [_]
[10:41:51] [Server thread/INFO] [minecraft/GameTestServer]: [_]
[10:41:51] [Server thread/INFO] [minecraft/GameTestServer]: [_]
[10:41:51] [Server thread/INFO] [minecraft/MinecraftServer]: Загрузка территории: 35%, изменено блоков: 0
[10:41:51] [Server thread/INFO] [minecraft/GameTestServer]: [_]
[10:41:51] [Server thread/INFO] [minecraft/GameTestServer]: [_]
[10:41:51] [Server thread/INFO] [minecraft/GameTestServer]: [_]
[10:41:52] [Server thread/INFO] [minecraft/GameTestServer]: [_]
[10:41:52] [Server thread/INFO] [minecraft/GameTestServer]: [_]
[10:41:52] [Server thread/INFO] [minecraft/MinecraftServer]: Загрузка территории: 52%, изменено блоков: 0
[10:41:52] [Server thread/INFO] [minecraft/GameTestServer]: [_]
[10:41:52] [Server thread/INFO] [minecraft/GameTestServer]: [_]
[10:41:52] [Server thread/INFO] [minecraft/GameTestServer]: [_]
[10:41:52] [Server thread/INFO] [minecraft/GameTestServer]: [_]
[10:41:52] [Server thread/INFO] [minecraft/GameTestServer]: [_]
[10:41:52] [Server thread/INFO] [minecraft/MinecraftServer]: Загрузка территории: 68%, изменено блоков: 0
[10:41:52] [Server thread/INFO] [minecraft/GameTestServer]: [_]
[10:41:52] [Server thread/INFO] [minecraft/GameTestServer]: [_]
[10:41:52] [Server thread/INFO] [minecraft/GameTestServer]: [_]
[10:41:52] [Server thread/INFO] [minecraft/GameTestServer]: [_]
[10:41:52] [Server thread/INFO] [minecraft/GameTestServer]: [_]
[10:41:52] [Server thread/INFO] [minecraft/MinecraftServer]: Загрузка территории: 83%, изменено блоков: 0
[10:41:52] [Server thread/INFO] [minecraft/GameTestServer]: [_]
[10:41:52] [Server thread/INFO] [minecraft/GameTestServer]: [_]
[10:41:53] [Server thread/INFO] [minecraft/GameTestServer]: [_]
[10:41:53] [Server thread/INFO] [minecraft/GameTestServer]: [_]
[10:41:53] [Server thread/INFO] [minecraft/GameTestServer]: [_]
[10:41:53] [Server thread/INFO] [minecraft/MinecraftServer]: Чанки загружены. Подготовка окончательного положения на Y=-32
[10:41:53] [Server thread/INFO] [minecraft/MinecraftServer]: Планирование грунта: 2%, изменено блоков: 0
[10:41:53] [Server thread/INFO] [minecraft/GameTestServer]: [_]
[10:41:53] [Server thread/INFO] [minecraft/GameTestServer]: [_]
[10:41:53] [Server thread/INFO] [minecraft/GameTestServer]: [_]
[10:41:53] [Server thread/INFO] [minecraft/GameTestServer]: [_]
[10:41:53] [Server thread/INFO] [minecraft/GameTestServer]: [_]
[10:41:53] [Server thread/INFO] [minecraft/MinecraftServer]: Планирование грунта: 31%, изменено блоков: 0
[10:41:53] [Server thread/INFO] [minecraft/GameTestServer]: [_]
[10:41:53] [Server thread/INFO] [minecraft/GameTestServer]: [_]
[10:41:53] [Server thread/INFO] [minecraft/GameTestServer]: [_]
[10:41:54] [Server thread/INFO] [minecraft/GameTestServer]: [_]
[10:41:54] [Server thread/INFO] [minecraft/GameTestServer]: [_]
[10:41:54] [Server thread/INFO] [minecraft/MinecraftServer]: Планирование грунта: 60%, изменено блоков: 0
[10:41:54] [Server thread/INFO] [minecraft/GameTestServer]: [_]
[10:41:54] [Server thread/INFO] [minecraft/GameTestServer]: [_]
[10:41:54] [Server thread/INFO] [minecraft/GameTestServer]: [_]
[10:41:54] [Server thread/INFO] [minecraft/GameTestServer]: [_]
[10:41:54] [Server thread/INFO] [minecraft/GameTestServer]: [_]
[10:41:54] [Server thread/INFO] [minecraft/MinecraftServer]: Планирование грунта: 90%, изменено блоков: 0
[10:41:54] [Server thread/INFO] [minecraft/GameTestServer]: [_]
[10:41:54] [Server thread/INFO] [minecraft/GameTestServer]: [_]
[10:41:54] [Server thread/INFO] [minecraft/MinecraftServer]: Проверяется другая площадка: 3 / 16
[10:41:55] [Server thread/INFO] [minecraft/GameTestServer]: [_]
[10:41:55] [Server thread/INFO] [minecraft/GameTestServer]: [_]
[10:41:55] [Server thread/INFO] [minecraft/GameTestServer]: [_]
[10:41:55] [Server thread/INFO] [minecraft/MinecraftServer]: Загрузка территории: 13%, изменено блоков: 0
[10:41:55] [Server thread/INFO] [minecraft/GameTestServer]: [_]
[10:41:55] [Server thread/INFO] [minecraft/GameTestServer]: [_]
[10:41:55] [Server thread/INFO] [minecraft/GameTestServer]: [_]
[10:41:55] [Server thread/INFO] [minecraft/GameTestServer]: [_]
[10:41:55] [Server thread/INFO] [minecraft/GameTestServer]: [_]
[10:41:55] [Server thread/INFO] [minecraft/MinecraftServer]: Загрузка территории: 33%, изменено блоков: 0
[10:41:55] [Server thread/INFO] [minecraft/GameTestServer]: [_]
[10:41:55] [Server thread/INFO] [minecraft/GameTestServer]: [_]
[10:41:55] [Server thread/INFO] [minecraft/GameTestServer]: [_]
[10:41:55] [Server thread/INFO] [minecraft/GameTestServer]: [_]
[10:41:55] [Server thread/INFO] [minecraft/GameTestServer]: [_]
[10:41:55] [Server thread/INFO] [minecraft/MinecraftServer]: Загрузка территории: 55%, изменено блоков: 0
[10:41:55] [Server thread/INFO] [minecraft/GameTestServer]: [_]
[10:41:56] [Server thread/INFO] [minecraft/GameTestServer]: [_]
[10:41:56] [Server thread/INFO] [minecraft/GameTestServer]: [_]
[10:41:56] [Server thread/INFO] [minecraft/GameTestServer]: [_]
[10:41:56] [Server thread/INFO] [minecraft/GameTestServer]: [_]
[10:41:56] [Server thread/INFO] [minecraft/MinecraftServer]: Загрузка территории: 77%, изменено блоков: 0
[10:41:56] [Server thread/INFO] [minecraft/GameTestServer]: [_]
[10:41:56] [Server thread/INFO] [minecraft/GameTestServer]: [_]
[10:41:56] [Server thread/INFO] [minecraft/GameTestServer]: [_]
[10:41:56] [Server thread/INFO] [minecraft/GameTestServer]: [_]
[10:41:56] [Server thread/INFO] [minecraft/GameTestServer]: [_]
[10:41:56] [Server thread/INFO] [minecraft/MinecraftServer]: Загрузка территории: 1%, изменено блоков: 0
[10:41:56] [Server thread/INFO] [minecraft/GameTestServer]: [_]
[10:41:56] [Server thread/INFO] [minecraft/GameTestServer]: [_]
[10:41:56] [Server thread/INFO] [minecraft/GameTestServer]: [_]
[10:41:56] [Server thread/INFO] [minecraft/GameTestServer]: [_]
[10:41:57] [Server thread/INFO] [minecraft/GameTestServer]: [_]
[10:41:57] [Server thread/INFO] [minecraft/MinecraftServer]: Загрузка территории: 22%, изменено блоков: 0
[10:41:57] [Server thread/INFO] [minecraft/GameTestServer]: [_]
[10:41:57] [Server thread/INFO] [minecraft/GameTestServer]: [_]
[10:41:57] [Server thread/INFO] [minecraft/GameTestServer]: [_]
[10:41:57] [Server thread/INFO] [minecraft/GameTestServer]: [_]
[10:41:57] [Server thread/INFO] [minecraft/GameTestServer]: [_]
[10:41:57] [Server thread/INFO] [minecraft/MinecraftServer]: Загрузка территории: 37%, изменено блоков: 0
[10:41:57] [Server thread/INFO] [minecraft/GameTestServer]: [_]
[10:41:57] [Server thread/INFO] [minecraft/GameTestServer]: [_]
[10:41:57] [Server thread/INFO] [minecraft/GameTestServer]: [_]
[10:41:57] [Server thread/INFO] [minecraft/GameTestServer]: [_]
[10:41:57] [Server thread/INFO] [minecraft/GameTestServer]: [_]
[10:41:57] [Server thread/INFO] [minecraft/MinecraftServer]: Загрузка территории: 53%, изменено блоков: 0
[10:41:57] [Server thread/INFO] [minecraft/GameTestServer]: [_]
[10:41:57] [Server thread/INFO] [minecraft/GameTestServer]: [_]
[10:41:57] [Server thread/INFO] [minecraft/GameTestServer]: [_]
[10:41:58] [Server thread/INFO] [minecraft/GameTestServer]: [_]
[10:41:58] [Server thread/INFO] [minecraft/GameTestServer]: [_]
[10:41:58] [Server thread/INFO] [minecraft/MinecraftServer]: Загрузка территории: 65%, изменено блоков: 0
[10:41:58] [Server thread/INFO] [minecraft/GameTestServer]: [_]
[10:41:58] [Server thread/INFO] [minecraft/GameTestServer]: [_]
[10:41:58] [Server thread/INFO] [minecraft/GameTestServer]: [_]
[10:41:58] [Server thread/INFO] [minecraft/GameTestServer]: [_]
[10:41:58] [Server thread/INFO] [minecraft/GameTestServer]: [_]
[10:41:58] [Server thread/INFO] [minecraft/MinecraftServer]: Загрузка территории: 75%, изменено блоков: 0
[10:41:58] [Server thread/INFO] [minecraft/GameTestServer]: [_]
[10:41:58] [Server thread/INFO] [minecraft/GameTestServer]: [_]
[10:41:58] [Server thread/INFO] [minecraft/GameTestServer]: [_]
[10:41:58] [Server thread/INFO] [minecraft/GameTestServer]: [_]
[10:41:58] [Server thread/INFO] [minecraft/GameTestServer]: [_]
[10:41:58] [Server thread/INFO] [minecraft/MinecraftServer]: Загрузка территории: 84%, изменено блоков: 0
[10:41:58] [Server thread/INFO] [minecraft/GameTestServer]: [_]
[10:41:58] [Server thread/INFO] [minecraft/GameTestServer]: [_]
[10:41:59] [Server thread/INFO] [minecraft/GameTestServer]: [_]
[10:41:59] [Server thread/INFO] [minecraft/GameTestServer]: [_]
[10:41:59] [Server thread/INFO] [minecraft/GameTestServer]: [_]
[10:41:59] [Server thread/INFO] [minecraft/MinecraftServer]: Загрузка территории: 93%, изменено блоков: 0
[10:41:59] [Server thread/INFO] [minecraft/GameTestServer]: [_]
[10:41:59] [Server thread/INFO] [minecraft/GameTestServer]: [_]
[10:41:59] [Server thread/INFO] [minecraft/GameTestServer]: [_]
[10:41:59] [Server thread/INFO] [minecraft/GameTestServer]: [_]
[10:41:59] [Server thread/INFO] [minecraft/MinecraftServer]: Чанки загружены. Подготовка окончательного положения на Y=-32
[10:41:59] [Server thread/INFO] [minecraft/GameTestServer]: [_]
[10:41:59] [Server thread/INFO] [minecraft/MinecraftServer]: Планирование грунта: 5%, изменено блоков: 0
[10:41:59] [Server thread/INFO] [minecraft/GameTestServer]: [_]
[10:41:59] [Server thread/INFO] [minecraft/GameTestServer]: [_]
[10:41:59] [Server thread/INFO] [minecraft/GameTestServer]: [_]
[10:41:59] [Server thread/INFO] [minecraft/GameTestServer]: [_]
[10:41:59] [Server thread/INFO] [minecraft/GameTestServer]: [_]
[10:42:00] [Server thread/INFO] [minecraft/MinecraftServer]: Планирование грунта: 34%, изменено блоков: 0
[10:42:00] [Server thread/INFO] [minecraft/GameTestServer]: [_]
[10:42:00] [Server thread/INFO] [minecraft/GameTestServer]: [_]
[10:42:00] [Server thread/INFO] [minecraft/GameTestServer]: [_]
[10:42:00] [Server thread/INFO] [minecraft/GameTestServer]: [_]
[10:42:00] [Server thread/INFO] [minecraft/GameTestServer]: [_]
[10:42:00] [Server thread/INFO] [minecraft/MinecraftServer]: Планирование грунта: 64%, изменено блоков: 0
[10:42:00] [Server thread/INFO] [minecraft/GameTestServer]: [_]
[10:42:00] [Server thread/INFO] [minecraft/GameTestServer]: [_]
[10:42:00] [Server thread/INFO] [minecraft/GameTestServer]: [_]
[10:42:00] [Server thread/INFO] [minecraft/GameTestServer]: [_]
[10:42:00] [Server thread/INFO] [minecraft/GameTestServer]: [_]
[10:42:00] [Server thread/INFO] [minecraft/MinecraftServer]: Планирование грунта: 93%, изменено блоков: 0
[10:42:00] [Server thread/INFO] [minecraft/GameTestServer]: [_]
[10:42:00] [Server thread/INFO] [minecraft/GameTestServer]: [_]
[10:42:00] [Server thread/INFO] [minecraft/MinecraftServer]: Проверяется другая площадка: 4 / 16
[10:42:01] [Server thread/INFO] [minecraft/GameTestServer]: [_]
[10:42:01] [Server thread/INFO] [minecraft/GameTestServer]: [_]
[10:42:01] [Server thread/INFO] [minecraft/GameTestServer]: [_]
[10:42:01] [Server thread/INFO] [minecraft/MinecraftServer]: Загрузка территории: 15%, изменено блоков: 0
[10:42:01] [Server thread/INFO] [minecraft/GameTestServer]: [_]
[10:42:01] [Server thread/INFO] [minecraft/GameTestServer]: [_]
[10:42:01] [Server thread/INFO] [minecraft/GameTestServer]: [_]
[10:42:01] [Server thread/INFO] [minecraft/GameTestServer]: [_]
[10:42:01] [Server thread/INFO] [minecraft/GameTestServer]: [_]
[10:42:01] [Server thread/INFO] [minecraft/MinecraftServer]: Загрузка территории: 37%, изменено блоков: 0
[10:42:01] [Server thread/INFO] [minecraft/GameTestServer]: [_]
[10:42:01] [Server thread/INFO] [minecraft/GameTestServer]: [_]
[10:42:01] [Server thread/INFO] [minecraft/GameTestServer]: [_]
[10:42:02] [Server thread/INFO] [minecraft/GameTestServer]: [_]
[10:42:02] [Server thread/INFO] [minecraft/GameTestServer]: [_]
[10:42:02] [Server thread/INFO] [minecraft/MinecraftServer]: Загрузка территории: 62%, изменено блоков: 0
[10:42:02] [Server thread/INFO] [minecraft/GameTestServer]: [_]
[10:42:02] [Server thread/INFO] [minecraft/GameTestServer]: [_]
[10:42:02] [Server thread/INFO] [minecraft/GameTestServer]: [_]
[10:42:02] [Server thread/INFO] [minecraft/GameTestServer]: [_]
[10:42:02] [Server thread/INFO] [minecraft/GameTestServer]: [_]
[10:42:02] [Server thread/INFO] [minecraft/MinecraftServer]: Загрузка территории: 86%, изменено блоков: 0
[10:42:02] [Server thread/INFO] [minecraft/GameTestServer]: [_]
[10:42:02] [Server thread/INFO] [minecraft/GameTestServer]: [_]
[10:42:02] [Server thread/INFO] [minecraft/GameTestServer]: [_]
[10:42:02] [Server thread/INFO] [minecraft/GameTestServer]: [_]
[10:42:02] [Server thread/INFO] [minecraft/GameTestServer]: [_]
[10:42:02] [Server thread/INFO] [minecraft/MinecraftServer]: Загрузка территории: 11%, изменено блоков: 0
[10:42:02] [Server thread/INFO] [minecraft/GameTestServer]: [_]
[10:42:02] [Server thread/INFO] [minecraft/GameTestServer]: [_]
[10:42:03] [Server thread/INFO] [minecraft/GameTestServer]: [_]
[10:42:03] [Server thread/INFO] [minecraft/GameTestServer]: [_]
[10:42:03] [Server thread/INFO] [minecraft/GameTestServer]: [_]
[10:42:03] [Server thread/INFO] [minecraft/MinecraftServer]: Загрузка территории: 29%, изменено блоков: 0
[10:42:03] [Server thread/INFO] [minecraft/GameTestServer]: [_]
[10:42:03] [Server thread/INFO] [minecraft/GameTestServer]: [_]
[10:42:03] [Server thread/INFO] [minecraft/GameTestServer]: [_]
[10:42:03] [Server thread/INFO] [minecraft/GameTestServer]: [_]
[10:42:03] [Server thread/INFO] [minecraft/GameTestServer]: [_]
[10:42:03] [Server thread/INFO] [minecraft/MinecraftServer]: Загрузка территории: 41%, изменено блоков: 0
[10:42:03] [Server thread/INFO] [minecraft/GameTestServer]: [_]
[10:42:03] [Server thread/INFO] [minecraft/GameTestServer]: [_]
[10:42:03] [Server thread/INFO] [minecraft/GameTestServer]: [_]
[10:42:03] [Server thread/INFO] [minecraft/GameTestServer]: [_]
[10:42:03] [Server thread/INFO] [minecraft/GameTestServer]: [_]
[10:42:03] [Server thread/INFO] [minecraft/MinecraftServer]: Загрузка территории: 56%, изменено блоков: 0
[10:42:03] [Server thread/INFO] [minecraft/GameTestServer]: [_]
[10:42:04] [Server thread/INFO] [minecraft/GameTestServer]: [_]
[10:42:04] [Server thread/INFO] [minecraft/GameTestServer]: [_]
[10:42:04] [Server thread/INFO] [minecraft/GameTestServer]: [_]
[10:42:04] [Server thread/INFO] [minecraft/GameTestServer]: [_]
[10:42:04] [Server thread/INFO] [minecraft/MinecraftServer]: Загрузка территории: 68%, изменено блоков: 0
[10:42:04] [Server thread/INFO] [minecraft/GameTestServer]: [_]
[10:42:04] [Server thread/INFO] [minecraft/GameTestServer]: [_]
[10:42:04] [Server thread/INFO] [minecraft/GameTestServer]: [_]
[10:42:04] [Server thread/INFO] [minecraft/GameTestServer]: [_]
[10:42:04] [Server thread/INFO] [minecraft/GameTestServer]: [_]
[10:42:04] [Server thread/INFO] [minecraft/MinecraftServer]: Загрузка территории: 78%, изменено блоков: 0
[10:42:04] [Server thread/INFO] [minecraft/GameTestServer]: [_]
[10:42:04] [Server thread/INFO] [minecraft/GameTestServer]: [_]
[10:42:04] [Server thread/INFO] [minecraft/GameTestServer]: [_]
[10:42:04] [Server thread/INFO] [minecraft/GameTestServer]: [_]
[10:42:04] [Server thread/INFO] [minecraft/GameTestServer]: [_]
[10:42:04] [Server thread/INFO] [minecraft/MinecraftServer]: Загрузка территории: 87%, изменено блоков: 0
[10:42:05] [Server thread/INFO] [minecraft/GameTestServer]: [_]
[10:42:05] [Server thread/INFO] [minecraft/GameTestServer]: [_]
[10:42:05] [Server thread/INFO] [minecraft/GameTestServer]: [_]
[10:42:05] [Server thread/INFO] [minecraft/GameTestServer]: [_]
[10:42:05] [Server thread/INFO] [minecraft/GameTestServer]: [_]
[10:42:05] [Server thread/INFO] [minecraft/MinecraftServer]: Загрузка территории: 95%, изменено блоков: 0
[10:42:05] [Server thread/INFO] [minecraft/GameTestServer]: [_]
[10:42:05] [Server thread/INFO] [minecraft/GameTestServer]: [_]
[10:42:05] [Server thread/INFO] [minecraft/GameTestServer]: [_]
[10:42:05] [Server thread/INFO] [minecraft/MinecraftServer]: Чанки загружены. Подготовка окончательного положения на Y=-32
[10:42:05] [Server thread/INFO] [minecraft/GameTestServer]: [_]
[10:42:05] [Server thread/INFO] [minecraft/GameTestServer]: [_]
[10:42:05] [Server thread/INFO] [minecraft/MinecraftServer]: Планирование грунта: 15%, изменено блоков: 0
[10:42:05] [Server thread/INFO] [minecraft/GameTestServer]: [_]
[10:42:05] [Server thread/INFO] [minecraft/GameTestServer]: [_]
[10:42:05] [Server thread/INFO] [minecraft/GameTestServer]: [_]
[10:42:06] [Server thread/INFO] [minecraft/GameTestServer]: [_]
[10:42:06] [Server thread/INFO] [minecraft/GameTestServer]: [_]
[10:42:06] [Server thread/INFO] [minecraft/MinecraftServer]: Планирование грунта: 44%, изменено блоков: 0
[10:42:06] [Server thread/INFO] [minecraft/GameTestServer]: [_]
[10:42:06] [Server thread/INFO] [minecraft/GameTestServer]: [_]
[10:42:06] [Server thread/INFO] [minecraft/GameTestServer]: [_]
[10:42:06] [Server thread/INFO] [minecraft/GameTestServer]: [_]
[10:42:06] [Server thread/INFO] [minecraft/GameTestServer]: [_]
[10:42:06] [Server thread/INFO] [minecraft/MinecraftServer]: Планирование грунта: 74%, изменено блоков: 0
[10:42:06] [Server thread/INFO] [minecraft/GameTestServer]: [_]
[10:42:06] [Server thread/INFO] [minecraft/GameTestServer]: [_]
[10:42:06] [Server thread/INFO] [minecraft/GameTestServer]: [_]
[10:42:06] [Server thread/INFO] [minecraft/GameTestServer]: [_]
[10:42:06] [Server thread/INFO] [minecraft/GameTestServer]: [_]
[10:42:06] [Server thread/INFO] [minecraft/MinecraftServer]: Проверяется другая площадка: 5 / 16
[10:42:07] [Server thread/INFO] [minecraft/MinecraftServer]: Загрузка территории: 2%, изменено блоков: 0
[10:42:07] [Server thread/INFO] [minecraft/GameTestServer]: [_]
[10:42:07] [Server thread/INFO] [minecraft/GameTestServer]: [_]
[10:42:07] [Server thread/INFO] [minecraft/GameTestServer]: [_]
[10:42:07] [Server thread/INFO] [minecraft/GameTestServer]: [_]
[10:42:07] [Server thread/INFO] [minecraft/GameTestServer]: [_]
[10:42:07] [Server thread/INFO] [minecraft/MinecraftServer]: Загрузка территории: 22%, изменено блоков: 0
[10:42:07] [Server thread/INFO] [minecraft/GameTestServer]: [_]
[10:42:07] [Server thread/INFO] [minecraft/GameTestServer]: [_]
[10:42:07] [Server thread/INFO] [minecraft/GameTestServer]: [_]
[10:42:07] [Server thread/INFO] [minecraft/GameTestServer]: [_]
[10:42:07] [Server thread/INFO] [minecraft/GameTestServer]: [_]
[10:42:07] [Server thread/INFO] [minecraft/MinecraftServer]: Загрузка территории: 43%, изменено блоков: 0
[10:42:07] [Server thread/INFO] [minecraft/GameTestServer]: [_]
[10:42:07] [Server thread/INFO] [minecraft/GameTestServer]: [_]
[10:42:07] [Server thread/INFO] [minecraft/GameTestServer]: [_]
[10:42:07] [Server thread/INFO] [minecraft/GameTestServer]: [_]
[10:42:08] [Server thread/INFO] [minecraft/GameTestServer]: [_]
[10:42:08] [Server thread/INFO] [minecraft/MinecraftServer]: Загрузка территории: 65%, изменено блоков: 0
[10:42:08] [Server thread/INFO] [minecraft/GameTestServer]: [_]
[10:42:08] [Server thread/INFO] [minecraft/GameTestServer]: [_]
[10:42:08] [Server thread/INFO] [minecraft/GameTestServer]: [_]
[10:42:08] [Server thread/INFO] [minecraft/GameTestServer]: [_]
[10:42:08] [Server thread/INFO] [minecraft/GameTestServer]: [_]
[10:42:08] [Server thread/INFO] [minecraft/MinecraftServer]: Загрузка территории: 86%, изменено блоков: 0
[10:42:08] [Server thread/INFO] [minecraft/GameTestServer]: [_]
[10:42:08] [Server thread/INFO] [minecraft/GameTestServer]: [_]
[10:42:08] [Server thread/INFO] [minecraft/GameTestServer]: [_]
[10:42:08] [Server thread/INFO] [minecraft/GameTestServer]: [_]
[10:42:08] [Server thread/INFO] [minecraft/GameTestServer]: [_]
[10:42:08] [Server thread/INFO] [minecraft/MinecraftServer]: Загрузка территории: 10%, изменено блоков: 0
[10:42:08] [Server thread/INFO] [minecraft/GameTestServer]: [_]
[10:42:08] [Server thread/INFO] [minecraft/GameTestServer]: [_]
[10:42:09] [Server thread/INFO] [minecraft/GameTestServer]: [_]
[10:42:09] [Server thread/INFO] [minecraft/GameTestServer]: [_]
[10:42:09] [Server thread/INFO] [minecraft/GameTestServer]: [_]
[10:42:09] [Server thread/INFO] [minecraft/MinecraftServer]: Загрузка территории: 27%, изменено блоков: 0
[10:42:09] [Server thread/INFO] [minecraft/GameTestServer]: [_]
[10:42:09] [Server thread/INFO] [minecraft/GameTestServer]: [_]
[10:42:09] [Server thread/INFO] [minecraft/GameTestServer]: [_]
[10:42:09] [Server thread/INFO] [minecraft/GameTestServer]: [_]
[10:42:09] [Server thread/INFO] [minecraft/GameTestServer]: [_]
[10:42:09] [Server thread/INFO] [minecraft/MinecraftServer]: Загрузка территории: 43%, изменено блоков: 0
[10:42:09] [Server thread/INFO] [minecraft/GameTestServer]: [_]
[10:42:09] [Server thread/INFO] [minecraft/GameTestServer]: [_]
[10:42:09] [Server thread/INFO] [minecraft/GameTestServer]: [_]
[10:42:09] [Server thread/INFO] [minecraft/GameTestServer]: [_]
[10:42:09] [Server thread/INFO] [minecraft/GameTestServer]: [_]
[10:42:09] [Server thread/INFO] [minecraft/MinecraftServer]: Загрузка территории: 59%, изменено блоков: 0
[10:42:09] [Server thread/INFO] [minecraft/GameTestServer]: [_]
[10:42:10] [Server thread/INFO] [minecraft/GameTestServer]: [_]
[10:42:10] [Server thread/INFO] [minecraft/GameTestServer]: [_]
[10:42:10] [Server thread/INFO] [minecraft/GameTestServer]: [_]
[10:42:10] [Server thread/INFO] [minecraft/GameTestServer]: [_]
[10:42:10] [Server thread/INFO] [minecraft/MinecraftServer]: Загрузка территории: 70%, изменено блоков: 0
[10:42:10] [Server thread/INFO] [minecraft/GameTestServer]: [_]
[10:42:10] [Server thread/INFO] [minecraft/GameTestServer]: [_]
[10:42:10] [Server thread/INFO] [minecraft/GameTestServer]: [_]
[10:42:10] [Server thread/INFO] [minecraft/GameTestServer]: [_]
[10:42:10] [Server thread/INFO] [minecraft/GameTestServer]: [_]
[10:42:10] [Server thread/INFO] [minecraft/MinecraftServer]: Загрузка территории: 79%, изменено блоков: 0
[10:42:10] [Server thread/INFO] [minecraft/GameTestServer]: [_]
[10:42:10] [Server thread/INFO] [minecraft/GameTestServer]: [_]
[10:42:10] [Server thread/INFO] [minecraft/GameTestServer]: [_]
[10:42:10] [Server thread/INFO] [minecraft/GameTestServer]: [_]
[10:42:10] [Server thread/INFO] [minecraft/GameTestServer]: [_]
[10:42:10] [Server thread/INFO] [minecraft/MinecraftServer]: Загрузка территории: 88%, изменено блоков: 0
[10:42:11] [Server thread/INFO] [minecraft/GameTestServer]: [_]
[10:42:11] [Server thread/INFO] [minecraft/GameTestServer]: [_]
[10:42:11] [Server thread/INFO] [minecraft/GameTestServer]: [_]
[10:42:11] [Server thread/INFO] [minecraft/GameTestServer]: [_]
[10:42:11] [Server thread/INFO] [minecraft/GameTestServer]: [_]
[10:42:11] [Server thread/INFO] [minecraft/MinecraftServer]: Загрузка территории: 95%, изменено блоков: 0
[10:42:11] [Server thread/INFO] [minecraft/GameTestServer]: [_]
[10:42:11] [Server thread/INFO] [minecraft/GameTestServer]: [_]
[10:42:11] [Server thread/INFO] [minecraft/GameTestServer]: [_]
[10:42:11] [Server thread/INFO] [minecraft/MinecraftServer]: Чанки загружены. Подготовка окончательного положения на Y=-32
[10:42:11] [Server thread/INFO] [minecraft/GameTestServer]: [_]
[10:42:11] [Server thread/INFO] [minecraft/GameTestServer]: [_]
[10:42:11] [Server thread/INFO] [minecraft/MinecraftServer]: Планирование грунта: 13%, изменено блоков: 0
[10:42:11] [Server thread/INFO] [minecraft/GameTestServer]: [_]
[10:42:11] [Server thread/INFO] [minecraft/GameTestServer]: [_]
[10:42:11] [Server thread/INFO] [minecraft/GameTestServer]: [_]
[10:42:11] [Server thread/INFO] [minecraft/GameTestServer]: [_]
[10:42:12] [Server thread/INFO] [minecraft/GameTestServer]: [_]
[10:42:12] [Server thread/INFO] [minecraft/MinecraftServer]: Планирование грунта: 42%, изменено блоков: 0
[10:42:12] [Server thread/INFO] [minecraft/GameTestServer]: [_]
[10:42:12] [Server thread/INFO] [minecraft/GameTestServer]: [_]
[10:42:12] [Server thread/INFO] [minecraft/GameTestServer]: [_]
[10:42:12] [Server thread/INFO] [minecraft/GameTestServer]: [_]
[10:42:12] [Server thread/INFO] [minecraft/GameTestServer]: [_]
[10:42:12] [Server thread/INFO] [minecraft/MinecraftServer]: Планирование грунта: 72%, изменено блоков: 0
[10:42:12] [Server thread/INFO] [minecraft/GameTestServer]: [_]
[10:42:12] [Server thread/INFO] [minecraft/GameTestServer]: [_]
[10:42:12] [Server thread/INFO] [minecraft/GameTestServer]: [_]
[10:42:12] [Server thread/INFO] [minecraft/GameTestServer]: [_]
[10:42:12] [Server thread/INFO] [minecraft/GameTestServer]: [_]
[10:42:13] [Server thread/INFO] [minecraft/MinecraftServer]: Проверка конечного места: 9%, изменено блоков: 0
[10:42:13] [Server thread/INFO] [minecraft/GameTestServer]: [_]
[10:42:13] [Server thread/INFO] [minecraft/GameTestServer]: [_]
[10:42:13] [Server thread/INFO] [minecraft/GameTestServer]: [_]
[10:42:13] [Server thread/INFO] [minecraft/GameTestServer]: [_]
[10:42:13] [Server thread/INFO] [minecraft/GameTestServer]: [_]
[10:42:13] [Server thread/INFO] [minecraft/MinecraftServer]: Проверка конечного места: 22%, изменено блоков: 0
[10:42:13] [Server thread/INFO] [minecraft/GameTestServer]: [_]
[10:42:13] [Server thread/INFO] [minecraft/GameTestServer]: [_]
[10:42:13] [Server thread/INFO] [minecraft/GameTestServer]: [_]
[10:42:14] [Server thread/INFO] [minecraft/GameTestServer]: [_]
[10:42:14] [Server thread/INFO] [minecraft/GameTestServer]: [_]
[10:42:14] [Server thread/INFO] [minecraft/MinecraftServer]: Проверка конечного места: 24%, изменено блоков: 0
[10:42:14] [Server thread/INFO] [minecraft/GameTestServer]: [_]
[10:42:14] [Server thread/INFO] [minecraft/GameTestServer]: [_]
[10:42:14] [Server thread/INFO] [minecraft/GameTestServer]: [_]
[10:42:14] [Server thread/INFO] [minecraft/GameTestServer]: [_]
[10:42:14] [Server thread/INFO] [minecraft/GameTestServer]: [_]
[10:42:15] [Server thread/INFO] [minecraft/MinecraftServer]: Проверка конечного места: 27%, изменено блоков: 0
[10:42:15] [Server thread/INFO] [minecraft/GameTestServer]: [_]
[10:42:15] [Server thread/INFO] [minecraft/GameTestServer]: [_]
[10:42:15] [Server thread/INFO] [minecraft/GameTestServer]: [_]
[10:42:15] [Server thread/INFO] [minecraft/GameTestServer]: [_]
[10:42:15] [Server thread/INFO] [minecraft/GameTestServer]: [_]
[10:42:15] [Server thread/INFO] [minecraft/MinecraftServer]: Проверка конечного места: 29%, изменено блоков: 0
[10:42:15] [Server thread/INFO] [minecraft/GameTestServer]: [_]
[10:42:15] [Server thread/INFO] [minecraft/GameTestServer]: [_]
[10:42:15] [Server thread/INFO] [minecraft/GameTestServer]: [_]
[10:42:16] [Server thread/INFO] [minecraft/GameTestServer]: [_]
[10:42:16] [Server thread/INFO] [minecraft/GameTestServer]: [_]
[10:42:16] [Server thread/INFO] [minecraft/MinecraftServer]: Проверка конечного места: 31%, изменено блоков: 0
[10:42:16] [Server thread/INFO] [minecraft/GameTestServer]: [_]
[10:42:16] [Server thread/INFO] [minecraft/GameTestServer]: [_]
[10:42:16] [Server thread/INFO] [minecraft/GameTestServer]: [_]
[10:42:16] [Server thread/INFO] [minecraft/GameTestServer]: [_]
[10:42:16] [Server thread/INFO] [minecraft/GameTestServer]: [_]
[10:42:17] [Server thread/INFO] [minecraft/MinecraftServer]: Проверка конечного места: 33%, изменено блоков: 0
[10:42:17] [Server thread/INFO] [minecraft/GameTestServer]: [_]
[10:42:17] [Server thread/INFO] [minecraft/GameTestServer]: [_]
[10:42:17] [Server thread/INFO] [minecraft/GameTestServer]: [_]
[10:42:17] [Server thread/INFO] [minecraft/GameTestServer]: [_]
[10:42:17] [Server thread/INFO] [minecraft/GameTestServer]: [_]
[10:42:17] [Server thread/INFO] [minecraft/MinecraftServer]: Проверка конечного места: 36%, изменено блоков: 0
[10:42:17] [Server thread/INFO] [minecraft/GameTestServer]: [_]
[10:42:17] [Server thread/INFO] [minecraft/GameTestServer]: [_]
[10:42:17] [Server thread/INFO] [minecraft/GameTestServer]: [_]
[10:42:18] [Server thread/INFO] [minecraft/GameTestServer]: [_]
[10:42:18] [Server thread/INFO] [minecraft/GameTestServer]: [_]
[10:42:18] [Server thread/INFO] [minecraft/MinecraftServer]: Проверка конечного места: 38%, изменено блоков: 0
[10:42:18] [Server thread/INFO] [minecraft/GameTestServer]: [_]
[10:42:18] [Server thread/INFO] [minecraft/GameTestServer]: [_]
[10:42:18] [Server thread/INFO] [minecraft/GameTestServer]: [_]
[10:42:18] [Server thread/INFO] [minecraft/GameTestServer]: [_]
[10:42:18] [Server thread/INFO] [minecraft/GameTestServer]: [_]
[10:42:19] [Server thread/INFO] [minecraft/MinecraftServer]: Проверка конечного места: 40%, изменено блоков: 0
[10:42:19] [Server thread/INFO] [minecraft/GameTestServer]: [_]
[10:42:19] [Server thread/INFO] [minecraft/GameTestServer]: [_]
[10:42:19] [Server thread/INFO] [minecraft/GameTestServer]: [_]
[10:42:19] [Server thread/INFO] [minecraft/GameTestServer]: [_]
[10:42:19] [Server thread/INFO] [minecraft/GameTestServer]: [_]
[10:42:19] [Server thread/INFO] [minecraft/MinecraftServer]: Проверка конечного места: 43%, изменено блоков: 0
[10:42:19] [Server thread/INFO] [minecraft/GameTestServer]: [_]
[10:42:19] [Server thread/INFO] [minecraft/GameTestServer]: [_]
[10:42:19] [Server thread/INFO] [minecraft/GameTestServer]: [_]
[10:42:20] [Server thread/INFO] [minecraft/GameTestServer]: [_]
[10:42:20] [Server thread/INFO] [minecraft/GameTestServer]: [_]
[10:42:20] [Server thread/INFO] [minecraft/MinecraftServer]: Проверка конечного места: 45%, изменено блоков: 0
[10:42:20] [Server thread/INFO] [minecraft/GameTestServer]: [_]
[10:42:20] [Server thread/INFO] [minecraft/GameTestServer]: [_]
[10:42:20] [Server thread/INFO] [minecraft/GameTestServer]: [_]
[10:42:20] [Server thread/INFO] [minecraft/GameTestServer]: [_]
[10:42:20] [Server thread/INFO] [minecraft/GameTestServer]: [_]
[10:42:21] [Server thread/INFO] [minecraft/MinecraftServer]: Проверка конечного места: 47%, изменено блоков: 0
[10:42:21] [Server thread/INFO] [minecraft/GameTestServer]: [_]
[10:42:21] [Server thread/INFO] [minecraft/GameTestServer]: [_]
[10:42:21] [Server thread/INFO] [minecraft/GameTestServer]: [_]
[10:42:21] [Server thread/INFO] [minecraft/GameTestServer]: [_]
[10:42:21] [Server thread/INFO] [minecraft/GameTestServer]: [_]
[10:42:21] [Server thread/INFO] [minecraft/MinecraftServer]: Проверка конечного места: 50%, изменено блоков: 0
[10:42:21] [Server thread/INFO] [minecraft/GameTestServer]: [_]
[10:42:21] [Server thread/INFO] [minecraft/GameTestServer]: [_]
[10:42:21] [Server thread/INFO] [minecraft/GameTestServer]: [_]
[10:42:22] [Server thread/INFO] [minecraft/GameTestServer]: [_]
[10:42:22] [Server thread/INFO] [minecraft/GameTestServer]: [_]
[10:42:22] [Server thread/INFO] [minecraft/MinecraftServer]: Проверка конечного места: 52%, изменено блоков: 0
[10:42:22] [Server thread/INFO] [minecraft/GameTestServer]: [_]
[10:42:22] [Server thread/INFO] [minecraft/GameTestServer]: [_]
[10:42:22] [Server thread/INFO] [minecraft/GameTestServer]: [_]
[10:42:22] [Server thread/INFO] [minecraft/GameTestServer]: [_]
[10:42:22] [Server thread/INFO] [minecraft/GameTestServer]: [_]
[10:42:23] [Server thread/INFO] [minecraft/MinecraftServer]: Проверка конечного места: 54%, изменено блоков: 0
[10:42:23] [Server thread/INFO] [minecraft/GameTestServer]: [_]
[10:42:23] [Server thread/INFO] [minecraft/GameTestServer]: [_]
[10:42:23] [Server thread/INFO] [minecraft/GameTestServer]: [_]
[10:42:23] [Server thread/INFO] [minecraft/GameTestServer]: [_]
[10:42:23] [Server thread/INFO] [minecraft/GameTestServer]: [_]
[10:42:23] [Server thread/INFO] [minecraft/MinecraftServer]: Проверка конечного места: 57%, изменено блоков: 0
[10:42:23] [Server thread/INFO] [minecraft/GameTestServer]: [_]
[10:42:23] [Server thread/INFO] [minecraft/GameTestServer]: [_]
[10:42:23] [Server thread/INFO] [minecraft/GameTestServer]: [_]
[10:42:24] [Server thread/INFO] [minecraft/GameTestServer]: [_]
[10:42:24] [Server thread/INFO] [minecraft/GameTestServer]: [_]
[10:42:24] [Server thread/INFO] [minecraft/MinecraftServer]: Проверка конечного места: 59%, изменено блоков: 0
[10:42:24] [Server thread/INFO] [minecraft/GameTestServer]: [_]
[10:42:24] [Server thread/INFO] [minecraft/GameTestServer]: [_]
[10:42:24] [Server thread/INFO] [minecraft/GameTestServer]: [_]
[10:42:24] [Server thread/INFO] [minecraft/GameTestServer]: [_]
[10:42:24] [Server thread/INFO] [minecraft/GameTestServer]: [_]
[10:42:25] [Server thread/INFO] [minecraft/MinecraftServer]: Проверка конечного места: 61%, изменено блоков: 0
[10:42:25] [Server thread/INFO] [minecraft/GameTestServer]: [_]
[10:42:25] [Server thread/INFO] [minecraft/GameTestServer]: [_]
[10:42:25] [Server thread/INFO] [minecraft/GameTestServer]: [_]
[10:42:25] [Server thread/INFO] [minecraft/GameTestServer]: [_]
[10:42:25] [Server thread/INFO] [minecraft/GameTestServer]: [_]
[10:42:25] [Server thread/INFO] [minecraft/MinecraftServer]: Проверка конечного места: 63%, изменено блоков: 0
[10:42:25] [Server thread/INFO] [minecraft/GameTestServer]: [_]
[10:42:25] [Server thread/INFO] [minecraft/GameTestServer]: [_]
[10:42:26] [Server thread/INFO] [minecraft/GameTestServer]: [_]
[10:42:26] [Server thread/INFO] [minecraft/GameTestServer]: [_]
[10:42:26] [Server thread/INFO] [minecraft/GameTestServer]: [_]
[10:42:26] [Server thread/INFO] [minecraft/MinecraftServer]: Проверка конечного места: 66%, изменено блоков: 0
[10:42:26] [Server thread/INFO] [minecraft/GameTestServer]: [_]
[10:42:26] [Server thread/INFO] [minecraft/GameTestServer]: [_]
[10:42:26] [Server thread/INFO] [minecraft/GameTestServer]: [_]
[10:42:26] [Server thread/INFO] [minecraft/GameTestServer]: [_]
[10:42:26] [Server thread/INFO] [minecraft/GameTestServer]: [_]
[10:42:27] [Server thread/INFO] [minecraft/MinecraftServer]: Проверка конечного места: 68%, изменено блоков: 0
[10:42:27] [Server thread/INFO] [minecraft/GameTestServer]: [_]
[10:42:27] [Server thread/INFO] [minecraft/GameTestServer]: [_]
[10:42:27] [Server thread/INFO] [minecraft/GameTestServer]: [_]
[10:42:27] [Server thread/INFO] [minecraft/GameTestServer]: [_]
[10:42:27] [Server thread/INFO] [minecraft/GameTestServer]: [_]
[10:42:27] [Server thread/INFO] [minecraft/MinecraftServer]: Проверка конечного места: 70%, изменено блоков: 0
[10:42:27] [Server thread/INFO] [minecraft/GameTestServer]: [_]
[10:42:27] [Server thread/INFO] [minecraft/GameTestServer]: [_]
[10:42:28] [Server thread/INFO] [minecraft/GameTestServer]: [_]
[10:42:28] [Server thread/INFO] [minecraft/GameTestServer]: [_]
[10:42:28] [Server thread/INFO] [minecraft/GameTestServer]: [_]
[10:42:28] [Server thread/INFO] [minecraft/MinecraftServer]: Проверка конечного места: 72%, изменено блоков: 0
[10:42:28] [Server thread/INFO] [minecraft/GameTestServer]: [_]
[10:42:28] [Server thread/INFO] [minecraft/GameTestServer]: [_]
[10:42:28] [Server thread/INFO] [minecraft/GameTestServer]: [_]
[10:42:28] [Server thread/INFO] [minecraft/GameTestServer]: [_]
[10:42:28] [Server thread/INFO] [minecraft/GameTestServer]: [_]
[10:42:29] [Server thread/INFO] [minecraft/MinecraftServer]: Проверка конечного места: 75%, изменено блоков: 0
[10:42:29] [Server thread/INFO] [minecraft/GameTestServer]: [_]
[10:42:29] [Server thread/INFO] [minecraft/GameTestServer]: [_]
[10:42:29] [Server thread/INFO] [minecraft/GameTestServer]: [_]
[10:42:29] [Server thread/INFO] [minecraft/GameTestServer]: [_]
[10:42:29] [Server thread/INFO] [minecraft/GameTestServer]: [_]
[10:42:29] [Server thread/INFO] [minecraft/MinecraftServer]: Проверка конечного места: 77%, изменено блоков: 0
[10:42:29] [Server thread/INFO] [minecraft/GameTestServer]: [_]
[10:42:29] [Server thread/INFO] [minecraft/GameTestServer]: [_]
[10:42:30] [Server thread/INFO] [minecraft/GameTestServer]: [_]
[10:42:30] [Server thread/INFO] [minecraft/GameTestServer]: [_]
[10:42:30] [Server thread/INFO] [minecraft/GameTestServer]: [_]
[10:42:30] [Server thread/INFO] [minecraft/MinecraftServer]: Проверка конечного места: 86%, изменено блоков: 0
[10:42:30] [Server thread/INFO] [minecraft/GameTestServer]: [_]
[10:42:30] [Server thread/INFO] [minecraft/GameTestServer]: [_]
[10:42:30] [Server thread/INFO] [minecraft/GameTestServer]: [_]
[10:42:30] [Server thread/INFO] [minecraft/GameTestServer]: [_]
[10:42:30] [Server thread/INFO] [minecraft/GameTestServer]: [_]
[10:42:31] [Server thread/INFO] [minecraft/MinecraftServer]: Подготовка грунта: 25%, изменено блоков: 152314
[10:42:31] [Server thread/INFO] [minecraft/GameTestServer]: [_]
[10:42:31] [Server thread/INFO] [minecraft/GameTestServer]: [_]
[10:42:31] [Server thread/INFO] [minecraft/GameTestServer]: [_]
[10:42:31] [Server thread/INFO] [minecraft/GameTestServer]: [_]
[10:42:31] [Server thread/INFO] [minecraft/GameTestServer]: [_]
[10:42:31] [Server thread/INFO] [minecraft/MinecraftServer]: Подготовка грунта: 41%, изменено блоков: 331481
[10:42:31] [Server thread/INFO] [minecraft/GameTestServer]: [_]
[10:42:31] [Server thread/INFO] [minecraft/GameTestServer]: [_]
[10:42:31] [Server thread/INFO] [minecraft/GameTestServer]: [_]
[10:42:32] [Server thread/INFO] [minecraft/GameTestServer]: [_]
[10:42:32] [Server thread/INFO] [minecraft/GameTestServer]: [_]
[10:42:32] [Server thread/INFO] [minecraft/MinecraftServer]: Подготовка грунта: 56%, изменено блоков: 498823
[10:42:32] [Server thread/INFO] [minecraft/GameTestServer]: [_]
[10:42:32] [Server thread/INFO] [minecraft/GameTestServer]: [_]
[10:42:32] [Server thread/INFO] [minecraft/GameTestServer]: [_]
[10:42:32] [Server thread/INFO] [minecraft/GameTestServer]: [_]
[10:42:32] [Server thread/INFO] [minecraft/GameTestServer]: [_]
[10:42:32] [Server thread/INFO] [minecraft/MinecraftServer]: Подготовка грунта: 71%, изменено блоков: 670207
[10:42:32] [Server thread/INFO] [minecraft/GameTestServer]: [_]
[10:42:33] [Server thread/INFO] [minecraft/GameTestServer]: [_]
[10:42:33] [Server thread/INFO] [minecraft/GameTestServer]: [_]
[10:42:33] [Server thread/INFO] [minecraft/GameTestServer]: [_]
[10:42:33] [Server thread/INFO] [minecraft/GameTestServer]: [_]
[10:42:33] [Server thread/INFO] [minecraft/MinecraftServer]: Подготовка грунта: 90%, изменено блоков: 842747
[10:42:33] [Server thread/INFO] [minecraft/GameTestServer]: [_]
[10:42:33] [Server thread/INFO] [minecraft/MinecraftServer]: Территория подготовлена. Размещается структура...
[10:42:33] [Server thread/INFO] [minecraft/GameTestServer]: [_]
[10:42:33] [Server thread/INFO] [minecraft/GameTestServer]: [_]
[10:42:34] [Server thread/INFO] [minecraft/GameTestServer]: [_]
[10:42:34] [Server thread/INFO] [minecraft/GameTestServer]: [_]
[10:42:34] [Server thread/INFO] [minecraft/MinecraftServer]: Размещение структуры: 7%, изменено блоков: 856258
[10:42:34] [Server thread/INFO] [minecraft/GameTestServer]: [_]
[10:42:34] [Server thread/INFO] [minecraft/GameTestServer]: [_]
[10:42:34] [Server thread/INFO] [minecraft/GameTestServer]: [_]
[10:42:34] [Server thread/INFO] [minecraft/GameTestServer]: [_]
[10:42:34] [Server thread/INFO] [minecraft/GameTestServer]: [_]
[10:42:35] [Server thread/INFO] [minecraft/MinecraftServer]: Размещение структуры: 15%, изменено блоков: 856258
[10:42:35] [Server thread/INFO] [minecraft/GameTestServer]: [_]
[10:42:35] [Server thread/INFO] [minecraft/GameTestServer]: [_]
[10:42:35] [Server thread/INFO] [minecraft/GameTestServer]: [_]
[10:42:35] [Server thread/INFO] [minecraft/GameTestServer]: [_]
[10:42:35] [Server thread/INFO] [minecraft/GameTestServer]: [_]
[10:42:35] [Server thread/INFO] [minecraft/MinecraftServer]: Размещение структуры: 23%, изменено блоков: 856258
[10:42:35] [Server thread/INFO] [minecraft/GameTestServer]: [_]
[10:42:35] [Server thread/INFO] [minecraft/GameTestServer]: [_]
[10:42:35] [Server thread/INFO] [minecraft/GameTestServer]: [_]
[10:42:36] [Server thread/INFO] [minecraft/GameTestServer]: [_]
[10:42:36] [Server thread/INFO] [minecraft/GameTestServer]: [_]
[10:42:36] [Server thread/INFO] [minecraft/MinecraftServer]: Размещение структуры: 30%, изменено блоков: 856258
[10:42:36] [Server thread/INFO] [minecraft/GameTestServer]: [_]
[10:42:36] [Server thread/INFO] [minecraft/GameTestServer]: [_]
[10:42:36] [Server thread/INFO] [minecraft/GameTestServer]: [_]
[10:42:36] [Server thread/INFO] [minecraft/GameTestServer]: [_]
[10:42:36] [Server thread/INFO] [minecraft/GameTestServer]: [_]
[10:42:36] [Server thread/INFO] [minecraft/MinecraftServer]: Размещение структуры: 38%, изменено блоков: 856258
[10:42:36] [Server thread/INFO] [minecraft/GameTestServer]: [_]
[10:42:37] [Server thread/INFO] [minecraft/GameTestServer]: [_]
[10:42:37] [Server thread/INFO] [minecraft/GameTestServer]: [_]
[10:42:37] [Server thread/INFO] [minecraft/GameTestServer]: [_]
[10:42:37] [Server thread/INFO] [minecraft/GameTestServer]: [_]
[10:42:37] [Server thread/INFO] [minecraft/MinecraftServer]: Размещение структуры: 46%, изменено блоков: 856258
[10:42:37] [Server thread/INFO] [minecraft/GameTestServer]: [_]
[10:42:37] [Server thread/INFO] [minecraft/GameTestServer]: [_]
[10:42:37] [Server thread/INFO] [minecraft/GameTestServer]: [_]
[10:42:38] [Server thread/INFO] [minecraft/GameTestServer]: [_]
[10:42:38] [Server thread/INFO] [minecraft/GameTestServer]: [_]
[10:42:38] [Server thread/INFO] [minecraft/MinecraftServer]: Размещение структуры: 54%, изменено блоков: 856258
[10:42:38] [Server thread/INFO] [minecraft/GameTestServer]: [_]
[10:42:38] [Server thread/INFO] [minecraft/GameTestServer]: [_]
[10:42:38] [Server thread/INFO] [minecraft/GameTestServer]: [_]
[10:42:38] [Server thread/INFO] [minecraft/GameTestServer]: [_]
[10:42:38] [Server thread/INFO] [minecraft/GameTestServer]: [_]
[10:42:39] [Server thread/INFO] [minecraft/MinecraftServer]: Размещение структуры: 62%, изменено блоков: 856258
[10:42:39] [Server thread/INFO] [minecraft/GameTestServer]: [_]
[10:42:39] [Server thread/INFO] [minecraft/GameTestServer]: [_]
[10:42:39] [Server thread/INFO] [minecraft/GameTestServer]: [_]
[10:42:39] [Server thread/INFO] [minecraft/GameTestServer]: [_]
[10:42:39] [Server thread/INFO] [minecraft/GameTestServer]: [_]
[10:42:39] [Server thread/INFO] [minecraft/MinecraftServer]: Размещение структуры: 70%, изменено блоков: 856258
[10:42:39] [Server thread/INFO] [minecraft/GameTestServer]: [_]
[10:42:39] [Server thread/INFO] [minecraft/GameTestServer]: [_]
[10:42:40] [Server thread/INFO] [minecraft/GameTestServer]: [_]
[10:42:40] [Server thread/INFO] [minecraft/GameTestServer]: [_]
[10:42:40] [Server thread/INFO] [minecraft/GameTestServer]: [_]
[10:42:40] [Server thread/INFO] [minecraft/MinecraftServer]: Размещение структуры: 78%, изменено блоков: 856258
[10:42:40] [Server thread/INFO] [minecraft/GameTestServer]: [_]
[10:42:40] [Server thread/INFO] [minecraft/GameTestServer]: [_]
[10:42:40] [Server thread/INFO] [minecraft/GameTestServer]: [_]
[10:42:40] [Server thread/INFO] [minecraft/GameTestServer]: [_]
[10:42:41] [Server thread/INFO] [minecraft/GameTestServer]: [_]
[10:42:41] [Server thread/INFO] [minecraft/MinecraftServer]: Размещение структуры: 86%, изменено блоков: 856258
[10:42:41] [Server thread/INFO] [minecraft/GameTestServer]: [_]
[10:42:41] [Server thread/INFO] [minecraft/GameTestServer]: [_]
[10:42:41] [Server thread/INFO] [minecraft/GameTestServer]: [_]
[10:42:41] [Server thread/INFO] [minecraft/GameTestServer]: [_]
[10:42:41] [Server thread/INFO] [minecraft/GameTestServer]: [_]
[10:42:41] [Server thread/INFO] [minecraft/MinecraftServer]: Размещение структуры: 94%, изменено блоков: 856258
[10:42:41] [Server thread/INFO] [minecraft/GameTestServer]: [_]
[10:42:41] [Server thread/INFO] [minecraft/GameTestServer]: [_]
[10:42:42] [Server thread/INFO] [minecraft/GameTestServer]: [_]
[10:42:42] [Server thread/INFO] [minecraft/GameTestServer]: [_]
[10:42:42] [Server thread/INFO] [minecraft/MinecraftServer]: Структура создана: -11534097, -31, 11074299
MANUAL_SEQUENTIAL_COMMAND_PASS slavicmyths generate kurgan warrior 0 dx=128 dz=0 entrance=BlockPos{x=-11534097, y=-31, z=11074299}
[10:42:42] [Server thread/INFO] [minecraft/MinecraftServer]: Подготавливается территория: kurgan / 2. Задание 0e52f88f-f75b-43ab-9ed9-d9ec2337861a
[10:42:42] [Server thread/INFO] [minecraft/GameTestServer]: [_]
[10:42:42] [Server thread/INFO] [minecraft/GameTestServer]: [_]
[10:42:42] [Server thread/INFO] [minecraft/GameTestServer]: [_]
[10:42:42] [Server thread/INFO] [minecraft/GameTestServer]: [_]
[10:42:42] [Server thread/INFO] [minecraft/GameTestServer]: [_]
[10:42:42] [Server thread/INFO] [minecraft/MinecraftServer]: Загрузка территории: 21%, изменено блоков: 0
[10:42:42] [Server thread/INFO] [minecraft/GameTestServer]: [_]
[10:42:43] [Server thread/INFO] [minecraft/GameTestServer]: [_]
[10:42:43] [Server thread/INFO] [minecraft/GameTestServer]: [_]
[10:42:43] [Server thread/INFO] [minecraft/GameTestServer]: [_]
[10:42:43] [Server thread/INFO] [minecraft/GameTestServer]: [_]
[10:42:43] [Server thread/INFO] [minecraft/MinecraftServer]: Загрузка территории: 42%, изменено блоков: 0
[10:42:43] [Server thread/INFO] [minecraft/GameTestServer]: [_]
[10:42:43] [Server thread/INFO] [minecraft/GameTestServer]: [_]
[10:42:43] [Server thread/INFO] [minecraft/GameTestServer]: [_]
[10:42:43] [Server thread/INFO] [minecraft/GameTestServer]: [_]
[10:42:43] [Server thread/INFO] [minecraft/GameTestServer]: [_]
[10:42:43] [Server thread/INFO] [minecraft/MinecraftServer]: Загрузка территории: 62%, изменено блоков: 0
[10:42:43] [Server thread/INFO] [minecraft/GameTestServer]: [_]
[10:42:43] [Server thread/INFO] [minecraft/GameTestServer]: [_]
[10:42:43] [Server thread/INFO] [minecraft/GameTestServer]: [_]
[10:42:43] [Server thread/INFO] [minecraft/GameTestServer]: [_]
[10:42:43] [Server thread/INFO] [minecraft/GameTestServer]: [_]
[10:42:43] [Server thread/INFO] [minecraft/MinecraftServer]: Загрузка территории: 83%, изменено блоков: 0
[10:42:43] [Server thread/INFO] [minecraft/GameTestServer]: [_]
[10:42:44] [Server thread/INFO] [minecraft/GameTestServer]: [_]
[10:42:44] [Server thread/INFO] [minecraft/GameTestServer]: [_]
[10:42:44] [Server thread/INFO] [minecraft/GameTestServer]: [_]
[10:42:44] [Server thread/INFO] [minecraft/GameTestServer]: [_]
[10:42:44] [Server thread/INFO] [minecraft/MinecraftServer]: Загрузка территории: 4%, изменено блоков: 0
[10:42:44] [Server thread/INFO] [minecraft/GameTestServer]: [_]
[10:42:44] [Server thread/INFO] [minecraft/GameTestServer]: [_]
[10:42:44] [Server thread/INFO] [minecraft/GameTestServer]: [_]
[10:42:44] [Server thread/INFO] [minecraft/GameTestServer]: [_]
[10:42:44] [Server thread/INFO] [minecraft/GameTestServer]: [_]
[10:42:44] [Server thread/INFO] [minecraft/MinecraftServer]: Загрузка территории: 14%, изменено блоков: 0
[10:42:44] [Server thread/INFO] [minecraft/GameTestServer]: [_]
[10:42:44] [Server thread/INFO] [minecraft/GameTestServer]: [_]
[10:42:44] [Server thread/INFO] [minecraft/GameTestServer]: [_]
[10:42:44] [Server thread/INFO] [minecraft/GameTestServer]: [_]
[10:42:45] [Server thread/INFO] [minecraft/GameTestServer]: [_]
[10:42:45] [Server thread/INFO] [minecraft/MinecraftServer]: Загрузка территории: 23%, изменено блоков: 0
[10:42:45] [Server thread/INFO] [minecraft/GameTestServer]: [_]
[10:42:45] [Server thread/INFO] [minecraft/GameTestServer]: [_]
[10:42:45] [Server thread/INFO] [minecraft/GameTestServer]: [_]
[10:42:45] [Server thread/INFO] [minecraft/GameTestServer]: [_]
[10:42:45] [Server thread/INFO] [minecraft/GameTestServer]: [_]
[10:42:45] [Server thread/INFO] [minecraft/MinecraftServer]: Загрузка территории: 31%, изменено блоков: 0
[10:42:45] [Server thread/INFO] [minecraft/GameTestServer]: [_]
[10:42:45] [Server thread/INFO] [minecraft/GameTestServer]: [_]
[10:42:45] [Server thread/INFO] [minecraft/GameTestServer]: [_]
[10:42:45] [Server thread/INFO] [minecraft/GameTestServer]: [_]
[10:42:45] [Server thread/INFO] [minecraft/GameTestServer]: [_]
[10:42:45] [Server thread/INFO] [minecraft/MinecraftServer]: Загрузка территории: 37%, изменено блоков: 0
[10:42:45] [Server thread/INFO] [minecraft/GameTestServer]: [_]
[10:42:45] [Server thread/INFO] [minecraft/GameTestServer]: [_]
[10:42:45] [Server thread/INFO] [minecraft/GameTestServer]: [_]
[10:42:46] [Server thread/INFO] [minecraft/GameTestServer]: [_]
[10:42:46] [Server thread/INFO] [minecraft/GameTestServer]: [_]
[10:42:46] [Server thread/INFO] [minecraft/MinecraftServer]: Загрузка территории: 43%, изменено блоков: 0
[10:42:46] [Server thread/INFO] [minecraft/GameTestServer]: [_]
[10:42:46] [Server thread/INFO] [minecraft/GameTestServer]: [_]
[10:42:46] [Server thread/INFO] [minecraft/GameTestServer]: [_]
[10:42:46] [Server thread/INFO] [minecraft/GameTestServer]: [_]
[10:42:46] [Server thread/INFO] [minecraft/GameTestServer]: [_]
[10:42:46] [Server thread/INFO] [minecraft/MinecraftServer]: Загрузка территории: 49%, изменено блоков: 0
[10:42:46] [Server thread/INFO] [minecraft/GameTestServer]: [_]
[10:42:46] [Server thread/INFO] [minecraft/GameTestServer]: [_]
[10:42:46] [Server thread/INFO] [minecraft/GameTestServer]: [_]
[10:42:46] [Server thread/INFO] [minecraft/GameTestServer]: [_]
[10:42:46] [Server thread/INFO] [minecraft/GameTestServer]: [_]
[10:42:46] [Server thread/INFO] [minecraft/MinecraftServer]: Загрузка территории: 54%, изменено блоков: 0
[10:42:46] [Server thread/INFO] [minecraft/GameTestServer]: [_]
[10:42:46] [Server thread/INFO] [minecraft/GameTestServer]: [_]
[10:42:47] [Server thread/INFO] [minecraft/GameTestServer]: [_]
[10:42:47] [Server thread/INFO] [minecraft/GameTestServer]: [_]
[10:42:47] [Server thread/INFO] [minecraft/GameTestServer]: [_]
[10:42:47] [Server thread/INFO] [minecraft/MinecraftServer]: Загрузка территории: 59%, изменено блоков: 0
[10:42:47] [Server thread/INFO] [minecraft/GameTestServer]: [_]
[10:42:47] [Server thread/INFO] [minecraft/GameTestServer]: [_]
[10:42:47] [Server thread/INFO] [minecraft/GameTestServer]: [_]
[10:42:47] [Server thread/INFO] [minecraft/GameTestServer]: [_]
[10:42:47] [Server thread/INFO] [minecraft/GameTestServer]: [_]
[10:42:47] [Server thread/INFO] [minecraft/MinecraftServer]: Загрузка территории: 64%, изменено блоков: 0
[10:42:47] [Server thread/INFO] [minecraft/GameTestServer]: [_]
[10:42:47] [Server thread/INFO] [minecraft/GameTestServer]: [_]
[10:42:47] [Server thread/INFO] [minecraft/GameTestServer]: [_]
[10:42:47] [Server thread/INFO] [minecraft/GameTestServer]: [_]
[10:42:48] [Server thread/INFO] [minecraft/GameTestServer]: [_]
[10:42:48] [Server thread/INFO] [minecraft/MinecraftServer]: Загрузка территории: 69%, изменено блоков: 0
[10:42:48] [Server thread/INFO] [minecraft/GameTestServer]: [_]
[10:42:48] [Server thread/INFO] [minecraft/GameTestServer]: [_]
[10:42:48] [Server thread/INFO] [minecraft/GameTestServer]: [_]
[10:42:48] [Server thread/INFO] [minecraft/GameTestServer]: [_]
[10:42:48] [Server thread/INFO] [minecraft/GameTestServer]: [_]
[10:42:48] [Server thread/INFO] [minecraft/MinecraftServer]: Загрузка территории: 74%, изменено блоков: 0
[10:42:48] [Server thread/INFO] [minecraft/GameTestServer]: [_]
[10:42:48] [Server thread/INFO] [minecraft/GameTestServer]: [_]
[10:42:48] [Server thread/INFO] [minecraft/GameTestServer]: [_]
[10:42:48] [Server thread/INFO] [minecraft/GameTestServer]: [_]
[10:42:48] [Server thread/INFO] [minecraft/GameTestServer]: [_]
[10:42:48] [Server thread/INFO] [minecraft/MinecraftServer]: Загрузка территории: 79%, изменено блоков: 0
[10:42:48] [Server thread/INFO] [minecraft/GameTestServer]: [_]
[10:42:48] [Server thread/INFO] [minecraft/GameTestServer]: [_]
[10:42:48] [Server thread/INFO] [minecraft/GameTestServer]: [_]
[10:42:49] [Server thread/INFO] [minecraft/GameTestServer]: [_]
[10:42:49] [Server thread/INFO] [minecraft/GameTestServer]: [_]
[10:42:49] [Server thread/INFO] [minecraft/MinecraftServer]: Загрузка территории: 84%, изменено блоков: 0
[10:42:49] [Server thread/INFO] [minecraft/GameTestServer]: [_]
[10:42:49] [Server thread/INFO] [minecraft/GameTestServer]: [_]
[10:42:49] [Server thread/INFO] [minecraft/GameTestServer]: [_]
[10:42:49] [Server thread/INFO] [minecraft/GameTestServer]: [_]
[10:42:49] [Server thread/INFO] [minecraft/GameTestServer]: [_]
[10:42:49] [Server thread/INFO] [minecraft/MinecraftServer]: Загрузка территории: 89%, изменено блоков: 0
[10:42:49] [Server thread/INFO] [minecraft/GameTestServer]: [_]
[10:42:49] [Server thread/INFO] [minecraft/GameTestServer]: [_]
[10:42:49] [Server thread/INFO] [minecraft/GameTestServer]: [_]
[10:42:49] [Server thread/INFO] [minecraft/GameTestServer]: [_]
[10:42:49] [Server thread/INFO] [minecraft/GameTestServer]: [_]
[10:42:49] [Server thread/INFO] [minecraft/MinecraftServer]: Загрузка территории: 94%, изменено блоков: 0
[10:42:50] [Server thread/INFO] [minecraft/GameTestServer]: [_]
[10:42:50] [Server thread/INFO] [minecraft/GameTestServer]: [_]
[10:42:50] [Server thread/INFO] [minecraft/GameTestServer]: [_]
[10:42:50] [Server thread/INFO] [minecraft/GameTestServer]: [_]
[10:42:50] [Server thread/INFO] [minecraft/GameTestServer]: [_]
[10:42:50] [Server thread/INFO] [minecraft/MinecraftServer]: Загрузка территории: 99%, изменено блоков: 0
[10:42:50] [Server thread/INFO] [minecraft/GameTestServer]: [_]
[10:42:50] [Server thread/INFO] [minecraft/MinecraftServer]: Чанки загружены. Подготовка окончательного положения на Y=0
[10:42:50] [Server thread/INFO] [minecraft/GameTestServer]: [_]
[10:42:50] [Server thread/INFO] [minecraft/GameTestServer]: [_]
[10:42:50] [Server thread/INFO] [minecraft/GameTestServer]: [_]
[10:42:50] [Server thread/INFO] [minecraft/GameTestServer]: [_]
[10:42:51] [Server thread/INFO] [minecraft/MinecraftServer]: Планирование грунта: 14%, изменено блоков: 0
[10:42:51] [Server thread/INFO] [minecraft/GameTestServer]: [_]
[10:42:51] [Server thread/INFO] [minecraft/GameTestServer]: [_]
[10:42:51] [Server thread/INFO] [minecraft/GameTestServer]: [_]
[10:42:51] [Server thread/INFO] [minecraft/GameTestServer]: [_]
[10:42:51] [Server thread/INFO] [minecraft/GameTestServer]: [_]
[10:42:51] [Server thread/INFO] [minecraft/MinecraftServer]: Планирование грунта: 31%, изменено блоков: 0
[10:42:51] [Server thread/INFO] [minecraft/GameTestServer]: [_]
[10:42:51] [Server thread/INFO] [minecraft/GameTestServer]: [_]
[10:42:51] [Server thread/INFO] [minecraft/GameTestServer]: [_]
[10:42:51] [Server thread/INFO] [minecraft/GameTestServer]: [_]
[10:42:51] [Server thread/INFO] [minecraft/GameTestServer]: [_]
[10:42:51] [Server thread/INFO] [minecraft/MinecraftServer]: Планирование грунта: 48%, изменено блоков: 0
[10:42:51] [Server thread/INFO] [minecraft/GameTestServer]: [_]
[10:42:52] [Server thread/INFO] [minecraft/GameTestServer]: [_]
[10:42:52] [Server thread/INFO] [minecraft/GameTestServer]: [_]
[10:42:52] [Server thread/INFO] [minecraft/GameTestServer]: [_]
[10:42:52] [Server thread/INFO] [minecraft/GameTestServer]: [_]
[10:42:52] [Server thread/INFO] [minecraft/MinecraftServer]: Планирование грунта: 65%, изменено блоков: 0
[10:42:52] [Server thread/INFO] [minecraft/GameTestServer]: [_]
[10:42:52] [Server thread/INFO] [minecraft/GameTestServer]: [_]
[10:42:52] [Server thread/INFO] [minecraft/GameTestServer]: [_]
[10:42:52] [Server thread/INFO] [minecraft/GameTestServer]: [_]
[10:42:52] [Server thread/INFO] [minecraft/GameTestServer]: [_]
[10:42:52] [Server thread/INFO] [minecraft/MinecraftServer]: Планирование грунта: 82%, изменено блоков: 0
[10:42:52] [Server thread/INFO] [minecraft/GameTestServer]: [_]
[10:42:52] [Server thread/INFO] [minecraft/GameTestServer]: [_]
[10:42:53] [Server thread/INFO] [minecraft/GameTestServer]: [_]
[10:42:53] [Server thread/INFO] [minecraft/GameTestServer]: [_]
[10:42:53] [Server thread/INFO] [minecraft/GameTestServer]: [_]
[10:42:53] [Server thread/INFO] [minecraft/MinecraftServer]: Планирование грунта: 99%, изменено блоков: 0
[10:42:53] [Server thread/INFO] [minecraft/MinecraftServer]: Проверяется другая площадка: 1 / 16
[10:42:53] [Server thread/INFO] [minecraft/GameTestServer]: [_]
[10:42:53] [Server thread/INFO] [minecraft/GameTestServer]: [_]
[10:42:53] [Server thread/INFO] [minecraft/GameTestServer]: [_]
[10:42:53] [Server thread/INFO] [minecraft/GameTestServer]: [_]
[10:42:53] [Server thread/INFO] [minecraft/GameTestServer]: [_]
[10:42:53] [Server thread/INFO] [minecraft/MinecraftServer]: Загрузка территории: 18%, изменено блоков: 0
[10:42:53] [Server thread/INFO] [minecraft/GameTestServer]: [_]
[10:42:53] [Server thread/INFO] [minecraft/GameTestServer]: [_]
[10:42:53] [Server thread/INFO] [minecraft/GameTestServer]: [_]
[10:42:54] [Server thread/INFO] [minecraft/GameTestServer]: [_]
[10:42:54] [Server thread/INFO] [minecraft/GameTestServer]: [_]
[10:42:54] [Server thread/INFO] [minecraft/MinecraftServer]: Загрузка территории: 40%, изменено блоков: 0
[10:42:54] [Server thread/INFO] [minecraft/GameTestServer]: [_]
[10:42:54] [Server thread/INFO] [minecraft/GameTestServer]: [_]
[10:42:54] [Server thread/INFO] [minecraft/GameTestServer]: [_]
[10:42:54] [Server thread/INFO] [minecraft/GameTestServer]: [_]
[10:42:54] [Server thread/INFO] [minecraft/GameTestServer]: [_]
[10:42:54] [Server thread/INFO] [minecraft/MinecraftServer]: Загрузка территории: 61%, изменено блоков: 0
[10:42:54] [Server thread/INFO] [minecraft/GameTestServer]: [_]
[10:42:54] [Server thread/INFO] [minecraft/GameTestServer]: [_]
[10:42:54] [Server thread/INFO] [minecraft/GameTestServer]: [_]
[10:42:54] [Server thread/INFO] [minecraft/GameTestServer]: [_]
[10:42:54] [Server thread/INFO] [minecraft/GameTestServer]: [_]
[10:42:54] [Server thread/INFO] [minecraft/MinecraftServer]: Загрузка территории: 81%, изменено блоков: 0
[10:42:54] [Server thread/INFO] [minecraft/GameTestServer]: [_]
[10:42:54] [Server thread/INFO] [minecraft/GameTestServer]: [_]
[10:42:54] [Server thread/INFO] [minecraft/GameTestServer]: [_]
[10:42:54] [Server thread/INFO] [minecraft/GameTestServer]: [_]
[10:42:55] [Server thread/INFO] [minecraft/GameTestServer]: [_]
[10:42:55] [Server thread/INFO] [minecraft/MinecraftServer]: Загрузка территории: 2%, изменено блоков: 0
[10:42:55] [Server thread/INFO] [minecraft/GameTestServer]: [_]
[10:42:55] [Server thread/INFO] [minecraft/GameTestServer]: [_]
[10:42:55] [Server thread/INFO] [minecraft/GameTestServer]: [_]
[10:42:55] [Server thread/INFO] [minecraft/GameTestServer]: [_]
[10:42:55] [Server thread/INFO] [minecraft/GameTestServer]: [_]
[10:42:55] [Server thread/INFO] [minecraft/MinecraftServer]: Загрузка территории: 14%, изменено блоков: 0
[10:42:55] [Server thread/INFO] [minecraft/GameTestServer]: [_]
[10:42:55] [Server thread/INFO] [minecraft/GameTestServer]: [_]
[10:42:55] [Server thread/INFO] [minecraft/GameTestServer]: [_]
[10:42:55] [Server thread/INFO] [minecraft/GameTestServer]: [_]
[10:42:55] [Server thread/INFO] [minecraft/GameTestServer]: [_]
[10:42:55] [Server thread/INFO] [minecraft/MinecraftServer]: Загрузка территории: 22%, изменено блоков: 0
[10:42:55] [Server thread/INFO] [minecraft/GameTestServer]: [_]
[10:42:55] [Server thread/INFO] [minecraft/GameTestServer]: [_]
[10:42:55] [Server thread/INFO] [minecraft/GameTestServer]: [_]
[10:42:56] [Server thread/INFO] [minecraft/GameTestServer]: [_]
[10:42:56] [Server thread/INFO] [minecraft/GameTestServer]: [_]
[10:42:56] [Server thread/INFO] [minecraft/MinecraftServer]: Загрузка территории: 30%, изменено блоков: 0
[10:42:56] [Server thread/INFO] [minecraft/GameTestServer]: [_]
[10:42:56] [Server thread/INFO] [minecraft/GameTestServer]: [_]
[10:42:56] [Server thread/INFO] [minecraft/GameTestServer]: [_]
[10:42:56] [Server thread/INFO] [minecraft/GameTestServer]: [_]
[10:42:56] [Server thread/INFO] [minecraft/GameTestServer]: [_]
[10:42:56] [Server thread/INFO] [minecraft/MinecraftServer]: Загрузка территории: 36%, изменено блоков: 0
[10:42:56] [Server thread/INFO] [minecraft/GameTestServer]: [_]
[10:42:56] [Server thread/INFO] [minecraft/GameTestServer]: [_]
[10:42:56] [Server thread/INFO] [minecraft/GameTestServer]: [_]
[10:42:56] [Server thread/INFO] [minecraft/GameTestServer]: [_]
[10:42:56] [Server thread/INFO] [minecraft/GameTestServer]: [_]
[10:42:56] [Server thread/INFO] [minecraft/MinecraftServer]: Загрузка территории: 43%, изменено блоков: 0
[10:42:56] [Server thread/INFO] [minecraft/GameTestServer]: [_]
[10:42:56] [Server thread/INFO] [minecraft/GameTestServer]: [_]
[10:42:56] [Server thread/INFO] [minecraft/GameTestServer]: [_]
[10:42:57] [Server thread/INFO] [minecraft/GameTestServer]: [_]
[10:42:57] [Server thread/INFO] [minecraft/GameTestServer]: [_]
[10:42:57] [Server thread/INFO] [minecraft/MinecraftServer]: Загрузка территории: 49%, изменено блоков: 0
[10:42:57] [Server thread/INFO] [minecraft/GameTestServer]: [_]
[10:42:57] [Server thread/INFO] [minecraft/GameTestServer]: [_]
[10:42:57] [Server thread/INFO] [minecraft/GameTestServer]: [_]
[10:42:57] [Server thread/INFO] [minecraft/GameTestServer]: [_]
[10:42:57] [Server thread/INFO] [minecraft/GameTestServer]: [_]
[10:42:57] [Server thread/INFO] [minecraft/MinecraftServer]: Загрузка территории: 53%, изменено блоков: 0
[10:42:57] [Server thread/INFO] [minecraft/GameTestServer]: [_]
[10:42:57] [Server thread/INFO] [minecraft/GameTestServer]: [_]
[10:42:57] [Server thread/INFO] [minecraft/GameTestServer]: [_]
[10:42:57] [Server thread/INFO] [minecraft/GameTestServer]: [_]
[10:42:57] [Server thread/INFO] [minecraft/GameTestServer]: [_]
[10:42:57] [Server thread/INFO] [minecraft/MinecraftServer]: Загрузка территории: 59%, изменено блоков: 0
[10:42:57] [Server thread/INFO] [minecraft/GameTestServer]: [_]
[10:42:57] [Server thread/INFO] [minecraft/GameTestServer]: [_]
[10:42:57] [Server thread/INFO] [minecraft/GameTestServer]: [_]
[10:42:57] [Server thread/INFO] [minecraft/GameTestServer]: [_]
[10:42:58] [Server thread/INFO] [minecraft/GameTestServer]: [_]
[10:42:58] [Server thread/INFO] [minecraft/MinecraftServer]: Загрузка территории: 63%, изменено блоков: 0
[10:42:58] [Server thread/INFO] [minecraft/GameTestServer]: [_]
[10:42:58] [Server thread/INFO] [minecraft/GameTestServer]: [_]
[10:42:58] [Server thread/INFO] [minecraft/GameTestServer]: [_]
[10:42:58] [Server thread/INFO] [minecraft/GameTestServer]: [_]
[10:42:58] [Server thread/INFO] [minecraft/GameTestServer]: [_]
[10:42:58] [Server thread/INFO] [minecraft/MinecraftServer]: Загрузка территории: 68%, изменено блоков: 0
[10:42:58] [Server thread/INFO] [minecraft/GameTestServer]: [_]
[10:42:58] [Server thread/INFO] [minecraft/GameTestServer]: [_]
[10:42:58] [Server thread/INFO] [minecraft/GameTestServer]: [_]
[10:42:58] [Server thread/INFO] [minecraft/GameTestServer]: [_]
[10:42:58] [Server thread/INFO] [minecraft/GameTestServer]: [_]
[10:42:58] [Server thread/INFO] [minecraft/MinecraftServer]: Загрузка территории: 73%, изменено блоков: 0
[10:42:58] [Server thread/INFO] [minecraft/GameTestServer]: [_]
[10:42:58] [Server thread/INFO] [minecraft/GameTestServer]: [_]
[10:42:58] [Server thread/INFO] [minecraft/GameTestServer]: [_]
[10:42:59] [Server thread/INFO] [minecraft/GameTestServer]: [_]
[10:42:59] [Server thread/INFO] [minecraft/GameTestServer]: [_]
[10:42:59] [Server thread/INFO] [minecraft/MinecraftServer]: Загрузка территории: 78%, изменено блоков: 0
[10:42:59] [Server thread/INFO] [minecraft/GameTestServer]: [_]
[10:42:59] [Server thread/INFO] [minecraft/GameTestServer]: [_]
[10:42:59] [Server thread/INFO] [minecraft/GameTestServer]: [_]
[10:42:59] [Server thread/INFO] [minecraft/GameTestServer]: [_]
[10:42:59] [Server thread/INFO] [minecraft/GameTestServer]: [_]
[10:42:59] [Server thread/INFO] [minecraft/MinecraftServer]: Загрузка территории: 83%, изменено блоков: 0
[10:42:59] [Server thread/INFO] [minecraft/GameTestServer]: [_]
[10:42:59] [Server thread/INFO] [minecraft/GameTestServer]: [_]
[10:42:59] [Server thread/INFO] [minecraft/GameTestServer]: [_]
[10:42:59] [Server thread/INFO] [minecraft/GameTestServer]: [_]
[10:42:59] [Server thread/INFO] [minecraft/GameTestServer]: [_]
[10:42:59] [Server thread/INFO] [minecraft/MinecraftServer]: Загрузка территории: 88%, изменено блоков: 0
[10:43:00] [Server thread/INFO] [minecraft/GameTestServer]: [_]
[10:43:00] [Server thread/INFO] [minecraft/GameTestServer]: [_]
[10:43:00] [Server thread/INFO] [minecraft/GameTestServer]: [_]
[10:43:00] [Server thread/INFO] [minecraft/GameTestServer]: [_]
[10:43:00] [Server thread/INFO] [minecraft/GameTestServer]: [_]
[10:43:00] [Server thread/INFO] [minecraft/MinecraftServer]: Загрузка территории: 93%, изменено блоков: 0
[10:43:00] [Server thread/INFO] [minecraft/GameTestServer]: [_]
[10:43:00] [Server thread/INFO] [minecraft/GameTestServer]: [_]
[10:43:00] [Server thread/INFO] [minecraft/GameTestServer]: [_]
[10:43:00] [Server thread/INFO] [minecraft/GameTestServer]: [_]
[10:43:00] [Server thread/INFO] [minecraft/GameTestServer]: [_]
[10:43:00] [Server thread/INFO] [minecraft/MinecraftServer]: Загрузка территории: 98%, изменено блоков: 0
[10:43:00] [Server thread/INFO] [minecraft/GameTestServer]: [_]
[10:43:00] [Server thread/INFO] [minecraft/MinecraftServer]: Чанки загружены. Подготовка окончательного положения на Y=0
[10:43:00] [Server thread/INFO] [minecraft/GameTestServer]: [_]
[10:43:01] [Server thread/INFO] [minecraft/GameTestServer]: [_]
[10:43:01] [Server thread/INFO] [minecraft/GameTestServer]: [_]
[10:43:01] [Server thread/INFO] [minecraft/GameTestServer]: [_]
[10:43:01] [Server thread/INFO] [minecraft/MinecraftServer]: Планирование грунта: 13%, изменено блоков: 0
[10:43:01] [Server thread/INFO] [minecraft/GameTestServer]: [_]
[10:43:01] [Server thread/INFO] [minecraft/GameTestServer]: [_]
[10:43:01] [Server thread/INFO] [minecraft/GameTestServer]: [_]
[10:43:01] [Server thread/INFO] [minecraft/GameTestServer]: [_]
[10:43:01] [Server thread/INFO] [minecraft/GameTestServer]: [_]
[10:43:02] [Server thread/INFO] [minecraft/MinecraftServer]: Планирование грунта: 30%, изменено блоков: 0
[10:43:02] [Server thread/INFO] [minecraft/GameTestServer]: [_]
[10:43:02] [Server thread/INFO] [minecraft/GameTestServer]: [_]
[10:43:02] [Server thread/INFO] [minecraft/GameTestServer]: [_]
[10:43:02] [Server thread/INFO] [minecraft/GameTestServer]: [_]
[10:43:02] [Server thread/INFO] [minecraft/GameTestServer]: [_]
[10:43:02] [Server thread/INFO] [minecraft/MinecraftServer]: Планирование грунта: 47%, изменено блоков: 0
[10:43:02] [Server thread/INFO] [minecraft/GameTestServer]: [_]
[10:43:02] [Server thread/INFO] [minecraft/GameTestServer]: [_]
[10:43:02] [Server thread/INFO] [minecraft/GameTestServer]: [_]
[10:43:03] [Server thread/INFO] [minecraft/GameTestServer]: [_]
[10:43:03] [Server thread/INFO] [minecraft/GameTestServer]: [_]
[10:43:03] [Server thread/INFO] [minecraft/MinecraftServer]: Планирование грунта: 64%, изменено блоков: 0
[10:43:03] [Server thread/INFO] [minecraft/GameTestServer]: [_]
[10:43:03] [Server thread/INFO] [minecraft/GameTestServer]: [_]
[10:43:03] [Server thread/INFO] [minecraft/GameTestServer]: [_]
[10:43:03] [Server thread/INFO] [minecraft/GameTestServer]: [_]
[10:43:03] [Server thread/INFO] [minecraft/GameTestServer]: [_]
[10:43:03] [Server thread/INFO] [minecraft/MinecraftServer]: Планирование грунта: 81%, изменено блоков: 0
[10:43:03] [Server thread/INFO] [minecraft/GameTestServer]: [_]
[10:43:04] [Server thread/INFO] [minecraft/GameTestServer]: [_]
[10:43:04] [Server thread/INFO] [minecraft/GameTestServer]: [_]
[10:43:04] [Server thread/INFO] [minecraft/GameTestServer]: [_]
[10:43:04] [Server thread/INFO] [minecraft/GameTestServer]: [_]
[10:43:04] [Server thread/INFO] [minecraft/MinecraftServer]: Планирование грунта: 98%, изменено блоков: 0
[10:43:04] [Server thread/INFO] [minecraft/GameTestServer]: [_]
[10:43:04] [Server thread/INFO] [minecraft/MinecraftServer]: Проверяется другая площадка: 2 / 16
[10:43:04] [Server thread/INFO] [minecraft/GameTestServer]: [_]
[10:43:04] [Server thread/INFO] [minecraft/GameTestServer]: [_]
[10:43:05] [Server thread/INFO] [minecraft/GameTestServer]: [_]
[10:43:05] [Server thread/INFO] [minecraft/GameTestServer]: [_]
[10:43:05] [Server thread/INFO] [minecraft/MinecraftServer]: Загрузка территории: 18%, изменено блоков: 0
[10:43:05] [Server thread/INFO] [minecraft/GameTestServer]: [_]
[10:43:05] [Server thread/INFO] [minecraft/GameTestServer]: [_]
[10:43:05] [Server thread/INFO] [minecraft/GameTestServer]: [_]
[10:43:05] [Server thread/INFO] [minecraft/GameTestServer]: [_]
[10:43:05] [Server thread/INFO] [minecraft/GameTestServer]: [_]
[10:43:05] [Server thread/INFO] [minecraft/MinecraftServer]: Загрузка территории: 38%, изменено блоков: 0
[10:43:05] [Server thread/INFO] [minecraft/GameTestServer]: [_]
[10:43:05] [Server thread/INFO] [minecraft/GameTestServer]: [_]
[10:43:05] [Server thread/INFO] [minecraft/GameTestServer]: [_]
[10:43:06] [Server thread/INFO] [minecraft/GameTestServer]: [_]
[10:43:06] [Server thread/INFO] [minecraft/GameTestServer]: [_]
[10:43:06] [Server thread/INFO] [minecraft/MinecraftServer]: Загрузка территории: 60%, изменено блоков: 0
[10:43:06] [Server thread/INFO] [minecraft/GameTestServer]: [_]
[10:43:06] [Server thread/INFO] [minecraft/GameTestServer]: [_]
[10:43:06] [Server thread/INFO] [minecraft/GameTestServer]: [_]
[10:43:06] [Server thread/INFO] [minecraft/GameTestServer]: [_]
[10:43:06] [Server thread/INFO] [minecraft/GameTestServer]: [_]
[10:43:06] [Server thread/INFO] [minecraft/MinecraftServer]: Загрузка территории: 81%, изменено блоков: 0
[10:43:06] [Server thread/INFO] [minecraft/GameTestServer]: [_]
[10:43:06] [Server thread/INFO] [minecraft/GameTestServer]: [_]
[10:43:06] [Server thread/INFO] [minecraft/GameTestServer]: [_]
[10:43:06] [Server thread/INFO] [minecraft/GameTestServer]: [_]
[10:43:07] [Server thread/INFO] [minecraft/GameTestServer]: [_]
[10:43:07] [Server thread/INFO] [minecraft/MinecraftServer]: Загрузка территории: 2%, изменено блоков: 0
[10:43:07] [Server thread/INFO] [minecraft/GameTestServer]: [_]
[10:43:07] [Server thread/INFO] [minecraft/GameTestServer]: [_]
[10:43:07] [Server thread/INFO] [minecraft/GameTestServer]: [_]
[10:43:07] [Server thread/INFO] [minecraft/GameTestServer]: [_]
[10:43:07] [Server thread/INFO] [minecraft/GameTestServer]: [_]
[10:43:07] [Server thread/INFO] [minecraft/MinecraftServer]: Загрузка территории: 13%, изменено блоков: 0
[10:43:07] [Server thread/INFO] [minecraft/GameTestServer]: [_]
[10:43:07] [Server thread/INFO] [minecraft/GameTestServer]: [_]
[10:43:07] [Server thread/INFO] [minecraft/GameTestServer]: [_]
[10:43:07] [Server thread/INFO] [minecraft/GameTestServer]: [_]
[10:43:08] [Server thread/INFO] [minecraft/GameTestServer]: [_]
[10:43:08] [Server thread/INFO] [minecraft/MinecraftServer]: Загрузка территории: 22%, изменено блоков: 0
[10:43:08] [Server thread/INFO] [minecraft/GameTestServer]: [_]
[10:43:08] [Server thread/INFO] [minecraft/GameTestServer]: [_]
[10:43:08] [Server thread/INFO] [minecraft/GameTestServer]: [_]
[10:43:08] [Server thread/INFO] [minecraft/GameTestServer]: [_]
[10:43:08] [Server thread/INFO] [minecraft/GameTestServer]: [_]
[10:43:08] [Server thread/INFO] [minecraft/MinecraftServer]: Загрузка территории: 31%, изменено блоков: 0
[10:43:08] [Server thread/INFO] [minecraft/GameTestServer]: [_]
[10:43:08] [Server thread/INFO] [minecraft/GameTestServer]: [_]
[10:43:08] [Server thread/INFO] [minecraft/GameTestServer]: [_]
[10:43:09] [Server thread/INFO] [minecraft/GameTestServer]: [_]
[10:43:09] [Server thread/INFO] [minecraft/GameTestServer]: [_]
[10:43:09] [Server thread/INFO] [minecraft/MinecraftServer]: Загрузка территории: 38%, изменено блоков: 0
[10:43:09] [Server thread/INFO] [minecraft/GameTestServer]: [_]
[10:43:09] [Server thread/INFO] [minecraft/GameTestServer]: [_]
[10:43:09] [Server thread/INFO] [minecraft/GameTestServer]: [_]
[10:43:09] [Server thread/INFO] [minecraft/GameTestServer]: [_]
[10:43:09] [Server thread/INFO] [minecraft/GameTestServer]: [_]
[10:43:09] [Server thread/INFO] [minecraft/MinecraftServer]: Загрузка территории: 45%, изменено блоков: 0
[10:43:09] [Server thread/INFO] [minecraft/GameTestServer]: [_]
[10:43:09] [Server thread/INFO] [minecraft/GameTestServer]: [_]
[10:43:10] [Server thread/INFO] [minecraft/GameTestServer]: [_]
[10:43:10] [Server thread/INFO] [minecraft/GameTestServer]: [_]
[10:43:10] [Server thread/INFO] [minecraft/GameTestServer]: [_]
[10:43:10] [Server thread/INFO] [minecraft/MinecraftServer]: Загрузка территории: 51%, изменено блоков: 0
[10:43:10] [Server thread/INFO] [minecraft/GameTestServer]: [_]
[10:43:10] [Server thread/INFO] [minecraft/GameTestServer]: [_]
[10:43:10] [Server thread/INFO] [minecraft/GameTestServer]: [_]
[10:43:10] [Server thread/INFO] [minecraft/GameTestServer]: [_]
[10:43:10] [Server thread/INFO] [minecraft/GameTestServer]: [_]
[10:43:11] [Server thread/INFO] [minecraft/MinecraftServer]: Загрузка территории: 56%, изменено блоков: 0
[10:43:11] [Server thread/INFO] [minecraft/GameTestServer]: [_]
[10:43:11] [Server thread/INFO] [minecraft/GameTestServer]: [_]
[10:43:11] [Server thread/INFO] [minecraft/GameTestServer]: [_]
[10:43:11] [Server thread/INFO] [minecraft/GameTestServer]: [_]
[10:43:11] [Server thread/INFO] [minecraft/GameTestServer]: [_]
[10:43:11] [Server thread/INFO] [minecraft/MinecraftServer]: Загрузка территории: 62%, изменено блоков: 0
[10:43:11] [Server thread/INFO] [minecraft/GameTestServer]: [_]
[10:43:11] [Server thread/INFO] [minecraft/GameTestServer]: [_]
[10:43:11] [Server thread/INFO] [minecraft/GameTestServer]: [_]
[10:43:12] [Server thread/INFO] [minecraft/GameTestServer]: [_]
[10:43:12] [Server thread/INFO] [minecraft/GameTestServer]: [_]
[10:43:12] [Server thread/INFO] [minecraft/MinecraftServer]: Загрузка территории: 67%, изменено блоков: 0
[10:43:12] [Server thread/INFO] [minecraft/GameTestServer]: [_]
[10:43:12] [Server thread/INFO] [minecraft/GameTestServer]: [_]
[10:43:12] [Server thread/INFO] [minecraft/GameTestServer]: [_]
[10:43:12] [Server thread/INFO] [minecraft/GameTestServer]: [_]
[10:43:12] [Server thread/INFO] [minecraft/GameTestServer]: [_]
[10:43:12] [Server thread/INFO] [minecraft/MinecraftServer]: Загрузка территории: 72%, изменено блоков: 0
[10:43:12] [Server thread/INFO] [minecraft/GameTestServer]: [_]
[10:43:12] [Server thread/INFO] [minecraft/GameTestServer]: [_]
[10:43:13] [Server thread/INFO] [minecraft/GameTestServer]: [_]
[10:43:13] [Server thread/INFO] [minecraft/GameTestServer]: [_]
[10:43:13] [Server thread/INFO] [minecraft/GameTestServer]: [_]
[10:43:13] [Server thread/INFO] [minecraft/MinecraftServer]: Загрузка территории: 78%, изменено блоков: 0
[10:43:13] [Server thread/INFO] [minecraft/GameTestServer]: [_]
[10:43:13] [Server thread/INFO] [minecraft/GameTestServer]: [_]
[10:43:13] [Server thread/INFO] [minecraft/GameTestServer]: [_]
[10:43:13] [Server thread/INFO] [minecraft/GameTestServer]: [_]
[10:43:13] [Server thread/INFO] [minecraft/GameTestServer]: [_]
[10:43:13] [Server thread/INFO] [minecraft/MinecraftServer]: Загрузка территории: 83%, изменено блоков: 0
[10:43:13] [Server thread/INFO] [minecraft/GameTestServer]: [_]
[10:43:14] [Server thread/INFO] [minecraft/GameTestServer]: [_]
[10:43:14] [Server thread/INFO] [minecraft/GameTestServer]: [_]
[10:43:14] [Server thread/INFO] [minecraft/GameTestServer]: [_]
[10:43:14] [Server thread/INFO] [minecraft/GameTestServer]: [_]
[10:43:14] [Server thread/INFO] [minecraft/MinecraftServer]: Загрузка территории: 88%, изменено блоков: 0
[10:43:14] [Server thread/INFO] [minecraft/GameTestServer]: [_]
[10:43:14] [Server thread/INFO] [minecraft/GameTestServer]: [_]
[10:43:14] [Server thread/INFO] [minecraft/GameTestServer]: [_]
[10:43:14] [Server thread/INFO] [minecraft/GameTestServer]: [_]
[10:43:14] [Server thread/INFO] [minecraft/GameTestServer]: [_]
[10:43:15] [Server thread/INFO] [minecraft/MinecraftServer]: Загрузка территории: 93%, изменено блоков: 0
[10:43:15] [Server thread/INFO] [minecraft/GameTestServer]: [_]
[10:43:15] [Server thread/INFO] [minecraft/GameTestServer]: [_]
[10:43:15] [Server thread/INFO] [minecraft/GameTestServer]: [_]
[10:43:15] [Server thread/INFO] [minecraft/GameTestServer]: [_]
[10:43:15] [Server thread/INFO] [minecraft/GameTestServer]: [_]
[10:43:15] [Server thread/INFO] [minecraft/MinecraftServer]: Загрузка территории: 98%, изменено блоков: 0
[10:43:15] [Server thread/INFO] [minecraft/GameTestServer]: [_]
[10:43:15] [Server thread/INFO] [minecraft/GameTestServer]: [_]
[10:43:15] [Server thread/INFO] [minecraft/MinecraftServer]: Чанки загружены. Подготовка окончательного положения на Y=0
[10:43:15] [Server thread/INFO] [minecraft/GameTestServer]: [_]
[10:43:16] [Server thread/INFO] [minecraft/GameTestServer]: [_]
[10:43:16] [Server thread/INFO] [minecraft/GameTestServer]: [_]
[10:43:16] [Server thread/INFO] [minecraft/MinecraftServer]: Планирование грунта: 10%, изменено блоков: 0
[10:43:16] [Server thread/INFO] [minecraft/GameTestServer]: [_]
[10:43:16] [Server thread/INFO] [minecraft/GameTestServer]: [_]
[10:43:16] [Server thread/INFO] [minecraft/GameTestServer]: [_]
[10:43:16] [Server thread/INFO] [minecraft/GameTestServer]: [_]
[10:43:17] [Server thread/INFO] [minecraft/GameTestServer]: [_]
[10:43:17] [Server thread/INFO] [minecraft/MinecraftServer]: Планирование грунта: 27%, изменено блоков: 0
[10:43:17] [Server thread/INFO] [minecraft/GameTestServer]: [_]
[10:43:17] [Server thread/INFO] [minecraft/GameTestServer]: [_]
[10:43:17] [Server thread/INFO] [minecraft/GameTestServer]: [_]
[10:43:17] [Server thread/INFO] [minecraft/GameTestServer]: [_]
[10:43:17] [Server thread/INFO] [minecraft/GameTestServer]: [_]
[10:43:17] [Server thread/INFO] [minecraft/MinecraftServer]: Планирование грунта: 44%, изменено блоков: 0
[10:43:17] [Server thread/INFO] [minecraft/GameTestServer]: [_]
[10:43:18] [Server thread/INFO] [minecraft/GameTestServer]: [_]
[10:43:18] [Server thread/INFO] [minecraft/GameTestServer]: [_]
[10:43:18] [Server thread/INFO] [minecraft/GameTestServer]: [_]
[10:43:18] [Server thread/INFO] [minecraft/GameTestServer]: [_]
[10:43:18] [Server thread/INFO] [minecraft/MinecraftServer]: Планирование грунта: 61%, изменено блоков: 0
[10:43:18] [Server thread/INFO] [minecraft/GameTestServer]: [_]
[10:43:18] [Server thread/INFO] [minecraft/GameTestServer]: [_]
[10:43:18] [Server thread/INFO] [minecraft/GameTestServer]: [_]
[10:43:19] [Server thread/INFO] [minecraft/GameTestServer]: [_]
[10:43:19] [Server thread/INFO] [minecraft/GameTestServer]: [_]
[10:43:19] [Server thread/INFO] [minecraft/MinecraftServer]: Планирование грунта: 78%, изменено блоков: 0
[10:43:19] [Server thread/INFO] [minecraft/GameTestServer]: [_]
[10:43:19] [Server thread/INFO] [minecraft/GameTestServer]: [_]
[10:43:19] [Server thread/INFO] [minecraft/GameTestServer]: [_]
[10:43:19] [Server thread/INFO] [minecraft/GameTestServer]: [_]
[10:43:19] [Server thread/INFO] [minecraft/GameTestServer]: [_]
[10:43:19] [Server thread/INFO] [minecraft/MinecraftServer]: Планирование грунта: 95%, изменено блоков: 0
[10:43:20] [Server thread/INFO] [minecraft/GameTestServer]: [_]
[10:43:20] [Server thread/INFO] [minecraft/MinecraftServer]: Проверяется другая площадка: 3 / 16
[10:43:20] [Server thread/INFO] [minecraft/GameTestServer]: [_]
[10:43:20] [Server thread/INFO] [minecraft/GameTestServer]: [_]
[10:43:20] [Server thread/INFO] [minecraft/GameTestServer]: [_]
[10:43:20] [Server thread/INFO] [minecraft/GameTestServer]: [_]
[10:43:20] [Server thread/INFO] [minecraft/MinecraftServer]: Загрузка территории: 15%, изменено блоков: 0
[10:43:20] [Server thread/INFO] [minecraft/GameTestServer]: [_]
[10:43:21] [Server thread/INFO] [minecraft/GameTestServer]: [_]
[10:43:21] [Server thread/INFO] [minecraft/GameTestServer]: [_]
[10:43:21] [Server thread/INFO] [minecraft/GameTestServer]: [_]
[10:43:21] [Server thread/INFO] [minecraft/GameTestServer]: [_]
[10:43:21] [Server thread/INFO] [minecraft/MinecraftServer]: Загрузка территории: 35%, изменено блоков: 0
[10:43:21] [Server thread/INFO] [minecraft/GameTestServer]: [_]
[10:43:21] [Server thread/INFO] [minecraft/GameTestServer]: [_]
[10:43:21] [Server thread/INFO] [minecraft/GameTestServer]: [_]
[10:43:21] [Server thread/INFO] [minecraft/GameTestServer]: [_]
[10:43:22] [Server thread/INFO] [minecraft/GameTestServer]: [_]
[10:43:22] [Server thread/INFO] [minecraft/MinecraftServer]: Загрузка территории: 56%, изменено блоков: 0
[10:43:22] [Server thread/INFO] [minecraft/GameTestServer]: [_]
[10:43:22] [Server thread/INFO] [minecraft/GameTestServer]: [_]
[10:43:22] [Server thread/INFO] [minecraft/GameTestServer]: [_]
[10:43:22] [Server thread/INFO] [minecraft/GameTestServer]: [_]
[10:43:22] [Server thread/INFO] [minecraft/GameTestServer]: [_]
[10:43:22] [Server thread/INFO] [minecraft/MinecraftServer]: Загрузка территории: 77%, изменено блоков: 0
[10:43:22] [Server thread/INFO] [minecraft/GameTestServer]: [_]
[10:43:22] [Server thread/INFO] [minecraft/GameTestServer]: [_]
[10:43:22] [Server thread/INFO] [minecraft/GameTestServer]: [_]
[10:43:22] [Server thread/INFO] [minecraft/GameTestServer]: [_]
[10:43:23] [Server thread/INFO] [minecraft/GameTestServer]: [_]
[10:43:23] [Server thread/INFO] [minecraft/MinecraftServer]: Загрузка территории: 97%, изменено блоков: 0
[10:43:23] [Server thread/INFO] [minecraft/GameTestServer]: [_]
[10:43:23] [Server thread/INFO] [minecraft/GameTestServer]: [_]
[10:43:23] [Server thread/INFO] [minecraft/GameTestServer]: [_]
[10:43:23] [Server thread/INFO] [minecraft/GameTestServer]: [_]
[10:43:23] [Server thread/INFO] [minecraft/GameTestServer]: [_]
[10:43:23] [Server thread/INFO] [minecraft/MinecraftServer]: Загрузка территории: 11%, изменено блоков: 0
[10:43:23] [Server thread/INFO] [minecraft/GameTestServer]: [_]
[10:43:23] [Server thread/INFO] [minecraft/GameTestServer]: [_]
[10:43:23] [Server thread/INFO] [minecraft/GameTestServer]: [_]
[10:43:24] [Server thread/INFO] [minecraft/GameTestServer]: [_]
[10:43:24] [Server thread/INFO] [minecraft/GameTestServer]: [_]
[10:43:24] [Server thread/INFO] [minecraft/MinecraftServer]: Загрузка территории: 21%, изменено блоков: 0
[10:43:24] [Server thread/INFO] [minecraft/GameTestServer]: [_]
[10:43:24] [Server thread/INFO] [minecraft/GameTestServer]: [_]
[10:43:24] [Server thread/INFO] [minecraft/GameTestServer]: [_]
[10:43:24] [Server thread/INFO] [minecraft/GameTestServer]: [_]
[10:43:24] [Server thread/INFO] [minecraft/GameTestServer]: [_]
[10:43:24] [Server thread/INFO] [minecraft/MinecraftServer]: Загрузка территории: 29%, изменено блоков: 0
[10:43:24] [Server thread/INFO] [minecraft/GameTestServer]: [_]
[10:43:25] [Server thread/INFO] [minecraft/GameTestServer]: [_]
[10:43:25] [Server thread/INFO] [minecraft/GameTestServer]: [_]
[10:43:25] [Server thread/INFO] [minecraft/GameTestServer]: [_]
[10:43:25] [Server thread/INFO] [minecraft/GameTestServer]: [_]
[10:43:25] [Server thread/INFO] [minecraft/MinecraftServer]: Загрузка территории: 35%, изменено блоков: 0
[10:43:25] [Server thread/INFO] [minecraft/GameTestServer]: [_]
[10:43:25] [Server thread/INFO] [minecraft/GameTestServer]: [_]
[10:43:25] [Server thread/INFO] [minecraft/GameTestServer]: [_]
[10:43:25] [Server thread/INFO] [minecraft/GameTestServer]: [_]
[10:43:25] [Server thread/INFO] [minecraft/GameTestServer]: [_]
[10:43:25] [Server thread/INFO] [minecraft/MinecraftServer]: Загрузка территории: 42%, изменено блоков: 0
[10:43:26] [Server thread/INFO] [minecraft/GameTestServer]: [_]
[10:43:26] [Server thread/INFO] [minecraft/GameTestServer]: [_]
[10:43:26] [Server thread/INFO] [minecraft/GameTestServer]: [_]
[10:43:26] [Server thread/INFO] [minecraft/GameTestServer]: [_]
[10:43:26] [Server thread/INFO] [minecraft/GameTestServer]: [_]
[10:43:26] [Server thread/INFO] [minecraft/MinecraftServer]: Загрузка территории: 47%, изменено блоков: 0
[10:43:26] [Server thread/INFO] [minecraft/GameTestServer]: [_]
[10:43:26] [Server thread/INFO] [minecraft/GameTestServer]: [_]
[10:43:26] [Server thread/INFO] [minecraft/GameTestServer]: [_]
[10:43:26] [Server thread/INFO] [minecraft/GameTestServer]: [_]
[10:43:27] [Server thread/INFO] [minecraft/GameTestServer]: [_]
[10:43:27] [Server thread/INFO] [minecraft/MinecraftServer]: Загрузка территории: 52%, изменено блоков: 0
[10:43:27] [Server thread/INFO] [minecraft/GameTestServer]: [_]
[10:43:27] [Server thread/INFO] [minecraft/GameTestServer]: [_]
[10:43:27] [Server thread/INFO] [minecraft/GameTestServer]: [_]
[10:43:27] [Server thread/INFO] [minecraft/GameTestServer]: [_]
[10:43:27] [Server thread/INFO] [minecraft/GameTestServer]: [_]
[10:43:27] [Server thread/INFO] [minecraft/MinecraftServer]: Загрузка территории: 57%, изменено блоков: 0
[10:43:27] [Server thread/INFO] [minecraft/GameTestServer]: [_]
[10:43:27] [Server thread/INFO] [minecraft/GameTestServer]: [_]
[10:43:28] [Server thread/INFO] [minecraft/GameTestServer]: [_]
[10:43:28] [Server thread/INFO] [minecraft/GameTestServer]: [_]
[10:43:28] [Server thread/INFO] [minecraft/GameTestServer]: [_]
[10:43:28] [Server thread/INFO] [minecraft/MinecraftServer]: Загрузка территории: 62%, изменено блоков: 0
[10:43:28] [Server thread/INFO] [minecraft/GameTestServer]: [_]
[10:43:28] [Server thread/INFO] [minecraft/GameTestServer]: [_]
[10:43:28] [Server thread/INFO] [minecraft/GameTestServer]: [_]
[10:43:28] [Server thread/INFO] [minecraft/GameTestServer]: [_]
[10:43:29] [Server thread/INFO] [minecraft/GameTestServer]: [_]
[10:43:29] [Server thread/INFO] [minecraft/MinecraftServer]: Загрузка территории: 67%, изменено блоков: 0
[10:43:29] [Server thread/INFO] [minecraft/GameTestServer]: [_]
[10:43:29] [Server thread/INFO] [minecraft/GameTestServer]: [_]
[10:43:29] [Server thread/INFO] [minecraft/GameTestServer]: [_]
[10:43:29] [Server thread/INFO] [minecraft/GameTestServer]: [_]
[10:43:29] [Server thread/INFO] [minecraft/GameTestServer]: [_]
[10:43:29] [Server thread/INFO] [minecraft/MinecraftServer]: Загрузка территории: 73%, изменено блоков: 0
[10:43:29] [Server thread/INFO] [minecraft/GameTestServer]: [_]
[10:43:29] [Server thread/INFO] [minecraft/GameTestServer]: [_]
[10:43:29] [Server thread/INFO] [minecraft/GameTestServer]: [_]
[10:43:29] [Server thread/INFO] [minecraft/GameTestServer]: [_]
[10:43:29] [Server thread/INFO] [minecraft/GameTestServer]: [_]
[10:43:30] [Server thread/INFO] [minecraft/MinecraftServer]: Загрузка территории: 78%, изменено блоков: 0
[10:43:30] [Server thread/INFO] [minecraft/GameTestServer]: [_]
[10:43:30] [Server thread/INFO] [minecraft/GameTestServer]: [_]
[10:43:30] [Server thread/INFO] [minecraft/GameTestServer]: [_]
[10:43:30] [Server thread/INFO] [minecraft/GameTestServer]: [_]
[10:43:30] [Server thread/INFO] [minecraft/GameTestServer]: [_]
[10:43:30] [Server thread/INFO] [minecraft/MinecraftServer]: Загрузка территории: 83%, изменено блоков: 0
[10:43:30] [Server thread/INFO] [minecraft/GameTestServer]: [_]
[10:43:30] [Server thread/INFO] [minecraft/GameTestServer]: [_]
[10:43:31] [Server thread/INFO] [minecraft/GameTestServer]: [_]
[10:43:31] [Server thread/INFO] [minecraft/GameTestServer]: [_]
[10:43:31] [Server thread/INFO] [minecraft/GameTestServer]: [_]
[10:43:31] [Server thread/INFO] [minecraft/MinecraftServer]: Загрузка территории: 88%, изменено блоков: 0
[10:43:31] [Server thread/INFO] [minecraft/GameTestServer]: [_]
[10:43:31] [Server thread/INFO] [minecraft/GameTestServer]: [_]
[10:43:31] [Server thread/INFO] [minecraft/GameTestServer]: [_]
[10:43:32] [Server thread/INFO] [minecraft/GameTestServer]: [_]
[10:43:32] [Server thread/INFO] [minecraft/GameTestServer]: [_]
[10:43:32] [Server thread/INFO] [minecraft/MinecraftServer]: Загрузка территории: 93%, изменено блоков: 0
[10:43:32] [Server thread/INFO] [minecraft/GameTestServer]: [_]
[10:43:32] [Server thread/INFO] [minecraft/GameTestServer]: [_]
[10:43:32] [Server thread/INFO] [minecraft/GameTestServer]: [_]
[10:43:32] [Server thread/INFO] [minecraft/GameTestServer]: [_]
[10:43:32] [Server thread/INFO] [minecraft/GameTestServer]: [_]
[10:43:32] [Server thread/INFO] [minecraft/MinecraftServer]: Загрузка территории: 98%, изменено блоков: 0
[10:43:33] [Server thread/INFO] [minecraft/GameTestServer]: [_]
[10:43:33] [Server thread/INFO] [minecraft/MinecraftServer]: Чанки загружены. Подготовка окончательного положения на Y=0
[10:43:33] [Server thread/INFO] [minecraft/GameTestServer]: [_]
[10:43:33] [Server thread/INFO] [minecraft/GameTestServer]: [_]
[10:43:33] [Server thread/INFO] [minecraft/GameTestServer]: [_]
[10:43:33] [Server thread/INFO] [minecraft/GameTestServer]: [_]
[10:43:33] [Server thread/INFO] [minecraft/MinecraftServer]: Планирование грунта: 13%, изменено блоков: 0
[10:43:33] [Server thread/INFO] [minecraft/GameTestServer]: [_]
[10:43:33] [Server thread/INFO] [minecraft/GameTestServer]: [_]
[10:43:34] [Server thread/INFO] [minecraft/GameTestServer]: [_]
[10:43:34] [Server thread/INFO] [minecraft/GameTestServer]: [_]
[10:43:34] [Server thread/INFO] [minecraft/GameTestServer]: [_]
[10:43:34] [Server thread/INFO] [minecraft/MinecraftServer]: Планирование грунта: 30%, изменено блоков: 0
[10:43:34] [Server thread/INFO] [minecraft/GameTestServer]: [_]
[10:43:34] [Server thread/INFO] [minecraft/GameTestServer]: [_]
[10:43:34] [Server thread/INFO] [minecraft/GameTestServer]: [_]
[10:43:34] [Server thread/INFO] [minecraft/GameTestServer]: [_]
[10:43:35] [Server thread/INFO] [minecraft/GameTestServer]: [_]
[10:43:35] [Server thread/INFO] [minecraft/MinecraftServer]: Планирование грунта: 47%, изменено блоков: 0
[10:43:35] [Server thread/INFO] [minecraft/GameTestServer]: [_]
[10:43:35] [Server thread/INFO] [minecraft/GameTestServer]: [_]
[10:43:35] [Server thread/INFO] [minecraft/GameTestServer]: [_]
[10:43:35] [Server thread/INFO] [minecraft/GameTestServer]: [_]
[10:43:35] [Server thread/INFO] [minecraft/GameTestServer]: [_]
[10:43:35] [Server thread/INFO] [minecraft/MinecraftServer]: Планирование грунта: 63%, изменено блоков: 0
[10:43:35] [Server thread/INFO] [minecraft/GameTestServer]: [_]
[10:43:36] [Server thread/INFO] [minecraft/GameTestServer]: [_]
[10:43:36] [Server thread/INFO] [minecraft/GameTestServer]: [_]
[10:43:36] [Server thread/INFO] [minecraft/GameTestServer]: [_]
[10:43:36] [Server thread/INFO] [minecraft/GameTestServer]: [_]
[10:43:36] [Server thread/INFO] [minecraft/MinecraftServer]: Планирование грунта: 80%, изменено блоков: 0
[10:43:36] [Server thread/INFO] [minecraft/GameTestServer]: [_]
[10:43:36] [Server thread/INFO] [minecraft/GameTestServer]: [_]
[10:43:37] [Server thread/INFO] [minecraft/GameTestServer]: [_]
[10:43:37] [Server thread/INFO] [minecraft/GameTestServer]: [_]
[10:43:37] [Server thread/INFO] [minecraft/GameTestServer]: [_]
[10:43:37] [Server thread/INFO] [minecraft/MinecraftServer]: Планирование грунта: 97%, изменено блоков: 0
[10:43:37] [Server thread/INFO] [minecraft/GameTestServer]: [_]
[10:43:37] [Server thread/INFO] [minecraft/MinecraftServer]: Проверяется другая площадка: 4 / 16
[10:43:37] [Server thread/INFO] [minecraft/GameTestServer]: [_]
[10:43:38] [Server thread/INFO] [minecraft/GameTestServer]: [_]
[10:43:38] [Server thread/INFO] [minecraft/GameTestServer]: [_]
[10:43:38] [Server thread/INFO] [minecraft/GameTestServer]: [_]
[10:43:38] [Server thread/INFO] [minecraft/MinecraftServer]: Загрузка территории: 17%, изменено блоков: 0
[10:43:38] [Server thread/INFO] [minecraft/GameTestServer]: [_]
[10:43:38] [Server thread/INFO] [minecraft/GameTestServer]: [_]
[10:43:38] [Server thread/INFO] [minecraft/GameTestServer]: [_]
[10:43:38] [Server thread/INFO] [minecraft/GameTestServer]: [_]
[10:43:38] [Server thread/INFO] [minecraft/GameTestServer]: [_]
[10:43:38] [Server thread/INFO] [minecraft/MinecraftServer]: Загрузка территории: 38%, изменено блоков: 0
[10:43:39] [Server thread/INFO] [minecraft/GameTestServer]: [_]
[10:43:39] [Server thread/INFO] [minecraft/GameTestServer]: [_]
[10:43:39] [Server thread/INFO] [minecraft/GameTestServer]: [_]
[10:43:39] [Server thread/INFO] [minecraft/GameTestServer]: [_]
[10:43:39] [Server thread/INFO] [minecraft/GameTestServer]: [_]
[10:43:39] [Server thread/INFO] [minecraft/MinecraftServer]: Загрузка территории: 58%, изменено блоков: 0
[10:43:39] [Server thread/INFO] [minecraft/GameTestServer]: [_]
[10:43:39] [Server thread/INFO] [minecraft/GameTestServer]: [_]
[10:43:39] [Server thread/INFO] [minecraft/GameTestServer]: [_]
[10:43:39] [Server thread/INFO] [minecraft/GameTestServer]: [_]
[10:43:39] [Server thread/INFO] [minecraft/GameTestServer]: [_]
[10:43:40] [Server thread/INFO] [minecraft/MinecraftServer]: Загрузка территории: 80%, изменено блоков: 0
[10:43:40] [Server thread/INFO] [minecraft/GameTestServer]: [_]
[10:43:40] [Server thread/INFO] [minecraft/GameTestServer]: [_]
[10:43:40] [Server thread/INFO] [minecraft/GameTestServer]: [_]
[10:43:40] [Server thread/INFO] [minecraft/GameTestServer]: [_]
[10:43:40] [Server thread/INFO] [minecraft/GameTestServer]: [_]
[10:43:40] [Server thread/INFO] [minecraft/MinecraftServer]: Загрузка территории: 1%, изменено блоков: 0
[10:43:40] [Server thread/INFO] [minecraft/GameTestServer]: [_]
[10:43:40] [Server thread/INFO] [minecraft/GameTestServer]: [_]
[10:43:40] [Server thread/INFO] [minecraft/GameTestServer]: [_]
[10:43:41] [Server thread/INFO] [minecraft/GameTestServer]: [_]
[10:43:41] [Server thread/INFO] [minecraft/GameTestServer]: [_]
[10:43:41] [Server thread/INFO] [minecraft/MinecraftServer]: Загрузка территории: 13%, изменено блоков: 0
[10:43:41] [Server thread/INFO] [minecraft/GameTestServer]: [_]
[10:43:41] [Server thread/INFO] [minecraft/GameTestServer]: [_]
[10:43:41] [Server thread/INFO] [minecraft/GameTestServer]: [_]
[10:43:41] [Server thread/INFO] [minecraft/GameTestServer]: [_]
[10:43:41] [Server thread/INFO] [minecraft/GameTestServer]: [_]
[10:43:41] [Server thread/INFO] [minecraft/MinecraftServer]: Загрузка территории: 21%, изменено блоков: 0
[10:43:41] [Server thread/INFO] [minecraft/GameTestServer]: [_]
[10:43:42] [Server thread/INFO] [minecraft/GameTestServer]: [_]
[10:43:42] [Server thread/INFO] [minecraft/GameTestServer]: [_]
[10:43:42] [Server thread/INFO] [minecraft/GameTestServer]: [_]
[10:43:42] [Server thread/INFO] [minecraft/GameTestServer]: [_]
[10:43:42] [Server thread/INFO] [minecraft/MinecraftServer]: Загрузка территории: 30%, изменено блоков: 0
[10:43:42] [Server thread/INFO] [minecraft/GameTestServer]: [_]
[10:43:42] [Server thread/INFO] [minecraft/GameTestServer]: [_]
[10:43:42] [Server thread/INFO] [minecraft/GameTestServer]: [_]
[10:43:42] [Server thread/INFO] [minecraft/GameTestServer]: [_]
[10:43:43] [Server thread/INFO] [minecraft/GameTestServer]: [_]
[10:43:43] [Server thread/INFO] [minecraft/MinecraftServer]: Загрузка территории: 36%, изменено блоков: 0
[10:43:43] [Server thread/INFO] [minecraft/GameTestServer]: [_]
[10:43:43] [Server thread/INFO] [minecraft/GameTestServer]: [_]
[10:43:43] [Server thread/INFO] [minecraft/GameTestServer]: [_]
[10:43:43] [Server thread/INFO] [minecraft/GameTestServer]: [_]
[10:43:43] [Server thread/INFO] [minecraft/GameTestServer]: [_]
[10:43:43] [Server thread/INFO] [minecraft/MinecraftServer]: Загрузка территории: 42%, изменено блоков: 0
[10:43:44] [Server thread/INFO] [minecraft/GameTestServer]: [_]
[10:43:44] [Server thread/INFO] [minecraft/GameTestServer]: [_]
[10:43:44] [Server thread/INFO] [minecraft/GameTestServer]: [_]
[10:43:44] [Server thread/INFO] [minecraft/GameTestServer]: [_]
[10:43:44] [Server thread/INFO] [minecraft/GameTestServer]: [_]
[10:43:44] [Server thread/INFO] [minecraft/MinecraftServer]: Загрузка территории: 49%, изменено блоков: 0
[10:43:44] [Server thread/INFO] [minecraft/GameTestServer]: [_]
[10:43:44] [Server thread/INFO] [minecraft/GameTestServer]: [_]
[10:43:44] [Server thread/INFO] [minecraft/GameTestServer]: [_]
[10:43:45] [Server thread/INFO] [minecraft/GameTestServer]: [_]
[10:43:45] [Server thread/INFO] [minecraft/GameTestServer]: [_]
[10:43:45] [Server thread/INFO] [minecraft/MinecraftServer]: Загрузка территории: 54%, изменено блоков: 0
[10:43:45] [Server thread/INFO] [minecraft/GameTestServer]: [_]
[10:43:45] [Server thread/INFO] [minecraft/GameTestServer]: [_]
[10:43:45] [Server thread/INFO] [minecraft/GameTestServer]: [_]
[10:43:45] [Server thread/INFO] [minecraft/GameTestServer]: [_]
[10:43:45] [Server thread/INFO] [minecraft/GameTestServer]: [_]
[10:43:46] [Server thread/INFO] [minecraft/MinecraftServer]: Загрузка территории: 59%, изменено блоков: 0
[10:43:46] [Server thread/INFO] [minecraft/GameTestServer]: [_]
[10:43:46] [Server thread/INFO] [minecraft/GameTestServer]: [_]
[10:43:46] [Server thread/INFO] [minecraft/GameTestServer]: [_]
[10:43:46] [Server thread/INFO] [minecraft/GameTestServer]: [_]
[10:43:46] [Server thread/INFO] [minecraft/GameTestServer]: [_]
[10:43:46] [Server thread/INFO] [minecraft/MinecraftServer]: Загрузка территории: 64%, изменено блоков: 0
[10:43:46] [Server thread/INFO] [minecraft/GameTestServer]: [_]
[10:43:46] [Server thread/INFO] [minecraft/GameTestServer]: [_]
[10:43:47] [Server thread/INFO] [minecraft/GameTestServer]: [_]
[10:43:47] [Server thread/INFO] [minecraft/GameTestServer]: [_]
[10:43:47] [Server thread/INFO] [minecraft/GameTestServer]: [_]
[10:43:47] [Server thread/INFO] [minecraft/MinecraftServer]: Загрузка территории: 69%, изменено блоков: 0
[10:43:47] [Server thread/INFO] [minecraft/GameTestServer]: [_]
[10:43:47] [Server thread/INFO] [minecraft/GameTestServer]: [_]
[10:43:47] [Server thread/INFO] [minecraft/GameTestServer]: [_]
[10:43:47] [Server thread/INFO] [minecraft/GameTestServer]: [_]
[10:43:48] [Server thread/INFO] [minecraft/GameTestServer]: [_]
[10:43:48] [Server thread/INFO] [minecraft/MinecraftServer]: Загрузка территории: 74%, изменено блоков: 0
[10:43:48] [Server thread/INFO] [minecraft/GameTestServer]: [_]
[10:43:48] [Server thread/INFO] [minecraft/GameTestServer]: [_]
[10:43:48] [Server thread/INFO] [minecraft/GameTestServer]: [_]
[10:43:48] [Server thread/INFO] [minecraft/GameTestServer]: [_]
[10:43:48] [Server thread/INFO] [minecraft/GameTestServer]: [_]
[10:43:48] [Server thread/INFO] [minecraft/MinecraftServer]: Загрузка территории: 80%, изменено блоков: 0
[10:43:48] [Server thread/INFO] [minecraft/GameTestServer]: [_]
[10:43:48] [Server thread/INFO] [minecraft/GameTestServer]: [_]
[10:43:49] [Server thread/INFO] [minecraft/GameTestServer]: [_]
[10:43:49] [Server thread/INFO] [minecraft/GameTestServer]: [_]
[10:43:49] [Server thread/INFO] [minecraft/GameTestServer]: [_]
[10:43:49] [Server thread/INFO] [minecraft/MinecraftServer]: Загрузка территории: 85%, изменено блоков: 0
[10:43:49] [Server thread/INFO] [minecraft/GameTestServer]: [_]
[10:43:49] [Server thread/INFO] [minecraft/GameTestServer]: [_]
[10:43:49] [Server thread/INFO] [minecraft/GameTestServer]: [_]
[10:43:49] [Server thread/INFO] [minecraft/GameTestServer]: [_]
[10:43:50] [Server thread/INFO] [minecraft/GameTestServer]: [_]
[10:43:50] [Server thread/INFO] [minecraft/MinecraftServer]: Загрузка территории: 90%, изменено блоков: 0
[10:43:50] [Server thread/INFO] [minecraft/GameTestServer]: [_]
[10:43:50] [Server thread/INFO] [minecraft/GameTestServer]: [_]
[10:43:50] [Server thread/INFO] [minecraft/GameTestServer]: [_]
[10:43:50] [Server thread/INFO] [minecraft/GameTestServer]: [_]
[10:43:50] [Server thread/INFO] [minecraft/GameTestServer]: [_]
[10:43:50] [Server thread/INFO] [minecraft/MinecraftServer]: Загрузка территории: 95%, изменено блоков: 0
[10:43:50] [Server thread/INFO] [minecraft/GameTestServer]: [_]
[10:43:50] [Server thread/INFO] [minecraft/GameTestServer]: [_]
[10:43:51] [Server thread/INFO] [minecraft/GameTestServer]: [_]
[10:43:51] [Server thread/INFO] [minecraft/GameTestServer]: [_]
[10:43:51] [Server thread/INFO] [minecraft/GameTestServer]: [_]
[10:43:51] [Server thread/INFO] [minecraft/MinecraftServer]: Чанки загружены. Подготовка окончательного положения на Y=0
[10:43:51] [Server thread/INFO] [minecraft/MinecraftServer]: Планирование грунта: 1%, изменено блоков: 0
[10:43:51] [Server thread/INFO] [minecraft/GameTestServer]: [_]
[10:43:51] [Server thread/INFO] [minecraft/GameTestServer]: [_]
[10:43:51] [Server thread/INFO] [minecraft/GameTestServer]: [_]
[10:43:52] [Server thread/INFO] [minecraft/GameTestServer]: [_]
[10:43:52] [Server thread/INFO] [minecraft/GameTestServer]: [_]
[10:43:52] [Server thread/INFO] [minecraft/MinecraftServer]: Планирование грунта: 18%, изменено блоков: 0
[10:43:52] [Server thread/INFO] [minecraft/GameTestServer]: [_]
[10:43:52] [Server thread/INFO] [minecraft/GameTestServer]: [_]
[10:43:52] [Server thread/INFO] [minecraft/GameTestServer]: [_]
[10:43:52] [Server thread/INFO] [minecraft/GameTestServer]: [_]
[10:43:53] [Server thread/INFO] [minecraft/GameTestServer]: [_]
[10:43:53] [Server thread/INFO] [minecraft/MinecraftServer]: Планирование грунта: 35%, изменено блоков: 0
[10:43:53] [Server thread/INFO] [minecraft/GameTestServer]: [_]
[10:43:53] [Server thread/INFO] [minecraft/GameTestServer]: [_]
[10:43:53] [Server thread/INFO] [minecraft/GameTestServer]: [_]
[10:43:53] [Server thread/INFO] [minecraft/GameTestServer]: [_]
[10:43:53] [Server thread/INFO] [minecraft/GameTestServer]: [_]
[10:43:53] [Server thread/INFO] [minecraft/MinecraftServer]: Планирование грунта: 52%, изменено блоков: 0
[10:43:53] [Server thread/INFO] [minecraft/GameTestServer]: [_]
[10:43:54] [Server thread/INFO] [minecraft/GameTestServer]: [_]
[10:43:54] [Server thread/INFO] [minecraft/GameTestServer]: [_]
[10:43:54] [Server thread/INFO] [minecraft/GameTestServer]: [_]
[10:43:54] [Server thread/INFO] [minecraft/GameTestServer]: [_]
[10:43:54] [Server thread/INFO] [minecraft/MinecraftServer]: Планирование грунта: 69%, изменено блоков: 0
[10:43:54] [Server thread/INFO] [minecraft/GameTestServer]: [_]
[10:43:54] [Server thread/INFO] [minecraft/GameTestServer]: [_]
[10:43:54] [Server thread/INFO] [minecraft/GameTestServer]: [_]
[10:43:55] [Server thread/INFO] [minecraft/GameTestServer]: [_]
[10:43:55] [Server thread/INFO] [minecraft/GameTestServer]: [_]
[10:43:55] [Server thread/INFO] [minecraft/MinecraftServer]: Планирование грунта: 86%, изменено блоков: 0
[10:43:55] [Server thread/INFO] [minecraft/GameTestServer]: [_]
[10:43:55] [Server thread/INFO] [minecraft/GameTestServer]: [_]
[10:43:55] [Server thread/INFO] [minecraft/GameTestServer]: [_]
[10:43:55] [Server thread/INFO] [minecraft/GameTestServer]: [_]
[10:43:55] [Server thread/INFO] [minecraft/MinecraftServer]: Проверяется другая площадка: 5 / 16
[10:43:56] [Server thread/INFO] [minecraft/GameTestServer]: [_]
[10:43:56] [Server thread/INFO] [minecraft/MinecraftServer]: Загрузка территории: 3%, изменено блоков: 0
[10:43:56] [Server thread/INFO] [minecraft/GameTestServer]: [_]
[10:43:56] [Server thread/INFO] [minecraft/GameTestServer]: [_]
[10:43:56] [Server thread/INFO] [minecraft/GameTestServer]: [_]
[10:43:56] [Server thread/INFO] [minecraft/GameTestServer]: [_]
[10:43:56] [Server thread/INFO] [minecraft/GameTestServer]: [_]
[10:43:56] [Server thread/INFO] [minecraft/MinecraftServer]: Загрузка территории: 23%, изменено блоков: 0
[10:43:56] [Server thread/INFO] [minecraft/GameTestServer]: [_]
[10:43:56] [Server thread/INFO] [minecraft/GameTestServer]: [_]
[10:43:57] [Server thread/INFO] [minecraft/GameTestServer]: [_]
[10:43:57] [Server thread/INFO] [minecraft/GameTestServer]: [_]
[10:43:57] [Server thread/INFO] [minecraft/GameTestServer]: [_]
[10:43:57] [Server thread/INFO] [minecraft/MinecraftServer]: Загрузка территории: 45%, изменено блоков: 0
[10:43:57] [Server thread/INFO] [minecraft/GameTestServer]: [_]
[10:43:57] [Server thread/INFO] [minecraft/GameTestServer]: [_]
[10:43:57] [Server thread/INFO] [minecraft/GameTestServer]: [_]
[10:43:57] [Server thread/INFO] [minecraft/GameTestServer]: [_]
[10:43:58] [Server thread/INFO] [minecraft/GameTestServer]: [_]
[10:43:58] [Server thread/INFO] [minecraft/MinecraftServer]: Загрузка территории: 66%, изменено блоков: 0
[10:43:58] [Server thread/INFO] [minecraft/GameTestServer]: [_]
[10:43:58] [Server thread/INFO] [minecraft/GameTestServer]: [_]
[10:43:58] [Server thread/INFO] [minecraft/GameTestServer]: [_]
[10:43:58] [Server thread/INFO] [minecraft/GameTestServer]: [_]
[10:43:58] [Server thread/INFO] [minecraft/GameTestServer]: [_]
[10:43:58] [Server thread/INFO] [minecraft/MinecraftServer]: Загрузка территории: 86%, изменено блоков: 0
[10:43:58] [Server thread/INFO] [minecraft/GameTestServer]: [_]
[10:43:58] [Server thread/INFO] [minecraft/GameTestServer]: [_]
[10:43:59] [Server thread/INFO] [minecraft/GameTestServer]: [_]
[10:43:59] [Server thread/INFO] [minecraft/GameTestServer]: [_]
[10:43:59] [Server thread/INFO] [minecraft/GameTestServer]: [_]
[10:43:59] [Server thread/INFO] [minecraft/MinecraftServer]: Загрузка территории: 10%, изменено блоков: 0
[10:43:59] [Server thread/INFO] [minecraft/GameTestServer]: [_]
[10:43:59] [Server thread/INFO] [minecraft/GameTestServer]: [_]
[10:43:59] [Server thread/INFO] [minecraft/GameTestServer]: [_]
[10:43:59] [Server thread/INFO] [minecraft/GameTestServer]: [_]
[10:44:00] [Server thread/INFO] [minecraft/GameTestServer]: [_]
[10:44:00] [Server thread/INFO] [minecraft/MinecraftServer]: Загрузка территории: 27%, изменено блоков: 0
[10:44:00] [Server thread/INFO] [minecraft/GameTestServer]: [_]
[10:44:00] [Server thread/INFO] [minecraft/GameTestServer]: [_]
[10:44:00] [Server thread/INFO] [minecraft/GameTestServer]: [_]
[10:44:00] [Server thread/INFO] [minecraft/GameTestServer]: [_]
[10:44:00] [Server thread/INFO] [minecraft/GameTestServer]: [_]
[10:44:00] [Server thread/INFO] [minecraft/MinecraftServer]: Загрузка территории: 41%, изменено блоков: 0
[10:44:00] [Server thread/INFO] [minecraft/GameTestServer]: [_]
[10:44:00] [Server thread/INFO] [minecraft/GameTestServer]: [_]
[10:44:01] [Server thread/INFO] [minecraft/GameTestServer]: [_]
[10:44:01] [Server thread/INFO] [minecraft/GameTestServer]: [_]
[10:44:01] [Server thread/INFO] [minecraft/GameTestServer]: [_]
[10:44:01] [Server thread/INFO] [minecraft/MinecraftServer]: Загрузка территории: 53%, изменено блоков: 0
[10:44:01] [Server thread/INFO] [minecraft/GameTestServer]: [_]
[10:44:01] [Server thread/INFO] [minecraft/GameTestServer]: [_]
[10:44:01] [Server thread/INFO] [minecraft/GameTestServer]: [_]
[10:44:01] [Server thread/INFO] [minecraft/GameTestServer]: [_]
[10:44:01] [Server thread/INFO] [minecraft/GameTestServer]: [_]
[10:44:01] [Server thread/INFO] [minecraft/MinecraftServer]: Загрузка территории: 65%, изменено блоков: 0
[10:44:02] [Server thread/INFO] [minecraft/GameTestServer]: [_]
[10:44:02] [Server thread/INFO] [minecraft/GameTestServer]: [_]
[10:44:02] [Server thread/INFO] [minecraft/GameTestServer]: [_]
[10:44:02] [Server thread/INFO] [minecraft/GameTestServer]: [_]
[10:44:02] [Server thread/INFO] [minecraft/GameTestServer]: [_]
[10:44:02] [Server thread/INFO] [minecraft/MinecraftServer]: Загрузка территории: 74%, изменено блоков: 0
[10:44:02] [Server thread/INFO] [minecraft/GameTestServer]: [_]
[10:44:02] [Server thread/INFO] [minecraft/GameTestServer]: [_]
[10:44:02] [Server thread/INFO] [minecraft/GameTestServer]: [_]
[10:44:03] [Server thread/INFO] [minecraft/GameTestServer]: [_]
[10:44:03] [Server thread/INFO] [minecraft/GameTestServer]: [_]
[10:44:03] [Server thread/INFO] [minecraft/MinecraftServer]: Загрузка территории: 81%, изменено блоков: 0
[10:44:03] [Server thread/INFO] [minecraft/GameTestServer]: [_]
[10:44:03] [Server thread/INFO] [minecraft/GameTestServer]: [_]
[10:44:03] [Server thread/INFO] [minecraft/GameTestServer]: [_]
[10:44:03] [Server thread/INFO] [minecraft/GameTestServer]: [_]
[10:44:03] [Server thread/INFO] [minecraft/GameTestServer]: [_]
[10:44:03] [Server thread/INFO] [minecraft/MinecraftServer]: Загрузка территории: 90%, изменено блоков: 0
[10:44:03] [Server thread/INFO] [minecraft/GameTestServer]: [_]
[10:44:04] [Server thread/INFO] [minecraft/GameTestServer]: [_]
[10:44:04] [Server thread/INFO] [minecraft/GameTestServer]: [_]
[10:44:04] [Server thread/INFO] [minecraft/GameTestServer]: [_]
[10:44:04] [Server thread/INFO] [minecraft/GameTestServer]: [_]
[10:44:04] [Server thread/INFO] [minecraft/MinecraftServer]: Загрузка территории: 98%, изменено блоков: 0
[10:44:04] [Server thread/INFO] [minecraft/GameTestServer]: [_]
[10:44:04] [Server thread/INFO] [minecraft/MinecraftServer]: Чанки загружены. Подготовка окончательного положения на Y=0
[10:44:04] [Server thread/INFO] [minecraft/GameTestServer]: [_]
[10:44:04] [Server thread/INFO] [minecraft/GameTestServer]: [_]
[10:44:04] [Server thread/INFO] [minecraft/GameTestServer]: [_]
[10:44:05] [Server thread/INFO] [minecraft/GameTestServer]: [_]
[10:44:05] [Server thread/INFO] [minecraft/MinecraftServer]: Планирование грунта: 19%, изменено блоков: 0
[10:44:05] [Server thread/INFO] [minecraft/GameTestServer]: [_]
[10:44:05] [Server thread/INFO] [minecraft/GameTestServer]: [_]
[10:44:05] [Server thread/INFO] [minecraft/GameTestServer]: [_]
[10:44:05] [Server thread/INFO] [minecraft/GameTestServer]: [_]
[10:44:05] [Server thread/INFO] [minecraft/GameTestServer]: [_]
[10:44:05] [Server thread/INFO] [minecraft/MinecraftServer]: Планирование грунта: 44%, изменено блоков: 0
[10:44:05] [Server thread/INFO] [minecraft/GameTestServer]: [_]
[10:44:06] [Server thread/INFO] [minecraft/GameTestServer]: [_]
[10:44:06] [Server thread/INFO] [minecraft/GameTestServer]: [_]
[10:44:06] [Server thread/INFO] [minecraft/GameTestServer]: [_]
[10:44:06] [Server thread/INFO] [minecraft/GameTestServer]: [_]
[10:44:06] [Server thread/INFO] [minecraft/MinecraftServer]: Планирование грунта: 70%, изменено блоков: 0
[10:44:06] [Server thread/INFO] [minecraft/GameTestServer]: [_]
[10:44:06] [Server thread/INFO] [minecraft/GameTestServer]: [_]
[10:44:06] [Server thread/INFO] [minecraft/GameTestServer]: [_]
[10:44:06] [Server thread/INFO] [minecraft/GameTestServer]: [_]
[10:44:07] [Server thread/INFO] [minecraft/GameTestServer]: [_]
[10:44:07] [Server thread/INFO] [minecraft/MinecraftServer]: Планирование грунта: 95%, изменено блоков: 0
[10:44:07] [Server thread/INFO] [minecraft/GameTestServer]: [_]
[10:44:07] [Server thread/INFO] [minecraft/MinecraftServer]: Проверяется другая площадка: 6 / 16
[10:44:07] [Server thread/INFO] [minecraft/GameTestServer]: [_]
[10:44:07] [Server thread/INFO] [minecraft/GameTestServer]: [_]
[10:44:07] [Server thread/INFO] [minecraft/GameTestServer]: [_]
[10:44:07] [Server thread/INFO] [minecraft/GameTestServer]: [_]
[10:44:07] [Server thread/INFO] [minecraft/MinecraftServer]: Загрузка территории: 16%, изменено блоков: 0
[10:44:07] [Server thread/INFO] [minecraft/GameTestServer]: [_]
[10:44:07] [Server thread/INFO] [minecraft/GameTestServer]: [_]
[10:44:08] [Server thread/INFO] [minecraft/GameTestServer]: [_]
[10:44:08] [Server thread/INFO] [minecraft/GameTestServer]: [_]
[10:44:08] [Server thread/INFO] [minecraft/GameTestServer]: [_]
[10:44:08] [Server thread/INFO] [minecraft/MinecraftServer]: Загрузка территории: 37%, изменено блоков: 0
[10:44:08] [Server thread/INFO] [minecraft/GameTestServer]: [_]
[10:44:08] [Server thread/INFO] [minecraft/GameTestServer]: [_]
[10:44:08] [Server thread/INFO] [minecraft/GameTestServer]: [_]
[10:44:08] [Server thread/INFO] [minecraft/GameTestServer]: [_]
[10:44:08] [Server thread/INFO] [minecraft/GameTestServer]: [_]
[10:44:08] [Server thread/INFO] [minecraft/MinecraftServer]: Загрузка территории: 58%, изменено блоков: 0
[10:44:08] [Server thread/INFO] [minecraft/GameTestServer]: [_]
[10:44:09] [Server thread/INFO] [minecraft/GameTestServer]: [_]
[10:44:09] [Server thread/INFO] [minecraft/GameTestServer]: [_]
[10:44:09] [Server thread/INFO] [minecraft/GameTestServer]: [_]
[10:44:09] [Server thread/INFO] [minecraft/GameTestServer]: [_]
[10:44:09] [Server thread/INFO] [minecraft/MinecraftServer]: Загрузка территории: 78%, изменено блоков: 0
[10:44:09] [Server thread/INFO] [minecraft/GameTestServer]: [_]
[10:44:09] [Server thread/INFO] [minecraft/GameTestServer]: [_]
[10:44:09] [Server thread/INFO] [minecraft/GameTestServer]: [_]
[10:44:09] [Server thread/INFO] [minecraft/GameTestServer]: [_]
[10:44:10] [Server thread/INFO] [minecraft/GameTestServer]: [_]
[10:44:10] [Server thread/INFO] [minecraft/MinecraftServer]: Загрузка территории: 0%, изменено блоков: 0
[10:44:10] [Server thread/INFO] [minecraft/GameTestServer]: [_]
[10:44:10] [Server thread/INFO] [minecraft/GameTestServer]: [_]
[10:44:10] [Server thread/INFO] [minecraft/GameTestServer]: [_]
[10:44:10] [Server thread/INFO] [minecraft/GameTestServer]: [_]
[10:44:10] [Server thread/INFO] [minecraft/GameTestServer]: [_]
[10:44:10] [Server thread/INFO] [minecraft/MinecraftServer]: Загрузка территории: 11%, изменено блоков: 0
[10:44:11] [Server thread/INFO] [minecraft/GameTestServer]: [_]
[10:44:11] [Server thread/INFO] [minecraft/GameTestServer]: [_]
[10:44:11] [Server thread/INFO] [minecraft/GameTestServer]: [_]
[10:44:11] [Server thread/INFO] [minecraft/GameTestServer]: [_]
[10:44:11] [Server thread/INFO] [minecraft/GameTestServer]: [_]
[10:44:11] [Server thread/INFO] [minecraft/MinecraftServer]: Загрузка территории: 21%, изменено блоков: 0
[10:44:11] [Server thread/INFO] [minecraft/GameTestServer]: [_]
[10:44:11] [Server thread/INFO] [minecraft/GameTestServer]: [_]
[10:44:11] [Server thread/INFO] [minecraft/GameTestServer]: [_]
[10:44:12] [Server thread/INFO] [minecraft/GameTestServer]: [_]
[10:44:12] [Server thread/INFO] [minecraft/GameTestServer]: [_]
[10:44:12] [Server thread/INFO] [minecraft/MinecraftServer]: Загрузка территории: 30%, изменено блоков: 0
[10:44:12] [Server thread/INFO] [minecraft/GameTestServer]: [_]
[10:44:12] [Server thread/INFO] [minecraft/GameTestServer]: [_]
[10:44:12] [Server thread/INFO] [minecraft/GameTestServer]: [_]
[10:44:12] [Server thread/INFO] [minecraft/GameTestServer]: [_]
[10:44:12] [Server thread/INFO] [minecraft/GameTestServer]: [_]
[10:44:13] [Server thread/INFO] [minecraft/MinecraftServer]: Загрузка территории: 37%, изменено блоков: 0
[10:44:13] [Server thread/INFO] [minecraft/GameTestServer]: [_]
[10:44:13] [Server thread/INFO] [minecraft/GameTestServer]: [_]
[10:44:13] [Server thread/INFO] [minecraft/GameTestServer]: [_]
[10:44:13] [Server thread/INFO] [minecraft/GameTestServer]: [_]
[10:44:13] [Server thread/INFO] [minecraft/GameTestServer]: [_]
[10:44:13] [Server thread/INFO] [minecraft/MinecraftServer]: Загрузка территории: 44%, изменено блоков: 0
[10:44:13] [Server thread/INFO] [minecraft/GameTestServer]: [_]
[10:44:13] [Server thread/INFO] [minecraft/GameTestServer]: [_]
[10:44:14] [Server thread/INFO] [minecraft/GameTestServer]: [_]
[10:44:14] [Server thread/INFO] [minecraft/GameTestServer]: [_]
[10:44:14] [Server thread/INFO] [minecraft/GameTestServer]: [_]
[10:44:14] [Server thread/INFO] [minecraft/MinecraftServer]: Загрузка территории: 50%, изменено блоков: 0
[10:44:14] [Server thread/INFO] [minecraft/GameTestServer]: [_]
[10:44:14] [Server thread/INFO] [minecraft/GameTestServer]: [_]
[10:44:14] [Server thread/INFO] [minecraft/GameTestServer]: [_]
[10:44:14] [Server thread/INFO] [minecraft/GameTestServer]: [_]
[10:44:14] [Server thread/INFO] [minecraft/GameTestServer]: [_]
[10:44:15] [Server thread/INFO] [minecraft/MinecraftServer]: Загрузка территории: 55%, изменено блоков: 0
[10:44:15] [Server thread/INFO] [minecraft/GameTestServer]: [_]
[10:44:15] [Server thread/INFO] [minecraft/GameTestServer]: [_]
[10:44:15] [Server thread/INFO] [minecraft/GameTestServer]: [_]
[10:44:15] [Server thread/INFO] [minecraft/GameTestServer]: [_]
[10:44:15] [Server thread/INFO] [minecraft/GameTestServer]: [_]
[10:44:15] [Server thread/INFO] [minecraft/MinecraftServer]: Загрузка территории: 61%, изменено блоков: 0
[10:44:15] [Server thread/INFO] [minecraft/GameTestServer]: [_]
[10:44:15] [Server thread/INFO] [minecraft/GameTestServer]: [_]
[10:44:16] [Server thread/INFO] [minecraft/GameTestServer]: [_]
[10:44:16] [Server thread/INFO] [minecraft/GameTestServer]: [_]
[10:44:16] [Server thread/INFO] [minecraft/GameTestServer]: [_]
[10:44:16] [Server thread/INFO] [minecraft/MinecraftServer]: Загрузка территории: 66%, изменено блоков: 0
[10:44:16] [Server thread/INFO] [minecraft/GameTestServer]: [_]
[10:44:16] [Server thread/INFO] [minecraft/GameTestServer]: [_]
[10:44:16] [Server thread/INFO] [minecraft/GameTestServer]: [_]
[10:44:16] [Server thread/INFO] [minecraft/GameTestServer]: [_]
[10:44:16] [Server thread/INFO] [minecraft/GameTestServer]: [_]
[10:44:16] [Server thread/INFO] [minecraft/MinecraftServer]: Загрузка территории: 71%, изменено блоков: 0
[10:44:16] [Server thread/INFO] [minecraft/GameTestServer]: [_]
[10:44:17] [Server thread/INFO] [minecraft/GameTestServer]: [_]
[10:44:17] [Server thread/INFO] [minecraft/GameTestServer]: [_]
[10:44:17] [Server thread/INFO] [minecraft/GameTestServer]: [_]
[10:44:17] [Server thread/INFO] [minecraft/GameTestServer]: [_]
[10:44:17] [Server thread/INFO] [minecraft/MinecraftServer]: Загрузка территории: 77%, изменено блоков: 0
[10:44:17] [Server thread/INFO] [minecraft/GameTestServer]: [_]
[10:44:17] [Server thread/INFO] [minecraft/GameTestServer]: [_]
[10:44:17] [Server thread/INFO] [minecraft/GameTestServer]: [_]
[10:44:17] [Server thread/INFO] [minecraft/GameTestServer]: [_]
[10:44:18] [Server thread/INFO] [minecraft/GameTestServer]: [_]
[10:44:18] [Server thread/INFO] [minecraft/MinecraftServer]: Загрузка территории: 82%, изменено блоков: 0
[10:44:18] [Server thread/INFO] [minecraft/GameTestServer]: [_]
[10:44:18] [Server thread/INFO] [minecraft/GameTestServer]: [_]
[10:44:18] [Server thread/INFO] [minecraft/GameTestServer]: [_]
[10:44:18] [Server thread/INFO] [minecraft/GameTestServer]: [_]
[10:44:18] [Server thread/INFO] [minecraft/GameTestServer]: [_]
[10:44:18] [Server thread/INFO] [minecraft/MinecraftServer]: Загрузка территории: 87%, изменено блоков: 0
[10:44:18] [Server thread/INFO] [minecraft/GameTestServer]: [_]
[10:44:18] [Server thread/INFO] [minecraft/GameTestServer]: [_]
[10:44:18] [Server thread/INFO] [minecraft/GameTestServer]: [_]
[10:44:19] [Server thread/INFO] [minecraft/GameTestServer]: [_]
[10:44:19] [Server thread/INFO] [minecraft/GameTestServer]: [_]
[10:44:19] [Server thread/INFO] [minecraft/MinecraftServer]: Загрузка территории: 92%, изменено блоков: 0
[10:44:19] [Server thread/INFO] [minecraft/GameTestServer]: [_]
[10:44:19] [Server thread/INFO] [minecraft/GameTestServer]: [_]
[10:44:19] [Server thread/INFO] [minecraft/GameTestServer]: [_]
[10:44:19] [Server thread/INFO] [minecraft/GameTestServer]: [_]
[10:44:19] [Server thread/INFO] [minecraft/GameTestServer]: [_]
[10:44:19] [Server thread/INFO] [minecraft/MinecraftServer]: Загрузка территории: 97%, изменено блоков: 0
[10:44:19] [Server thread/INFO] [minecraft/GameTestServer]: [_]
[10:44:20] [Server thread/INFO] [minecraft/GameTestServer]: [_]
[10:44:20] [Server thread/INFO] [minecraft/MinecraftServer]: Чанки загружены. Подготовка окончательного положения на Y=0
[10:44:20] [Server thread/INFO] [minecraft/GameTestServer]: [_]
[10:44:20] [Server thread/INFO] [minecraft/GameTestServer]: [_]
[10:44:20] [Server thread/INFO] [minecraft/GameTestServer]: [_]
[10:44:20] [Server thread/INFO] [minecraft/MinecraftServer]: Планирование грунта: 8%, изменено блоков: 0
[10:44:20] [Server thread/INFO] [minecraft/GameTestServer]: [_]
[10:44:20] [Server thread/INFO] [minecraft/GameTestServer]: [_]
[10:44:20] [Server thread/INFO] [minecraft/GameTestServer]: [_]
[10:44:21] [Server thread/INFO] [minecraft/GameTestServer]: [_]
[10:44:21] [Server thread/INFO] [minecraft/GameTestServer]: [_]
[10:44:21] [Server thread/INFO] [minecraft/MinecraftServer]: Планирование грунта: 25%, изменено блоков: 0
[10:44:21] [Server thread/INFO] [minecraft/GameTestServer]: [_]
[10:44:21] [Server thread/INFO] [minecraft/GameTestServer]: [_]
[10:44:21] [Server thread/INFO] [minecraft/GameTestServer]: [_]
[10:44:21] [Server thread/INFO] [minecraft/GameTestServer]: [_]
[10:44:21] [Server thread/INFO] [minecraft/GameTestServer]: [_]
[10:44:21] [Server thread/INFO] [minecraft/MinecraftServer]: Планирование грунта: 42%, изменено блоков: 0
[10:44:22] [Server thread/INFO] [minecraft/GameTestServer]: [_]
[10:44:22] [Server thread/INFO] [minecraft/GameTestServer]: [_]
[10:44:22] [Server thread/INFO] [minecraft/GameTestServer]: [_]
[10:44:22] [Server thread/INFO] [minecraft/GameTestServer]: [_]
[10:44:22] [Server thread/INFO] [minecraft/GameTestServer]: [_]
[10:44:22] [Server thread/INFO] [minecraft/MinecraftServer]: Планирование грунта: 59%, изменено блоков: 0
[10:44:22] [Server thread/INFO] [minecraft/GameTestServer]: [_]
[10:44:22] [Server thread/INFO] [minecraft/GameTestServer]: [_]
[10:44:23] [Server thread/INFO] [minecraft/GameTestServer]: [_]
[10:44:23] [Server thread/INFO] [minecraft/GameTestServer]: [_]
[10:44:23] [Server thread/INFO] [minecraft/GameTestServer]: [_]
[10:44:23] [Server thread/INFO] [minecraft/MinecraftServer]: Планирование грунта: 76%, изменено блоков: 0
[10:44:23] [Server thread/INFO] [minecraft/GameTestServer]: [_]
[10:44:23] [Server thread/INFO] [minecraft/GameTestServer]: [_]
[10:44:23] [Server thread/INFO] [minecraft/GameTestServer]: [_]
[10:44:24] [Server thread/INFO] [minecraft/GameTestServer]: [_]
[10:44:24] [Server thread/INFO] [minecraft/GameTestServer]: [_]
[10:44:24] [Server thread/INFO] [minecraft/MinecraftServer]: Планирование грунта: 93%, изменено блоков: 0
[10:44:24] [Server thread/INFO] [minecraft/GameTestServer]: [_]
[10:44:24] [Server thread/INFO] [minecraft/GameTestServer]: [_]
[10:44:24] [Server thread/INFO] [minecraft/GameTestServer]: [_]
[10:44:24] [Server thread/INFO] [minecraft/GameTestServer]: [_]
[10:44:25] [Server thread/INFO] [minecraft/GameTestServer]: [_]
[10:44:25] [Server thread/INFO] [minecraft/MinecraftServer]: Проверка конечного места: 25%, изменено блоков: 0
[10:44:25] [Server thread/INFO] [minecraft/GameTestServer]: [_]
[10:44:25] [Server thread/INFO] [minecraft/GameTestServer]: [_]
[10:44:25] [Server thread/INFO] [minecraft/GameTestServer]: [_]
[10:44:25] [Server thread/INFO] [minecraft/GameTestServer]: [_]
[10:44:26] [Server thread/INFO] [minecraft/GameTestServer]: [_]
[10:44:26] [Server thread/INFO] [minecraft/MinecraftServer]: Проверка конечного места: 27%, изменено блоков: 0
[10:44:26] [Server thread/INFO] [minecraft/GameTestServer]: [_]
[10:44:26] [Server thread/INFO] [minecraft/GameTestServer]: [_]
[10:44:26] [Server thread/INFO] [minecraft/GameTestServer]: [_]
[10:44:26] [Server thread/INFO] [minecraft/GameTestServer]: [_]
[10:44:27] [Server thread/INFO] [minecraft/GameTestServer]: [_]
[10:44:27] [Server thread/INFO] [minecraft/MinecraftServer]: Проверка конечного места: 28%, изменено блоков: 0
[10:44:27] [Server thread/INFO] [minecraft/GameTestServer]: [_]
[10:44:27] [Server thread/INFO] [minecraft/GameTestServer]: [_]
[10:44:27] [Server thread/INFO] [minecraft/GameTestServer]: [_]
[10:44:28] [Server thread/INFO] [minecraft/GameTestServer]: [_]
[10:44:28] [Server thread/INFO] [minecraft/GameTestServer]: [_]
[10:44:28] [Server thread/INFO] [minecraft/MinecraftServer]: Проверка конечного места: 28%, изменено блоков: 0
[10:44:28] [Server thread/INFO] [minecraft/GameTestServer]: [_]
[10:44:28] [Server thread/INFO] [minecraft/GameTestServer]: [_]
[10:44:28] [Server thread/INFO] [minecraft/GameTestServer]: [_]
[10:44:29] [Server thread/INFO] [minecraft/GameTestServer]: [_]
[10:44:29] [Server thread/INFO] [minecraft/GameTestServer]: [_]
[10:44:29] [Server thread/INFO] [minecraft/MinecraftServer]: Проверка конечного места: 28%, изменено блоков: 0
[10:44:29] [Server thread/INFO] [minecraft/GameTestServer]: [_]
[10:44:29] [Server thread/INFO] [minecraft/GameTestServer]: [_]
[10:44:30] [Server thread/INFO] [minecraft/GameTestServer]: [_]
[10:44:30] [Server thread/INFO] [minecraft/GameTestServer]: [_]
[10:44:30] [Server thread/INFO] [minecraft/GameTestServer]: [_]
[10:44:30] [Server thread/INFO] [minecraft/MinecraftServer]: Проверка конечного места: 28%, изменено блоков: 0
[10:44:30] [Server thread/INFO] [minecraft/GameTestServer]: [_]
[10:44:30] [Server thread/INFO] [minecraft/GameTestServer]: [_]
[10:44:31] [Server thread/INFO] [minecraft/GameTestServer]: [_]
[10:44:31] [Server thread/INFO] [minecraft/GameTestServer]: [_]
[10:44:31] [Server thread/INFO] [minecraft/GameTestServer]: [_]
[10:44:31] [Server thread/INFO] [minecraft/MinecraftServer]: Проверка конечного места: 28%, изменено блоков: 0
[10:44:31] [Server thread/INFO] [minecraft/GameTestServer]: [_]
[10:44:32] [Server thread/INFO] [minecraft/GameTestServer]: [_]
[10:44:32] [Server thread/INFO] [minecraft/GameTestServer]: [_]
[10:44:32] [Server thread/INFO] [minecraft/GameTestServer]: [_]
[10:44:32] [Server thread/INFO] [minecraft/GameTestServer]: [_]
[10:44:32] [Server thread/INFO] [minecraft/MinecraftServer]: Проверка конечного места: 29%, изменено блоков: 0
[10:44:32] [Server thread/INFO] [minecraft/GameTestServer]: [_]
[10:44:33] [Server thread/INFO] [minecraft/GameTestServer]: [_]
[10:44:33] [Server thread/INFO] [minecraft/GameTestServer]: [_]
[10:44:33] [Server thread/INFO] [minecraft/GameTestServer]: [_]
[10:44:33] [Server thread/INFO] [minecraft/GameTestServer]: [_]
[10:44:33] [Server thread/INFO] [minecraft/MinecraftServer]: Проверка конечного места: 29%, изменено блоков: 0
[10:44:34] [Server thread/INFO] [minecraft/GameTestServer]: [_]
[10:44:34] [Server thread/INFO] [minecraft/GameTestServer]: [_]
[10:44:34] [Server thread/INFO] [minecraft/GameTestServer]: [_]
[10:44:34] [Server thread/INFO] [minecraft/GameTestServer]: [_]
[10:44:34] [Server thread/INFO] [minecraft/GameTestServer]: [_]
[10:44:34] [Server thread/INFO] [minecraft/MinecraftServer]: Проверка конечного места: 29%, изменено блоков: 0
[10:44:35] [Server thread/INFO] [minecraft/GameTestServer]: [_]
[10:44:35] [Server thread/INFO] [minecraft/GameTestServer]: [_]
[10:44:35] [Server thread/INFO] [minecraft/GameTestServer]: [_]
[10:44:35] [Server thread/INFO] [minecraft/GameTestServer]: [_]
[10:44:35] [Server thread/INFO] [minecraft/GameTestServer]: [_]
[10:44:36] [Server thread/INFO] [minecraft/MinecraftServer]: Проверка конечного места: 30%, изменено блоков: 0
[10:44:36] [Server thread/INFO] [minecraft/GameTestServer]: [_]
[10:44:36] [Server thread/INFO] [minecraft/GameTestServer]: [_]
[10:44:36] [Server thread/INFO] [minecraft/GameTestServer]: [_]
[10:44:36] [Server thread/INFO] [minecraft/GameTestServer]: [_]
[10:44:37] [Server thread/INFO] [minecraft/GameTestServer]: [_]
[10:44:37] [Server thread/INFO] [minecraft/MinecraftServer]: Проверка конечного места: 30%, изменено блоков: 0
[10:44:37] [Server thread/INFO] [minecraft/GameTestServer]: [_]
[10:44:37] [Server thread/INFO] [minecraft/GameTestServer]: [_]
[10:44:37] [Server thread/INFO] [minecraft/GameTestServer]: [_]
[10:44:37] [Server thread/INFO] [minecraft/GameTestServer]: [_]
[10:44:38] [Server thread/INFO] [minecraft/GameTestServer]: [_]
[10:44:38] [Server thread/INFO] [minecraft/MinecraftServer]: Проверка конечного места: 30%, изменено блоков: 0
[10:44:38] [Server thread/INFO] [minecraft/GameTestServer]: [_]
[10:44:38] [Server thread/INFO] [minecraft/GameTestServer]: [_]
[10:44:38] [Server thread/INFO] [minecraft/GameTestServer]: [_]
[10:44:38] [Server thread/INFO] [minecraft/GameTestServer]: [_]
[10:44:39] [Server thread/INFO] [minecraft/GameTestServer]: [_]
[10:44:39] [Server thread/INFO] [minecraft/MinecraftServer]: Проверка конечного места: 30%, изменено блоков: 0
[10:44:39] [Server thread/INFO] [minecraft/GameTestServer]: [_]
[10:44:39] [Server thread/INFO] [minecraft/GameTestServer]: [_]
[10:44:39] [Server thread/INFO] [minecraft/GameTestServer]: [_]
[10:44:39] [Server thread/INFO] [minecraft/GameTestServer]: [_]
[10:44:40] [Server thread/INFO] [minecraft/GameTestServer]: [_]
[10:44:40] [Server thread/INFO] [minecraft/MinecraftServer]: Проверка конечного места: 31%, изменено блоков: 0
[10:44:40] [Server thread/INFO] [minecraft/GameTestServer]: [_]
[10:44:40] [Server thread/INFO] [minecraft/GameTestServer]: [_]
[10:44:40] [Server thread/INFO] [minecraft/GameTestServer]: [_]
[10:44:40] [Server thread/INFO] [minecraft/GameTestServer]: [_]
[10:44:41] [Server thread/INFO] [minecraft/GameTestServer]: [_]
[10:44:41] [Server thread/INFO] [minecraft/MinecraftServer]: Проверка конечного места: 31%, изменено блоков: 0
[10:44:41] [Server thread/INFO] [minecraft/GameTestServer]: [_]
[10:44:41] [Server thread/INFO] [minecraft/GameTestServer]: [_]
[10:44:41] [Server thread/INFO] [minecraft/GameTestServer]: [_]
[10:44:41] [Server thread/INFO] [minecraft/GameTestServer]: [_]
[10:44:42] [Server thread/INFO] [minecraft/GameTestServer]: [_]
[10:44:42] [Server thread/INFO] [minecraft/MinecraftServer]: Проверка конечного места: 31%, изменено блоков: 0
[10:44:42] [Server thread/INFO] [minecraft/GameTestServer]: [_]
[10:44:42] [Server thread/INFO] [minecraft/GameTestServer]: [_]
[10:44:42] [Server thread/INFO] [minecraft/GameTestServer]: [_]
[10:44:42] [Server thread/INFO] [minecraft/GameTestServer]: [_]
[10:44:43] [Server thread/INFO] [minecraft/GameTestServer]: [_]
[10:44:43] [Server thread/INFO] [minecraft/MinecraftServer]: Проверка конечного места: 31%, изменено блоков: 0
[10:44:43] [Server thread/INFO] [minecraft/GameTestServer]: [_]
[10:44:43] [Server thread/INFO] [minecraft/GameTestServer]: [_]
[10:44:43] [Server thread/INFO] [minecraft/GameTestServer]: [_]
[10:44:43] [Server thread/INFO] [minecraft/GameTestServer]: [_]
[10:44:44] [Server thread/INFO] [minecraft/GameTestServer]: [_]
[10:44:44] [Server thread/INFO] [minecraft/MinecraftServer]: Проверка конечного места: 32%, изменено блоков: 0
[10:44:44] [Server thread/INFO] [minecraft/GameTestServer]: [_]
[10:44:44] [Server thread/INFO] [minecraft/GameTestServer]: [_]
[10:44:44] [Server thread/INFO] [minecraft/GameTestServer]: [_]
[10:44:44] [Server thread/INFO] [minecraft/GameTestServer]: [_]
[10:44:45] [Server thread/INFO] [minecraft/GameTestServer]: [_]
[10:44:45] [Server thread/INFO] [minecraft/MinecraftServer]: Проверка конечного места: 32%, изменено блоков: 0
[10:44:45] [Server thread/INFO] [minecraft/GameTestServer]: [_]
[10:44:45] [Server thread/INFO] [minecraft/GameTestServer]: [_]
[10:44:45] [Server thread/INFO] [minecraft/GameTestServer]: [_]
[10:44:46] [Server thread/INFO] [minecraft/GameTestServer]: [_]
[10:44:46] [Server thread/INFO] [minecraft/GameTestServer]: [_]
[10:44:46] [Server thread/INFO] [minecraft/MinecraftServer]: Проверка конечного места: 32%, изменено блоков: 0
[10:44:46] [Server thread/INFO] [minecraft/GameTestServer]: [_]
[10:44:46] [Server thread/INFO] [minecraft/GameTestServer]: [_]
[10:44:47] [Server thread/INFO] [minecraft/GameTestServer]: [_]
[10:44:47] [Server thread/INFO] [minecraft/GameTestServer]: [_]
[10:44:47] [Server thread/INFO] [minecraft/GameTestServer]: [_]
[10:44:47] [Server thread/INFO] [minecraft/MinecraftServer]: Проверка конечного места: 33%, изменено блоков: 0
[10:44:47] [Server thread/INFO] [minecraft/GameTestServer]: [_]
[10:44:47] [Server thread/INFO] [minecraft/GameTestServer]: [_]
[10:44:48] [Server thread/INFO] [minecraft/GameTestServer]: [_]
[10:44:48] [Server thread/INFO] [minecraft/GameTestServer]: [_]
[10:44:48] [Server thread/INFO] [minecraft/GameTestServer]: [_]
[10:44:48] [Server thread/INFO] [minecraft/MinecraftServer]: Проверка конечного места: 33%, изменено блоков: 0
[10:44:48] [Server thread/INFO] [minecraft/GameTestServer]: [_]
[10:44:48] [Server thread/INFO] [minecraft/GameTestServer]: [_]
[10:44:49] [Server thread/INFO] [minecraft/GameTestServer]: [_]
[10:44:49] [Server thread/INFO] [minecraft/GameTestServer]: [_]
[10:44:49] [Server thread/INFO] [minecraft/GameTestServer]: [_]
[10:44:49] [Server thread/INFO] [minecraft/MinecraftServer]: Проверка конечного места: 33%, изменено блоков: 0
[10:44:49] [Server thread/INFO] [minecraft/GameTestServer]: [_]
[10:44:50] [Server thread/INFO] [minecraft/GameTestServer]: [_]
[10:44:50] [Server thread/INFO] [minecraft/GameTestServer]: [_]
[10:44:50] [Server thread/INFO] [minecraft/GameTestServer]: [_]
[10:44:50] [Server thread/INFO] [minecraft/GameTestServer]: [_]
[10:44:50] [Server thread/INFO] [minecraft/MinecraftServer]: Проверка конечного места: 33%, изменено блоков: 0
[10:44:51] [Server thread/INFO] [minecraft/GameTestServer]: [_]
[10:44:51] [Server thread/INFO] [minecraft/GameTestServer]: [_]
[10:44:51] [Server thread/INFO] [minecraft/GameTestServer]: [_]
[10:44:51] [Server thread/INFO] [minecraft/GameTestServer]: [_]
[10:44:51] [Server thread/INFO] [minecraft/GameTestServer]: [_]
[10:44:52] [Server thread/INFO] [minecraft/MinecraftServer]: Проверка конечного места: 34%, изменено блоков: 0
[10:44:52] [Server thread/INFO] [minecraft/GameTestServer]: [_]
[10:44:52] [Server thread/INFO] [minecraft/GameTestServer]: [_]
[10:44:52] [Server thread/INFO] [minecraft/GameTestServer]: [_]
[10:44:52] [Server thread/INFO] [minecraft/GameTestServer]: [_]
[10:44:52] [Server thread/INFO] [minecraft/GameTestServer]: [_]
[10:44:53] [Server thread/INFO] [minecraft/MinecraftServer]: Проверка конечного места: 34%, изменено блоков: 0
[10:44:53] [Server thread/INFO] [minecraft/GameTestServer]: [_]
[10:44:53] [Server thread/INFO] [minecraft/GameTestServer]: [_]
[10:44:53] [Server thread/INFO] [minecraft/GameTestServer]: [_]
[10:44:53] [Server thread/INFO] [minecraft/GameTestServer]: [_]
[10:44:53] [Server thread/INFO] [minecraft/GameTestServer]: [_]
[10:44:54] [Server thread/INFO] [minecraft/MinecraftServer]: Проверка конечного места: 34%, изменено блоков: 0
[10:44:54] [Server thread/INFO] [minecraft/GameTestServer]: [_]
[10:44:54] [Server thread/INFO] [minecraft/GameTestServer]: [_]
[10:44:54] [Server thread/INFO] [minecraft/GameTestServer]: [_]
[10:44:54] [Server thread/INFO] [minecraft/GameTestServer]: [_]
[10:44:55] [Server thread/INFO] [minecraft/GameTestServer]: [_]
[10:44:55] [Server thread/INFO] [minecraft/MinecraftServer]: Проверка конечного места: 35%, изменено блоков: 0
[10:44:55] [Server thread/INFO] [minecraft/GameTestServer]: [_]
[10:44:55] [Server thread/INFO] [minecraft/GameTestServer]: [_]
[10:44:55] [Server thread/INFO] [minecraft/GameTestServer]: [_]
[10:44:56] [Server thread/INFO] [minecraft/GameTestServer]: [_]
[10:44:56] [Server thread/INFO] [minecraft/GameTestServer]: [_]
[10:44:56] [Server thread/INFO] [minecraft/MinecraftServer]: Проверка конечного места: 35%, изменено блоков: 0
[10:44:56] [Server thread/INFO] [minecraft/GameTestServer]: [_]
[10:44:56] [Server thread/INFO] [minecraft/GameTestServer]: [_]
[10:44:56] [Server thread/INFO] [minecraft/GameTestServer]: [_]
[10:44:57] [Server thread/INFO] [minecraft/GameTestServer]: [_]
[10:44:57] [Server thread/INFO] [minecraft/GameTestServer]: [_]
[10:44:57] [Server thread/INFO] [minecraft/MinecraftServer]: Проверка конечного места: 35%, изменено блоков: 0
[10:44:57] [Server thread/INFO] [minecraft/GameTestServer]: [_]
[10:44:57] [Server thread/INFO] [minecraft/GameTestServer]: [_]
[10:44:57] [Server thread/INFO] [minecraft/GameTestServer]: [_]
[10:44:58] [Server thread/INFO] [minecraft/GameTestServer]: [_]
[10:44:58] [Server thread/INFO] [minecraft/GameTestServer]: [_]
[10:44:58] [Server thread/INFO] [minecraft/MinecraftServer]: Проверка конечного места: 35%, изменено блоков: 0
[10:44:58] [Server thread/INFO] [minecraft/GameTestServer]: [_]
[10:44:58] [Server thread/INFO] [minecraft/GameTestServer]: [_]
[10:44:58] [Server thread/INFO] [minecraft/GameTestServer]: [_]
[10:44:59] [Server thread/INFO] [minecraft/GameTestServer]: [_]
[10:44:59] [Server thread/INFO] [minecraft/GameTestServer]: [_]
[10:44:59] [Server thread/INFO] [minecraft/MinecraftServer]: Проверка конечного места: 35%, изменено блоков: 0
[10:44:59] [Server thread/INFO] [minecraft/GameTestServer]: [_]
[10:44:59] [Server thread/INFO] [minecraft/GameTestServer]: [_]
[10:45:00] [Server thread/INFO] [minecraft/GameTestServer]: [_]
[10:45:00] [Server thread/INFO] [minecraft/GameTestServer]: [_]
[10:45:00] [Server thread/INFO] [minecraft/GameTestServer]: [_]
[10:45:00] [Server thread/INFO] [minecraft/MinecraftServer]: Проверка конечного места: 36%, изменено блоков: 0
[10:45:00] [Server thread/INFO] [minecraft/GameTestServer]: [_]
[10:45:00] [Server thread/INFO] [minecraft/GameTestServer]: [_]
[10:45:01] [Server thread/INFO] [minecraft/GameTestServer]: [_]
[10:45:01] [Server thread/INFO] [minecraft/GameTestServer]: [_]
[10:45:01] [Server thread/INFO] [minecraft/GameTestServer]: [_]
[10:45:01] [Server thread/INFO] [minecraft/MinecraftServer]: Проверка конечного места: 36%, изменено блоков: 0
[10:45:01] [Server thread/INFO] [minecraft/GameTestServer]: [_]
[10:45:02] [Server thread/INFO] [minecraft/GameTestServer]: [_]
[10:45:02] [Server thread/INFO] [minecraft/GameTestServer]: [_]
[10:45:02] [Server thread/INFO] [minecraft/GameTestServer]: [_]
[10:45:02] [Server thread/INFO] [minecraft/GameTestServer]: [_]
[10:45:02] [Server thread/INFO] [minecraft/MinecraftServer]: Проверка конечного места: 36%, изменено блоков: 0
[10:45:02] [Server thread/INFO] [minecraft/GameTestServer]: [_]
[10:45:03] [Server thread/INFO] [minecraft/GameTestServer]: [_]
[10:45:03] [Server thread/INFO] [minecraft/GameTestServer]: [_]
[10:45:03] [Server thread/INFO] [minecraft/GameTestServer]: [_]
[10:45:03] [Server thread/INFO] [minecraft/GameTestServer]: [_]
[10:45:04] [Server thread/INFO] [minecraft/MinecraftServer]: Проверка конечного места: 36%, изменено блоков: 0
[10:45:04] [Server thread/INFO] [minecraft/GameTestServer]: [_]
[10:45:04] [Server thread/INFO] [minecraft/GameTestServer]: [_]
[10:45:04] [Server thread/INFO] [minecraft/GameTestServer]: [_]
[10:45:04] [Server thread/INFO] [minecraft/GameTestServer]: [_]
[10:45:05] [Server thread/INFO] [minecraft/GameTestServer]: [_]
[10:45:05] [Server thread/INFO] [minecraft/MinecraftServer]: Проверка конечного места: 37%, изменено блоков: 0
[10:45:05] [Server thread/INFO] [minecraft/GameTestServer]: [_]
[10:45:05] [Server thread/INFO] [minecraft/GameTestServer]: [_]
[10:45:05] [Server thread/INFO] [minecraft/GameTestServer]: [_]
[10:45:05] [Server thread/INFO] [minecraft/GameTestServer]: [_]
[10:45:05] [Server thread/INFO] [minecraft/GameTestServer]: [_]
[10:45:06] [Server thread/INFO] [minecraft/MinecraftServer]: Проверка конечного места: 37%, изменено блоков: 0
[10:45:06] [Server thread/INFO] [minecraft/GameTestServer]: [_]
[10:45:06] [Server thread/INFO] [minecraft/GameTestServer]: [_]
[10:45:06] [Server thread/INFO] [minecraft/GameTestServer]: [_]
[10:45:06] [Server thread/INFO] [minecraft/GameTestServer]: [_]
[10:45:06] [Server thread/INFO] [minecraft/GameTestServer]: [_]
[10:45:07] [Server thread/INFO] [minecraft/MinecraftServer]: Проверка конечного места: 37%, изменено блоков: 0
[10:45:07] [Server thread/INFO] [minecraft/GameTestServer]: [_]
[10:45:07] [Server thread/INFO] [minecraft/GameTestServer]: [_]
[10:45:07] [Server thread/INFO] [minecraft/GameTestServer]: [_]
[10:45:07] [Server thread/INFO] [minecraft/GameTestServer]: [_]
[10:45:07] [Server thread/INFO] [minecraft/GameTestServer]: [_]
[10:45:07] [Server thread/INFO] [minecraft/MinecraftServer]: Проверка конечного места: 38%, изменено блоков: 0
[10:45:07] [Server thread/INFO] [minecraft/GameTestServer]: [_]
[10:45:08] [Server thread/INFO] [minecraft/GameTestServer]: [_]
[10:45:08] [Server thread/INFO] [minecraft/GameTestServer]: [_]
[10:45:08] [Server thread/INFO] [minecraft/GameTestServer]: [_]
[10:45:08] [Server thread/INFO] [minecraft/GameTestServer]: [_]
[10:45:08] [Server thread/INFO] [minecraft/MinecraftServer]: Проверка конечного места: 38%, изменено блоков: 0
[10:45:08] [Server thread/INFO] [minecraft/GameTestServer]: [_]
[10:45:08] [Server thread/INFO] [minecraft/GameTestServer]: [_]
[10:45:09] [Server thread/INFO] [minecraft/GameTestServer]: [_]
[10:45:09] [Server thread/INFO] [minecraft/GameTestServer]: [_]
[10:45:09] [Server thread/INFO] [minecraft/GameTestServer]: [_]
[10:45:09] [Server thread/INFO] [minecraft/MinecraftServer]: Проверка конечного места: 38%, изменено блоков: 0
[10:45:09] [Server thread/INFO] [minecraft/GameTestServer]: [_]
[10:45:09] [Server thread/INFO] [minecraft/GameTestServer]: [_]
[10:45:09] [Server thread/INFO] [minecraft/GameTestServer]: [_]
[10:45:10] [Server thread/INFO] [minecraft/GameTestServer]: [_]
[10:45:10] [Server thread/INFO] [minecraft/GameTestServer]: [_]
[10:45:10] [Server thread/INFO] [minecraft/MinecraftServer]: Проверка конечного места: 39%, изменено блоков: 0
[10:45:10] [Server thread/INFO] [minecraft/GameTestServer]: [_]
[10:45:10] [Server thread/INFO] [minecraft/GameTestServer]: [_]
[10:45:10] [Server thread/INFO] [minecraft/GameTestServer]: [_]
[10:45:11] [Server thread/INFO] [minecraft/GameTestServer]: [_]
[10:45:11] [Server thread/INFO] [minecraft/GameTestServer]: [_]
[10:45:11] [Server thread/INFO] [minecraft/MinecraftServer]: Проверка конечного места: 39%, изменено блоков: 0
[10:45:11] [Server thread/INFO] [minecraft/GameTestServer]: [_]
[10:45:11] [Server thread/INFO] [minecraft/GameTestServer]: [_]
[10:45:11] [Server thread/INFO] [minecraft/GameTestServer]: [_]
[10:45:11] [Server thread/INFO] [minecraft/GameTestServer]: [_]
[10:45:12] [Server thread/INFO] [minecraft/GameTestServer]: [_]
[10:45:12] [Server thread/INFO] [minecraft/MinecraftServer]: Проверка конечного места: 39%, изменено блоков: 0
[10:45:12] [Server thread/INFO] [minecraft/GameTestServer]: [_]
[10:45:12] [Server thread/INFO] [minecraft/GameTestServer]: [_]
[10:45:12] [Server thread/INFO] [minecraft/GameTestServer]: [_]
[10:45:12] [Server thread/INFO] [minecraft/GameTestServer]: [_]
[10:45:13] [Server thread/INFO] [minecraft/GameTestServer]: [_]
[10:45:13] [Server thread/INFO] [minecraft/MinecraftServer]: Проверка конечного места: 40%, изменено блоков: 0
[10:45:13] [Server thread/INFO] [minecraft/GameTestServer]: [_]
[10:45:13] [Server thread/INFO] [minecraft/GameTestServer]: [_]
[10:45:13] [Server thread/INFO] [minecraft/GameTestServer]: [_]
[10:45:13] [Server thread/INFO] [minecraft/GameTestServer]: [_]
[10:45:14] [Server thread/INFO] [minecraft/GameTestServer]: [_]
[10:45:14] [Server thread/INFO] [minecraft/MinecraftServer]: Проверка конечного места: 40%, изменено блоков: 0
[10:45:14] [Server thread/INFO] [minecraft/GameTestServer]: [_]
[10:45:14] [Server thread/INFO] [minecraft/GameTestServer]: [_]
[10:45:14] [Server thread/INFO] [minecraft/GameTestServer]: [_]
[10:45:14] [Server thread/INFO] [minecraft/GameTestServer]: [_]
[10:45:15] [Server thread/INFO] [minecraft/GameTestServer]: [_]
[10:45:15] [Server thread/INFO] [minecraft/MinecraftServer]: Проверка конечного места: 40%, изменено блоков: 0
[10:45:15] [Server thread/INFO] [minecraft/GameTestServer]: [_]
[10:45:15] [Server thread/INFO] [minecraft/GameTestServer]: [_]
[10:45:15] [Server thread/INFO] [minecraft/GameTestServer]: [_]
[10:45:15] [Server thread/INFO] [minecraft/GameTestServer]: [_]
[10:45:16] [Server thread/INFO] [minecraft/GameTestServer]: [_]
[10:45:16] [Server thread/INFO] [minecraft/MinecraftServer]: Проверка конечного места: 40%, изменено блоков: 0
[10:45:16] [Server thread/INFO] [minecraft/GameTestServer]: [_]
[10:45:16] [Server thread/INFO] [minecraft/GameTestServer]: [_]
[10:45:16] [Server thread/INFO] [minecraft/GameTestServer]: [_]
[10:45:16] [Server thread/INFO] [minecraft/GameTestServer]: [_]
[10:45:16] [Server thread/INFO] [minecraft/GameTestServer]: [_]
[10:45:17] [Server thread/INFO] [minecraft/MinecraftServer]: Проверка конечного места: 41%, изменено блоков: 0
[10:45:17] [Server thread/INFO] [minecraft/GameTestServer]: [_]
[10:45:17] [Server thread/INFO] [minecraft/GameTestServer]: [_]
[10:45:17] [Server thread/INFO] [minecraft/GameTestServer]: [_]
[10:45:17] [Server thread/INFO] [minecraft/GameTestServer]: [_]
[10:45:17] [Server thread/INFO] [minecraft/GameTestServer]: [_]
[10:45:18] [Server thread/INFO] [minecraft/MinecraftServer]: Проверка конечного места: 41%, изменено блоков: 0
[10:45:18] [Server thread/INFO] [minecraft/GameTestServer]: [_]
[10:45:18] [Server thread/INFO] [minecraft/GameTestServer]: [_]
[10:45:18] [Server thread/INFO] [minecraft/GameTestServer]: [_]
[10:45:18] [Server thread/INFO] [minecraft/GameTestServer]: [_]
[10:45:18] [Server thread/INFO] [minecraft/GameTestServer]: [_]
[10:45:19] [Server thread/INFO] [minecraft/MinecraftServer]: Проверка конечного места: 41%, изменено блоков: 0
[10:45:19] [Server thread/INFO] [minecraft/GameTestServer]: [_]
[10:45:19] [Server thread/INFO] [minecraft/GameTestServer]: [_]
[10:45:19] [Server thread/INFO] [minecraft/GameTestServer]: [_]
[10:45:19] [Server thread/INFO] [minecraft/GameTestServer]: [_]
[10:45:19] [Server thread/INFO] [minecraft/GameTestServer]: [_]
[10:45:20] [Server thread/INFO] [minecraft/MinecraftServer]: Проверка конечного места: 42%, изменено блоков: 0
[10:45:20] [Server thread/INFO] [minecraft/GameTestServer]: [_]
[10:45:20] [Server thread/INFO] [minecraft/GameTestServer]: [_]
[10:45:20] [Server thread/INFO] [minecraft/GameTestServer]: [_]
[10:45:20] [Server thread/INFO] [minecraft/GameTestServer]: [_]
[10:45:20] [Server thread/INFO] [minecraft/GameTestServer]: [_]
[10:45:21] [Server thread/INFO] [minecraft/MinecraftServer]: Проверка конечного места: 42%, изменено блоков: 0
[10:45:21] [Server thread/INFO] [minecraft/GameTestServer]: [_]
[10:45:21] [Server thread/INFO] [minecraft/GameTestServer]: [_]
[10:45:21] [Server thread/INFO] [minecraft/GameTestServer]: [_]
[10:45:21] [Server thread/INFO] [minecraft/GameTestServer]: [_]
[10:45:21] [Server thread/INFO] [minecraft/GameTestServer]: [_]
[10:45:22] [Server thread/INFO] [minecraft/MinecraftServer]: Проверка конечного места: 42%, изменено блоков: 0
[10:45:22] [Server thread/INFO] [minecraft/GameTestServer]: [_]
[10:45:22] [Server thread/INFO] [minecraft/GameTestServer]: [_]
[10:45:22] [Server thread/INFO] [minecraft/GameTestServer]: [_]
[10:45:22] [Server thread/INFO] [minecraft/GameTestServer]: [_]
[10:45:23] [Server thread/INFO] [minecraft/GameTestServer]: [_]
[10:45:23] [Server thread/INFO] [minecraft/MinecraftServer]: Проверка конечного места: 43%, изменено блоков: 0
[10:45:23] [Server thread/INFO] [minecraft/GameTestServer]: [_]
[10:45:23] [Server thread/INFO] [minecraft/GameTestServer]: [_]
[10:45:23] [Server thread/INFO] [minecraft/GameTestServer]: [_]
[10:45:23] [Server thread/INFO] [minecraft/GameTestServer]: [_]
[10:45:24] [Server thread/INFO] [minecraft/GameTestServer]: [_]
[10:45:24] [Server thread/INFO] [minecraft/MinecraftServer]: Проверка конечного места: 43%, изменено блоков: 0
[10:45:24] [Server thread/INFO] [minecraft/GameTestServer]: [_]
[10:45:24] [Server thread/INFO] [minecraft/GameTestServer]: [_]
[10:45:24] [Server thread/INFO] [minecraft/GameTestServer]: [_]
[10:45:25] [Server thread/INFO] [minecraft/GameTestServer]: [_]
[10:45:25] [Server thread/INFO] [minecraft/GameTestServer]: [_]
[10:45:25] [Server thread/INFO] [minecraft/MinecraftServer]: Проверка конечного места: 43%, изменено блоков: 0
[10:45:25] [Server thread/INFO] [minecraft/GameTestServer]: [_]
[10:45:25] [Server thread/INFO] [minecraft/GameTestServer]: [_]
[10:45:25] [Server thread/INFO] [minecraft/GameTestServer]: [_]
[10:45:26] [Server thread/INFO] [minecraft/GameTestServer]: [_]
[10:45:26] [Server thread/INFO] [minecraft/GameTestServer]: [_]
[10:45:26] [Server thread/INFO] [minecraft/MinecraftServer]: Проверка конечного места: 43%, изменено блоков: 0
[10:45:26] [Server thread/INFO] [minecraft/GameTestServer]: [_]
[10:45:26] [Server thread/INFO] [minecraft/GameTestServer]: [_]
[10:45:27] [Server thread/INFO] [minecraft/GameTestServer]: [_]
[10:45:27] [Server thread/INFO] [minecraft/GameTestServer]: [_]
[10:45:27] [Server thread/INFO] [minecraft/GameTestServer]: [_]
[10:45:27] [Server thread/INFO] [minecraft/MinecraftServer]: Проверка конечного места: 44%, изменено блоков: 0
[10:45:27] [Server thread/INFO] [minecraft/GameTestServer]: [_]
[10:45:27] [Server thread/INFO] [minecraft/GameTestServer]: [_]
[10:45:28] [Server thread/INFO] [minecraft/GameTestServer]: [_]
[10:45:28] [Server thread/INFO] [minecraft/GameTestServer]: [_]
[10:45:28] [Server thread/INFO] [minecraft/GameTestServer]: [_]
[10:45:28] [Server thread/INFO] [minecraft/MinecraftServer]: Проверка конечного места: 44%, изменено блоков: 0
[10:45:28] [Server thread/INFO] [minecraft/GameTestServer]: [_]
[10:45:29] [Server thread/INFO] [minecraft/GameTestServer]: [_]
[10:45:29] [Server thread/INFO] [minecraft/GameTestServer]: [_]
[10:45:29] [Server thread/INFO] [minecraft/GameTestServer]: [_]
[10:45:29] [Server thread/INFO] [minecraft/GameTestServer]: [_]
[10:45:29] [Server thread/INFO] [minecraft/MinecraftServer]: Проверка конечного места: 44%, изменено блоков: 0
[10:45:30] [Server thread/INFO] [minecraft/GameTestServer]: [_]
[10:45:30] [Server thread/INFO] [minecraft/GameTestServer]: [_]
[10:45:30] [Server thread/INFO] [minecraft/GameTestServer]: [_]
[10:45:30] [Server thread/INFO] [minecraft/GameTestServer]: [_]
[10:45:31] [Server thread/INFO] [minecraft/GameTestServer]: [_]
[10:45:31] [Server thread/INFO] [minecraft/MinecraftServer]: Проверка конечного места: 45%, изменено блоков: 0
[10:45:31] [Server thread/INFO] [minecraft/GameTestServer]: [_]
[10:45:31] [Server thread/INFO] [minecraft/GameTestServer]: [_]
[10:45:31] [Server thread/INFO] [minecraft/GameTestServer]: [_]
[10:45:31] [Server thread/INFO] [minecraft/GameTestServer]: [_]
[10:45:32] [Server thread/INFO] [minecraft/GameTestServer]: [_]
[10:45:32] [Server thread/INFO] [minecraft/MinecraftServer]: Проверка конечного места: 45%, изменено блоков: 0
[10:45:32] [Server thread/INFO] [minecraft/GameTestServer]: [_]
[10:45:32] [Server thread/INFO] [minecraft/GameTestServer]: [_]
[10:45:32] [Server thread/INFO] [minecraft/GameTestServer]: [_]
[10:45:33] [Server thread/INFO] [minecraft/GameTestServer]: [_]
[10:45:33] [Server thread/INFO] [minecraft/GameTestServer]: [_]
[10:45:33] [Server thread/INFO] [minecraft/MinecraftServer]: Проверка конечного места: 45%, изменено блоков: 0
[10:45:33] [Server thread/INFO] [minecraft/GameTestServer]: [_]
[10:45:33] [Server thread/INFO] [minecraft/GameTestServer]: [_]
[10:45:33] [Server thread/INFO] [minecraft/GameTestServer]: [_]
[10:45:34] [Server thread/INFO] [minecraft/GameTestServer]: [_]
[10:45:34] [Server thread/INFO] [minecraft/GameTestServer]: [_]
[10:45:34] [Server thread/INFO] [minecraft/MinecraftServer]: Проверка конечного места: 46%, изменено блоков: 0
[10:45:34] [Server thread/INFO] [minecraft/GameTestServer]: [_]
[10:45:34] [Server thread/INFO] [minecraft/GameTestServer]: [_]
[10:45:34] [Server thread/INFO] [minecraft/GameTestServer]: [_]
[10:45:35] [Server thread/INFO] [minecraft/GameTestServer]: [_]
[10:45:35] [Server thread/INFO] [minecraft/GameTestServer]: [_]
[10:45:35] [Server thread/INFO] [minecraft/MinecraftServer]: Проверка конечного места: 46%, изменено блоков: 0
[10:45:35] [Server thread/INFO] [minecraft/GameTestServer]: [_]
[10:45:35] [Server thread/INFO] [minecraft/GameTestServer]: [_]
[10:45:36] [Server thread/INFO] [minecraft/GameTestServer]: [_]
[10:45:36] [Server thread/INFO] [minecraft/GameTestServer]: [_]
[10:45:36] [Server thread/INFO] [minecraft/GameTestServer]: [_]
[10:45:36] [Server thread/INFO] [minecraft/MinecraftServer]: Проверка конечного места: 46%, изменено блоков: 0
[10:45:36] [Server thread/INFO] [minecraft/GameTestServer]: [_]
[10:45:36] [Server thread/INFO] [minecraft/GameTestServer]: [_]
[10:45:37] [Server thread/INFO] [minecraft/GameTestServer]: [_]
[10:45:37] [Server thread/INFO] [minecraft/GameTestServer]: [_]
[10:45:37] [Server thread/INFO] [minecraft/GameTestServer]: [_]
[10:45:37] [Server thread/INFO] [minecraft/MinecraftServer]: Проверка конечного места: 46%, изменено блоков: 0
[10:45:37] [Server thread/INFO] [minecraft/GameTestServer]: [_]
[10:45:37] [Server thread/INFO] [minecraft/GameTestServer]: [_]
[10:45:38] [Server thread/INFO] [minecraft/GameTestServer]: [_]
[10:45:38] [Server thread/INFO] [minecraft/GameTestServer]: [_]
[10:45:38] [Server thread/INFO] [minecraft/GameTestServer]: [_]
[10:45:38] [Server thread/INFO] [minecraft/MinecraftServer]: Проверка конечного места: 47%, изменено блоков: 0
[10:45:38] [Server thread/INFO] [minecraft/GameTestServer]: [_]
[10:45:38] [Server thread/INFO] [minecraft/GameTestServer]: [_]
[10:45:39] [Server thread/INFO] [minecraft/GameTestServer]: [_]
[10:45:39] [Server thread/INFO] [minecraft/GameTestServer]: [_]
[10:45:39] [Server thread/INFO] [minecraft/GameTestServer]: [_]
[10:45:39] [Server thread/INFO] [minecraft/MinecraftServer]: Проверка конечного места: 47%, изменено блоков: 0
[10:45:39] [Server thread/INFO] [minecraft/GameTestServer]: [_]
[10:45:39] [Server thread/INFO] [minecraft/GameTestServer]: [_]
[10:45:39] [Server thread/INFO] [minecraft/GameTestServer]: [_]
[10:45:40] [Server thread/INFO] [minecraft/GameTestServer]: [_]
[10:45:40] [Server thread/INFO] [minecraft/GameTestServer]: [_]
[10:45:40] [Server thread/INFO] [minecraft/MinecraftServer]: Проверка конечного места: 47%, изменено блоков: 0
[10:45:40] [Server thread/INFO] [minecraft/GameTestServer]: [_]
[10:45:40] [Server thread/INFO] [minecraft/GameTestServer]: [_]
[10:45:40] [Server thread/INFO] [minecraft/GameTestServer]: [_]
[10:45:41] [Server thread/INFO] [minecraft/GameTestServer]: [_]
[10:45:41] [Server thread/INFO] [minecraft/GameTestServer]: [_]
[10:45:41] [Server thread/INFO] [minecraft/MinecraftServer]: Проверка конечного места: 48%, изменено блоков: 0
[10:45:41] [Server thread/INFO] [minecraft/GameTestServer]: [_]
[10:45:41] [Server thread/INFO] [minecraft/GameTestServer]: [_]
[10:45:41] [Server thread/INFO] [minecraft/GameTestServer]: [_]
[10:45:42] [Server thread/INFO] [minecraft/GameTestServer]: [_]
[10:45:42] [Server thread/INFO] [minecraft/GameTestServer]: [_]
[10:45:42] [Server thread/INFO] [minecraft/MinecraftServer]: Проверка конечного места: 48%, изменено блоков: 0
[10:45:42] [Server thread/INFO] [minecraft/GameTestServer]: [_]
[10:45:42] [Server thread/INFO] [minecraft/GameTestServer]: [_]
[10:45:42] [Server thread/INFO] [minecraft/GameTestServer]: [_]
[10:45:43] [Server thread/INFO] [minecraft/GameTestServer]: [_]
[10:45:43] [Server thread/INFO] [minecraft/GameTestServer]: [_]
[10:45:43] [Server thread/INFO] [minecraft/MinecraftServer]: Проверка конечного места: 48%, изменено блоков: 0
[10:45:43] [Server thread/INFO] [minecraft/GameTestServer]: [_]
[10:45:43] [Server thread/INFO] [minecraft/GameTestServer]: [_]
[10:45:43] [Server thread/INFO] [minecraft/GameTestServer]: [_]
[10:45:44] [Server thread/INFO] [minecraft/GameTestServer]: [_]
[10:45:44] [Server thread/INFO] [minecraft/GameTestServer]: [_]
[10:45:44] [Server thread/INFO] [minecraft/MinecraftServer]: Проверка конечного места: 48%, изменено блоков: 0
[10:45:44] [Server thread/INFO] [minecraft/GameTestServer]: [_]
[10:45:44] [Server thread/INFO] [minecraft/GameTestServer]: [_]
[10:45:44] [Server thread/INFO] [minecraft/GameTestServer]: [_]
[10:45:45] [Server thread/INFO] [minecraft/GameTestServer]: [_]
[10:45:45] [Server thread/INFO] [minecraft/GameTestServer]: [_]
[10:45:45] [Server thread/INFO] [minecraft/MinecraftServer]: Проверка конечного места: 48%, изменено блоков: 0
[10:45:45] [Server thread/INFO] [minecraft/GameTestServer]: [_]
[10:45:45] [Server thread/INFO] [minecraft/GameTestServer]: [_]
[10:45:45] [Server thread/INFO] [minecraft/GameTestServer]: [_]
[10:45:46] [Server thread/INFO] [minecraft/GameTestServer]: [_]
[10:45:46] [Server thread/INFO] [minecraft/GameTestServer]: [_]
[10:45:46] [Server thread/INFO] [minecraft/MinecraftServer]: Проверка конечного места: 49%, изменено блоков: 0
[10:45:46] [Server thread/INFO] [minecraft/GameTestServer]: [_]
[10:45:46] [Server thread/INFO] [minecraft/GameTestServer]: [_]
[10:45:46] [Server thread/INFO] [minecraft/GameTestServer]: [_]
[10:45:46] [Server thread/INFO] [minecraft/GameTestServer]: [_]
[10:45:47] [Server thread/INFO] [minecraft/GameTestServer]: [_]
[10:45:47] [Server thread/INFO] [minecraft/MinecraftServer]: Проверка конечного места: 49%, изменено блоков: 0
[10:45:47] [Server thread/INFO] [minecraft/GameTestServer]: [_]
[10:45:47] [Server thread/INFO] [minecraft/GameTestServer]: [_]
[10:45:47] [Server thread/INFO] [minecraft/GameTestServer]: [_]
[10:45:47] [Server thread/INFO] [minecraft/GameTestServer]: [_]
[10:45:48] [Server thread/INFO] [minecraft/GameTestServer]: [_]
[10:45:48] [Server thread/INFO] [minecraft/MinecraftServer]: Проверка конечного места: 49%, изменено блоков: 0
[10:45:48] [Server thread/INFO] [minecraft/GameTestServer]: [_]
[10:45:48] [Server thread/INFO] [minecraft/GameTestServer]: [_]
[10:45:48] [Server thread/INFO] [minecraft/GameTestServer]: [_]
[10:45:48] [Server thread/INFO] [minecraft/GameTestServer]: [_]
[10:45:49] [Server thread/INFO] [minecraft/GameTestServer]: [_]
[10:45:49] [Server thread/INFO] [minecraft/MinecraftServer]: Проверка конечного места: 49%, изменено блоков: 0
[10:45:49] [Server thread/INFO] [minecraft/GameTestServer]: [_]
[10:45:49] [Server thread/INFO] [minecraft/GameTestServer]: [_]
[10:45:49] [Server thread/INFO] [minecraft/GameTestServer]: [_]
[10:45:49] [Server thread/INFO] [minecraft/GameTestServer]: [_]
[10:45:50] [Server thread/INFO] [minecraft/GameTestServer]: [_]
[10:45:50] [Server thread/INFO] [minecraft/MinecraftServer]: Проверка конечного места: 50%, изменено блоков: 0
[10:45:50] [Server thread/INFO] [minecraft/GameTestServer]: [_]
[10:45:50] [Server thread/INFO] [minecraft/GameTestServer]: [_]
[10:45:50] [Server thread/INFO] [minecraft/GameTestServer]: [_]
[10:45:50] [Server thread/INFO] [minecraft/GameTestServer]: [_]
[10:45:50] [Server thread/INFO] [minecraft/GameTestServer]: [_]
[10:45:51] [Server thread/INFO] [minecraft/MinecraftServer]: Проверка конечного места: 50%, изменено блоков: 0
[10:45:51] [Server thread/INFO] [minecraft/GameTestServer]: [_]
[10:45:51] [Server thread/INFO] [minecraft/GameTestServer]: [_]
[10:45:51] [Server thread/INFO] [minecraft/GameTestServer]: [_]
[10:45:51] [Server thread/INFO] [minecraft/GameTestServer]: [_]
[10:45:51] [Server thread/INFO] [minecraft/GameTestServer]: [_]
[10:45:52] [Server thread/INFO] [minecraft/MinecraftServer]: Проверка конечного места: 50%, изменено блоков: 0
[10:45:52] [Server thread/INFO] [minecraft/GameTestServer]: [_]
[10:45:52] [Server thread/INFO] [minecraft/GameTestServer]: [_]
[10:45:52] [Server thread/INFO] [minecraft/GameTestServer]: [_]
[10:45:52] [Server thread/INFO] [minecraft/GameTestServer]: [_]
[10:45:52] [Server thread/INFO] [minecraft/GameTestServer]: [_]
[10:45:53] [Server thread/INFO] [minecraft/MinecraftServer]: Проверка конечного места: 50%, изменено блоков: 0
[10:45:53] [Server thread/INFO] [minecraft/GameTestServer]: [_]
[10:45:53] [Server thread/INFO] [minecraft/GameTestServer]: [_]
[10:45:53] [Server thread/INFO] [minecraft/GameTestServer]: [_]
[10:45:53] [Server thread/INFO] [minecraft/GameTestServer]: [_]
[10:45:53] [Server thread/INFO] [minecraft/GameTestServer]: [_]
[10:45:54] [Server thread/INFO] [minecraft/MinecraftServer]: Проверка конечного места: 51%, изменено блоков: 0
[10:45:54] [Server thread/INFO] [minecraft/GameTestServer]: [_]
[10:45:54] [Server thread/INFO] [minecraft/GameTestServer]: [_]
[10:45:54] [Server thread/INFO] [minecraft/GameTestServer]: [_]
[10:45:54] [Server thread/INFO] [minecraft/GameTestServer]: [_]
[10:45:54] [Server thread/INFO] [minecraft/GameTestServer]: [_]
[10:45:55] [Server thread/INFO] [minecraft/MinecraftServer]: Проверка конечного места: 51%, изменено блоков: 0
[10:45:55] [Server thread/INFO] [minecraft/GameTestServer]: [_]
[10:45:55] [Server thread/INFO] [minecraft/GameTestServer]: [_]
[10:45:55] [Server thread/INFO] [minecraft/GameTestServer]: [_]
[10:45:55] [Server thread/INFO] [minecraft/GameTestServer]: [_]
[10:45:55] [Server thread/INFO] [minecraft/GameTestServer]: [_]
[10:45:56] [Server thread/INFO] [minecraft/MinecraftServer]: Проверка конечного места: 51%, изменено блоков: 0
[10:45:56] [Server thread/INFO] [minecraft/GameTestServer]: [_]
[10:45:56] [Server thread/INFO] [minecraft/GameTestServer]: [_]
[10:45:56] [Server thread/INFO] [minecraft/GameTestServer]: [_]
[10:45:56] [Server thread/INFO] [minecraft/GameTestServer]: [_]
[10:45:56] [Server thread/INFO] [minecraft/GameTestServer]: [_]
[10:45:56] [Server thread/INFO] [minecraft/MinecraftServer]: Проверка конечного места: 51%, изменено блоков: 0
[10:45:57] [Server thread/INFO] [minecraft/GameTestServer]: [_]
[10:45:57] [Server thread/INFO] [minecraft/GameTestServer]: [_]
[10:45:57] [Server thread/INFO] [minecraft/GameTestServer]: [_]
[10:45:57] [Server thread/INFO] [minecraft/GameTestServer]: [_]
[10:45:57] [Server thread/INFO] [minecraft/GameTestServer]: [_]
[10:45:57] [Server thread/INFO] [minecraft/MinecraftServer]: Проверка конечного места: 52%, изменено блоков: 0
[10:45:58] [Server thread/INFO] [minecraft/GameTestServer]: [_]
[10:45:58] [Server thread/INFO] [minecraft/GameTestServer]: [_]
[10:45:58] [Server thread/INFO] [minecraft/GameTestServer]: [_]
[10:45:58] [Server thread/INFO] [minecraft/GameTestServer]: [_]
[10:45:58] [Server thread/INFO] [minecraft/GameTestServer]: [_]
[10:45:59] [Server thread/INFO] [minecraft/MinecraftServer]: Проверка конечного места: 52%, изменено блоков: 0
[10:45:59] [Server thread/INFO] [minecraft/GameTestServer]: [_]
[10:45:59] [Server thread/INFO] [minecraft/GameTestServer]: [_]
[10:45:59] [Server thread/INFO] [minecraft/GameTestServer]: [_]
[10:45:59] [Server thread/INFO] [minecraft/GameTestServer]: [_]
[10:46:00] [Server thread/INFO] [minecraft/GameTestServer]: [_]
[10:46:00] [Server thread/INFO] [minecraft/MinecraftServer]: Проверка конечного места: 52%, изменено блоков: 0
[10:46:00] [Server thread/INFO] [minecraft/GameTestServer]: [_]
[10:46:00] [Server thread/INFO] [minecraft/GameTestServer]: [_]
[10:46:00] [Server thread/INFO] [minecraft/GameTestServer]: [_]
[10:46:00] [Server thread/INFO] [minecraft/GameTestServer]: [_]
[10:46:01] [Server thread/INFO] [minecraft/GameTestServer]: [_]
[10:46:01] [Server thread/INFO] [minecraft/MinecraftServer]: Проверка конечного места: 53%, изменено блоков: 0
[10:46:01] [Server thread/INFO] [minecraft/GameTestServer]: [_]
[10:46:01] [Server thread/INFO] [minecraft/GameTestServer]: [_]
[10:46:01] [Server thread/INFO] [minecraft/GameTestServer]: [_]
[10:46:01] [Server thread/INFO] [minecraft/GameTestServer]: [_]
[10:46:02] [Server thread/INFO] [minecraft/GameTestServer]: [_]
[10:46:02] [Server thread/INFO] [minecraft/MinecraftServer]: Проверка конечного места: 53%, изменено блоков: 0
[10:46:02] [Server thread/INFO] [minecraft/GameTestServer]: [_]
[10:46:02] [Server thread/INFO] [minecraft/GameTestServer]: [_]
[10:46:02] [Server thread/INFO] [minecraft/GameTestServer]: [_]
[10:46:02] [Server thread/INFO] [minecraft/GameTestServer]: [_]
[10:46:03] [Server thread/INFO] [minecraft/GameTestServer]: [_]
[10:46:03] [Server thread/INFO] [minecraft/MinecraftServer]: Проверка конечного места: 53%, изменено блоков: 0
[10:46:03] [Server thread/INFO] [minecraft/GameTestServer]: [_]
[10:46:03] [Server thread/INFO] [minecraft/GameTestServer]: [_]
[10:46:03] [Server thread/INFO] [minecraft/GameTestServer]: [_]
[10:46:04] [Server thread/INFO] [minecraft/GameTestServer]: [_]
[10:46:04] [Server thread/INFO] [minecraft/GameTestServer]: [_]
[10:46:04] [Server thread/INFO] [minecraft/MinecraftServer]: Проверка конечного места: 54%, изменено блоков: 0
[10:46:04] [Server thread/INFO] [minecraft/GameTestServer]: [_]
[10:46:04] [Server thread/INFO] [minecraft/GameTestServer]: [_]
[10:46:04] [Server thread/INFO] [minecraft/GameTestServer]: [_]
[10:46:05] [Server thread/INFO] [minecraft/GameTestServer]: [_]
[10:46:05] [Server thread/INFO] [minecraft/GameTestServer]: [_]
[10:46:05] [Server thread/INFO] [minecraft/MinecraftServer]: Проверка конечного места: 54%, изменено блоков: 0
[10:46:05] [Server thread/INFO] [minecraft/GameTestServer]: [_]
[10:46:05] [Server thread/INFO] [minecraft/GameTestServer]: [_]
[10:46:05] [Server thread/INFO] [minecraft/GameTestServer]: [_]
[10:46:06] [Server thread/INFO] [minecraft/GameTestServer]: [_]
[10:46:06] [Server thread/INFO] [minecraft/GameTestServer]: [_]
[10:46:06] [Server thread/INFO] [minecraft/MinecraftServer]: Проверка конечного места: 54%, изменено блоков: 0
[10:46:06] [Server thread/INFO] [minecraft/GameTestServer]: [_]
[10:46:06] [Server thread/INFO] [minecraft/GameTestServer]: [_]
[10:46:06] [Server thread/INFO] [minecraft/GameTestServer]: [_]
[10:46:07] [Server thread/INFO] [minecraft/GameTestServer]: [_]
[10:46:07] [Server thread/INFO] [minecraft/GameTestServer]: [_]
[10:46:07] [Server thread/INFO] [minecraft/MinecraftServer]: Проверка конечного места: 54%, изменено блоков: 0
[10:46:07] [Server thread/INFO] [minecraft/GameTestServer]: [_]
[10:46:07] [Server thread/INFO] [minecraft/GameTestServer]: [_]
[10:46:07] [Server thread/INFO] [minecraft/GameTestServer]: [_]
[10:46:08] [Server thread/INFO] [minecraft/GameTestServer]: [_]
[10:46:08] [Server thread/INFO] [minecraft/GameTestServer]: [_]
[10:46:08] [Server thread/INFO] [minecraft/MinecraftServer]: Проверка конечного места: 55%, изменено блоков: 0
[10:46:08] [Server thread/INFO] [minecraft/GameTestServer]: [_]
[10:46:08] [Server thread/INFO] [minecraft/GameTestServer]: [_]
[10:46:08] [Server thread/INFO] [minecraft/GameTestServer]: [_]
[10:46:08] [Server thread/INFO] [minecraft/GameTestServer]: [_]
[10:46:09] [Server thread/INFO] [minecraft/GameTestServer]: [_]
[10:46:09] [Server thread/INFO] [minecraft/MinecraftServer]: Проверка конечного места: 55%, изменено блоков: 0
[10:46:09] [Server thread/INFO] [minecraft/GameTestServer]: [_]
[10:46:09] [Server thread/INFO] [minecraft/GameTestServer]: [_]
[10:46:09] [Server thread/INFO] [minecraft/GameTestServer]: [_]
[10:46:09] [Server thread/INFO] [minecraft/GameTestServer]: [_]
[10:46:10] [Server thread/INFO] [minecraft/GameTestServer]: [_]
[10:46:10] [Server thread/INFO] [minecraft/MinecraftServer]: Проверка конечного места: 55%, изменено блоков: 0
[10:46:10] [Server thread/INFO] [minecraft/GameTestServer]: [_]
[10:46:10] [Server thread/INFO] [minecraft/GameTestServer]: [_]
[10:46:10] [Server thread/INFO] [minecraft/GameTestServer]: [_]
[10:46:10] [Server thread/INFO] [minecraft/GameTestServer]: [_]
[10:46:11] [Server thread/INFO] [minecraft/GameTestServer]: [_]
[10:46:11] [Server thread/INFO] [minecraft/MinecraftServer]: Проверка конечного места: 56%, изменено блоков: 0
[10:46:11] [Server thread/INFO] [minecraft/GameTestServer]: [_]
[10:46:11] [Server thread/INFO] [minecraft/GameTestServer]: [_]
[10:46:11] [Server thread/INFO] [minecraft/GameTestServer]: [_]
[10:46:11] [Server thread/INFO] [minecraft/GameTestServer]: [_]
[10:46:12] [Server thread/INFO] [minecraft/GameTestServer]: [_]
[10:46:12] [Server thread/INFO] [minecraft/MinecraftServer]: Проверка конечного места: 56%, изменено блоков: 0
[10:46:12] [Server thread/INFO] [minecraft/GameTestServer]: [_]
[10:46:12] [Server thread/INFO] [minecraft/GameTestServer]: [_]
[10:46:12] [Server thread/INFO] [minecraft/GameTestServer]: [_]
[10:46:12] [Server thread/INFO] [minecraft/GameTestServer]: [_]
[10:46:13] [Server thread/INFO] [minecraft/GameTestServer]: [_]
[10:46:13] [Server thread/INFO] [minecraft/MinecraftServer]: Проверка конечного места: 56%, изменено блоков: 0
[10:46:13] [Server thread/INFO] [minecraft/GameTestServer]: [_]
[10:46:13] [Server thread/INFO] [minecraft/GameTestServer]: [_]
[10:46:13] [Server thread/INFO] [minecraft/GameTestServer]: [_]
[10:46:13] [Server thread/INFO] [minecraft/GameTestServer]: [_]
[10:46:14] [Server thread/INFO] [minecraft/GameTestServer]: [_]
[10:46:14] [Server thread/INFO] [minecraft/MinecraftServer]: Проверка конечного места: 56%, изменено блоков: 0
[10:46:14] [Server thread/INFO] [minecraft/GameTestServer]: [_]
[10:46:14] [Server thread/INFO] [minecraft/GameTestServer]: [_]
[10:46:14] [Server thread/INFO] [minecraft/GameTestServer]: [_]
[10:46:14] [Server thread/INFO] [minecraft/GameTestServer]: [_]
[10:46:14] [Server thread/INFO] [minecraft/GameTestServer]: [_]
[10:46:15] [Server thread/INFO] [minecraft/MinecraftServer]: Проверка конечного места: 57%, изменено блоков: 0
[10:46:15] [Server thread/INFO] [minecraft/GameTestServer]: [_]
[10:46:15] [Server thread/INFO] [minecraft/GameTestServer]: [_]
[10:46:15] [Server thread/INFO] [minecraft/GameTestServer]: [_]
[10:46:15] [Server thread/INFO] [minecraft/GameTestServer]: [_]
[10:46:16] [Server thread/INFO] [minecraft/GameTestServer]: [_]
[10:46:16] [Server thread/INFO] [minecraft/MinecraftServer]: Проверка конечного места: 57%, изменено блоков: 0
[10:46:16] [Server thread/INFO] [minecraft/GameTestServer]: [_]
[10:46:16] [Server thread/INFO] [minecraft/GameTestServer]: [_]
[10:46:16] [Server thread/INFO] [minecraft/GameTestServer]: [_]
[10:46:16] [Server thread/INFO] [minecraft/GameTestServer]: [_]
[10:46:16] [Server thread/INFO] [minecraft/GameTestServer]: [_]
[10:46:17] [Server thread/INFO] [minecraft/MinecraftServer]: Проверка конечного места: 57%, изменено блоков: 0
[10:46:17] [Server thread/INFO] [minecraft/GameTestServer]: [_]
[10:46:17] [Server thread/INFO] [minecraft/GameTestServer]: [_]
[10:46:17] [Server thread/INFO] [minecraft/GameTestServer]: [_]
[10:46:17] [Server thread/INFO] [minecraft/GameTestServer]: [_]
[10:46:17] [Server thread/INFO] [minecraft/GameTestServer]: [_]
[10:46:18] [Server thread/INFO] [minecraft/MinecraftServer]: Проверка конечного места: 57%, изменено блоков: 0
[10:46:18] [Server thread/INFO] [minecraft/GameTestServer]: [_]
[10:46:18] [Server thread/INFO] [minecraft/GameTestServer]: [_]
[10:46:18] [Server thread/INFO] [minecraft/GameTestServer]: [_]
[10:46:18] [Server thread/INFO] [minecraft/GameTestServer]: [_]
[10:46:18] [Server thread/INFO] [minecraft/GameTestServer]: [_]
[10:46:18] [Server thread/INFO] [minecraft/MinecraftServer]: Проверка конечного места: 58%, изменено блоков: 0
[10:46:19] [Server thread/INFO] [minecraft/GameTestServer]: [_]
[10:46:19] [Server thread/INFO] [minecraft/GameTestServer]: [_]
[10:46:19] [Server thread/INFO] [minecraft/GameTestServer]: [_]
[10:46:19] [Server thread/INFO] [minecraft/GameTestServer]: [_]
[10:46:19] [Server thread/INFO] [minecraft/GameTestServer]: [_]
[10:46:19] [Server thread/INFO] [minecraft/MinecraftServer]: Проверка конечного места: 58%, изменено блоков: 0
[10:46:19] [Server thread/INFO] [minecraft/GameTestServer]: [_]
[10:46:20] [Server thread/INFO] [minecraft/GameTestServer]: [_]
[10:46:20] [Server thread/INFO] [minecraft/GameTestServer]: [_]
[10:46:20] [Server thread/INFO] [minecraft/GameTestServer]: [_]
[10:46:20] [Server thread/INFO] [minecraft/GameTestServer]: [_]
[10:46:20] [Server thread/INFO] [minecraft/MinecraftServer]: Проверка конечного места: 58%, изменено блоков: 0
[10:46:20] [Server thread/INFO] [minecraft/GameTestServer]: [_]
[10:46:21] [Server thread/INFO] [minecraft/GameTestServer]: [_]
[10:46:21] [Server thread/INFO] [minecraft/GameTestServer]: [_]
[10:46:21] [Server thread/INFO] [minecraft/GameTestServer]: [_]
[10:46:21] [Server thread/INFO] [minecraft/GameTestServer]: [_]
[10:46:21] [Server thread/INFO] [minecraft/MinecraftServer]: Проверка конечного места: 59%, изменено блоков: 0
[10:46:21] [Server thread/INFO] [minecraft/GameTestServer]: [_]
[10:46:22] [Server thread/INFO] [minecraft/GameTestServer]: [_]
[10:46:22] [Server thread/INFO] [minecraft/GameTestServer]: [_]
[10:46:22] [Server thread/INFO] [minecraft/GameTestServer]: [_]
[10:46:22] [Server thread/INFO] [minecraft/GameTestServer]: [_]
[10:46:22] [Server thread/INFO] [minecraft/MinecraftServer]: Проверка конечного места: 59%, изменено блоков: 0
[10:46:22] [Server thread/INFO] [minecraft/GameTestServer]: [_]
[10:46:23] [Server thread/INFO] [minecraft/GameTestServer]: [_]
[10:46:23] [Server thread/INFO] [minecraft/GameTestServer]: [_]
[10:46:23] [Server thread/INFO] [minecraft/GameTestServer]: [_]
[10:46:23] [Server thread/INFO] [minecraft/GameTestServer]: [_]
[10:46:23] [Server thread/INFO] [minecraft/MinecraftServer]: Проверка конечного места: 60%, изменено блоков: 0
[10:46:23] [Server thread/INFO] [minecraft/GameTestServer]: [_]
[10:46:24] [Server thread/INFO] [minecraft/GameTestServer]: [_]
[10:46:24] [Server thread/INFO] [minecraft/GameTestServer]: [_]
[10:46:24] [Server thread/INFO] [minecraft/GameTestServer]: [_]
[10:46:24] [Server thread/INFO] [minecraft/GameTestServer]: [_]
[10:46:24] [Server thread/INFO] [minecraft/MinecraftServer]: Проверка конечного места: 60%, изменено блоков: 0
[10:46:24] [Server thread/INFO] [minecraft/GameTestServer]: [_]
[10:46:25] [Server thread/INFO] [minecraft/GameTestServer]: [_]
[10:46:25] [Server thread/INFO] [minecraft/GameTestServer]: [_]
[10:46:25] [Server thread/INFO] [minecraft/GameTestServer]: [_]
[10:46:25] [Server thread/INFO] [minecraft/GameTestServer]: [_]
[10:46:25] [Server thread/INFO] [minecraft/MinecraftServer]: Проверка конечного места: 60%, изменено блоков: 0
[10:46:25] [Server thread/INFO] [minecraft/GameTestServer]: [_]
[10:46:26] [Server thread/INFO] [minecraft/GameTestServer]: [_]
[10:46:26] [Server thread/INFO] [minecraft/GameTestServer]: [_]
[10:46:26] [Server thread/INFO] [minecraft/GameTestServer]: [_]
[10:46:26] [Server thread/INFO] [minecraft/GameTestServer]: [_]
[10:46:26] [Server thread/INFO] [minecraft/MinecraftServer]: Проверка конечного места: 61%, изменено блоков: 0
[10:46:26] [Server thread/INFO] [minecraft/GameTestServer]: [_]
[10:46:27] [Server thread/INFO] [minecraft/GameTestServer]: [_]
[10:46:27] [Server thread/INFO] [minecraft/GameTestServer]: [_]
[10:46:27] [Server thread/INFO] [minecraft/GameTestServer]: [_]
[10:46:27] [Server thread/INFO] [minecraft/GameTestServer]: [_]
[10:46:27] [Server thread/INFO] [minecraft/MinecraftServer]: Проверка конечного места: 61%, изменено блоков: 0
[10:46:27] [Server thread/INFO] [minecraft/GameTestServer]: [_]
[10:46:28] [Server thread/INFO] [minecraft/GameTestServer]: [_]
[10:46:28] [Server thread/INFO] [minecraft/GameTestServer]: [_]
[10:46:28] [Server thread/INFO] [minecraft/GameTestServer]: [_]
[10:46:28] [Server thread/INFO] [minecraft/GameTestServer]: [_]
[10:46:28] [Server thread/INFO] [minecraft/MinecraftServer]: Проверка конечного места: 61%, изменено блоков: 0
[10:46:28] [Server thread/INFO] [minecraft/GameTestServer]: [_]
[10:46:29] [Server thread/INFO] [minecraft/GameTestServer]: [_]
[10:46:29] [Server thread/INFO] [minecraft/GameTestServer]: [_]
[10:46:29] [Server thread/INFO] [minecraft/GameTestServer]: [_]
[10:46:29] [Server thread/INFO] [minecraft/GameTestServer]: [_]
[10:46:29] [Server thread/INFO] [minecraft/MinecraftServer]: Проверка конечного места: 62%, изменено блоков: 0
[10:46:29] [Server thread/INFO] [minecraft/GameTestServer]: [_]
[10:46:30] [Server thread/INFO] [minecraft/GameTestServer]: [_]
[10:46:30] [Server thread/INFO] [minecraft/GameTestServer]: [_]
[10:46:30] [Server thread/INFO] [minecraft/GameTestServer]: [_]
[10:46:30] [Server thread/INFO] [minecraft/GameTestServer]: [_]
[10:46:30] [Server thread/INFO] [minecraft/MinecraftServer]: Проверка конечного места: 62%, изменено блоков: 0
[10:46:30] [Server thread/INFO] [minecraft/GameTestServer]: [_]
[10:46:31] [Server thread/INFO] [minecraft/GameTestServer]: [_]
[10:46:31] [Server thread/INFO] [minecraft/GameTestServer]: [_]
[10:46:31] [Server thread/INFO] [minecraft/GameTestServer]: [_]
[10:46:31] [Server thread/INFO] [minecraft/GameTestServer]: [_]
[10:46:31] [Server thread/INFO] [minecraft/MinecraftServer]: Проверка конечного места: 63%, изменено блоков: 0
[10:46:31] [Server thread/INFO] [minecraft/GameTestServer]: [_]
[10:46:32] [Server thread/INFO] [minecraft/GameTestServer]: [_]
[10:46:32] [Server thread/INFO] [minecraft/GameTestServer]: [_]
[10:46:32] [Server thread/INFO] [minecraft/GameTestServer]: [_]
[10:46:32] [Server thread/INFO] [minecraft/GameTestServer]: [_]
[10:46:32] [Server thread/INFO] [minecraft/MinecraftServer]: Проверка конечного места: 63%, изменено блоков: 0
[10:46:32] [Server thread/INFO] [minecraft/GameTestServer]: [_]
[10:46:33] [Server thread/INFO] [minecraft/GameTestServer]: [_]
[10:46:33] [Server thread/INFO] [minecraft/GameTestServer]: [_]
[10:46:33] [Server thread/INFO] [minecraft/GameTestServer]: [_]
[10:46:33] [Server thread/INFO] [minecraft/GameTestServer]: [_]
[10:46:33] [Server thread/INFO] [minecraft/MinecraftServer]: Проверка конечного места: 63%, изменено блоков: 0
[10:46:33] [Server thread/INFO] [minecraft/GameTestServer]: [_]
[10:46:34] [Server thread/INFO] [minecraft/GameTestServer]: [_]
[10:46:34] [Server thread/INFO] [minecraft/GameTestServer]: [_]
[10:46:34] [Server thread/INFO] [minecraft/GameTestServer]: [_]
[10:46:34] [Server thread/INFO] [minecraft/GameTestServer]: [_]
[10:46:34] [Server thread/INFO] [minecraft/MinecraftServer]: Проверка конечного места: 64%, изменено блоков: 0
[10:46:35] [Server thread/INFO] [minecraft/GameTestServer]: [_]
[10:46:35] [Server thread/INFO] [minecraft/GameTestServer]: [_]
[10:46:35] [Server thread/INFO] [minecraft/GameTestServer]: [_]
[10:46:35] [Server thread/INFO] [minecraft/GameTestServer]: [_]
[10:46:35] [Server thread/INFO] [minecraft/GameTestServer]: [_]
[10:46:35] [Server thread/INFO] [minecraft/MinecraftServer]: Проверка конечного места: 64%, изменено блоков: 0
[10:46:35] [Server thread/INFO] [minecraft/GameTestServer]: [_]
[10:46:36] [Server thread/INFO] [minecraft/GameTestServer]: [_]
[10:46:36] [Server thread/INFO] [minecraft/GameTestServer]: [_]
[10:46:36] [Server thread/INFO] [minecraft/GameTestServer]: [_]
[10:46:36] [Server thread/INFO] [minecraft/GameTestServer]: [_]
[10:46:36] [Server thread/INFO] [minecraft/MinecraftServer]: Проверка конечного места: 65%, изменено блоков: 0
[10:46:36] [Server thread/INFO] [minecraft/GameTestServer]: [_]
[10:46:37] [Server thread/INFO] [minecraft/GameTestServer]: [_]
[10:46:37] [Server thread/INFO] [minecraft/GameTestServer]: [_]
[10:46:37] [Server thread/INFO] [minecraft/GameTestServer]: [_]
[10:46:37] [Server thread/INFO] [minecraft/GameTestServer]: [_]
[10:46:37] [Server thread/INFO] [minecraft/MinecraftServer]: Проверка конечного места: 65%, изменено блоков: 0
[10:46:37] [Server thread/INFO] [minecraft/GameTestServer]: [_]
[10:46:38] [Server thread/INFO] [minecraft/GameTestServer]: [_]
[10:46:38] [Server thread/INFO] [minecraft/GameTestServer]: [_]
[10:46:38] [Server thread/INFO] [minecraft/GameTestServer]: [_]
[10:46:38] [Server thread/INFO] [minecraft/GameTestServer]: [_]
[10:46:38] [Server thread/INFO] [minecraft/MinecraftServer]: Проверка конечного места: 65%, изменено блоков: 0
[10:46:38] [Server thread/INFO] [minecraft/GameTestServer]: [_]
[10:46:38] [Server thread/INFO] [minecraft/GameTestServer]: [_]
[10:46:39] [Server thread/INFO] [minecraft/GameTestServer]: [_]
[10:46:39] [Server thread/INFO] [minecraft/GameTestServer]: [_]
[10:46:39] [Server thread/INFO] [minecraft/GameTestServer]: [_]
[10:46:39] [Server thread/INFO] [minecraft/MinecraftServer]: Проверка конечного места: 66%, изменено блоков: 0
[10:46:39] [Server thread/INFO] [minecraft/GameTestServer]: [_]
[10:46:39] [Server thread/INFO] [minecraft/GameTestServer]: [_]
[10:46:40] [Server thread/INFO] [minecraft/GameTestServer]: [_]
[10:46:40] [Server thread/INFO] [minecraft/GameTestServer]: [_]
[10:46:40] [Server thread/INFO] [minecraft/GameTestServer]: [_]
[10:46:40] [Server thread/INFO] [minecraft/MinecraftServer]: Проверка конечного места: 66%, изменено блоков: 0
[10:46:40] [Server thread/INFO] [minecraft/GameTestServer]: [_]
[10:46:40] [Server thread/INFO] [minecraft/GameTestServer]: [_]
[10:46:41] [Server thread/INFO] [minecraft/GameTestServer]: [_]
[10:46:41] [Server thread/INFO] [minecraft/GameTestServer]: [_]
[10:46:41] [Server thread/INFO] [minecraft/GameTestServer]: [_]
[10:46:41] [Server thread/INFO] [minecraft/MinecraftServer]: Проверка конечного места: 67%, изменено блоков: 0
[10:46:41] [Server thread/INFO] [minecraft/GameTestServer]: [_]
[10:46:41] [Server thread/INFO] [minecraft/GameTestServer]: [_]
[10:46:41] [Server thread/INFO] [minecraft/GameTestServer]: [_]
[10:46:42] [Server thread/INFO] [minecraft/GameTestServer]: [_]
[10:46:42] [Server thread/INFO] [minecraft/GameTestServer]: [_]
[10:46:42] [Server thread/INFO] [minecraft/MinecraftServer]: Проверка конечного места: 67%, изменено блоков: 0
[10:46:42] [Server thread/INFO] [minecraft/GameTestServer]: [_]
[10:46:42] [Server thread/INFO] [minecraft/GameTestServer]: [_]
[10:46:42] [Server thread/INFO] [minecraft/GameTestServer]: [_]
[10:46:43] [Server thread/INFO] [minecraft/GameTestServer]: [_]
[10:46:43] [Server thread/INFO] [minecraft/GameTestServer]: [_]
[10:46:43] [Server thread/INFO] [minecraft/MinecraftServer]: Проверка конечного места: 67%, изменено блоков: 0
[10:46:43] [Server thread/INFO] [minecraft/GameTestServer]: [_]
[10:46:43] [Server thread/INFO] [minecraft/GameTestServer]: [_]
[10:46:43] [Server thread/INFO] [minecraft/GameTestServer]: [_]
[10:46:44] [Server thread/INFO] [minecraft/GameTestServer]: [_]
[10:46:44] [Server thread/INFO] [minecraft/GameTestServer]: [_]
[10:46:44] [Server thread/INFO] [minecraft/MinecraftServer]: Проверка конечного места: 68%, изменено блоков: 0
[10:46:44] [Server thread/INFO] [minecraft/GameTestServer]: [_]
[10:46:44] [Server thread/INFO] [minecraft/GameTestServer]: [_]
[10:46:44] [Server thread/INFO] [minecraft/GameTestServer]: [_]
[10:46:45] [Server thread/INFO] [minecraft/GameTestServer]: [_]
[10:46:45] [Server thread/INFO] [minecraft/GameTestServer]: [_]
[10:46:45] [Server thread/INFO] [minecraft/MinecraftServer]: Проверка конечного места: 68%, изменено блоков: 0
[10:46:45] [Server thread/INFO] [minecraft/GameTestServer]: [_]
[10:46:45] [Server thread/INFO] [minecraft/GameTestServer]: [_]
[10:46:45] [Server thread/INFO] [minecraft/GameTestServer]: [_]
[10:46:45] [Server thread/INFO] [minecraft/GameTestServer]: [_]
[10:46:46] [Server thread/INFO] [minecraft/GameTestServer]: [_]
[10:46:46] [Server thread/INFO] [minecraft/MinecraftServer]: Проверка конечного места: 69%, изменено блоков: 0
[10:46:46] [Server thread/INFO] [minecraft/GameTestServer]: [_]
[10:46:46] [Server thread/INFO] [minecraft/GameTestServer]: [_]
[10:46:46] [Server thread/INFO] [minecraft/GameTestServer]: [_]
[10:46:46] [Server thread/INFO] [minecraft/GameTestServer]: [_]
[10:46:47] [Server thread/INFO] [minecraft/GameTestServer]: [_]
[10:46:47] [Server thread/INFO] [minecraft/MinecraftServer]: Проверка конечного места: 69%, изменено блоков: 0
[10:46:47] [Server thread/INFO] [minecraft/GameTestServer]: [_]
[10:46:47] [Server thread/INFO] [minecraft/GameTestServer]: [_]
[10:46:47] [Server thread/INFO] [minecraft/GameTestServer]: [_]
[10:46:47] [Server thread/INFO] [minecraft/GameTestServer]: [_]
[10:46:48] [Server thread/INFO] [minecraft/GameTestServer]: [_]
[10:46:48] [Server thread/INFO] [minecraft/MinecraftServer]: Проверка конечного места: 69%, изменено блоков: 0
[10:46:48] [Server thread/INFO] [minecraft/GameTestServer]: [_]
[10:46:48] [Server thread/INFO] [minecraft/GameTestServer]: [_]
[10:46:48] [Server thread/INFO] [minecraft/GameTestServer]: [_]
[10:46:48] [Server thread/INFO] [minecraft/GameTestServer]: [_]
[10:46:49] [Server thread/INFO] [minecraft/GameTestServer]: [_]
[10:46:49] [Server thread/INFO] [minecraft/MinecraftServer]: Проверка конечного места: 70%, изменено блоков: 0
[10:46:49] [Server thread/INFO] [minecraft/GameTestServer]: [_]
[10:46:49] [Server thread/INFO] [minecraft/GameTestServer]: [_]
[10:46:49] [Server thread/INFO] [minecraft/GameTestServer]: [_]
[10:46:49] [Server thread/INFO] [minecraft/GameTestServer]: [_]
[10:46:50] [Server thread/INFO] [minecraft/GameTestServer]: [_]
[10:46:50] [Server thread/INFO] [minecraft/MinecraftServer]: Проверка конечного места: 70%, изменено блоков: 0
[10:46:50] [Server thread/INFO] [minecraft/GameTestServer]: [_]
[10:46:50] [Server thread/INFO] [minecraft/GameTestServer]: [_]
[10:46:50] [Server thread/INFO] [minecraft/GameTestServer]: [_]
[10:46:50] [Server thread/INFO] [minecraft/MinecraftServer]: Проверяется другая площадка: 7 / 16
[10:46:50] [Server thread/INFO] [minecraft/GameTestServer]: [_]
[10:46:51] [Server thread/INFO] [minecraft/GameTestServer]: [_]
[10:46:51] [Server thread/INFO] [minecraft/MinecraftServer]: Загрузка территории: 18%, изменено блоков: 0
[10:46:51] [Server thread/INFO] [minecraft/GameTestServer]: [_]
[10:46:51] [Server thread/INFO] [minecraft/GameTestServer]: [_]
[10:46:51] [Server thread/INFO] [minecraft/GameTestServer]: [_]
[10:46:51] [Server thread/INFO] [minecraft/GameTestServer]: [_]
[10:46:51] [Server thread/INFO] [minecraft/GameTestServer]: [_]
[10:46:51] [Server thread/INFO] [minecraft/MinecraftServer]: Загрузка территории: 55%, изменено блоков: 0
[10:46:51] [Server thread/INFO] [minecraft/GameTestServer]: [_]
[10:46:52] [Server thread/INFO] [minecraft/GameTestServer]: [_]
[10:46:52] [Server thread/INFO] [minecraft/GameTestServer]: [_]
[10:46:52] [Server thread/INFO] [minecraft/GameTestServer]: [_]
[10:46:52] [Server thread/INFO] [minecraft/GameTestServer]: [_]
[10:46:52] [Server thread/INFO] [minecraft/MinecraftServer]: Загрузка территории: 77%, изменено блоков: 0
[10:46:52] [Server thread/INFO] [minecraft/GameTestServer]: [_]
[10:46:52] [Server thread/INFO] [minecraft/GameTestServer]: [_]
[10:46:52] [Server thread/INFO] [minecraft/GameTestServer]: [_]
[10:46:52] [Server thread/INFO] [minecraft/GameTestServer]: [_]
[10:46:52] [Server thread/INFO] [minecraft/GameTestServer]: [_]
[10:46:52] [Server thread/INFO] [minecraft/MinecraftServer]: Загрузка территории: 98%, изменено блоков: 0
[10:46:53] [Server thread/INFO] [minecraft/GameTestServer]: [_]
[10:46:53] [Server thread/INFO] [minecraft/GameTestServer]: [_]
[10:46:53] [Server thread/INFO] [minecraft/GameTestServer]: [_]
[10:46:53] [Server thread/INFO] [minecraft/GameTestServer]: [_]
[10:46:53] [Server thread/INFO] [minecraft/GameTestServer]: [_]
[10:46:53] [Server thread/INFO] [minecraft/MinecraftServer]: Загрузка территории: 18%, изменено блоков: 0
[10:46:53] [Server thread/INFO] [minecraft/GameTestServer]: [_]
[10:46:53] [Server thread/INFO] [minecraft/GameTestServer]: [_]
[10:46:53] [Server thread/INFO] [minecraft/GameTestServer]: [_]
[10:46:53] [Server thread/INFO] [minecraft/GameTestServer]: [_]
[10:46:54] [Server thread/INFO] [minecraft/GameTestServer]: [_]
[10:46:54] [Server thread/INFO] [minecraft/MinecraftServer]: Загрузка территории: 33%, изменено блоков: 0
[10:46:54] [Server thread/INFO] [minecraft/GameTestServer]: [_]
[10:46:54] [Server thread/INFO] [minecraft/GameTestServer]: [_]
[10:46:54] [Server thread/INFO] [minecraft/GameTestServer]: [_]
[10:46:54] [Server thread/INFO] [minecraft/GameTestServer]: [_]
[10:46:54] [Server thread/INFO] [minecraft/GameTestServer]: [_]
[10:46:54] [Server thread/INFO] [minecraft/MinecraftServer]: Загрузка территории: 43%, изменено блоков: 0
[10:46:54] [Server thread/INFO] [minecraft/GameTestServer]: [_]
[10:46:54] [Server thread/INFO] [minecraft/GameTestServer]: [_]
[10:46:55] [Server thread/INFO] [minecraft/GameTestServer]: [_]
[10:46:55] [Server thread/INFO] [minecraft/GameTestServer]: [_]
[10:46:55] [Server thread/INFO] [minecraft/GameTestServer]: [_]
[10:46:55] [Server thread/INFO] [minecraft/MinecraftServer]: Загрузка территории: 50%, изменено блоков: 0
[10:46:55] [Server thread/INFO] [minecraft/GameTestServer]: [_]
[10:46:55] [Server thread/INFO] [minecraft/GameTestServer]: [_]
[10:46:55] [Server thread/INFO] [minecraft/GameTestServer]: [_]
[10:46:55] [Server thread/INFO] [minecraft/GameTestServer]: [_]
[10:46:55] [Server thread/INFO] [minecraft/GameTestServer]: [_]
[10:46:56] [Server thread/INFO] [minecraft/MinecraftServer]: Загрузка территории: 57%, изменено блоков: 0
[10:46:56] [Server thread/INFO] [minecraft/GameTestServer]: [_]
[10:46:56] [Server thread/INFO] [minecraft/GameTestServer]: [_]
[10:46:56] [Server thread/INFO] [minecraft/GameTestServer]: [_]
[10:46:56] [Server thread/INFO] [minecraft/GameTestServer]: [_]
[10:46:56] [Server thread/INFO] [minecraft/GameTestServer]: [_]
[10:46:56] [Server thread/INFO] [minecraft/MinecraftServer]: Загрузка территории: 64%, изменено блоков: 0
[10:46:56] [Server thread/INFO] [minecraft/GameTestServer]: [_]
[10:46:56] [Server thread/INFO] [minecraft/GameTestServer]: [_]
[10:46:56] [Server thread/INFO] [minecraft/GameTestServer]: [_]
[10:46:56] [Server thread/INFO] [minecraft/GameTestServer]: [_]
[10:46:57] [Server thread/INFO] [minecraft/GameTestServer]: [_]
[10:46:57] [Server thread/INFO] [minecraft/MinecraftServer]: Загрузка территории: 69%, изменено блоков: 0
[10:46:57] [Server thread/INFO] [minecraft/GameTestServer]: [_]
[10:46:57] [Server thread/INFO] [minecraft/GameTestServer]: [_]
[10:46:57] [Server thread/INFO] [minecraft/GameTestServer]: [_]
[10:46:57] [Server thread/INFO] [minecraft/GameTestServer]: [_]
[10:46:57] [Server thread/INFO] [minecraft/GameTestServer]: [_]
[10:46:57] [Server thread/INFO] [minecraft/MinecraftServer]: Загрузка территории: 74%, изменено блоков: 0
[10:46:57] [Server thread/INFO] [minecraft/GameTestServer]: [_]
[10:46:57] [Server thread/INFO] [minecraft/GameTestServer]: [_]
[10:46:57] [Server thread/INFO] [minecraft/GameTestServer]: [_]
[10:46:58] [Server thread/INFO] [minecraft/GameTestServer]: [_]
[10:46:58] [Server thread/INFO] [minecraft/GameTestServer]: [_]
[10:46:58] [Server thread/INFO] [minecraft/MinecraftServer]: Загрузка территории: 80%, изменено блоков: 0
[10:46:58] [Server thread/INFO] [minecraft/GameTestServer]: [_]
[10:46:58] [Server thread/INFO] [minecraft/GameTestServer]: [_]
[10:46:58] [Server thread/INFO] [minecraft/GameTestServer]: [_]
[10:46:58] [Server thread/INFO] [minecraft/GameTestServer]: [_]
[10:46:58] [Server thread/INFO] [minecraft/GameTestServer]: [_]
[10:46:58] [Server thread/INFO] [minecraft/MinecraftServer]: Загрузка территории: 85%, изменено блоков: 0
[10:46:58] [Server thread/INFO] [minecraft/GameTestServer]: [_]
[10:46:58] [Server thread/INFO] [minecraft/GameTestServer]: [_]
[10:46:59] [Server thread/INFO] [minecraft/GameTestServer]: [_]
[10:46:59] [Server thread/INFO] [minecraft/GameTestServer]: [_]
[10:46:59] [Server thread/INFO] [minecraft/GameTestServer]: [_]
[10:46:59] [Server thread/INFO] [minecraft/MinecraftServer]: Загрузка территории: 90%, изменено блоков: 0
[10:46:59] [Server thread/INFO] [minecraft/GameTestServer]: [_]
[10:46:59] [Server thread/INFO] [minecraft/GameTestServer]: [_]
[10:46:59] [Server thread/INFO] [minecraft/GameTestServer]: [_]
[10:46:59] [Server thread/INFO] [minecraft/GameTestServer]: [_]
[10:46:59] [Server thread/INFO] [minecraft/GameTestServer]: [_]
[10:46:59] [Server thread/INFO] [minecraft/MinecraftServer]: Загрузка территории: 95%, изменено блоков: 0
[10:46:59] [Server thread/INFO] [minecraft/GameTestServer]: [_]
[10:46:59] [Server thread/INFO] [minecraft/GameTestServer]: [_]
[10:46:59] [Server thread/INFO] [minecraft/GameTestServer]: [_]
[10:47:00] [Server thread/INFO] [minecraft/GameTestServer]: [_]
[10:47:00] [Server thread/INFO] [minecraft/MinecraftServer]: Чанки загружены. Подготовка окончательного положения на Y=0
[10:47:00] [Server thread/INFO] [minecraft/GameTestServer]: [_]
[10:47:00] [Server thread/INFO] [minecraft/MinecraftServer]: Планирование грунта: 2%, изменено блоков: 0
[10:47:00] [Server thread/INFO] [minecraft/GameTestServer]: [_]
[10:47:00] [Server thread/INFO] [minecraft/GameTestServer]: [_]
[10:47:00] [Server thread/INFO] [minecraft/GameTestServer]: [_]
[10:47:00] [Server thread/INFO] [minecraft/GameTestServer]: [_]
[10:47:00] [Server thread/INFO] [minecraft/GameTestServer]: [_]
[10:47:00] [Server thread/INFO] [minecraft/MinecraftServer]: Планирование грунта: 19%, изменено блоков: 0
[10:47:00] [Server thread/INFO] [minecraft/GameTestServer]: [_]
[10:47:00] [Server thread/INFO] [minecraft/GameTestServer]: [_]
[10:47:01] [Server thread/INFO] [minecraft/GameTestServer]: [_]
[10:47:01] [Server thread/INFO] [minecraft/GameTestServer]: [_]
[10:47:01] [Server thread/INFO] [minecraft/GameTestServer]: [_]
[10:47:01] [Server thread/INFO] [minecraft/MinecraftServer]: Планирование грунта: 36%, изменено блоков: 0
[10:47:01] [Server thread/INFO] [minecraft/GameTestServer]: [_]
[10:47:01] [Server thread/INFO] [minecraft/GameTestServer]: [_]
[10:47:01] [Server thread/INFO] [minecraft/GameTestServer]: [_]
[10:47:01] [Server thread/INFO] [minecraft/GameTestServer]: [_]
[10:47:01] [Server thread/INFO] [minecraft/GameTestServer]: [_]
[10:47:01] [Server thread/INFO] [minecraft/MinecraftServer]: Планирование грунта: 53%, изменено блоков: 0
[10:47:01] [Server thread/INFO] [minecraft/GameTestServer]: [_]
[10:47:02] [Server thread/INFO] [minecraft/GameTestServer]: [_]
[10:47:02] [Server thread/INFO] [minecraft/GameTestServer]: [_]
[10:47:02] [Server thread/INFO] [minecraft/GameTestServer]: [_]
[10:47:02] [Server thread/INFO] [minecraft/GameTestServer]: [_]
[10:47:02] [Server thread/INFO] [minecraft/MinecraftServer]: Планирование грунта: 70%, изменено блоков: 0
[10:47:02] [Server thread/INFO] [minecraft/GameTestServer]: [_]
[10:47:02] [Server thread/INFO] [minecraft/GameTestServer]: [_]
[10:47:02] [Server thread/INFO] [minecraft/GameTestServer]: [_]
[10:47:02] [Server thread/INFO] [minecraft/GameTestServer]: [_]
[10:47:03] [Server thread/INFO] [minecraft/GameTestServer]: [_]
[10:47:03] [Server thread/INFO] [minecraft/MinecraftServer]: Планирование грунта: 87%, изменено блоков: 0
[10:47:03] [Server thread/INFO] [minecraft/GameTestServer]: [_]
[10:47:03] [Server thread/INFO] [minecraft/GameTestServer]: [_]
[10:47:03] [Server thread/INFO] [minecraft/GameTestServer]: [_]
[10:47:03] [Server thread/INFO] [minecraft/GameTestServer]: [_]
[10:47:03] [Server thread/INFO] [minecraft/GameTestServer]: [_]
[10:47:03] [Server thread/INFO] [minecraft/MinecraftServer]: Проверка конечного места: 15%, изменено блоков: 0
[10:47:03] [Server thread/INFO] [minecraft/GameTestServer]: [_]
[10:47:03] [Server thread/INFO] [minecraft/MinecraftServer]: Проверяется другая площадка: 8 / 16
[10:47:04] [Server thread/INFO] [minecraft/GameTestServer]: [_]
[10:47:04] [Server thread/INFO] [minecraft/GameTestServer]: [_]
[10:47:04] [Server thread/INFO] [minecraft/GameTestServer]: [_]
[10:47:04] [Server thread/INFO] [minecraft/GameTestServer]: [_]
[10:47:04] [Server thread/INFO] [minecraft/MinecraftServer]: Загрузка территории: 16%, изменено блоков: 0
[10:47:04] [Server thread/INFO] [minecraft/GameTestServer]: [_]
[10:47:04] [Server thread/INFO] [minecraft/GameTestServer]: [_]
[10:47:04] [Server thread/INFO] [minecraft/GameTestServer]: [_]
[10:47:05] [Server thread/INFO] [minecraft/GameTestServer]: [_]
[10:47:05] [Server thread/INFO] [minecraft/GameTestServer]: [_]
[10:47:05] [Server thread/INFO] [minecraft/MinecraftServer]: Загрузка территории: 36%, изменено блоков: 0
[10:47:05] [Server thread/INFO] [minecraft/GameTestServer]: [_]
[10:47:05] [Server thread/INFO] [minecraft/GameTestServer]: [_]
[10:47:05] [Server thread/INFO] [minecraft/GameTestServer]: [_]
[10:47:05] [Server thread/INFO] [minecraft/GameTestServer]: [_]
[10:47:05] [Server thread/INFO] [minecraft/GameTestServer]: [_]
[10:47:05] [Server thread/INFO] [minecraft/MinecraftServer]: Загрузка территории: 57%, изменено блоков: 0
[10:47:05] [Server thread/INFO] [minecraft/GameTestServer]: [_]
[10:47:05] [Server thread/INFO] [minecraft/GameTestServer]: [_]
[10:47:05] [Server thread/INFO] [minecraft/GameTestServer]: [_]
[10:47:05] [Server thread/INFO] [minecraft/GameTestServer]: [_]
[10:47:05] [Server thread/INFO] [minecraft/GameTestServer]: [_]
[10:47:06] [Server thread/INFO] [minecraft/MinecraftServer]: Загрузка территории: 78%, изменено блоков: 0
[10:47:06] [Server thread/INFO] [minecraft/GameTestServer]: [_]
[10:47:06] [Server thread/INFO] [minecraft/GameTestServer]: [_]
[10:47:06] [Server thread/INFO] [minecraft/GameTestServer]: [_]
[10:47:06] [Server thread/INFO] [minecraft/GameTestServer]: [_]
[10:47:06] [Server thread/INFO] [minecraft/GameTestServer]: [_]
[10:47:06] [Server thread/INFO] [minecraft/MinecraftServer]: Загрузка территории: 98%, изменено блоков: 0
[10:47:06] [Server thread/INFO] [minecraft/GameTestServer]: [_]
[10:47:06] [Server thread/INFO] [minecraft/GameTestServer]: [_]
[10:47:06] [Server thread/INFO] [minecraft/GameTestServer]: [_]
[10:47:06] [Server thread/INFO] [minecraft/GameTestServer]: [_]
[10:47:06] [Server thread/INFO] [minecraft/GameTestServer]: [_]
[10:47:06] [Server thread/INFO] [minecraft/MinecraftServer]: Загрузка территории: 11%, изменено блоков: 0
[10:47:07] [Server thread/INFO] [minecraft/GameTestServer]: [_]
[10:47:07] [Server thread/INFO] [minecraft/GameTestServer]: [_]
[10:47:07] [Server thread/INFO] [minecraft/GameTestServer]: [_]
[10:47:07] [Server thread/INFO] [minecraft/GameTestServer]: [_]
[10:47:07] [Server thread/INFO] [minecraft/GameTestServer]: [_]
[10:47:07] [Server thread/INFO] [minecraft/MinecraftServer]: Загрузка территории: 21%, изменено блоков: 0
[10:47:07] [Server thread/INFO] [minecraft/GameTestServer]: [_]
[10:47:07] [Server thread/INFO] [minecraft/GameTestServer]: [_]
[10:47:07] [Server thread/INFO] [minecraft/GameTestServer]: [_]
[10:47:07] [Server thread/INFO] [minecraft/GameTestServer]: [_]
[10:47:08] [Server thread/INFO] [minecraft/GameTestServer]: [_]
[10:47:08] [Server thread/INFO] [minecraft/MinecraftServer]: Загрузка территории: 30%, изменено блоков: 0
[10:47:08] [Server thread/INFO] [minecraft/GameTestServer]: [_]
[10:47:08] [Server thread/INFO] [minecraft/GameTestServer]: [_]
[10:47:08] [Server thread/INFO] [minecraft/GameTestServer]: [_]
[10:47:08] [Server thread/INFO] [minecraft/GameTestServer]: [_]
[10:47:08] [Server thread/INFO] [minecraft/GameTestServer]: [_]
[10:47:08] [Server thread/INFO] [minecraft/MinecraftServer]: Загрузка территории: 36%, изменено блоков: 0
[10:47:08] [Server thread/INFO] [minecraft/GameTestServer]: [_]
[10:47:08] [Server thread/INFO] [minecraft/GameTestServer]: [_]
[10:47:09] [Server thread/INFO] [minecraft/GameTestServer]: [_]
[10:47:09] [Server thread/INFO] [minecraft/GameTestServer]: [_]
[10:47:09] [Server thread/INFO] [minecraft/GameTestServer]: [_]
[10:47:09] [Server thread/INFO] [minecraft/MinecraftServer]: Загрузка территории: 43%, изменено блоков: 0
[10:47:09] [Server thread/INFO] [minecraft/GameTestServer]: [_]
[10:47:09] [Server thread/INFO] [minecraft/GameTestServer]: [_]
[10:47:09] [Server thread/INFO] [minecraft/GameTestServer]: [_]
[10:47:09] [Server thread/INFO] [minecraft/GameTestServer]: [_]
[10:47:09] [Server thread/INFO] [minecraft/GameTestServer]: [_]
[10:47:09] [Server thread/INFO] [minecraft/MinecraftServer]: Загрузка территории: 49%, изменено блоков: 0
[10:47:09] [Server thread/INFO] [minecraft/GameTestServer]: [_]
[10:47:10] [Server thread/INFO] [minecraft/GameTestServer]: [_]
[10:47:10] [Server thread/INFO] [minecraft/GameTestServer]: [_]
[10:47:10] [Server thread/INFO] [minecraft/GameTestServer]: [_]
[10:47:10] [Server thread/INFO] [minecraft/GameTestServer]: [_]
[10:47:10] [Server thread/INFO] [minecraft/MinecraftServer]: Загрузка территории: 54%, изменено блоков: 0
[10:47:10] [Server thread/INFO] [minecraft/GameTestServer]: [_]
[10:47:10] [Server thread/INFO] [minecraft/GameTestServer]: [_]
[10:47:10] [Server thread/INFO] [minecraft/GameTestServer]: [_]
[10:47:10] [Server thread/INFO] [minecraft/GameTestServer]: [_]
[10:47:10] [Server thread/INFO] [minecraft/GameTestServer]: [_]
[10:47:10] [Server thread/INFO] [minecraft/MinecraftServer]: Загрузка территории: 60%, изменено блоков: 0
[10:47:11] [Server thread/INFO] [minecraft/GameTestServer]: [_]
[10:47:11] [Server thread/INFO] [minecraft/GameTestServer]: [_]
[10:47:11] [Server thread/INFO] [minecraft/GameTestServer]: [_]
[10:47:11] [Server thread/INFO] [minecraft/GameTestServer]: [_]
[10:47:11] [Server thread/INFO] [minecraft/GameTestServer]: [_]
[10:47:11] [Server thread/INFO] [minecraft/MinecraftServer]: Загрузка территории: 65%, изменено блоков: 0
[10:47:11] [Server thread/INFO] [minecraft/GameTestServer]: [_]
[10:47:11] [Server thread/INFO] [minecraft/GameTestServer]: [_]
[10:47:11] [Server thread/INFO] [minecraft/GameTestServer]: [_]
[10:47:11] [Server thread/INFO] [minecraft/GameTestServer]: [_]
[10:47:12] [Server thread/INFO] [minecraft/GameTestServer]: [_]
[10:47:12] [Server thread/INFO] [minecraft/MinecraftServer]: Загрузка территории: 72%, изменено блоков: 0
[10:47:12] [Server thread/INFO] [minecraft/GameTestServer]: [_]
[10:47:12] [Server thread/INFO] [minecraft/GameTestServer]: [_]
[10:47:12] [Server thread/INFO] [minecraft/GameTestServer]: [_]
[10:47:12] [Server thread/INFO] [minecraft/GameTestServer]: [_]
[10:47:12] [Server thread/INFO] [minecraft/GameTestServer]: [_]
[10:47:12] [Server thread/INFO] [minecraft/MinecraftServer]: Загрузка территории: 78%, изменено блоков: 0
[10:47:12] [Server thread/INFO] [minecraft/GameTestServer]: [_]
[10:47:12] [Server thread/INFO] [minecraft/GameTestServer]: [_]
[10:47:12] [Server thread/INFO] [minecraft/GameTestServer]: [_]
[10:47:13] [Server thread/INFO] [minecraft/GameTestServer]: [_]
[10:47:13] [Server thread/INFO] [minecraft/GameTestServer]: [_]
[10:47:13] [Server thread/INFO] [minecraft/MinecraftServer]: Загрузка территории: 86%, изменено блоков: 0
[10:47:13] [Server thread/INFO] [minecraft/GameTestServer]: [_]
[10:47:13] [Server thread/INFO] [minecraft/GameTestServer]: [_]
[10:47:13] [Server thread/INFO] [minecraft/GameTestServer]: [_]
[10:47:13] [Server thread/INFO] [minecraft/GameTestServer]: [_]
[10:47:13] [Server thread/INFO] [minecraft/GameTestServer]: [_]
[10:47:13] [Server thread/INFO] [minecraft/MinecraftServer]: Загрузка территории: 92%, изменено блоков: 0
[10:47:13] [Server thread/INFO] [minecraft/GameTestServer]: [_]
[10:47:13] [Server thread/INFO] [minecraft/GameTestServer]: [_]
[10:47:14] [Server thread/INFO] [minecraft/GameTestServer]: [_]
[10:47:14] [Server thread/INFO] [minecraft/GameTestServer]: [_]
[10:47:14] [Server thread/INFO] [minecraft/GameTestServer]: [_]
[10:47:14] [Server thread/INFO] [minecraft/MinecraftServer]: Загрузка территории: 98%, изменено блоков: 0
[10:47:14] [Server thread/INFO] [minecraft/GameTestServer]: [_]
[10:47:14] [Server thread/INFO] [minecraft/MinecraftServer]: Чанки загружены. Подготовка окончательного положения на Y=0
[10:47:14] [Server thread/INFO] [minecraft/GameTestServer]: [_]
[10:47:14] [Server thread/INFO] [minecraft/GameTestServer]: [_]
[10:47:14] [Server thread/INFO] [minecraft/GameTestServer]: [_]
[10:47:14] [Server thread/INFO] [minecraft/GameTestServer]: [_]
[10:47:14] [Server thread/INFO] [minecraft/MinecraftServer]: Планирование грунта: 12%, изменено блоков: 0
[10:47:14] [Server thread/INFO] [minecraft/GameTestServer]: [_]
[10:47:15] [Server thread/INFO] [minecraft/GameTestServer]: [_]
[10:47:15] [Server thread/INFO] [minecraft/GameTestServer]: [_]
[10:47:15] [Server thread/INFO] [minecraft/GameTestServer]: [_]
[10:47:15] [Server thread/INFO] [minecraft/GameTestServer]: [_]
[10:47:15] [Server thread/INFO] [minecraft/MinecraftServer]: Планирование грунта: 29%, изменено блоков: 0
[10:47:15] [Server thread/INFO] [minecraft/GameTestServer]: [_]
[10:47:15] [Server thread/INFO] [minecraft/GameTestServer]: [_]
[10:47:15] [Server thread/INFO] [minecraft/GameTestServer]: [_]
[10:47:16] [Server thread/INFO] [minecraft/GameTestServer]: [_]
[10:47:16] [Server thread/INFO] [minecraft/GameTestServer]: [_]
[10:47:16] [Server thread/INFO] [minecraft/MinecraftServer]: Планирование грунта: 46%, изменено блоков: 0
[10:47:16] [Server thread/INFO] [minecraft/GameTestServer]: [_]
[10:47:16] [Server thread/INFO] [minecraft/GameTestServer]: [_]
[10:47:16] [Server thread/INFO] [minecraft/GameTestServer]: [_]
[10:47:16] [Server thread/INFO] [minecraft/GameTestServer]: [_]
[10:47:16] [Server thread/INFO] [minecraft/GameTestServer]: [_]
[10:47:16] [Server thread/INFO] [minecraft/MinecraftServer]: Планирование грунта: 63%, изменено блоков: 0
[10:47:17] [Server thread/INFO] [minecraft/GameTestServer]: [_]
[10:47:17] [Server thread/INFO] [minecraft/GameTestServer]: [_]
[10:47:17] [Server thread/INFO] [minecraft/GameTestServer]: [_]
[10:47:17] [Server thread/INFO] [minecraft/GameTestServer]: [_]
[10:47:17] [Server thread/INFO] [minecraft/GameTestServer]: [_]
[10:47:17] [Server thread/INFO] [minecraft/MinecraftServer]: Планирование грунта: 80%, изменено блоков: 0
[10:47:17] [Server thread/INFO] [minecraft/GameTestServer]: [_]
[10:47:17] [Server thread/INFO] [minecraft/GameTestServer]: [_]
[10:47:17] [Server thread/INFO] [minecraft/GameTestServer]: [_]
[10:47:18] [Server thread/INFO] [minecraft/GameTestServer]: [_]
[10:47:18] [Server thread/INFO] [minecraft/GameTestServer]: [_]
[10:47:18] [Server thread/INFO] [minecraft/MinecraftServer]: Планирование грунта: 97%, изменено блоков: 0
[10:47:18] [Server thread/INFO] [minecraft/GameTestServer]: [_]
[10:47:18] [Server thread/INFO] [minecraft/MinecraftServer]: Проверяется другая площадка: 9 / 16
[10:47:18] [Server thread/INFO] [minecraft/GameTestServer]: [_]
[10:47:18] [Server thread/INFO] [minecraft/GameTestServer]: [_]
[10:47:18] [Server thread/INFO] [minecraft/GameTestServer]: [_]
[10:47:19] [Server thread/INFO] [minecraft/GameTestServer]: [_]
[10:47:19] [Server thread/INFO] [minecraft/MinecraftServer]: Загрузка территории: 16%, изменено блоков: 0
[10:47:19] [Server thread/INFO] [minecraft/GameTestServer]: [_]
[10:47:19] [Server thread/INFO] [minecraft/GameTestServer]: [_]
[10:47:19] [Server thread/INFO] [minecraft/GameTestServer]: [_]
[10:47:19] [Server thread/INFO] [minecraft/GameTestServer]: [_]
[10:47:19] [Server thread/INFO] [minecraft/GameTestServer]: [_]
[10:47:19] [Server thread/INFO] [minecraft/MinecraftServer]: Загрузка территории: 37%, изменено блоков: 0
[10:47:19] [Server thread/INFO] [minecraft/GameTestServer]: [_]
[10:47:19] [Server thread/INFO] [minecraft/GameTestServer]: [_]
[10:47:19] [Server thread/INFO] [minecraft/GameTestServer]: [_]
[10:47:19] [Server thread/INFO] [minecraft/GameTestServer]: [_]
[10:47:20] [Server thread/INFO] [minecraft/GameTestServer]: [_]
[10:47:20] [Server thread/INFO] [minecraft/MinecraftServer]: Загрузка территории: 58%, изменено блоков: 0
[10:47:20] [Server thread/INFO] [minecraft/GameTestServer]: [_]
[10:47:20] [Server thread/INFO] [minecraft/GameTestServer]: [_]
[10:47:20] [Server thread/INFO] [minecraft/GameTestServer]: [_]
[10:47:20] [Server thread/INFO] [minecraft/GameTestServer]: [_]
[10:47:20] [Server thread/INFO] [minecraft/GameTestServer]: [_]
[10:47:20] [Server thread/INFO] [minecraft/MinecraftServer]: Загрузка территории: 78%, изменено блоков: 0
[10:47:20] [Server thread/INFO] [minecraft/GameTestServer]: [_]
[10:47:21] [Server thread/INFO] [minecraft/GameTestServer]: [_]
[10:47:21] [Server thread/INFO] [minecraft/GameTestServer]: [_]
[10:47:21] [Server thread/INFO] [minecraft/GameTestServer]: [_]
[10:47:21] [Server thread/INFO] [minecraft/GameTestServer]: [_]
[10:47:21] [Server thread/INFO] [minecraft/MinecraftServer]: Загрузка территории: 0%, изменено блоков: 0
[10:47:21] [Server thread/INFO] [minecraft/GameTestServer]: [_]
[10:47:21] [Server thread/INFO] [minecraft/GameTestServer]: [_]
[10:47:21] [Server thread/INFO] [minecraft/GameTestServer]: [_]
[10:47:21] [Server thread/INFO] [minecraft/GameTestServer]: [_]
[10:47:21] [Server thread/INFO] [minecraft/GameTestServer]: [_]
[10:47:22] [Server thread/INFO] [minecraft/MinecraftServer]: Загрузка территории: 14%, изменено блоков: 0
[10:47:22] [Server thread/INFO] [minecraft/GameTestServer]: [_]
[10:47:22] [Server thread/INFO] [minecraft/GameTestServer]: [_]
[10:47:22] [Server thread/INFO] [minecraft/GameTestServer]: [_]
[10:47:22] [Server thread/INFO] [minecraft/GameTestServer]: [_]
[10:47:22] [Server thread/INFO] [minecraft/GameTestServer]: [_]
[10:47:22] [Server thread/INFO] [minecraft/MinecraftServer]: Загрузка территории: 24%, изменено блоков: 0
[10:47:22] [Server thread/INFO] [minecraft/GameTestServer]: [_]
[10:47:22] [Server thread/INFO] [minecraft/GameTestServer]: [_]
[10:47:22] [Server thread/INFO] [minecraft/GameTestServer]: [_]
[10:47:22] [Server thread/INFO] [minecraft/GameTestServer]: [_]
[10:47:23] [Server thread/INFO] [minecraft/GameTestServer]: [_]
[10:47:23] [Server thread/INFO] [minecraft/MinecraftServer]: Загрузка территории: 32%, изменено блоков: 0
[10:47:23] [Server thread/INFO] [minecraft/GameTestServer]: [_]
[10:47:23] [Server thread/INFO] [minecraft/GameTestServer]: [_]
[10:47:23] [Server thread/INFO] [minecraft/GameTestServer]: [_]
[10:47:23] [Server thread/INFO] [minecraft/GameTestServer]: [_]
[10:47:23] [Server thread/INFO] [minecraft/GameTestServer]: [_]
[10:47:23] [Server thread/INFO] [minecraft/MinecraftServer]: Загрузка территории: 40%, изменено блоков: 0
[10:47:23] [Server thread/INFO] [minecraft/GameTestServer]: [_]
[10:47:23] [Server thread/INFO] [minecraft/GameTestServer]: [_]
[10:47:24] [Server thread/INFO] [minecraft/GameTestServer]: [_]
[10:47:24] [Server thread/INFO] [minecraft/GameTestServer]: [_]
[10:47:24] [Server thread/INFO] [minecraft/GameTestServer]: [_]
[10:47:24] [Server thread/INFO] [minecraft/MinecraftServer]: Загрузка территории: 46%, изменено блоков: 0
[10:47:24] [Server thread/INFO] [minecraft/GameTestServer]: [_]
[10:47:24] [Server thread/INFO] [minecraft/GameTestServer]: [_]
[10:47:24] [Server thread/INFO] [minecraft/GameTestServer]: [_]
[10:47:24] [Server thread/INFO] [minecraft/GameTestServer]: [_]
[10:47:24] [Server thread/INFO] [minecraft/GameTestServer]: [_]
[10:47:24] [Server thread/INFO] [minecraft/MinecraftServer]: Загрузка территории: 52%, изменено блоков: 0
[10:47:24] [Server thread/INFO] [minecraft/GameTestServer]: [_]
[10:47:24] [Server thread/INFO] [minecraft/GameTestServer]: [_]
[10:47:25] [Server thread/INFO] [minecraft/GameTestServer]: [_]
[10:47:25] [Server thread/INFO] [minecraft/GameTestServer]: [_]
[10:47:25] [Server thread/INFO] [minecraft/GameTestServer]: [_]
[10:47:25] [Server thread/INFO] [minecraft/MinecraftServer]: Загрузка территории: 57%, изменено блоков: 0
[10:47:25] [Server thread/INFO] [minecraft/GameTestServer]: [_]
[10:47:25] [Server thread/INFO] [minecraft/GameTestServer]: [_]
[10:47:25] [Server thread/INFO] [minecraft/GameTestServer]: [_]
[10:47:25] [Server thread/INFO] [minecraft/GameTestServer]: [_]
[10:47:25] [Server thread/INFO] [minecraft/GameTestServer]: [_]
[10:47:25] [Server thread/INFO] [minecraft/MinecraftServer]: Загрузка территории: 62%, изменено блоков: 0
[10:47:26] [Server thread/INFO] [minecraft/GameTestServer]: [_]
[10:47:26] [Server thread/INFO] [minecraft/GameTestServer]: [_]
[10:47:26] [Server thread/INFO] [minecraft/GameTestServer]: [_]
[10:47:26] [Server thread/INFO] [minecraft/GameTestServer]: [_]
[10:47:26] [Server thread/INFO] [minecraft/GameTestServer]: [_]
[10:47:26] [Server thread/INFO] [minecraft/MinecraftServer]: Загрузка территории: 68%, изменено блоков: 0
[10:47:26] [Server thread/INFO] [minecraft/GameTestServer]: [_]
[10:47:26] [Server thread/INFO] [minecraft/GameTestServer]: [_]
[10:47:26] [Server thread/INFO] [minecraft/GameTestServer]: [_]
[10:47:26] [Server thread/INFO] [minecraft/GameTestServer]: [_]
[10:47:26] [Server thread/INFO] [minecraft/GameTestServer]: [_]
[10:47:27] [Server thread/INFO] [minecraft/MinecraftServer]: Загрузка территории: 73%, изменено блоков: 0
[10:47:27] [Server thread/INFO] [minecraft/GameTestServer]: [_]
[10:47:27] [Server thread/INFO] [minecraft/GameTestServer]: [_]
[10:47:27] [Server thread/INFO] [minecraft/GameTestServer]: [_]
[10:47:27] [Server thread/INFO] [minecraft/GameTestServer]: [_]
[10:47:27] [Server thread/INFO] [minecraft/GameTestServer]: [_]
[10:47:27] [Server thread/INFO] [minecraft/MinecraftServer]: Загрузка территории: 78%, изменено блоков: 0
[10:47:27] [Server thread/INFO] [minecraft/GameTestServer]: [_]
[10:47:27] [Server thread/INFO] [minecraft/GameTestServer]: [_]
[10:47:27] [Server thread/INFO] [minecraft/GameTestServer]: [_]
[10:47:27] [Server thread/INFO] [minecraft/GameTestServer]: [_]
[10:47:28] [Server thread/INFO] [minecraft/GameTestServer]: [_]
[10:47:28] [Server thread/INFO] [minecraft/MinecraftServer]: Загрузка территории: 83%, изменено блоков: 0
[10:47:28] [Server thread/INFO] [minecraft/GameTestServer]: [_]
[10:47:28] [Server thread/INFO] [minecraft/GameTestServer]: [_]
[10:47:28] [Server thread/INFO] [minecraft/GameTestServer]: [_]
[10:47:28] [Server thread/INFO] [minecraft/GameTestServer]: [_]
[10:47:28] [Server thread/INFO] [minecraft/GameTestServer]: [_]
[10:47:28] [Server thread/INFO] [minecraft/MinecraftServer]: Загрузка территории: 88%, изменено блоков: 0
[10:47:28] [Server thread/INFO] [minecraft/GameTestServer]: [_]
[10:47:28] [Server thread/INFO] [minecraft/GameTestServer]: [_]
[10:47:28] [Server thread/INFO] [minecraft/GameTestServer]: [_]
[10:47:29] [Server thread/INFO] [minecraft/GameTestServer]: [_]
[10:47:29] [Server thread/INFO] [minecraft/GameTestServer]: [_]
[10:47:29] [Server thread/INFO] [minecraft/MinecraftServer]: Загрузка территории: 93%, изменено блоков: 0
[10:47:29] [Server thread/INFO] [minecraft/GameTestServer]: [_]
[10:47:29] [Server thread/INFO] [minecraft/GameTestServer]: [_]
[10:47:29] [Server thread/INFO] [minecraft/GameTestServer]: [_]
[10:47:29] [Server thread/INFO] [minecraft/GameTestServer]: [_]
[10:47:29] [Server thread/INFO] [minecraft/GameTestServer]: [_]
[10:47:29] [Server thread/INFO] [minecraft/MinecraftServer]: Загрузка территории: 98%, изменено блоков: 0
[10:47:29] [Server thread/INFO] [minecraft/GameTestServer]: [_]
[10:47:29] [Server thread/INFO] [minecraft/MinecraftServer]: Чанки загружены. Подготовка окончательного положения на Y=0
[10:47:29] [Server thread/INFO] [minecraft/GameTestServer]: [_]
[10:47:30] [Server thread/INFO] [minecraft/GameTestServer]: [_]
[10:47:30] [Server thread/INFO] [minecraft/GameTestServer]: [_]
[10:47:30] [Server thread/INFO] [minecraft/GameTestServer]: [_]
[10:47:30] [Server thread/INFO] [minecraft/MinecraftServer]: Планирование грунта: 12%, изменено блоков: 0
[10:47:30] [Server thread/INFO] [minecraft/GameTestServer]: [_]
[10:47:30] [Server thread/INFO] [minecraft/GameTestServer]: [_]
[10:47:30] [Server thread/INFO] [minecraft/GameTestServer]: [_]
[10:47:30] [Server thread/INFO] [minecraft/GameTestServer]: [_]
[10:47:31] [Server thread/INFO] [minecraft/GameTestServer]: [_]
[10:47:31] [Server thread/INFO] [minecraft/MinecraftServer]: Планирование грунта: 29%, изменено блоков: 0
[10:47:31] [Server thread/INFO] [minecraft/GameTestServer]: [_]
[10:47:31] [Server thread/INFO] [minecraft/GameTestServer]: [_]
[10:47:31] [Server thread/INFO] [minecraft/GameTestServer]: [_]
[10:47:31] [Server thread/INFO] [minecraft/GameTestServer]: [_]
[10:47:31] [Server thread/INFO] [minecraft/GameTestServer]: [_]
[10:47:31] [Server thread/INFO] [minecraft/MinecraftServer]: Планирование грунта: 46%, изменено блоков: 0
[10:47:31] [Server thread/INFO] [minecraft/GameTestServer]: [_]
[10:47:31] [Server thread/INFO] [minecraft/GameTestServer]: [_]
[10:47:32] [Server thread/INFO] [minecraft/GameTestServer]: [_]
[10:47:32] [Server thread/INFO] [minecraft/GameTestServer]: [_]
[10:47:32] [Server thread/INFO] [minecraft/GameTestServer]: [_]
[10:47:32] [Server thread/INFO] [minecraft/MinecraftServer]: Планирование грунта: 63%, изменено блоков: 0
[10:47:32] [Server thread/INFO] [minecraft/GameTestServer]: [_]
[10:47:32] [Server thread/INFO] [minecraft/GameTestServer]: [_]
[10:47:32] [Server thread/INFO] [minecraft/GameTestServer]: [_]
[10:47:32] [Server thread/INFO] [minecraft/GameTestServer]: [_]
[10:47:32] [Server thread/INFO] [minecraft/GameTestServer]: [_]
[10:47:32] [Server thread/INFO] [minecraft/MinecraftServer]: Планирование грунта: 80%, изменено блоков: 0
[10:47:33] [Server thread/INFO] [minecraft/GameTestServer]: [_]
[10:47:33] [Server thread/INFO] [minecraft/GameTestServer]: [_]
[10:47:33] [Server thread/INFO] [minecraft/GameTestServer]: [_]
[10:47:33] [Server thread/INFO] [minecraft/GameTestServer]: [_]
[10:47:33] [Server thread/INFO] [minecraft/GameTestServer]: [_]
[10:47:33] [Server thread/INFO] [minecraft/MinecraftServer]: Планирование грунта: 96%, изменено блоков: 0
[10:47:33] [Server thread/INFO] [minecraft/GameTestServer]: [_]
[10:47:33] [Server thread/INFO] [minecraft/MinecraftServer]: Проверяется другая площадка: 10 / 16
[10:47:34] [Server thread/INFO] [minecraft/GameTestServer]: [_]
[10:47:34] [Server thread/INFO] [minecraft/GameTestServer]: [_]
[10:47:34] [Server thread/INFO] [minecraft/GameTestServer]: [_]
[10:47:34] [Server thread/INFO] [minecraft/GameTestServer]: [_]
[10:47:34] [Server thread/INFO] [minecraft/MinecraftServer]: Загрузка территории: 16%, изменено блоков: 0
[10:47:34] [Server thread/INFO] [minecraft/GameTestServer]: [_]
[10:47:34] [Server thread/INFO] [minecraft/GameTestServer]: [_]
[10:47:34] [Server thread/INFO] [minecraft/GameTestServer]: [_]
[10:47:34] [Server thread/INFO] [minecraft/GameTestServer]: [_]
[10:47:34] [Server thread/INFO] [minecraft/GameTestServer]: [_]
[10:47:34] [Server thread/INFO] [minecraft/MinecraftServer]: Загрузка территории: 37%, изменено блоков: 0
[10:47:34] [Server thread/INFO] [minecraft/GameTestServer]: [_]
[10:47:34] [Server thread/INFO] [minecraft/GameTestServer]: [_]
[10:47:34] [Server thread/INFO] [minecraft/GameTestServer]: [_]
[10:47:35] [Server thread/INFO] [minecraft/GameTestServer]: [_]
[10:47:35] [Server thread/INFO] [minecraft/GameTestServer]: [_]
[10:47:35] [Server thread/INFO] [minecraft/MinecraftServer]: Загрузка территории: 58%, изменено блоков: 0
[10:47:35] [Server thread/INFO] [minecraft/GameTestServer]: [_]
[10:47:35] [Server thread/INFO] [minecraft/GameTestServer]: [_]
[10:47:35] [Server thread/INFO] [minecraft/GameTestServer]: [_]
[10:47:35] [Server thread/INFO] [minecraft/GameTestServer]: [_]
[10:47:35] [Server thread/INFO] [minecraft/GameTestServer]: [_]
[10:47:35] [Server thread/INFO] [minecraft/MinecraftServer]: Загрузка территории: 78%, изменено блоков: 0
[10:47:35] [Server thread/INFO] [minecraft/GameTestServer]: [_]
[10:47:35] [Server thread/INFO] [minecraft/GameTestServer]: [_]
[10:47:35] [Server thread/INFO] [minecraft/GameTestServer]: [_]
[10:47:35] [Server thread/INFO] [minecraft/GameTestServer]: [_]
[10:47:36] [Server thread/INFO] [minecraft/GameTestServer]: [_]
[10:47:36] [Server thread/INFO] [minecraft/MinecraftServer]: Загрузка территории: 0%, изменено блоков: 0
[10:47:36] [Server thread/INFO] [minecraft/GameTestServer]: [_]
[10:47:36] [Server thread/INFO] [minecraft/GameTestServer]: [_]
[10:47:36] [Server thread/INFO] [minecraft/GameTestServer]: [_]
[10:47:36] [Server thread/INFO] [minecraft/GameTestServer]: [_]
[10:47:36] [Server thread/INFO] [minecraft/GameTestServer]: [_]
[10:47:36] [Server thread/INFO] [minecraft/MinecraftServer]: Загрузка территории: 11%, изменено блоков: 0
[10:47:36] [Server thread/INFO] [minecraft/GameTestServer]: [_]
[10:47:36] [Server thread/INFO] [minecraft/GameTestServer]: [_]
[10:47:37] [Server thread/INFO] [minecraft/GameTestServer]: [_]
[10:47:37] [Server thread/INFO] [minecraft/GameTestServer]: [_]
[10:47:37] [Server thread/INFO] [minecraft/GameTestServer]: [_]
[10:47:37] [Server thread/INFO] [minecraft/MinecraftServer]: Загрузка территории: 21%, изменено блоков: 0
[10:47:37] [Server thread/INFO] [minecraft/GameTestServer]: [_]
[10:47:37] [Server thread/INFO] [minecraft/GameTestServer]: [_]
[10:47:37] [Server thread/INFO] [minecraft/GameTestServer]: [_]
[10:47:37] [Server thread/INFO] [minecraft/GameTestServer]: [_]
[10:47:37] [Server thread/INFO] [minecraft/GameTestServer]: [_]
[10:47:37] [Server thread/INFO] [minecraft/MinecraftServer]: Загрузка территории: 30%, изменено блоков: 0
[10:47:37] [Server thread/INFO] [minecraft/GameTestServer]: [_]
[10:47:37] [Server thread/INFO] [minecraft/GameTestServer]: [_]
[10:47:38] [Server thread/INFO] [minecraft/GameTestServer]: [_]
[10:47:38] [Server thread/INFO] [minecraft/GameTestServer]: [_]
[10:47:38] [Server thread/INFO] [minecraft/GameTestServer]: [_]
[10:47:38] [Server thread/INFO] [minecraft/MinecraftServer]: Загрузка территории: 37%, изменено блоков: 0
[10:47:38] [Server thread/INFO] [minecraft/GameTestServer]: [_]
[10:47:38] [Server thread/INFO] [minecraft/GameTestServer]: [_]
[10:47:38] [Server thread/INFO] [minecraft/GameTestServer]: [_]
[10:47:38] [Server thread/INFO] [minecraft/GameTestServer]: [_]
[10:47:38] [Server thread/INFO] [minecraft/GameTestServer]: [_]
[10:47:38] [Server thread/INFO] [minecraft/MinecraftServer]: Загрузка территории: 44%, изменено блоков: 0
[10:47:38] [Server thread/INFO] [minecraft/GameTestServer]: [_]
[10:47:38] [Server thread/INFO] [minecraft/GameTestServer]: [_]
[10:47:38] [Server thread/INFO] [minecraft/GameTestServer]: [_]
[10:47:39] [Server thread/INFO] [minecraft/GameTestServer]: [_]
[10:47:39] [Server thread/INFO] [minecraft/GameTestServer]: [_]
[10:47:39] [Server thread/INFO] [minecraft/MinecraftServer]: Загрузка территории: 50%, изменено блоков: 0
[10:47:39] [Server thread/INFO] [minecraft/GameTestServer]: [_]
[10:47:39] [Server thread/INFO] [minecraft/GameTestServer]: [_]
[10:47:39] [Server thread/INFO] [minecraft/GameTestServer]: [_]
[10:47:39] [Server thread/INFO] [minecraft/GameTestServer]: [_]
[10:47:39] [Server thread/INFO] [minecraft/GameTestServer]: [_]
[10:47:39] [Server thread/INFO] [minecraft/MinecraftServer]: Загрузка территории: 55%, изменено блоков: 0
[10:47:39] [Server thread/INFO] [minecraft/GameTestServer]: [_]
[10:47:39] [Server thread/INFO] [minecraft/GameTestServer]: [_]
[10:47:39] [Server thread/INFO] [minecraft/GameTestServer]: [_]
[10:47:40] [Server thread/INFO] [minecraft/GameTestServer]: [_]
[10:47:40] [Server thread/INFO] [minecraft/GameTestServer]: [_]
[10:47:40] [Server thread/INFO] [minecraft/MinecraftServer]: Загрузка территории: 61%, изменено блоков: 0
[10:47:40] [Server thread/INFO] [minecraft/GameTestServer]: [_]
[10:47:40] [Server thread/INFO] [minecraft/GameTestServer]: [_]
[10:47:40] [Server thread/INFO] [minecraft/GameTestServer]: [_]
[10:47:40] [Server thread/INFO] [minecraft/GameTestServer]: [_]
[10:47:40] [Server thread/INFO] [minecraft/GameTestServer]: [_]
[10:47:40] [Server thread/INFO] [minecraft/MinecraftServer]: Загрузка территории: 66%, изменено блоков: 0
[10:47:40] [Server thread/INFO] [minecraft/GameTestServer]: [_]
[10:47:40] [Server thread/INFO] [minecraft/GameTestServer]: [_]
[10:47:40] [Server thread/INFO] [minecraft/GameTestServer]: [_]
[10:47:40] [Server thread/INFO] [minecraft/GameTestServer]: [_]
[10:47:40] [Server thread/INFO] [minecraft/GameTestServer]: [_]
[10:47:41] [Server thread/INFO] [minecraft/MinecraftServer]: Загрузка территории: 71%, изменено блоков: 0
[10:47:41] [Server thread/INFO] [minecraft/GameTestServer]: [_]
[10:47:41] [Server thread/INFO] [minecraft/GameTestServer]: [_]
[10:47:41] [Server thread/INFO] [minecraft/GameTestServer]: [_]
[10:47:41] [Server thread/INFO] [minecraft/GameTestServer]: [_]
[10:47:41] [Server thread/INFO] [minecraft/GameTestServer]: [_]
[10:47:41] [Server thread/INFO] [minecraft/MinecraftServer]: Загрузка территории: 77%, изменено блоков: 0
[10:47:41] [Server thread/INFO] [minecraft/GameTestServer]: [_]
[10:47:41] [Server thread/INFO] [minecraft/GameTestServer]: [_]
[10:47:41] [Server thread/INFO] [minecraft/GameTestServer]: [_]
[10:47:41] [Server thread/INFO] [minecraft/GameTestServer]: [_]
[10:47:41] [Server thread/INFO] [minecraft/GameTestServer]: [_]
[10:47:41] [Server thread/INFO] [minecraft/MinecraftServer]: Загрузка территории: 82%, изменено блоков: 0
[10:47:41] [Server thread/INFO] [minecraft/GameTestServer]: [_]
[10:47:41] [Server thread/INFO] [minecraft/GameTestServer]: [_]
[10:47:42] [Server thread/INFO] [minecraft/GameTestServer]: [_]
[10:47:42] [Server thread/INFO] [minecraft/GameTestServer]: [_]
[10:47:42] [Server thread/INFO] [minecraft/GameTestServer]: [_]
[10:47:42] [Server thread/INFO] [minecraft/MinecraftServer]: Загрузка территории: 87%, изменено блоков: 0
[10:47:42] [Server thread/INFO] [minecraft/GameTestServer]: [_]
[10:47:42] [Server thread/INFO] [minecraft/GameTestServer]: [_]
[10:47:42] [Server thread/INFO] [minecraft/GameTestServer]: [_]
[10:47:42] [Server thread/INFO] [minecraft/GameTestServer]: [_]
[10:47:42] [Server thread/INFO] [minecraft/GameTestServer]: [_]
[10:47:42] [Server thread/INFO] [minecraft/MinecraftServer]: Загрузка территории: 92%, изменено блоков: 0
[10:47:42] [Server thread/INFO] [minecraft/GameTestServer]: [_]
[10:47:42] [Server thread/INFO] [minecraft/GameTestServer]: [_]
[10:47:42] [Server thread/INFO] [minecraft/GameTestServer]: [_]
[10:47:42] [Server thread/INFO] [minecraft/GameTestServer]: [_]
[10:47:43] [Server thread/INFO] [minecraft/GameTestServer]: [_]
[10:47:43] [Server thread/INFO] [minecraft/MinecraftServer]: Загрузка территории: 97%, изменено блоков: 0
[10:47:43] [Server thread/INFO] [minecraft/GameTestServer]: [_]
[10:47:43] [Server thread/INFO] [minecraft/GameTestServer]: [_]
[10:47:43] [Server thread/INFO] [minecraft/MinecraftServer]: Чанки загружены. Подготовка окончательного положения на Y=0
[10:47:43] [Server thread/INFO] [minecraft/GameTestServer]: [_]
[10:47:43] [Server thread/INFO] [minecraft/GameTestServer]: [_]
[10:47:43] [Server thread/INFO] [minecraft/GameTestServer]: [_]
[10:47:43] [Server thread/INFO] [minecraft/MinecraftServer]: Планирование грунта: 8%, изменено блоков: 0
[10:47:43] [Server thread/INFO] [minecraft/GameTestServer]: [_]
[10:47:43] [Server thread/INFO] [minecraft/GameTestServer]: [_]
[10:47:43] [Server thread/INFO] [minecraft/GameTestServer]: [_]
[10:47:43] [Server thread/INFO] [minecraft/GameTestServer]: [_]
[10:47:43] [Server thread/INFO] [minecraft/GameTestServer]: [_]
[10:47:44] [Server thread/INFO] [minecraft/MinecraftServer]: Планирование грунта: 25%, изменено блоков: 0
[10:47:44] [Server thread/INFO] [minecraft/GameTestServer]: [_]
[10:47:44] [Server thread/INFO] [minecraft/GameTestServer]: [_]
[10:47:44] [Server thread/INFO] [minecraft/GameTestServer]: [_]
[10:47:44] [Server thread/INFO] [minecraft/GameTestServer]: [_]
[10:47:44] [Server thread/INFO] [minecraft/GameTestServer]: [_]
[10:47:44] [Server thread/INFO] [minecraft/MinecraftServer]: Планирование грунта: 42%, изменено блоков: 0
[10:47:44] [Server thread/INFO] [minecraft/GameTestServer]: [_]
[10:47:44] [Server thread/INFO] [minecraft/GameTestServer]: [_]
[10:47:44] [Server thread/INFO] [minecraft/GameTestServer]: [_]
[10:47:44] [Server thread/INFO] [minecraft/GameTestServer]: [_]
[10:47:44] [Server thread/INFO] [minecraft/GameTestServer]: [_]
[10:47:45] [Server thread/INFO] [minecraft/MinecraftServer]: Планирование грунта: 59%, изменено блоков: 0
[10:47:45] [Server thread/INFO] [minecraft/GameTestServer]: [_]
[10:47:45] [Server thread/INFO] [minecraft/GameTestServer]: [_]
[10:47:45] [Server thread/INFO] [minecraft/GameTestServer]: [_]
[10:47:45] [Server thread/INFO] [minecraft/GameTestServer]: [_]
[10:47:45] [Server thread/INFO] [minecraft/GameTestServer]: [_]
[10:47:45] [Server thread/INFO] [minecraft/MinecraftServer]: Планирование грунта: 76%, изменено блоков: 0
[10:47:45] [Server thread/INFO] [minecraft/GameTestServer]: [_]
[10:47:45] [Server thread/INFO] [minecraft/GameTestServer]: [_]
[10:47:45] [Server thread/INFO] [minecraft/GameTestServer]: [_]
[10:47:46] [Server thread/INFO] [minecraft/GameTestServer]: [_]
[10:47:46] [Server thread/INFO] [minecraft/GameTestServer]: [_]
[10:47:46] [Server thread/INFO] [minecraft/MinecraftServer]: Планирование грунта: 93%, изменено блоков: 0
[10:47:46] [Server thread/INFO] [minecraft/GameTestServer]: [_]
[10:47:46] [Server thread/INFO] [minecraft/GameTestServer]: [_]
[10:47:46] [Server thread/INFO] [minecraft/GameTestServer]: [_]
[10:47:46] [Server thread/INFO] [minecraft/GameTestServer]: [_]
[10:47:46] [Server thread/INFO] [minecraft/GameTestServer]: [_]
[10:47:46] [Server thread/INFO] [minecraft/MinecraftServer]: Проверка конечного места: 25%, изменено блоков: 0
[10:47:46] [Server thread/INFO] [minecraft/GameTestServer]: [_]
[10:47:46] [Server thread/INFO] [minecraft/GameTestServer]: [_]
[10:47:47] [Server thread/INFO] [minecraft/GameTestServer]: [_]
[10:47:47] [Server thread/INFO] [minecraft/GameTestServer]: [_]
[10:47:47] [Server thread/INFO] [minecraft/GameTestServer]: [_]
[10:47:47] [Server thread/INFO] [minecraft/MinecraftServer]: Проверка конечного места: 27%, изменено блоков: 0
[10:47:47] [Server thread/INFO] [minecraft/GameTestServer]: [_]
[10:47:47] [Server thread/INFO] [minecraft/GameTestServer]: [_]
[10:47:47] [Server thread/INFO] [minecraft/GameTestServer]: [_]
[10:47:48] [Server thread/INFO] [minecraft/GameTestServer]: [_]
[10:47:48] [Server thread/INFO] [minecraft/GameTestServer]: [_]
[10:47:48] [Server thread/INFO] [minecraft/MinecraftServer]: Проверка конечного места: 28%, изменено блоков: 0
[10:47:48] [Server thread/INFO] [minecraft/GameTestServer]: [_]
[10:47:48] [Server thread/INFO] [minecraft/GameTestServer]: [_]
[10:47:48] [Server thread/INFO] [minecraft/GameTestServer]: [_]
[10:47:49] [Server thread/INFO] [minecraft/GameTestServer]: [_]
[10:47:49] [Server thread/INFO] [minecraft/GameTestServer]: [_]
[10:47:49] [Server thread/INFO] [minecraft/MinecraftServer]: Проверка конечного места: 28%, изменено блоков: 0
[10:47:49] [Server thread/INFO] [minecraft/GameTestServer]: [_]
[10:47:49] [Server thread/INFO] [minecraft/GameTestServer]: [_]
[10:47:49] [Server thread/INFO] [minecraft/GameTestServer]: [_]
[10:47:49] [Server thread/INFO] [minecraft/GameTestServer]: [_]
[10:47:50] [Server thread/INFO] [minecraft/GameTestServer]: [_]
[10:47:50] [Server thread/INFO] [minecraft/MinecraftServer]: Проверка конечного места: 29%, изменено блоков: 0
[10:47:50] [Server thread/INFO] [minecraft/GameTestServer]: [_]
[10:47:50] [Server thread/INFO] [minecraft/GameTestServer]: [_]
[10:47:50] [Server thread/INFO] [minecraft/GameTestServer]: [_]
[10:47:50] [Server thread/INFO] [minecraft/GameTestServer]: [_]
[10:47:50] [Server thread/INFO] [minecraft/GameTestServer]: [_]
[10:47:51] [Server thread/INFO] [minecraft/MinecraftServer]: Проверка конечного места: 29%, изменено блоков: 0
[10:47:51] [Server thread/INFO] [minecraft/GameTestServer]: [_]
[10:47:51] [Server thread/INFO] [minecraft/GameTestServer]: [_]
[10:47:51] [Server thread/INFO] [minecraft/GameTestServer]: [_]
[10:47:51] [Server thread/INFO] [minecraft/GameTestServer]: [_]
[10:47:51] [Server thread/INFO] [minecraft/GameTestServer]: [_]
[10:47:51] [Server thread/INFO] [minecraft/MinecraftServer]: Проверка конечного места: 29%, изменено блоков: 0
[10:47:51] [Server thread/INFO] [minecraft/GameTestServer]: [_]
[10:47:52] [Server thread/INFO] [minecraft/GameTestServer]: [_]
[10:47:52] [Server thread/INFO] [minecraft/GameTestServer]: [_]
[10:47:52] [Server thread/INFO] [minecraft/GameTestServer]: [_]
[10:47:52] [Server thread/INFO] [minecraft/GameTestServer]: [_]
[10:47:52] [Server thread/INFO] [minecraft/MinecraftServer]: Проверка конечного места: 30%, изменено блоков: 0
[10:47:52] [Server thread/INFO] [minecraft/GameTestServer]: [_]
[10:47:53] [Server thread/INFO] [minecraft/GameTestServer]: [_]
[10:47:53] [Server thread/INFO] [minecraft/GameTestServer]: [_]
[10:47:53] [Server thread/INFO] [minecraft/GameTestServer]: [_]
[10:47:53] [Server thread/INFO] [minecraft/GameTestServer]: [_]
[10:47:53] [Server thread/INFO] [minecraft/MinecraftServer]: Проверка конечного места: 30%, изменено блоков: 0
[10:47:53] [Server thread/INFO] [minecraft/GameTestServer]: [_]
[10:47:53] [Server thread/INFO] [minecraft/GameTestServer]: [_]
[10:47:54] [Server thread/INFO] [minecraft/GameTestServer]: [_]
[10:47:54] [Server thread/INFO] [minecraft/GameTestServer]: [_]
[10:47:54] [Server thread/INFO] [minecraft/GameTestServer]: [_]
[10:47:54] [Server thread/INFO] [minecraft/MinecraftServer]: Проверка конечного места: 30%, изменено блоков: 0
[10:47:54] [Server thread/INFO] [minecraft/GameTestServer]: [_]
[10:47:54] [Server thread/INFO] [minecraft/GameTestServer]: [_]
[10:47:55] [Server thread/INFO] [minecraft/GameTestServer]: [_]
[10:47:55] [Server thread/INFO] [minecraft/GameTestServer]: [_]
[10:47:55] [Server thread/INFO] [minecraft/GameTestServer]: [_]
[10:47:55] [Server thread/INFO] [minecraft/MinecraftServer]: Проверка конечного места: 31%, изменено блоков: 0
[10:47:55] [Server thread/INFO] [minecraft/GameTestServer]: [_]
[10:47:55] [Server thread/INFO] [minecraft/GameTestServer]: [_]
[10:47:55] [Server thread/INFO] [minecraft/GameTestServer]: [_]
[10:47:56] [Server thread/INFO] [minecraft/GameTestServer]: [_]
[10:47:56] [Server thread/INFO] [minecraft/GameTestServer]: [_]
[10:47:56] [Server thread/INFO] [minecraft/MinecraftServer]: Проверка конечного места: 31%, изменено блоков: 0
[10:47:56] [Server thread/INFO] [minecraft/GameTestServer]: [_]
[10:47:56] [Server thread/INFO] [minecraft/GameTestServer]: [_]
[10:47:56] [Server thread/INFO] [minecraft/GameTestServer]: [_]
[10:47:56] [Server thread/INFO] [minecraft/GameTestServer]: [_]
[10:47:56] [Server thread/INFO] [minecraft/GameTestServer]: [_]
[10:47:57] [Server thread/INFO] [minecraft/MinecraftServer]: Проверка конечного места: 32%, изменено блоков: 0
[10:47:57] [Server thread/INFO] [minecraft/GameTestServer]: [_]
[10:47:57] [Server thread/INFO] [minecraft/GameTestServer]: [_]
[10:47:57] [Server thread/INFO] [minecraft/GameTestServer]: [_]
[10:47:57] [Server thread/INFO] [minecraft/GameTestServer]: [_]
[10:47:57] [Server thread/INFO] [minecraft/GameTestServer]: [_]
[10:47:57] [Server thread/INFO] [minecraft/MinecraftServer]: Проверка конечного места: 32%, изменено блоков: 0
[10:47:57] [Server thread/INFO] [minecraft/GameTestServer]: [_]
[10:47:57] [Server thread/INFO] [minecraft/GameTestServer]: [_]
[10:47:58] [Server thread/INFO] [minecraft/GameTestServer]: [_]
[10:47:58] [Server thread/INFO] [minecraft/GameTestServer]: [_]
[10:47:58] [Server thread/INFO] [minecraft/GameTestServer]: [_]
[10:47:58] [Server thread/INFO] [minecraft/MinecraftServer]: Проверка конечного места: 33%, изменено блоков: 0
[10:47:58] [Server thread/INFO] [minecraft/GameTestServer]: [_]
[10:47:58] [Server thread/INFO] [minecraft/GameTestServer]: [_]
[10:47:58] [Server thread/INFO] [minecraft/GameTestServer]: [_]
[10:47:59] [Server thread/INFO] [minecraft/GameTestServer]: [_]
[10:47:59] [Server thread/INFO] [minecraft/GameTestServer]: [_]
[10:47:59] [Server thread/INFO] [minecraft/MinecraftServer]: Проверка конечного места: 33%, изменено блоков: 0
[10:47:59] [Server thread/INFO] [minecraft/GameTestServer]: [_]
[10:47:59] [Server thread/INFO] [minecraft/GameTestServer]: [_]
[10:47:59] [Server thread/INFO] [minecraft/GameTestServer]: [_]
[10:47:59] [Server thread/INFO] [minecraft/GameTestServer]: [_]
[10:47:59] [Server thread/INFO] [minecraft/GameTestServer]: [_]
[10:48:00] [Server thread/INFO] [minecraft/MinecraftServer]: Проверка конечного места: 33%, изменено блоков: 0
[10:48:00] [Server thread/INFO] [minecraft/GameTestServer]: [_]
[10:48:00] [Server thread/INFO] [minecraft/GameTestServer]: [_]
[10:48:00] [Server thread/INFO] [minecraft/GameTestServer]: [_]
[10:48:00] [Server thread/INFO] [minecraft/GameTestServer]: [_]
[10:48:00] [Server thread/INFO] [minecraft/GameTestServer]: [_]
[10:48:00] [Server thread/INFO] [minecraft/MinecraftServer]: Проверка конечного места: 34%, изменено блоков: 0
[10:48:00] [Server thread/INFO] [minecraft/GameTestServer]: [_]
[10:48:00] [Server thread/INFO] [minecraft/GameTestServer]: [_]
[10:48:01] [Server thread/INFO] [minecraft/GameTestServer]: [_]
[10:48:01] [Server thread/INFO] [minecraft/GameTestServer]: [_]
[10:48:01] [Server thread/INFO] [minecraft/GameTestServer]: [_]
[10:48:01] [Server thread/INFO] [minecraft/MinecraftServer]: Проверка конечного места: 34%, изменено блоков: 0
[10:48:01] [Server thread/INFO] [minecraft/GameTestServer]: [_]
[10:48:01] [Server thread/INFO] [minecraft/GameTestServer]: [_]
[10:48:01] [Server thread/INFO] [minecraft/GameTestServer]: [_]
[10:48:02] [Server thread/INFO] [minecraft/GameTestServer]: [_]
[10:48:02] [Server thread/INFO] [minecraft/GameTestServer]: [_]
[10:48:02] [Server thread/INFO] [minecraft/MinecraftServer]: Проверка конечного места: 35%, изменено блоков: 0
[10:48:02] [Server thread/INFO] [minecraft/GameTestServer]: [_]
[10:48:02] [Server thread/INFO] [minecraft/GameTestServer]: [_]
[10:48:02] [Server thread/INFO] [minecraft/GameTestServer]: [_]
[10:48:02] [Server thread/INFO] [minecraft/GameTestServer]: [_]
[10:48:02] [Server thread/INFO] [minecraft/GameTestServer]: [_]
[10:48:03] [Server thread/INFO] [minecraft/MinecraftServer]: Проверка конечного места: 35%, изменено блоков: 0
[10:48:03] [Server thread/INFO] [minecraft/GameTestServer]: [_]
[10:48:03] [Server thread/INFO] [minecraft/GameTestServer]: [_]
[10:48:03] [Server thread/INFO] [minecraft/GameTestServer]: [_]
[10:48:03] [Server thread/INFO] [minecraft/GameTestServer]: [_]
[10:48:03] [Server thread/INFO] [minecraft/GameTestServer]: [_]
[10:48:03] [Server thread/INFO] [minecraft/MinecraftServer]: Проверка конечного места: 35%, изменено блоков: 0
[10:48:03] [Server thread/INFO] [minecraft/GameTestServer]: [_]
[10:48:04] [Server thread/INFO] [minecraft/GameTestServer]: [_]
[10:48:04] [Server thread/INFO] [minecraft/GameTestServer]: [_]
[10:48:04] [Server thread/INFO] [minecraft/GameTestServer]: [_]
[10:48:04] [Server thread/INFO] [minecraft/GameTestServer]: [_]
[10:48:04] [Server thread/INFO] [minecraft/MinecraftServer]: Проверка конечного места: 36%, изменено блоков: 0
[10:48:04] [Server thread/INFO] [minecraft/GameTestServer]: [_]
[10:48:04] [Server thread/INFO] [minecraft/GameTestServer]: [_]
[10:48:04] [Server thread/INFO] [minecraft/GameTestServer]: [_]
[10:48:05] [Server thread/INFO] [minecraft/GameTestServer]: [_]
[10:48:05] [Server thread/INFO] [minecraft/GameTestServer]: [_]
[10:48:05] [Server thread/INFO] [minecraft/MinecraftServer]: Проверка конечного места: 36%, изменено блоков: 0
[10:48:05] [Server thread/INFO] [minecraft/GameTestServer]: [_]
[10:48:05] [Server thread/INFO] [minecraft/GameTestServer]: [_]
[10:48:05] [Server thread/INFO] [minecraft/GameTestServer]: [_]
[10:48:05] [Server thread/INFO] [minecraft/GameTestServer]: [_]
[10:48:05] [Server thread/INFO] [minecraft/GameTestServer]: [_]
[10:48:06] [Server thread/INFO] [minecraft/MinecraftServer]: Проверка конечного места: 37%, изменено блоков: 0
[10:48:06] [Server thread/INFO] [minecraft/GameTestServer]: [_]
[10:48:06] [Server thread/INFO] [minecraft/GameTestServer]: [_]
[10:48:06] [Server thread/INFO] [minecraft/GameTestServer]: [_]
[10:48:06] [Server thread/INFO] [minecraft/GameTestServer]: [_]
[10:48:06] [Server thread/INFO] [minecraft/GameTestServer]: [_]
[10:48:06] [Server thread/INFO] [minecraft/MinecraftServer]: Проверка конечного места: 37%, изменено блоков: 0
[10:48:06] [Server thread/INFO] [minecraft/GameTestServer]: [_]
[10:48:07] [Server thread/INFO] [minecraft/GameTestServer]: [_]
[10:48:07] [Server thread/INFO] [minecraft/GameTestServer]: [_]
[10:48:07] [Server thread/INFO] [minecraft/GameTestServer]: [_]
[10:48:07] [Server thread/INFO] [minecraft/GameTestServer]: [_]
[10:48:07] [Server thread/INFO] [minecraft/MinecraftServer]: Проверка конечного места: 38%, изменено блоков: 0
[10:48:07] [Server thread/INFO] [minecraft/GameTestServer]: [_]
[10:48:07] [Server thread/INFO] [minecraft/GameTestServer]: [_]
[10:48:08] [Server thread/INFO] [minecraft/GameTestServer]: [_]
[10:48:08] [Server thread/INFO] [minecraft/GameTestServer]: [_]
[10:48:08] [Server thread/INFO] [minecraft/GameTestServer]: [_]
[10:48:08] [Server thread/INFO] [minecraft/MinecraftServer]: Проверка конечного места: 38%, изменено блоков: 0
[10:48:08] [Server thread/INFO] [minecraft/GameTestServer]: [_]
[10:48:08] [Server thread/INFO] [minecraft/GameTestServer]: [_]
[10:48:08] [Server thread/INFO] [minecraft/GameTestServer]: [_]
[10:48:08] [Server thread/INFO] [minecraft/GameTestServer]: [_]
[10:48:09] [Server thread/INFO] [minecraft/GameTestServer]: [_]
[10:48:09] [Server thread/INFO] [minecraft/MinecraftServer]: Проверка конечного места: 38%, изменено блоков: 0
[10:48:09] [Server thread/INFO] [minecraft/GameTestServer]: [_]
[10:48:09] [Server thread/INFO] [minecraft/GameTestServer]: [_]
[10:48:09] [Server thread/INFO] [minecraft/GameTestServer]: [_]
[10:48:09] [Server thread/INFO] [minecraft/GameTestServer]: [_]
[10:48:09] [Server thread/INFO] [minecraft/GameTestServer]: [_]
[10:48:09] [Server thread/INFO] [minecraft/MinecraftServer]: Проверка конечного места: 39%, изменено блоков: 0
[10:48:09] [Server thread/INFO] [minecraft/GameTestServer]: [_]
[10:48:10] [Server thread/INFO] [minecraft/GameTestServer]: [_]
[10:48:10] [Server thread/INFO] [minecraft/GameTestServer]: [_]
[10:48:10] [Server thread/INFO] [minecraft/GameTestServer]: [_]
[10:48:10] [Server thread/INFO] [minecraft/GameTestServer]: [_]
[10:48:10] [Server thread/INFO] [minecraft/MinecraftServer]: Проверка конечного места: 39%, изменено блоков: 0
[10:48:10] [Server thread/INFO] [minecraft/GameTestServer]: [_]
[10:48:10] [Server thread/INFO] [minecraft/GameTestServer]: [_]
[10:48:11] [Server thread/INFO] [minecraft/GameTestServer]: [_]
[10:48:11] [Server thread/INFO] [minecraft/GameTestServer]: [_]
[10:48:11] [Server thread/INFO] [minecraft/GameTestServer]: [_]
[10:48:11] [Server thread/INFO] [minecraft/MinecraftServer]: Проверка конечного места: 40%, изменено блоков: 0
[10:48:11] [Server thread/INFO] [minecraft/GameTestServer]: [_]
[10:48:11] [Server thread/INFO] [minecraft/GameTestServer]: [_]
[10:48:11] [Server thread/INFO] [minecraft/GameTestServer]: [_]
[10:48:11] [Server thread/INFO] [minecraft/GameTestServer]: [_]
[10:48:12] [Server thread/INFO] [minecraft/GameTestServer]: [_]
[10:48:12] [Server thread/INFO] [minecraft/MinecraftServer]: Проверка конечного места: 40%, изменено блоков: 0
[10:48:12] [Server thread/INFO] [minecraft/GameTestServer]: [_]
[10:48:12] [Server thread/INFO] [minecraft/GameTestServer]: [_]
[10:48:12] [Server thread/INFO] [minecraft/GameTestServer]: [_]
[10:48:12] [Server thread/INFO] [minecraft/GameTestServer]: [_]
[10:48:12] [Server thread/INFO] [minecraft/GameTestServer]: [_]
[10:48:12] [Server thread/INFO] [minecraft/MinecraftServer]: Проверка конечного места: 40%, изменено блоков: 0
[10:48:13] [Server thread/INFO] [minecraft/GameTestServer]: [_]
[10:48:13] [Server thread/INFO] [minecraft/GameTestServer]: [_]
[10:48:13] [Server thread/INFO] [minecraft/GameTestServer]: [_]
[10:48:13] [Server thread/INFO] [minecraft/GameTestServer]: [_]
[10:48:13] [Server thread/INFO] [minecraft/GameTestServer]: [_]
[10:48:13] [Server thread/INFO] [minecraft/MinecraftServer]: Проверка конечного места: 41%, изменено блоков: 0
[10:48:13] [Server thread/INFO] [minecraft/GameTestServer]: [_]
[10:48:13] [Server thread/INFO] [minecraft/GameTestServer]: [_]
[10:48:14] [Server thread/INFO] [minecraft/GameTestServer]: [_]
[10:48:14] [Server thread/INFO] [minecraft/GameTestServer]: [_]
[10:48:14] [Server thread/INFO] [minecraft/GameTestServer]: [_]
[10:48:14] [Server thread/INFO] [minecraft/MinecraftServer]: Проверка конечного места: 41%, изменено блоков: 0
[10:48:14] [Server thread/INFO] [minecraft/GameTestServer]: [_]
[10:48:14] [Server thread/INFO] [minecraft/GameTestServer]: [_]
[10:48:14] [Server thread/INFO] [minecraft/GameTestServer]: [_]
[10:48:15] [Server thread/INFO] [minecraft/GameTestServer]: [_]
[10:48:15] [Server thread/INFO] [minecraft/GameTestServer]: [_]
[10:48:15] [Server thread/INFO] [minecraft/MinecraftServer]: Проверка конечного места: 42%, изменено блоков: 0
[10:48:15] [Server thread/INFO] [minecraft/GameTestServer]: [_]
[10:48:15] [Server thread/INFO] [minecraft/GameTestServer]: [_]
[10:48:15] [Server thread/INFO] [minecraft/GameTestServer]: [_]
[10:48:15] [Server thread/INFO] [minecraft/GameTestServer]: [_]
[10:48:15] [Server thread/INFO] [minecraft/GameTestServer]: [_]
[10:48:16] [Server thread/INFO] [minecraft/MinecraftServer]: Проверка конечного места: 42%, изменено блоков: 0
[10:48:16] [Server thread/INFO] [minecraft/GameTestServer]: [_]
[10:48:16] [Server thread/INFO] [minecraft/GameTestServer]: [_]
[10:48:16] [Server thread/INFO] [minecraft/GameTestServer]: [_]
[10:48:16] [Server thread/INFO] [minecraft/GameTestServer]: [_]
[10:48:16] [Server thread/INFO] [minecraft/GameTestServer]: [_]
[10:48:16] [Server thread/INFO] [minecraft/MinecraftServer]: Проверка конечного места: 43%, изменено блоков: 0
[10:48:16] [Server thread/INFO] [minecraft/GameTestServer]: [_]
[10:48:17] [Server thread/INFO] [minecraft/GameTestServer]: [_]
[10:48:17] [Server thread/INFO] [minecraft/GameTestServer]: [_]
[10:48:17] [Server thread/INFO] [minecraft/GameTestServer]: [_]
[10:48:17] [Server thread/INFO] [minecraft/GameTestServer]: [_]
[10:48:17] [Server thread/INFO] [minecraft/MinecraftServer]: Проверка конечного места: 43%, изменено блоков: 0
[10:48:17] [Server thread/INFO] [minecraft/GameTestServer]: [_]
[10:48:17] [Server thread/INFO] [minecraft/GameTestServer]: [_]
[10:48:18] [Server thread/INFO] [minecraft/GameTestServer]: [_]
[10:48:18] [Server thread/INFO] [minecraft/GameTestServer]: [_]
[10:48:18] [Server thread/INFO] [minecraft/GameTestServer]: [_]
[10:48:18] [Server thread/INFO] [minecraft/MinecraftServer]: Проверка конечного места: 43%, изменено блоков: 0
[10:48:18] [Server thread/INFO] [minecraft/GameTestServer]: [_]
[10:48:18] [Server thread/INFO] [minecraft/GameTestServer]: [_]
[10:48:18] [Server thread/INFO] [minecraft/GameTestServer]: [_]
[10:48:19] [Server thread/INFO] [minecraft/GameTestServer]: [_]
[10:48:19] [Server thread/INFO] [minecraft/GameTestServer]: [_]
[10:48:19] [Server thread/INFO] [minecraft/MinecraftServer]: Проверка конечного места: 44%, изменено блоков: 0
[10:48:19] [Server thread/INFO] [minecraft/GameTestServer]: [_]
[10:48:19] [Server thread/INFO] [minecraft/GameTestServer]: [_]
[10:48:19] [Server thread/INFO] [minecraft/GameTestServer]: [_]
[10:48:19] [Server thread/INFO] [minecraft/GameTestServer]: [_]
[10:48:19] [Server thread/INFO] [minecraft/GameTestServer]: [_]
[10:48:20] [Server thread/INFO] [minecraft/MinecraftServer]: Проверка конечного места: 44%, изменено блоков: 0
[10:48:20] [Server thread/INFO] [minecraft/GameTestServer]: [_]
[10:48:20] [Server thread/INFO] [minecraft/GameTestServer]: [_]
[10:48:20] [Server thread/INFO] [minecraft/GameTestServer]: [_]
[10:48:20] [Server thread/INFO] [minecraft/GameTestServer]: [_]
[10:48:20] [Server thread/INFO] [minecraft/GameTestServer]: [_]
[10:48:20] [Server thread/INFO] [minecraft/MinecraftServer]: Проверка конечного места: 45%, изменено блоков: 0
[10:48:20] [Server thread/INFO] [minecraft/GameTestServer]: [_]
[10:48:21] [Server thread/INFO] [minecraft/GameTestServer]: [_]
[10:48:21] [Server thread/INFO] [minecraft/GameTestServer]: [_]
[10:48:21] [Server thread/INFO] [minecraft/GameTestServer]: [_]
[10:48:21] [Server thread/INFO] [minecraft/GameTestServer]: [_]
[10:48:21] [Server thread/INFO] [minecraft/MinecraftServer]: Проверка конечного места: 45%, изменено блоков: 0
[10:48:21] [Server thread/INFO] [minecraft/GameTestServer]: [_]
[10:48:21] [Server thread/INFO] [minecraft/GameTestServer]: [_]
[10:48:21] [Server thread/INFO] [minecraft/GameTestServer]: [_]
[10:48:22] [Server thread/INFO] [minecraft/GameTestServer]: [_]
[10:48:22] [Server thread/INFO] [minecraft/GameTestServer]: [_]
[10:48:22] [Server thread/INFO] [minecraft/MinecraftServer]: Проверка конечного места: 45%, изменено блоков: 0
[10:48:22] [Server thread/INFO] [minecraft/GameTestServer]: [_]
[10:48:22] [Server thread/INFO] [minecraft/GameTestServer]: [_]
[10:48:22] [Server thread/INFO] [minecraft/GameTestServer]: [_]
[10:48:22] [Server thread/INFO] [minecraft/GameTestServer]: [_]
[10:48:23] [Server thread/INFO] [minecraft/GameTestServer]: [_]
[10:48:23] [Server thread/INFO] [minecraft/MinecraftServer]: Проверка конечного места: 46%, изменено блоков: 0
[10:48:23] [Server thread/INFO] [minecraft/GameTestServer]: [_]
[10:48:23] [Server thread/INFO] [minecraft/GameTestServer]: [_]
[10:48:23] [Server thread/INFO] [minecraft/GameTestServer]: [_]
[10:48:23] [Server thread/INFO] [minecraft/GameTestServer]: [_]
[10:48:23] [Server thread/INFO] [minecraft/GameTestServer]: [_]
[10:48:23] [Server thread/INFO] [minecraft/MinecraftServer]: Проверка конечного места: 46%, изменено блоков: 0
[10:48:23] [Server thread/INFO] [minecraft/GameTestServer]: [_]
[10:48:23] [Server thread/INFO] [minecraft/GameTestServer]: [_]
[10:48:24] [Server thread/INFO] [minecraft/GameTestServer]: [_]
[10:48:24] [Server thread/INFO] [minecraft/GameTestServer]: [_]
[10:48:24] [Server thread/INFO] [minecraft/GameTestServer]: [_]
[10:48:24] [Server thread/INFO] [minecraft/MinecraftServer]: Проверка конечного места: 47%, изменено блоков: 0
[10:48:24] [Server thread/INFO] [minecraft/GameTestServer]: [_]
[10:48:24] [Server thread/INFO] [minecraft/GameTestServer]: [_]
[10:48:24] [Server thread/INFO] [minecraft/GameTestServer]: [_]
[10:48:24] [Server thread/INFO] [minecraft/GameTestServer]: [_]
[10:48:24] [Server thread/INFO] [minecraft/GameTestServer]: [_]
[10:48:25] [Server thread/INFO] [minecraft/MinecraftServer]: Проверка конечного места: 47%, изменено блоков: 0
[10:48:25] [Server thread/INFO] [minecraft/GameTestServer]: [_]
[10:48:25] [Server thread/INFO] [minecraft/GameTestServer]: [_]
[10:48:25] [Server thread/INFO] [minecraft/GameTestServer]: [_]
[10:48:25] [Server thread/INFO] [minecraft/GameTestServer]: [_]
[10:48:25] [Server thread/INFO] [minecraft/GameTestServer]: [_]
[10:48:25] [Server thread/INFO] [minecraft/MinecraftServer]: Проверка конечного места: 48%, изменено блоков: 0
[10:48:25] [Server thread/INFO] [minecraft/GameTestServer]: [_]
[10:48:25] [Server thread/INFO] [minecraft/GameTestServer]: [_]
[10:48:25] [Server thread/INFO] [minecraft/GameTestServer]: [_]
[10:48:26] [Server thread/INFO] [minecraft/GameTestServer]: [_]
[10:48:26] [Server thread/INFO] [minecraft/GameTestServer]: [_]
[10:48:26] [Server thread/INFO] [minecraft/MinecraftServer]: Проверка конечного места: 48%, изменено блоков: 0
[10:48:26] [Server thread/INFO] [minecraft/GameTestServer]: [_]
[10:48:26] [Server thread/INFO] [minecraft/GameTestServer]: [_]
[10:48:26] [Server thread/INFO] [minecraft/GameTestServer]: [_]
[10:48:26] [Server thread/INFO] [minecraft/GameTestServer]: [_]
[10:48:26] [Server thread/INFO] [minecraft/GameTestServer]: [_]
[10:48:26] [Server thread/INFO] [minecraft/MinecraftServer]: Проверка конечного места: 49%, изменено блоков: 0
[10:48:27] [Server thread/INFO] [minecraft/GameTestServer]: [_]
[10:48:27] [Server thread/INFO] [minecraft/GameTestServer]: [_]
[10:48:27] [Server thread/INFO] [minecraft/GameTestServer]: [_]
[10:48:27] [Server thread/INFO] [minecraft/GameTestServer]: [_]
[10:48:27] [Server thread/INFO] [minecraft/GameTestServer]: [_]
[10:48:27] [Server thread/INFO] [minecraft/MinecraftServer]: Проверка конечного места: 50%, изменено блоков: 0
[10:48:27] [Server thread/INFO] [minecraft/GameTestServer]: [_]
[10:48:27] [Server thread/INFO] [minecraft/GameTestServer]: [_]
[10:48:27] [Server thread/INFO] [minecraft/GameTestServer]: [_]
[10:48:28] [Server thread/INFO] [minecraft/GameTestServer]: [_]
[10:48:28] [Server thread/INFO] [minecraft/GameTestServer]: [_]
[10:48:28] [Server thread/INFO] [minecraft/MinecraftServer]: Проверка конечного места: 50%, изменено блоков: 0
[10:48:28] [Server thread/INFO] [minecraft/GameTestServer]: [_]
[10:48:28] [Server thread/INFO] [minecraft/GameTestServer]: [_]
[10:48:28] [Server thread/INFO] [minecraft/GameTestServer]: [_]
[10:48:28] [Server thread/INFO] [minecraft/GameTestServer]: [_]
[10:48:28] [Server thread/INFO] [minecraft/GameTestServer]: [_]
[10:48:28] [Server thread/INFO] [minecraft/MinecraftServer]: Проверка конечного места: 51%, изменено блоков: 0
[10:48:28] [Server thread/INFO] [minecraft/GameTestServer]: [_]
[10:48:29] [Server thread/INFO] [minecraft/GameTestServer]: [_]
[10:48:29] [Server thread/INFO] [minecraft/GameTestServer]: [_]
[10:48:29] [Server thread/INFO] [minecraft/GameTestServer]: [_]
[10:48:29] [Server thread/INFO] [minecraft/GameTestServer]: [_]
[10:48:29] [Server thread/INFO] [minecraft/MinecraftServer]: Проверка конечного места: 51%, изменено блоков: 0
[10:48:29] [Server thread/INFO] [minecraft/GameTestServer]: [_]
[10:48:29] [Server thread/INFO] [minecraft/GameTestServer]: [_]
[10:48:29] [Server thread/INFO] [minecraft/GameTestServer]: [_]
[10:48:29] [Server thread/INFO] [minecraft/GameTestServer]: [_]
[10:48:30] [Server thread/INFO] [minecraft/GameTestServer]: [_]
[10:48:30] [Server thread/INFO] [minecraft/MinecraftServer]: Проверка конечного места: 52%, изменено блоков: 0
[10:48:30] [Server thread/INFO] [minecraft/GameTestServer]: [_]
[10:48:30] [Server thread/INFO] [minecraft/GameTestServer]: [_]
[10:48:30] [Server thread/INFO] [minecraft/GameTestServer]: [_]
[10:48:30] [Server thread/INFO] [minecraft/GameTestServer]: [_]
[10:48:30] [Server thread/INFO] [minecraft/GameTestServer]: [_]
[10:48:30] [Server thread/INFO] [minecraft/MinecraftServer]: Проверка конечного места: 52%, изменено блоков: 0
[10:48:30] [Server thread/INFO] [minecraft/GameTestServer]: [_]
[10:48:30] [Server thread/INFO] [minecraft/GameTestServer]: [_]
[10:48:31] [Server thread/INFO] [minecraft/GameTestServer]: [_]
[10:48:31] [Server thread/INFO] [minecraft/GameTestServer]: [_]
[10:48:31] [Server thread/INFO] [minecraft/GameTestServer]: [_]
[10:48:31] [Server thread/INFO] [minecraft/MinecraftServer]: Проверка конечного места: 53%, изменено блоков: 0
[10:48:31] [Server thread/INFO] [minecraft/GameTestServer]: [_]
[10:48:31] [Server thread/INFO] [minecraft/GameTestServer]: [_]
[10:48:31] [Server thread/INFO] [minecraft/GameTestServer]: [_]
[10:48:31] [Server thread/INFO] [minecraft/GameTestServer]: [_]
[10:48:32] [Server thread/INFO] [minecraft/GameTestServer]: [_]
[10:48:32] [Server thread/INFO] [minecraft/MinecraftServer]: Проверка конечного места: 53%, изменено блоков: 0
[10:48:32] [Server thread/INFO] [minecraft/GameTestServer]: [_]
[10:48:32] [Server thread/INFO] [minecraft/GameTestServer]: [_]
[10:48:32] [Server thread/INFO] [minecraft/GameTestServer]: [_]
[10:48:32] [Server thread/INFO] [minecraft/GameTestServer]: [_]
[10:48:32] [Server thread/INFO] [minecraft/GameTestServer]: [_]
[10:48:32] [Server thread/INFO] [minecraft/MinecraftServer]: Проверка конечного места: 54%, изменено блоков: 0
[10:48:32] [Server thread/INFO] [minecraft/GameTestServer]: [_]
[10:48:32] [Server thread/INFO] [minecraft/GameTestServer]: [_]
[10:48:33] [Server thread/INFO] [minecraft/GameTestServer]: [_]
[10:48:33] [Server thread/INFO] [minecraft/GameTestServer]: [_]
[10:48:33] [Server thread/INFO] [minecraft/GameTestServer]: [_]
[10:48:33] [Server thread/INFO] [minecraft/MinecraftServer]: Проверка конечного места: 54%, изменено блоков: 0
[10:48:33] [Server thread/INFO] [minecraft/GameTestServer]: [_]
[10:48:33] [Server thread/INFO] [minecraft/GameTestServer]: [_]
[10:48:33] [Server thread/INFO] [minecraft/GameTestServer]: [_]
[10:48:33] [Server thread/INFO] [minecraft/GameTestServer]: [_]
[10:48:33] [Server thread/INFO] [minecraft/GameTestServer]: [_]
[10:48:34] [Server thread/INFO] [minecraft/MinecraftServer]: Проверка конечного места: 55%, изменено блоков: 0
[10:48:34] [Server thread/INFO] [minecraft/GameTestServer]: [_]
[10:48:34] [Server thread/INFO] [minecraft/GameTestServer]: [_]
[10:48:34] [Server thread/INFO] [minecraft/GameTestServer]: [_]
[10:48:34] [Server thread/INFO] [minecraft/GameTestServer]: [_]
[10:48:34] [Server thread/INFO] [minecraft/GameTestServer]: [_]
[10:48:34] [Server thread/INFO] [minecraft/MinecraftServer]: Проверка конечного места: 55%, изменено блоков: 0
[10:48:34] [Server thread/INFO] [minecraft/GameTestServer]: [_]
[10:48:34] [Server thread/INFO] [minecraft/GameTestServer]: [_]
[10:48:35] [Server thread/INFO] [minecraft/GameTestServer]: [_]
[10:48:35] [Server thread/INFO] [minecraft/GameTestServer]: [_]
[10:48:35] [Server thread/INFO] [minecraft/GameTestServer]: [_]
[10:48:35] [Server thread/INFO] [minecraft/MinecraftServer]: Проверка конечного места: 56%, изменено блоков: 0
[10:48:35] [Server thread/INFO] [minecraft/GameTestServer]: [_]
[10:48:35] [Server thread/INFO] [minecraft/GameTestServer]: [_]
[10:48:35] [Server thread/INFO] [minecraft/GameTestServer]: [_]
[10:48:35] [Server thread/INFO] [minecraft/GameTestServer]: [_]
[10:48:35] [Server thread/INFO] [minecraft/GameTestServer]: [_]
[10:48:36] [Server thread/INFO] [minecraft/MinecraftServer]: Проверка конечного места: 56%, изменено блоков: 0
[10:48:36] [Server thread/INFO] [minecraft/GameTestServer]: [_]
[10:48:36] [Server thread/INFO] [minecraft/GameTestServer]: [_]
[10:48:36] [Server thread/INFO] [minecraft/GameTestServer]: [_]
[10:48:36] [Server thread/INFO] [minecraft/GameTestServer]: [_]
[10:48:36] [Server thread/INFO] [minecraft/GameTestServer]: [_]
[10:48:36] [Server thread/INFO] [minecraft/MinecraftServer]: Проверка конечного места: 57%, изменено блоков: 0
[10:48:36] [Server thread/INFO] [minecraft/GameTestServer]: [_]
[10:48:36] [Server thread/INFO] [minecraft/GameTestServer]: [_]
[10:48:37] [Server thread/INFO] [minecraft/GameTestServer]: [_]
[10:48:37] [Server thread/INFO] [minecraft/GameTestServer]: [_]
[10:48:37] [Server thread/INFO] [minecraft/GameTestServer]: [_]
[10:48:37] [Server thread/INFO] [minecraft/MinecraftServer]: Проверка конечного места: 57%, изменено блоков: 0
[10:48:37] [Server thread/INFO] [minecraft/GameTestServer]: [_]
[10:48:37] [Server thread/INFO] [minecraft/GameTestServer]: [_]
[10:48:37] [Server thread/INFO] [minecraft/GameTestServer]: [_]
[10:48:38] [Server thread/INFO] [minecraft/GameTestServer]: [_]
[10:48:38] [Server thread/INFO] [minecraft/GameTestServer]: [_]
[10:48:38] [Server thread/INFO] [minecraft/MinecraftServer]: Проверка конечного места: 58%, изменено блоков: 0
[10:48:38] [Server thread/INFO] [minecraft/GameTestServer]: [_]
[10:48:38] [Server thread/INFO] [minecraft/GameTestServer]: [_]
[10:48:38] [Server thread/INFO] [minecraft/GameTestServer]: [_]
[10:48:38] [Server thread/INFO] [minecraft/GameTestServer]: [_]
[10:48:39] [Server thread/INFO] [minecraft/GameTestServer]: [_]
[10:48:39] [Server thread/INFO] [minecraft/MinecraftServer]: Проверка конечного места: 58%, изменено блоков: 0
[10:48:39] [Server thread/INFO] [minecraft/GameTestServer]: [_]
[10:48:39] [Server thread/INFO] [minecraft/GameTestServer]: [_]
[10:48:39] [Server thread/INFO] [minecraft/GameTestServer]: [_]
[10:48:39] [Server thread/INFO] [minecraft/GameTestServer]: [_]
[10:48:39] [Server thread/INFO] [minecraft/GameTestServer]: [_]
[10:48:40] [Server thread/INFO] [minecraft/MinecraftServer]: Проверка конечного места: 58%, изменено блоков: 0
[10:48:40] [Server thread/INFO] [minecraft/GameTestServer]: [_]
[10:48:40] [Server thread/INFO] [minecraft/GameTestServer]: [_]
[10:48:40] [Server thread/INFO] [minecraft/GameTestServer]: [_]
[10:48:40] [Server thread/INFO] [minecraft/GameTestServer]: [_]
[10:48:40] [Server thread/INFO] [minecraft/GameTestServer]: [_]
[10:48:40] [Server thread/INFO] [minecraft/MinecraftServer]: Проверка конечного места: 59%, изменено блоков: 0
[10:48:40] [Server thread/INFO] [minecraft/GameTestServer]: [_]
[10:48:41] [Server thread/INFO] [minecraft/GameTestServer]: [_]
[10:48:41] [Server thread/INFO] [minecraft/GameTestServer]: [_]
[10:48:41] [Server thread/INFO] [minecraft/GameTestServer]: [_]
[10:48:41] [Server thread/INFO] [minecraft/GameTestServer]: [_]
[10:48:41] [Server thread/INFO] [minecraft/MinecraftServer]: Проверка конечного места: 59%, изменено блоков: 0
[10:48:41] [Server thread/INFO] [minecraft/GameTestServer]: [_]
[10:48:41] [Server thread/INFO] [minecraft/GameTestServer]: [_]
[10:48:42] [Server thread/INFO] [minecraft/GameTestServer]: [_]
[10:48:42] [Server thread/INFO] [minecraft/GameTestServer]: [_]
[10:48:42] [Server thread/INFO] [minecraft/GameTestServer]: [_]
[10:48:42] [Server thread/INFO] [minecraft/MinecraftServer]: Проверка конечного места: 59%, изменено блоков: 0
[10:48:42] [Server thread/INFO] [minecraft/GameTestServer]: [_]
[10:48:42] [Server thread/INFO] [minecraft/GameTestServer]: [_]
[10:48:42] [Server thread/INFO] [minecraft/GameTestServer]: [_]
[10:48:43] [Server thread/INFO] [minecraft/GameTestServer]: [_]
[10:48:43] [Server thread/INFO] [minecraft/GameTestServer]: [_]
[10:48:43] [Server thread/INFO] [minecraft/MinecraftServer]: Проверка конечного места: 60%, изменено блоков: 0
[10:48:43] [Server thread/INFO] [minecraft/GameTestServer]: [_]
[10:48:43] [Server thread/INFO] [minecraft/GameTestServer]: [_]
[10:48:43] [Server thread/INFO] [minecraft/GameTestServer]: [_]
[10:48:44] [Server thread/INFO] [minecraft/GameTestServer]: [_]
[10:48:44] [Server thread/INFO] [minecraft/GameTestServer]: [_]
[10:48:44] [Server thread/INFO] [minecraft/MinecraftServer]: Проверка конечного места: 60%, изменено блоков: 0
[10:48:44] [Server thread/INFO] [minecraft/GameTestServer]: [_]
[10:48:44] [Server thread/INFO] [minecraft/GameTestServer]: [_]
[10:48:44] [Server thread/INFO] [minecraft/GameTestServer]: [_]
[10:48:45] [Server thread/INFO] [minecraft/GameTestServer]: [_]
[10:48:45] [Server thread/INFO] [minecraft/GameTestServer]: [_]
[10:48:45] [Server thread/INFO] [minecraft/MinecraftServer]: Проверка конечного места: 61%, изменено блоков: 0
[10:48:45] [Server thread/INFO] [minecraft/GameTestServer]: [_]
[10:48:45] [Server thread/INFO] [minecraft/GameTestServer]: [_]
[10:48:45] [Server thread/INFO] [minecraft/GameTestServer]: [_]
[10:48:46] [Server thread/INFO] [minecraft/GameTestServer]: [_]
[10:48:46] [Server thread/INFO] [minecraft/GameTestServer]: [_]
[10:48:46] [Server thread/INFO] [minecraft/MinecraftServer]: Проверка конечного места: 61%, изменено блоков: 0
[10:48:46] [Server thread/INFO] [minecraft/GameTestServer]: [_]
[10:48:46] [Server thread/INFO] [minecraft/GameTestServer]: [_]
[10:48:46] [Server thread/INFO] [minecraft/GameTestServer]: [_]
[10:48:47] [Server thread/INFO] [minecraft/GameTestServer]: [_]
[10:48:47] [Server thread/INFO] [minecraft/GameTestServer]: [_]
[10:48:47] [Server thread/INFO] [minecraft/MinecraftServer]: Проверка конечного места: 61%, изменено блоков: 0
[10:48:47] [Server thread/INFO] [minecraft/GameTestServer]: [_]
[10:48:47] [Server thread/INFO] [minecraft/GameTestServer]: [_]
[10:48:47] [Server thread/INFO] [minecraft/GameTestServer]: [_]
[10:48:47] [Server thread/INFO] [minecraft/GameTestServer]: [_]
[10:48:48] [Server thread/INFO] [minecraft/GameTestServer]: [_]
[10:48:48] [Server thread/INFO] [minecraft/MinecraftServer]: Проверка конечного места: 62%, изменено блоков: 0
[10:48:48] [Server thread/INFO] [minecraft/GameTestServer]: [_]
[10:48:48] [Server thread/INFO] [minecraft/GameTestServer]: [_]
[10:48:48] [Server thread/INFO] [minecraft/GameTestServer]: [_]
[10:48:48] [Server thread/INFO] [minecraft/GameTestServer]: [_]
[10:48:49] [Server thread/INFO] [minecraft/GameTestServer]: [_]
[10:48:49] [Server thread/INFO] [minecraft/MinecraftServer]: Проверка конечного места: 62%, изменено блоков: 0
[10:48:49] [Server thread/INFO] [minecraft/GameTestServer]: [_]
[10:48:49] [Server thread/INFO] [minecraft/GameTestServer]: [_]
[10:48:49] [Server thread/INFO] [minecraft/GameTestServer]: [_]
[10:48:49] [Server thread/INFO] [minecraft/GameTestServer]: [_]
[10:48:50] [Server thread/INFO] [minecraft/GameTestServer]: [_]
[10:48:50] [Server thread/INFO] [minecraft/MinecraftServer]: Проверка конечного места: 62%, изменено блоков: 0
[10:48:50] [Server thread/INFO] [minecraft/GameTestServer]: [_]
[10:48:50] [Server thread/INFO] [minecraft/GameTestServer]: [_]
[10:48:50] [Server thread/INFO] [minecraft/GameTestServer]: [_]
[10:48:50] [Server thread/INFO] [minecraft/GameTestServer]: [_]
[10:48:51] [Server thread/INFO] [minecraft/GameTestServer]: [_]
[10:48:51] [Server thread/INFO] [minecraft/MinecraftServer]: Проверка конечного места: 63%, изменено блоков: 0
[10:48:51] [Server thread/INFO] [minecraft/GameTestServer]: [_]
[10:48:51] [Server thread/INFO] [minecraft/GameTestServer]: [_]
[10:48:51] [Server thread/INFO] [minecraft/GameTestServer]: [_]
[10:48:52] [Server thread/INFO] [minecraft/GameTestServer]: [_]
[10:48:52] [Server thread/INFO] [minecraft/GameTestServer]: [_]
[10:48:52] [Server thread/INFO] [minecraft/MinecraftServer]: Проверка конечного места: 63%, изменено блоков: 0
[10:48:52] [Server thread/INFO] [minecraft/GameTestServer]: [_]
[10:48:52] [Server thread/INFO] [minecraft/GameTestServer]: [_]
[10:48:52] [Server thread/INFO] [minecraft/GameTestServer]: [_]
[10:48:53] [Server thread/INFO] [minecraft/GameTestServer]: [_]
[10:48:53] [Server thread/INFO] [minecraft/GameTestServer]: [_]
[10:48:53] [Server thread/INFO] [minecraft/MinecraftServer]: Проверка конечного места: 64%, изменено блоков: 0
[10:48:53] [Server thread/INFO] [minecraft/GameTestServer]: [_]
[10:48:53] [Server thread/INFO] [minecraft/GameTestServer]: [_]
[10:48:53] [Server thread/INFO] [minecraft/GameTestServer]: [_]
[10:48:54] [Server thread/INFO] [minecraft/GameTestServer]: [_]
[10:48:54] [Server thread/INFO] [minecraft/GameTestServer]: [_]
[10:48:54] [Server thread/INFO] [minecraft/MinecraftServer]: Проверка конечного места: 64%, изменено блоков: 0
[10:48:54] [Server thread/INFO] [minecraft/GameTestServer]: [_]
[10:48:54] [Server thread/INFO] [minecraft/GameTestServer]: [_]
[10:48:54] [Server thread/INFO] [minecraft/GameTestServer]: [_]
[10:48:55] [Server thread/INFO] [minecraft/GameTestServer]: [_]
[10:48:55] [Server thread/INFO] [minecraft/GameTestServer]: [_]
[10:48:55] [Server thread/INFO] [minecraft/MinecraftServer]: Проверка конечного места: 64%, изменено блоков: 0
[10:48:55] [Server thread/INFO] [minecraft/GameTestServer]: [_]
[10:48:55] [Server thread/INFO] [minecraft/GameTestServer]: [_]
[10:48:55] [Server thread/INFO] [minecraft/GameTestServer]: [_]
[10:48:56] [Server thread/INFO] [minecraft/GameTestServer]: [_]
[10:48:56] [Server thread/INFO] [minecraft/GameTestServer]: [_]
[10:48:56] [Server thread/INFO] [minecraft/MinecraftServer]: Проверка конечного места: 65%, изменено блоков: 0
[10:48:56] [Server thread/INFO] [minecraft/GameTestServer]: [_]
[10:48:56] [Server thread/INFO] [minecraft/GameTestServer]: [_]
[10:48:56] [Server thread/INFO] [minecraft/GameTestServer]: [_]
[10:48:56] [Server thread/INFO] [minecraft/GameTestServer]: [_]
[10:48:57] [Server thread/INFO] [minecraft/GameTestServer]: [_]
[10:48:57] [Server thread/INFO] [minecraft/MinecraftServer]: Проверка конечного места: 65%, изменено блоков: 0
[10:48:57] [Server thread/INFO] [minecraft/GameTestServer]: [_]
[10:48:57] [Server thread/INFO] [minecraft/GameTestServer]: [_]
[10:48:57] [Server thread/INFO] [minecraft/GameTestServer]: [_]
[10:48:57] [Server thread/INFO] [minecraft/GameTestServer]: [_]
[10:48:58] [Server thread/INFO] [minecraft/GameTestServer]: [_]
[10:48:58] [Server thread/INFO] [minecraft/MinecraftServer]: Проверка конечного места: 66%, изменено блоков: 0
[10:48:58] [Server thread/INFO] [minecraft/GameTestServer]: [_]
[10:48:58] [Server thread/INFO] [minecraft/GameTestServer]: [_]
[10:48:58] [Server thread/INFO] [minecraft/GameTestServer]: [_]
[10:48:58] [Server thread/INFO] [minecraft/GameTestServer]: [_]
[10:48:59] [Server thread/INFO] [minecraft/GameTestServer]: [_]
[10:48:59] [Server thread/INFO] [minecraft/MinecraftServer]: Проверка конечного места: 66%, изменено блоков: 0
[10:48:59] [Server thread/INFO] [minecraft/GameTestServer]: [_]
[10:48:59] [Server thread/INFO] [minecraft/GameTestServer]: [_]
[10:48:59] [Server thread/INFO] [minecraft/GameTestServer]: [_]
[10:48:59] [Server thread/INFO] [minecraft/GameTestServer]: [_]
[10:48:59] [Server thread/INFO] [minecraft/GameTestServer]: [_]
[10:49:00] [Server thread/INFO] [minecraft/MinecraftServer]: Проверка конечного места: 66%, изменено блоков: 0
[10:49:00] [Server thread/INFO] [minecraft/GameTestServer]: [_]
[10:49:00] [Server thread/INFO] [minecraft/GameTestServer]: [_]
[10:49:00] [Server thread/INFO] [minecraft/GameTestServer]: [_]
[10:49:00] [Server thread/INFO] [minecraft/GameTestServer]: [_]
[10:49:00] [Server thread/INFO] [minecraft/GameTestServer]: [_]
[10:49:01] [Server thread/INFO] [minecraft/MinecraftServer]: Проверка конечного места: 67%, изменено блоков: 0
[10:49:01] [Server thread/INFO] [minecraft/GameTestServer]: [_]
[10:49:01] [Server thread/INFO] [minecraft/GameTestServer]: [_]
[10:49:01] [Server thread/INFO] [minecraft/GameTestServer]: [_]
[10:49:01] [Server thread/INFO] [minecraft/GameTestServer]: [_]
[10:49:01] [Server thread/INFO] [minecraft/GameTestServer]: [_]
[10:49:01] [Server thread/INFO] [minecraft/MinecraftServer]: Проверка конечного места: 67%, изменено блоков: 0
[10:49:02] [Server thread/INFO] [minecraft/GameTestServer]: [_]
[10:49:02] [Server thread/INFO] [minecraft/GameTestServer]: [_]
[10:49:02] [Server thread/INFO] [minecraft/GameTestServer]: [_]
[10:49:02] [Server thread/INFO] [minecraft/GameTestServer]: [_]
[10:49:02] [Server thread/INFO] [minecraft/GameTestServer]: [_]
[10:49:02] [Server thread/INFO] [minecraft/MinecraftServer]: Проверка конечного места: 67%, изменено блоков: 0
[10:49:03] [Server thread/INFO] [minecraft/GameTestServer]: [_]
[10:49:03] [Server thread/INFO] [minecraft/GameTestServer]: [_]
[10:49:03] [Server thread/INFO] [minecraft/GameTestServer]: [_]
[10:49:03] [Server thread/INFO] [minecraft/GameTestServer]: [_]
[10:49:03] [Server thread/INFO] [minecraft/GameTestServer]: [_]
[10:49:03] [Server thread/INFO] [minecraft/MinecraftServer]: Проверка конечного места: 68%, изменено блоков: 0
[10:49:04] [Server thread/INFO] [minecraft/GameTestServer]: [_]
[10:49:04] [Server thread/INFO] [minecraft/GameTestServer]: [_]
[10:49:04] [Server thread/INFO] [minecraft/GameTestServer]: [_]
[10:49:04] [Server thread/INFO] [minecraft/GameTestServer]: [_]
[10:49:04] [Server thread/INFO] [minecraft/GameTestServer]: [_]
[10:49:04] [Server thread/INFO] [minecraft/MinecraftServer]: Проверка конечного места: 68%, изменено блоков: 0
[10:49:05] [Server thread/INFO] [minecraft/GameTestServer]: [_]
[10:49:05] [Server thread/INFO] [minecraft/GameTestServer]: [_]
[10:49:05] [Server thread/INFO] [minecraft/GameTestServer]: [_]
[10:49:05] [Server thread/INFO] [minecraft/GameTestServer]: [_]
[10:49:05] [Server thread/INFO] [minecraft/GameTestServer]: [_]
[10:49:05] [Server thread/INFO] [minecraft/MinecraftServer]: Проверка конечного места: 69%, изменено блоков: 0
[10:49:06] [Server thread/INFO] [minecraft/GameTestServer]: [_]
[10:49:06] [Server thread/INFO] [minecraft/GameTestServer]: [_]
[10:49:06] [Server thread/INFO] [minecraft/GameTestServer]: [_]
[10:49:06] [Server thread/INFO] [minecraft/GameTestServer]: [_]
[10:49:06] [Server thread/INFO] [minecraft/GameTestServer]: [_]
[10:49:06] [Server thread/INFO] [minecraft/MinecraftServer]: Проверка конечного места: 69%, изменено блоков: 0
[10:49:07] [Server thread/INFO] [minecraft/GameTestServer]: [_]
[10:49:07] [Server thread/INFO] [minecraft/GameTestServer]: [_]
[10:49:07] [Server thread/INFO] [minecraft/GameTestServer]: [_]
[10:49:07] [Server thread/INFO] [minecraft/GameTestServer]: [_]
[10:49:07] [Server thread/INFO] [minecraft/GameTestServer]: [_]
[10:49:07] [Server thread/INFO] [minecraft/MinecraftServer]: Проверка конечного места: 69%, изменено блоков: 0
[10:49:07] [Server thread/INFO] [minecraft/GameTestServer]: [_]
[10:49:08] [Server thread/INFO] [minecraft/GameTestServer]: [_]
[10:49:08] [Server thread/INFO] [minecraft/GameTestServer]: [_]
[10:49:08] [Server thread/INFO] [minecraft/GameTestServer]: [_]
[10:49:08] [Server thread/INFO] [minecraft/GameTestServer]: [_]
[10:49:08] [Server thread/INFO] [minecraft/MinecraftServer]: Проверка конечного места: 70%, изменено блоков: 0
[10:49:08] [Server thread/INFO] [minecraft/GameTestServer]: [_]
[10:49:09] [Server thread/INFO] [minecraft/GameTestServer]: [_]
[10:49:09] [Server thread/INFO] [minecraft/GameTestServer]: [_]
[10:49:09] [Server thread/INFO] [minecraft/GameTestServer]: [_]
[10:49:09] [Server thread/INFO] [minecraft/GameTestServer]: [_]
[10:49:09] [Server thread/INFO] [minecraft/MinecraftServer]: Проверка конечного места: 70%, изменено блоков: 0
[10:49:09] [Server thread/INFO] [minecraft/GameTestServer]: [_]
[10:49:10] [Server thread/INFO] [minecraft/GameTestServer]: [_]
[10:49:10] [Server thread/INFO] [minecraft/GameTestServer]: [_]
[10:49:10] [Server thread/INFO] [minecraft/GameTestServer]: [_]
[10:49:10] [Server thread/INFO] [minecraft/GameTestServer]: [_]
[10:49:10] [Server thread/INFO] [minecraft/MinecraftServer]: Проверка конечного места: 70%, изменено блоков: 0
[10:49:10] [Server thread/INFO] [minecraft/GameTestServer]: [_]
[10:49:11] [Server thread/INFO] [minecraft/GameTestServer]: [_]
[10:49:11] [Server thread/INFO] [minecraft/GameTestServer]: [_]
[10:49:11] [Server thread/INFO] [minecraft/GameTestServer]: [_]
[10:49:11] [Server thread/INFO] [minecraft/GameTestServer]: [_]
[10:49:11] [Server thread/INFO] [minecraft/MinecraftServer]: Проверка конечного места: 71%, изменено блоков: 0
[10:49:11] [Server thread/INFO] [minecraft/GameTestServer]: [_]
[10:49:11] [Server thread/INFO] [minecraft/GameTestServer]: [_]
[10:49:11] [Server thread/INFO] [minecraft/GameTestServer]: [_]
[10:49:12] [Server thread/INFO] [minecraft/GameTestServer]: [_]
[10:49:12] [Server thread/INFO] [minecraft/GameTestServer]: [_]
[10:49:12] [Server thread/INFO] [minecraft/MinecraftServer]: Проверка конечного места: 71%, изменено блоков: 0
[10:49:12] [Server thread/INFO] [minecraft/GameTestServer]: [_]
[10:49:12] [Server thread/INFO] [minecraft/GameTestServer]: [_]
[10:49:12] [Server thread/INFO] [minecraft/GameTestServer]: [_]
[10:49:13] [Server thread/INFO] [minecraft/GameTestServer]: [_]
[10:49:13] [Server thread/INFO] [minecraft/GameTestServer]: [_]
[10:49:13] [Server thread/INFO] [minecraft/MinecraftServer]: Проверка конечного места: 72%, изменено блоков: 0
[10:49:13] [Server thread/INFO] [minecraft/GameTestServer]: [_]
[10:49:13] [Server thread/INFO] [minecraft/GameTestServer]: [_]
[10:49:13] [Server thread/INFO] [minecraft/GameTestServer]: [_]
[10:49:14] [Server thread/INFO] [minecraft/GameTestServer]: [_]
[10:49:14] [Server thread/INFO] [minecraft/GameTestServer]: [_]
[10:49:14] [Server thread/INFO] [minecraft/MinecraftServer]: Проверка конечного места: 77%, изменено блоков: 0
[10:49:14] [Server thread/INFO] [minecraft/GameTestServer]: [_]
[10:49:14] [Server thread/INFO] [minecraft/GameTestServer]: [_]
[10:49:14] [Server thread/INFO] [minecraft/MinecraftServer]: Проверяется другая площадка: 11 / 16
[10:49:14] [Server thread/INFO] [minecraft/GameTestServer]: [_]
[10:49:14] [Server thread/INFO] [minecraft/GameTestServer]: [_]
[10:49:14] [Server thread/INFO] [minecraft/GameTestServer]: [_]
[10:49:15] [Server thread/INFO] [minecraft/MinecraftServer]: Загрузка территории: 11%, изменено блоков: 0
[10:49:15] [Server thread/INFO] [minecraft/GameTestServer]: [_]
[10:49:15] [Server thread/INFO] [minecraft/GameTestServer]: [_]
[10:49:15] [Server thread/INFO] [minecraft/GameTestServer]: [_]
[10:49:15] [Server thread/INFO] [minecraft/GameTestServer]: [_]
[10:49:15] [Server thread/INFO] [minecraft/GameTestServer]: [_]
[10:49:15] [Server thread/INFO] [minecraft/MinecraftServer]: Загрузка территории: 33%, изменено блоков: 0
[10:49:15] [Server thread/INFO] [minecraft/GameTestServer]: [_]
[10:49:15] [Server thread/INFO] [minecraft/GameTestServer]: [_]
[10:49:15] [Server thread/INFO] [minecraft/GameTestServer]: [_]
[10:49:15] [Server thread/INFO] [minecraft/GameTestServer]: [_]
[10:49:15] [Server thread/INFO] [minecraft/GameTestServer]: [_]
[10:49:15] [Server thread/INFO] [minecraft/MinecraftServer]: Загрузка территории: 56%, изменено блоков: 0
[10:49:15] [Server thread/INFO] [minecraft/GameTestServer]: [_]
[10:49:16] [Server thread/INFO] [minecraft/GameTestServer]: [_]
[10:49:16] [Server thread/INFO] [minecraft/GameTestServer]: [_]
[10:49:16] [Server thread/INFO] [minecraft/GameTestServer]: [_]
[10:49:16] [Server thread/INFO] [minecraft/GameTestServer]: [_]
[10:49:16] [Server thread/INFO] [minecraft/MinecraftServer]: Загрузка территории: 76%, изменено блоков: 0
[10:49:16] [Server thread/INFO] [minecraft/GameTestServer]: [_]
[10:49:16] [Server thread/INFO] [minecraft/GameTestServer]: [_]
[10:49:16] [Server thread/INFO] [minecraft/GameTestServer]: [_]
[10:49:16] [Server thread/INFO] [minecraft/GameTestServer]: [_]
[10:49:16] [Server thread/INFO] [minecraft/GameTestServer]: [_]
[10:49:16] [Server thread/INFO] [minecraft/MinecraftServer]: Загрузка территории: 97%, изменено блоков: 0
[10:49:16] [Server thread/INFO] [minecraft/GameTestServer]: [_]
[10:49:16] [Server thread/INFO] [minecraft/GameTestServer]: [_]
[10:49:17] [Server thread/INFO] [minecraft/GameTestServer]: [_]
[10:49:17] [Server thread/INFO] [minecraft/GameTestServer]: [_]
[10:49:17] [Server thread/INFO] [minecraft/GameTestServer]: [_]
[10:49:17] [Server thread/INFO] [minecraft/MinecraftServer]: Загрузка территории: 13%, изменено блоков: 0
[10:49:17] [Server thread/INFO] [minecraft/GameTestServer]: [_]
[10:49:17] [Server thread/INFO] [minecraft/GameTestServer]: [_]
[10:49:17] [Server thread/INFO] [minecraft/GameTestServer]: [_]
[10:49:17] [Server thread/INFO] [minecraft/GameTestServer]: [_]
[10:49:17] [Server thread/INFO] [minecraft/GameTestServer]: [_]
[10:49:17] [Server thread/INFO] [minecraft/MinecraftServer]: Загрузка территории: 25%, изменено блоков: 0
[10:49:17] [Server thread/INFO] [minecraft/GameTestServer]: [_]
[10:49:17] [Server thread/INFO] [minecraft/GameTestServer]: [_]
[10:49:18] [Server thread/INFO] [minecraft/GameTestServer]: [_]
[10:49:18] [Server thread/INFO] [minecraft/GameTestServer]: [_]
[10:49:18] [Server thread/INFO] [minecraft/GameTestServer]: [_]
[10:49:18] [Server thread/INFO] [minecraft/MinecraftServer]: Загрузка территории: 34%, изменено блоков: 0
[10:49:18] [Server thread/INFO] [minecraft/GameTestServer]: [_]
[10:49:18] [Server thread/INFO] [minecraft/GameTestServer]: [_]
[10:49:18] [Server thread/INFO] [minecraft/GameTestServer]: [_]
[10:49:18] [Server thread/INFO] [minecraft/GameTestServer]: [_]
[10:49:18] [Server thread/INFO] [minecraft/GameTestServer]: [_]
[10:49:18] [Server thread/INFO] [minecraft/MinecraftServer]: Загрузка территории: 42%, изменено блоков: 0
[10:49:18] [Server thread/INFO] [minecraft/GameTestServer]: [_]
[10:49:18] [Server thread/INFO] [minecraft/GameTestServer]: [_]
[10:49:19] [Server thread/INFO] [minecraft/GameTestServer]: [_]
[10:49:19] [Server thread/INFO] [minecraft/GameTestServer]: [_]
[10:49:19] [Server thread/INFO] [minecraft/GameTestServer]: [_]
[10:49:19] [Server thread/INFO] [minecraft/MinecraftServer]: Загрузка территории: 50%, изменено блоков: 0
[10:49:19] [Server thread/INFO] [minecraft/GameTestServer]: [_]
[10:49:19] [Server thread/INFO] [minecraft/GameTestServer]: [_]
[10:49:19] [Server thread/INFO] [minecraft/GameTestServer]: [_]
[10:49:19] [Server thread/INFO] [minecraft/GameTestServer]: [_]
[10:49:19] [Server thread/INFO] [minecraft/GameTestServer]: [_]
[10:49:19] [Server thread/INFO] [minecraft/MinecraftServer]: Загрузка территории: 56%, изменено блоков: 0
[10:49:19] [Server thread/INFO] [minecraft/GameTestServer]: [_]
[10:49:19] [Server thread/INFO] [minecraft/GameTestServer]: [_]
[10:49:19] [Server thread/INFO] [minecraft/GameTestServer]: [_]
[10:49:20] [Server thread/INFO] [minecraft/GameTestServer]: [_]
[10:49:20] [Server thread/INFO] [minecraft/GameTestServer]: [_]
[10:49:20] [Server thread/INFO] [minecraft/MinecraftServer]: Загрузка территории: 61%, изменено блоков: 0
[10:49:20] [Server thread/INFO] [minecraft/GameTestServer]: [_]
[10:49:20] [Server thread/INFO] [minecraft/GameTestServer]: [_]
[10:49:20] [Server thread/INFO] [minecraft/GameTestServer]: [_]
[10:49:20] [Server thread/INFO] [minecraft/GameTestServer]: [_]
[10:49:20] [Server thread/INFO] [minecraft/GameTestServer]: [_]
[10:49:20] [Server thread/INFO] [minecraft/MinecraftServer]: Загрузка территории: 67%, изменено блоков: 0
[10:49:20] [Server thread/INFO] [minecraft/GameTestServer]: [_]
[10:49:20] [Server thread/INFO] [minecraft/GameTestServer]: [_]
[10:49:20] [Server thread/INFO] [minecraft/GameTestServer]: [_]
[10:49:20] [Server thread/INFO] [minecraft/GameTestServer]: [_]
[10:49:21] [Server thread/INFO] [minecraft/GameTestServer]: [_]
[10:49:21] [Server thread/INFO] [minecraft/MinecraftServer]: Загрузка территории: 73%, изменено блоков: 0
[10:49:21] [Server thread/INFO] [minecraft/GameTestServer]: [_]
[10:49:21] [Server thread/INFO] [minecraft/GameTestServer]: [_]
[10:49:21] [Server thread/INFO] [minecraft/GameTestServer]: [_]
[10:49:21] [Server thread/INFO] [minecraft/GameTestServer]: [_]
[10:49:21] [Server thread/INFO] [minecraft/GameTestServer]: [_]
[10:49:21] [Server thread/INFO] [minecraft/MinecraftServer]: Загрузка территории: 78%, изменено блоков: 0
[10:49:21] [Server thread/INFO] [minecraft/GameTestServer]: [_]
[10:49:21] [Server thread/INFO] [minecraft/GameTestServer]: [_]
[10:49:21] [Server thread/INFO] [minecraft/GameTestServer]: [_]
[10:49:21] [Server thread/INFO] [minecraft/GameTestServer]: [_]
[10:49:22] [Server thread/INFO] [minecraft/GameTestServer]: [_]
[10:49:22] [Server thread/INFO] [minecraft/MinecraftServer]: Загрузка территории: 83%, изменено блоков: 0
[10:49:22] [Server thread/INFO] [minecraft/GameTestServer]: [_]
[10:49:22] [Server thread/INFO] [minecraft/GameTestServer]: [_]
[10:49:22] [Server thread/INFO] [minecraft/GameTestServer]: [_]
[10:49:22] [Server thread/INFO] [minecraft/GameTestServer]: [_]
[10:49:22] [Server thread/INFO] [minecraft/GameTestServer]: [_]
[10:49:22] [Server thread/INFO] [minecraft/MinecraftServer]: Загрузка территории: 88%, изменено блоков: 0
[10:49:22] [Server thread/INFO] [minecraft/GameTestServer]: [_]
[10:49:22] [Server thread/INFO] [minecraft/GameTestServer]: [_]
[10:49:22] [Server thread/INFO] [minecraft/GameTestServer]: [_]
[10:49:22] [Server thread/INFO] [minecraft/GameTestServer]: [_]
[10:49:22] [Server thread/INFO] [minecraft/GameTestServer]: [_]
[10:49:23] [Server thread/INFO] [minecraft/MinecraftServer]: Загрузка территории: 94%, изменено блоков: 0
[10:49:23] [Server thread/INFO] [minecraft/GameTestServer]: [_]
[10:49:23] [Server thread/INFO] [minecraft/GameTestServer]: [_]
[10:49:23] [Server thread/INFO] [minecraft/GameTestServer]: [_]
[10:49:23] [Server thread/INFO] [minecraft/GameTestServer]: [_]
[10:49:23] [Server thread/INFO] [minecraft/GameTestServer]: [_]
[10:49:23] [Server thread/INFO] [minecraft/MinecraftServer]: Загрузка территории: 99%, изменено блоков: 0
[10:49:23] [Server thread/INFO] [minecraft/GameTestServer]: [_]
[10:49:23] [Server thread/INFO] [minecraft/MinecraftServer]: Чанки загружены. Подготовка окончательного положения на Y=0
[10:49:23] [Server thread/INFO] [minecraft/GameTestServer]: [_]
[10:49:23] [Server thread/INFO] [minecraft/GameTestServer]: [_]
[10:49:23] [Server thread/INFO] [minecraft/GameTestServer]: [_]
[10:49:23] [Server thread/INFO] [minecraft/GameTestServer]: [_]
[10:49:24] [Server thread/INFO] [minecraft/MinecraftServer]: Планирование грунта: 13%, изменено блоков: 0
[10:49:24] [Server thread/INFO] [minecraft/GameTestServer]: [_]
[10:49:24] [Server thread/INFO] [minecraft/GameTestServer]: [_]
[10:49:24] [Server thread/INFO] [minecraft/GameTestServer]: [_]
[10:49:24] [Server thread/INFO] [minecraft/GameTestServer]: [_]
[10:49:24] [Server thread/INFO] [minecraft/GameTestServer]: [_]
[10:49:24] [Server thread/INFO] [minecraft/MinecraftServer]: Планирование грунта: 30%, изменено блоков: 0
[10:49:24] [Server thread/INFO] [minecraft/GameTestServer]: [_]
[10:49:24] [Server thread/INFO] [minecraft/GameTestServer]: [_]
[10:49:24] [Server thread/INFO] [minecraft/GameTestServer]: [_]
[10:49:25] [Server thread/INFO] [minecraft/GameTestServer]: [_]
[10:49:25] [Server thread/INFO] [minecraft/GameTestServer]: [_]
[10:49:25] [Server thread/INFO] [minecraft/MinecraftServer]: Планирование грунта: 47%, изменено блоков: 0
[10:49:25] [Server thread/INFO] [minecraft/GameTestServer]: [_]
[10:49:25] [Server thread/INFO] [minecraft/GameTestServer]: [_]
[10:49:25] [Server thread/INFO] [minecraft/GameTestServer]: [_]
[10:49:25] [Server thread/INFO] [minecraft/GameTestServer]: [_]
[10:49:25] [Server thread/INFO] [minecraft/GameTestServer]: [_]
[10:49:25] [Server thread/INFO] [minecraft/MinecraftServer]: Планирование грунта: 64%, изменено блоков: 0
[10:49:25] [Server thread/INFO] [minecraft/GameTestServer]: [_]
[10:49:26] [Server thread/INFO] [minecraft/GameTestServer]: [_]
[10:49:26] [Server thread/INFO] [minecraft/GameTestServer]: [_]
[10:49:26] [Server thread/INFO] [minecraft/GameTestServer]: [_]
[10:49:26] [Server thread/INFO] [minecraft/GameTestServer]: [_]
[10:49:26] [Server thread/INFO] [minecraft/MinecraftServer]: Планирование грунта: 81%, изменено блоков: 0
[10:49:26] [Server thread/INFO] [minecraft/GameTestServer]: [_]
[10:49:26] [Server thread/INFO] [minecraft/GameTestServer]: [_]
[10:49:26] [Server thread/INFO] [minecraft/GameTestServer]: [_]
[10:49:26] [Server thread/INFO] [minecraft/GameTestServer]: [_]
[10:49:27] [Server thread/INFO] [minecraft/GameTestServer]: [_]
[10:49:27] [Server thread/INFO] [minecraft/MinecraftServer]: Планирование грунта: 98%, изменено блоков: 0
[10:49:27] [Server thread/INFO] [minecraft/GameTestServer]: [_]
[10:49:27] [Server thread/INFO] [minecraft/GameTestServer]: [_]
[10:49:27] [Server thread/INFO] [minecraft/GameTestServer]: [_]
[10:49:27] [Server thread/INFO] [minecraft/MinecraftServer]: Проверяется другая площадка: 12 / 16
[10:49:27] [Server thread/INFO] [minecraft/GameTestServer]: [_]
[10:49:27] [Server thread/INFO] [minecraft/GameTestServer]: [_]
[10:49:27] [Server thread/INFO] [minecraft/MinecraftServer]: Загрузка территории: 7%, изменено блоков: 0
[10:49:27] [Server thread/INFO] [minecraft/GameTestServer]: [_]
[10:49:28] [Server thread/INFO] [minecraft/GameTestServer]: [_]
[10:49:28] [Server thread/INFO] [minecraft/GameTestServer]: [_]
[10:49:28] [Server thread/INFO] [minecraft/GameTestServer]: [_]
[10:49:28] [Server thread/INFO] [minecraft/GameTestServer]: [_]
[10:49:28] [Server thread/INFO] [minecraft/MinecraftServer]: Загрузка территории: 28%, изменено блоков: 0
[10:49:28] [Server thread/INFO] [minecraft/GameTestServer]: [_]
[10:49:28] [Server thread/INFO] [minecraft/GameTestServer]: [_]
[10:49:28] [Server thread/INFO] [minecraft/GameTestServer]: [_]
[10:49:28] [Server thread/INFO] [minecraft/GameTestServer]: [_]
[10:49:28] [Server thread/INFO] [minecraft/GameTestServer]: [_]
[10:49:28] [Server thread/INFO] [minecraft/MinecraftServer]: Загрузка территории: 50%, изменено блоков: 0
[10:49:28] [Server thread/INFO] [minecraft/GameTestServer]: [_]
[10:49:28] [Server thread/INFO] [minecraft/GameTestServer]: [_]
[10:49:29] [Server thread/INFO] [minecraft/GameTestServer]: [_]
[10:49:29] [Server thread/INFO] [minecraft/GameTestServer]: [_]
[10:49:29] [Server thread/INFO] [minecraft/GameTestServer]: [_]
[10:49:29] [Server thread/INFO] [minecraft/MinecraftServer]: Загрузка территории: 70%, изменено блоков: 0
[10:49:29] [Server thread/INFO] [minecraft/GameTestServer]: [_]
[10:49:29] [Server thread/INFO] [minecraft/GameTestServer]: [_]
[10:49:29] [Server thread/INFO] [minecraft/GameTestServer]: [_]
[10:49:29] [Server thread/INFO] [minecraft/GameTestServer]: [_]
[10:49:29] [Server thread/INFO] [minecraft/GameTestServer]: [_]
[10:49:29] [Server thread/INFO] [minecraft/MinecraftServer]: Загрузка территории: 91%, изменено блоков: 0
[10:49:29] [Server thread/INFO] [minecraft/GameTestServer]: [_]
[10:49:29] [Server thread/INFO] [minecraft/GameTestServer]: [_]
[10:49:29] [Server thread/INFO] [minecraft/GameTestServer]: [_]
[10:49:29] [Server thread/INFO] [minecraft/GameTestServer]: [_]
[10:49:30] [Server thread/INFO] [minecraft/GameTestServer]: [_]
[10:49:30] [Server thread/INFO] [minecraft/MinecraftServer]: Загрузка территории: 8%, изменено блоков: 0
[10:49:30] [Server thread/INFO] [minecraft/GameTestServer]: [_]
[10:49:30] [Server thread/INFO] [minecraft/GameTestServer]: [_]
[10:49:30] [Server thread/INFO] [minecraft/GameTestServer]: [_]
[10:49:30] [Server thread/INFO] [minecraft/GameTestServer]: [_]
[10:49:30] [Server thread/INFO] [minecraft/GameTestServer]: [_]
[10:49:30] [Server thread/INFO] [minecraft/MinecraftServer]: Загрузка территории: 18%, изменено блоков: 0
[10:49:30] [Server thread/INFO] [minecraft/GameTestServer]: [_]
[10:49:30] [Server thread/INFO] [minecraft/GameTestServer]: [_]
[10:49:30] [Server thread/INFO] [minecraft/GameTestServer]: [_]
[10:49:30] [Server thread/INFO] [minecraft/GameTestServer]: [_]
[10:49:31] [Server thread/INFO] [minecraft/GameTestServer]: [_]
[10:49:31] [Server thread/INFO] [minecraft/MinecraftServer]: Загрузка территории: 26%, изменено блоков: 0
[10:49:31] [Server thread/INFO] [minecraft/GameTestServer]: [_]
[10:49:31] [Server thread/INFO] [minecraft/GameTestServer]: [_]
[10:49:31] [Server thread/INFO] [minecraft/GameTestServer]: [_]
[10:49:31] [Server thread/INFO] [minecraft/GameTestServer]: [_]
[10:49:31] [Server thread/INFO] [minecraft/GameTestServer]: [_]
[10:49:31] [Server thread/INFO] [minecraft/MinecraftServer]: Загрузка территории: 34%, изменено блоков: 0
[10:49:31] [Server thread/INFO] [minecraft/GameTestServer]: [_]
[10:49:31] [Server thread/INFO] [minecraft/GameTestServer]: [_]
[10:49:31] [Server thread/INFO] [minecraft/GameTestServer]: [_]
[10:49:32] [Server thread/INFO] [minecraft/GameTestServer]: [_]
[10:49:32] [Server thread/INFO] [minecraft/GameTestServer]: [_]
[10:49:32] [Server thread/INFO] [minecraft/MinecraftServer]: Загрузка территории: 41%, изменено блоков: 0
[10:49:32] [Server thread/INFO] [minecraft/GameTestServer]: [_]
[10:49:32] [Server thread/INFO] [minecraft/GameTestServer]: [_]
[10:49:32] [Server thread/INFO] [minecraft/GameTestServer]: [_]
[10:49:32] [Server thread/INFO] [minecraft/GameTestServer]: [_]
[10:49:32] [Server thread/INFO] [minecraft/GameTestServer]: [_]
[10:49:32] [Server thread/INFO] [minecraft/MinecraftServer]: Загрузка территории: 47%, изменено блоков: 0
[10:49:32] [Server thread/INFO] [minecraft/GameTestServer]: [_]
[10:49:32] [Server thread/INFO] [minecraft/GameTestServer]: [_]
[10:49:32] [Server thread/INFO] [minecraft/GameTestServer]: [_]
[10:49:33] [Server thread/INFO] [minecraft/GameTestServer]: [_]
[10:49:33] [Server thread/INFO] [minecraft/GameTestServer]: [_]
[10:49:33] [Server thread/INFO] [minecraft/MinecraftServer]: Загрузка территории: 52%, изменено блоков: 0
[10:49:33] [Server thread/INFO] [minecraft/GameTestServer]: [_]
[10:49:33] [Server thread/INFO] [minecraft/GameTestServer]: [_]
[10:49:33] [Server thread/INFO] [minecraft/GameTestServer]: [_]
[10:49:33] [Server thread/INFO] [minecraft/GameTestServer]: [_]
[10:49:33] [Server thread/INFO] [minecraft/GameTestServer]: [_]
[10:49:33] [Server thread/INFO] [minecraft/MinecraftServer]: Загрузка территории: 57%, изменено блоков: 0
[10:49:33] [Server thread/INFO] [minecraft/GameTestServer]: [_]
[10:49:33] [Server thread/INFO] [minecraft/GameTestServer]: [_]
[10:49:33] [Server thread/INFO] [minecraft/GameTestServer]: [_]
[10:49:34] [Server thread/INFO] [minecraft/GameTestServer]: [_]
[10:49:34] [Server thread/INFO] [minecraft/GameTestServer]: [_]
[10:49:34] [Server thread/INFO] [minecraft/MinecraftServer]: Загрузка территории: 63%, изменено блоков: 0
[10:49:34] [Server thread/INFO] [minecraft/GameTestServer]: [_]
[10:49:34] [Server thread/INFO] [minecraft/GameTestServer]: [_]
[10:49:34] [Server thread/INFO] [minecraft/GameTestServer]: [_]
[10:49:34] [Server thread/INFO] [minecraft/GameTestServer]: [_]
[10:49:34] [Server thread/INFO] [minecraft/GameTestServer]: [_]
[10:49:34] [Server thread/INFO] [minecraft/MinecraftServer]: Загрузка территории: 68%, изменено блоков: 0
[10:49:34] [Server thread/INFO] [minecraft/GameTestServer]: [_]
[10:49:34] [Server thread/INFO] [minecraft/GameTestServer]: [_]
[10:49:35] [Server thread/INFO] [minecraft/GameTestServer]: [_]
[10:49:35] [Server thread/INFO] [minecraft/GameTestServer]: [_]
[10:49:35] [Server thread/INFO] [minecraft/GameTestServer]: [_]
[10:49:35] [Server thread/INFO] [minecraft/MinecraftServer]: Загрузка территории: 73%, изменено блоков: 0
[10:49:35] [Server thread/INFO] [minecraft/GameTestServer]: [_]
[10:49:35] [Server thread/INFO] [minecraft/GameTestServer]: [_]
[10:49:35] [Server thread/INFO] [minecraft/GameTestServer]: [_]
[10:49:35] [Server thread/INFO] [minecraft/GameTestServer]: [_]
[10:49:35] [Server thread/INFO] [minecraft/GameTestServer]: [_]
[10:49:35] [Server thread/INFO] [minecraft/MinecraftServer]: Загрузка территории: 78%, изменено блоков: 0
[10:49:35] [Server thread/INFO] [minecraft/GameTestServer]: [_]
[10:49:35] [Server thread/INFO] [minecraft/GameTestServer]: [_]
[10:49:36] [Server thread/INFO] [minecraft/GameTestServer]: [_]
[10:49:36] [Server thread/INFO] [minecraft/GameTestServer]: [_]
[10:49:36] [Server thread/INFO] [minecraft/GameTestServer]: [_]
[10:49:36] [Server thread/INFO] [minecraft/MinecraftServer]: Загрузка территории: 83%, изменено блоков: 0
[10:49:36] [Server thread/INFO] [minecraft/GameTestServer]: [_]
[10:49:36] [Server thread/INFO] [minecraft/GameTestServer]: [_]
[10:49:36] [Server thread/INFO] [minecraft/GameTestServer]: [_]
[10:49:36] [Server thread/INFO] [minecraft/GameTestServer]: [_]
[10:49:36] [Server thread/INFO] [minecraft/GameTestServer]: [_]
[10:49:36] [Server thread/INFO] [minecraft/MinecraftServer]: Загрузка территории: 88%, изменено блоков: 0
[10:49:36] [Server thread/INFO] [minecraft/GameTestServer]: [_]
[10:49:37] [Server thread/INFO] [minecraft/GameTestServer]: [_]
[10:49:37] [Server thread/INFO] [minecraft/GameTestServer]: [_]
[10:49:37] [Server thread/INFO] [minecraft/GameTestServer]: [_]
[10:49:37] [Server thread/INFO] [minecraft/GameTestServer]: [_]
[10:49:37] [Server thread/INFO] [minecraft/MinecraftServer]: Загрузка территории: 93%, изменено блоков: 0
[10:49:37] [Server thread/INFO] [minecraft/GameTestServer]: [_]
[10:49:37] [Server thread/INFO] [minecraft/GameTestServer]: [_]
[10:49:37] [Server thread/INFO] [minecraft/GameTestServer]: [_]
[10:49:37] [Server thread/INFO] [minecraft/GameTestServer]: [_]
[10:49:37] [Server thread/INFO] [minecraft/GameTestServer]: [_]
[10:49:37] [Server thread/INFO] [minecraft/MinecraftServer]: Загрузка территории: 98%, изменено блоков: 0
[10:49:37] [Server thread/INFO] [minecraft/GameTestServer]: [_]
[10:49:38] [Server thread/INFO] [minecraft/MinecraftServer]: Чанки загружены. Подготовка окончательного положения на Y=0
[10:49:38] [Server thread/INFO] [minecraft/GameTestServer]: [_]
[10:49:38] [Server thread/INFO] [minecraft/GameTestServer]: [_]
[10:49:38] [Server thread/INFO] [minecraft/GameTestServer]: [_]
[10:49:38] [Server thread/INFO] [minecraft/GameTestServer]: [_]
[10:49:38] [Server thread/INFO] [minecraft/MinecraftServer]: Планирование грунта: 13%, изменено блоков: 0
[10:49:38] [Server thread/INFO] [minecraft/GameTestServer]: [_]
[10:49:38] [Server thread/INFO] [minecraft/GameTestServer]: [_]
[10:49:38] [Server thread/INFO] [minecraft/GameTestServer]: [_]
[10:49:38] [Server thread/INFO] [minecraft/GameTestServer]: [_]
[10:49:39] [Server thread/INFO] [minecraft/GameTestServer]: [_]
[10:49:39] [Server thread/INFO] [minecraft/MinecraftServer]: Планирование грунта: 30%, изменено блоков: 0
[10:49:39] [Server thread/INFO] [minecraft/GameTestServer]: [_]
[10:49:39] [Server thread/INFO] [minecraft/GameTestServer]: [_]
[10:49:39] [Server thread/INFO] [minecraft/GameTestServer]: [_]
[10:49:39] [Server thread/INFO] [minecraft/GameTestServer]: [_]
[10:49:39] [Server thread/INFO] [minecraft/GameTestServer]: [_]
[10:49:39] [Server thread/INFO] [minecraft/MinecraftServer]: Планирование грунта: 47%, изменено блоков: 0
[10:49:39] [Server thread/INFO] [minecraft/GameTestServer]: [_]
[10:49:39] [Server thread/INFO] [minecraft/GameTestServer]: [_]
[10:49:40] [Server thread/INFO] [minecraft/GameTestServer]: [_]
[10:49:40] [Server thread/INFO] [minecraft/GameTestServer]: [_]
[10:49:40] [Server thread/INFO] [minecraft/GameTestServer]: [_]
[10:49:40] [Server thread/INFO] [minecraft/MinecraftServer]: Планирование грунта: 64%, изменено блоков: 0
[10:49:40] [Server thread/INFO] [minecraft/GameTestServer]: [_]
[10:49:40] [Server thread/INFO] [minecraft/GameTestServer]: [_]
[10:49:40] [Server thread/INFO] [minecraft/GameTestServer]: [_]
[10:49:40] [Server thread/INFO] [minecraft/GameTestServer]: [_]
[10:49:40] [Server thread/INFO] [minecraft/GameTestServer]: [_]
[10:49:40] [Server thread/INFO] [minecraft/MinecraftServer]: Планирование грунта: 81%, изменено блоков: 0
[10:49:41] [Server thread/INFO] [minecraft/GameTestServer]: [_]
[10:49:41] [Server thread/INFO] [minecraft/GameTestServer]: [_]
[10:49:41] [Server thread/INFO] [minecraft/GameTestServer]: [_]
[10:49:41] [Server thread/INFO] [minecraft/GameTestServer]: [_]
[10:49:41] [Server thread/INFO] [minecraft/GameTestServer]: [_]
[10:49:41] [Server thread/INFO] [minecraft/MinecraftServer]: Планирование грунта: 98%, изменено блоков: 0
[10:49:41] [Server thread/INFO] [minecraft/GameTestServer]: [_]
[10:49:41] [Server thread/INFO] [minecraft/GameTestServer]: [_]
[10:49:41] [Server thread/INFO] [minecraft/GameTestServer]: [_]
[10:49:41] [Server thread/INFO] [minecraft/MinecraftServer]: Проверяется другая площадка: 13 / 16
[10:49:42] [Server thread/INFO] [minecraft/GameTestServer]: [_]
[10:49:42] [Server thread/INFO] [minecraft/GameTestServer]: [_]
[10:49:42] [Server thread/INFO] [minecraft/MinecraftServer]: Загрузка территории: 7%, изменено блоков: 0
[10:49:42] [Server thread/INFO] [minecraft/GameTestServer]: [_]
[10:49:42] [Server thread/INFO] [minecraft/GameTestServer]: [_]
[10:49:42] [Server thread/INFO] [minecraft/GameTestServer]: [_]
[10:49:42] [Server thread/INFO] [minecraft/GameTestServer]: [_]
[10:49:42] [Server thread/INFO] [minecraft/GameTestServer]: [_]
[10:49:42] [Server thread/INFO] [minecraft/MinecraftServer]: Загрузка территории: 28%, изменено блоков: 0
[10:49:42] [Server thread/INFO] [minecraft/GameTestServer]: [_]
[10:49:42] [Server thread/INFO] [minecraft/GameTestServer]: [_]
[10:49:43] [Server thread/INFO] [minecraft/GameTestServer]: [_]
[10:49:43] [Server thread/INFO] [minecraft/GameTestServer]: [_]
[10:49:43] [Server thread/INFO] [minecraft/GameTestServer]: [_]
[10:49:43] [Server thread/INFO] [minecraft/MinecraftServer]: Загрузка территории: 50%, изменено блоков: 0
[10:49:43] [Server thread/INFO] [minecraft/GameTestServer]: [_]
[10:49:43] [Server thread/INFO] [minecraft/GameTestServer]: [_]
[10:49:43] [Server thread/INFO] [minecraft/GameTestServer]: [_]
[10:49:43] [Server thread/INFO] [minecraft/GameTestServer]: [_]
[10:49:43] [Server thread/INFO] [minecraft/GameTestServer]: [_]
[10:49:43] [Server thread/INFO] [minecraft/MinecraftServer]: Загрузка территории: 70%, изменено блоков: 0
[10:49:43] [Server thread/INFO] [minecraft/GameTestServer]: [_]
[10:49:43] [Server thread/INFO] [minecraft/GameTestServer]: [_]
[10:49:44] [Server thread/INFO] [minecraft/GameTestServer]: [_]
[10:49:44] [Server thread/INFO] [minecraft/GameTestServer]: [_]
[10:49:44] [Server thread/INFO] [minecraft/GameTestServer]: [_]
[10:49:44] [Server thread/INFO] [minecraft/MinecraftServer]: Загрузка территории: 78%, изменено блоков: 0
[10:49:44] [Server thread/INFO] [minecraft/GameTestServer]: [_]
[10:49:44] [Server thread/INFO] [minecraft/GameTestServer]: [_]
[10:49:44] [Server thread/INFO] [minecraft/GameTestServer]: [_]
[10:49:44] [Server thread/INFO] [minecraft/GameTestServer]: [_]
[10:49:44] [Server thread/INFO] [minecraft/GameTestServer]: [_]
[10:49:44] [Server thread/INFO] [minecraft/MinecraftServer]: Загрузка территории: 78%, изменено блоков: 0
[10:49:45] [Server thread/INFO] [minecraft/GameTestServer]: [_]
[10:49:45] [Server thread/INFO] [minecraft/GameTestServer]: [_]
[10:49:45] [Server thread/INFO] [minecraft/GameTestServer]: [_]
[10:49:45] [Server thread/INFO] [minecraft/GameTestServer]: [_]
[10:49:45] [Server thread/INFO] [minecraft/GameTestServer]: [_]
[10:49:45] [Server thread/INFO] [minecraft/MinecraftServer]: Загрузка территории: 78%, изменено блоков: 0
[10:49:45] [Server thread/INFO] [minecraft/GameTestServer]: [_]
[10:49:45] [Server thread/INFO] [minecraft/GameTestServer]: [_]
[10:49:45] [Server thread/INFO] [minecraft/GameTestServer]: [_]
[10:49:46] [Server thread/INFO] [minecraft/GameTestServer]: [_]
[10:49:46] [Server thread/INFO] [minecraft/GameTestServer]: [_]
[10:49:46] [Server thread/INFO] [minecraft/MinecraftServer]: Загрузка территории: 91%, изменено блоков: 0
[10:49:46] [Server thread/INFO] [minecraft/GameTestServer]: [_]
[10:49:46] [Server thread/INFO] [minecraft/GameTestServer]: [_]
[10:49:46] [Server thread/INFO] [minecraft/GameTestServer]: [_]
[10:49:46] [Server thread/INFO] [minecraft/GameTestServer]: [_]
[10:49:46] [Server thread/INFO] [minecraft/GameTestServer]: [_]
[10:49:46] [Server thread/INFO] [minecraft/MinecraftServer]: Загрузка территории: 8%, изменено блоков: 0
[10:49:46] [Server thread/INFO] [minecraft/GameTestServer]: [_]
[10:49:46] [Server thread/INFO] [minecraft/GameTestServer]: [_]
[10:49:47] [Server thread/INFO] [minecraft/GameTestServer]: [_]
[10:49:47] [Server thread/INFO] [minecraft/GameTestServer]: [_]
[10:49:47] [Server thread/INFO] [minecraft/GameTestServer]: [_]
[10:49:47] [Server thread/INFO] [minecraft/MinecraftServer]: Загрузка территории: 18%, изменено блоков: 0
[10:49:47] [Server thread/INFO] [minecraft/GameTestServer]: [_]
[10:49:47] [Server thread/INFO] [minecraft/GameTestServer]: [_]
[10:49:47] [Server thread/INFO] [minecraft/GameTestServer]: [_]
[10:49:47] [Server thread/INFO] [minecraft/GameTestServer]: [_]
[10:49:47] [Server thread/INFO] [minecraft/GameTestServer]: [_]
[10:49:47] [Server thread/INFO] [minecraft/MinecraftServer]: Загрузка территории: 26%, изменено блоков: 0
[10:49:47] [Server thread/INFO] [minecraft/GameTestServer]: [_]
[10:49:47] [Server thread/INFO] [minecraft/GameTestServer]: [_]
[10:49:48] [Server thread/INFO] [minecraft/GameTestServer]: [_]
[10:49:48] [Server thread/INFO] [minecraft/GameTestServer]: [_]
[10:49:48] [Server thread/INFO] [minecraft/GameTestServer]: [_]
[10:49:48] [Server thread/INFO] [minecraft/MinecraftServer]: Загрузка территории: 33%, изменено блоков: 0
[10:49:48] [Server thread/INFO] [minecraft/GameTestServer]: [_]
[10:49:48] [Server thread/INFO] [minecraft/GameTestServer]: [_]
[10:49:48] [Server thread/INFO] [minecraft/GameTestServer]: [_]
[10:49:48] [Server thread/INFO] [minecraft/GameTestServer]: [_]
[10:49:48] [Server thread/INFO] [minecraft/GameTestServer]: [_]
[10:49:48] [Server thread/INFO] [minecraft/MinecraftServer]: Загрузка территории: 40%, изменено блоков: 0
[10:49:48] [Server thread/INFO] [minecraft/GameTestServer]: [_]
[10:49:48] [Server thread/INFO] [minecraft/GameTestServer]: [_]
[10:49:48] [Server thread/INFO] [minecraft/GameTestServer]: [_]
[10:49:48] [Server thread/INFO] [minecraft/GameTestServer]: [_]
[10:49:49] [Server thread/INFO] [minecraft/GameTestServer]: [_]
[10:49:49] [Server thread/INFO] [minecraft/MinecraftServer]: Загрузка территории: 46%, изменено блоков: 0
[10:49:49] [Server thread/INFO] [minecraft/GameTestServer]: [_]
[10:49:49] [Server thread/INFO] [minecraft/GameTestServer]: [_]
[10:49:49] [Server thread/INFO] [minecraft/GameTestServer]: [_]
[10:49:49] [Server thread/INFO] [minecraft/GameTestServer]: [_]
[10:49:49] [Server thread/INFO] [minecraft/GameTestServer]: [_]
[10:49:49] [Server thread/INFO] [minecraft/MinecraftServer]: Загрузка территории: 51%, изменено блоков: 0
[10:49:49] [Server thread/INFO] [minecraft/GameTestServer]: [_]
[10:49:49] [Server thread/INFO] [minecraft/GameTestServer]: [_]
[10:49:49] [Server thread/INFO] [minecraft/GameTestServer]: [_]
[10:49:49] [Server thread/INFO] [minecraft/GameTestServer]: [_]
[10:49:50] [Server thread/INFO] [minecraft/GameTestServer]: [_]
[10:49:50] [Server thread/INFO] [minecraft/MinecraftServer]: Загрузка территории: 57%, изменено блоков: 0
[10:49:50] [Server thread/INFO] [minecraft/GameTestServer]: [_]
[10:49:50] [Server thread/INFO] [minecraft/GameTestServer]: [_]
[10:49:50] [Server thread/INFO] [minecraft/GameTestServer]: [_]
[10:49:50] [Server thread/INFO] [minecraft/GameTestServer]: [_]
[10:49:50] [Server thread/INFO] [minecraft/GameTestServer]: [_]
[10:49:50] [Server thread/INFO] [minecraft/MinecraftServer]: Загрузка территории: 62%, изменено блоков: 0
[10:49:50] [Server thread/INFO] [minecraft/GameTestServer]: [_]
[10:49:50] [Server thread/INFO] [minecraft/GameTestServer]: [_]
[10:49:50] [Server thread/INFO] [minecraft/GameTestServer]: [_]
[10:49:50] [Server thread/INFO] [minecraft/GameTestServer]: [_]
[10:49:50] [Server thread/INFO] [minecraft/GameTestServer]: [_]
[10:49:51] [Server thread/INFO] [minecraft/MinecraftServer]: Загрузка территории: 67%, изменено блоков: 0
[10:49:51] [Server thread/INFO] [minecraft/GameTestServer]: [_]
[10:49:51] [Server thread/INFO] [minecraft/GameTestServer]: [_]
[10:49:51] [Server thread/INFO] [minecraft/GameTestServer]: [_]
[10:49:51] [Server thread/INFO] [minecraft/GameTestServer]: [_]
[10:49:51] [Server thread/INFO] [minecraft/GameTestServer]: [_]
[10:49:51] [Server thread/INFO] [minecraft/MinecraftServer]: Загрузка территории: 73%, изменено блоков: 0
[10:49:51] [Server thread/INFO] [minecraft/GameTestServer]: [_]
[10:49:51] [Server thread/INFO] [minecraft/GameTestServer]: [_]
[10:49:51] [Server thread/INFO] [minecraft/GameTestServer]: [_]
[10:49:51] [Server thread/INFO] [minecraft/GameTestServer]: [_]
[10:49:51] [Server thread/INFO] [minecraft/GameTestServer]: [_]
[10:49:51] [Server thread/INFO] [minecraft/MinecraftServer]: Загрузка территории: 78%, изменено блоков: 0
[10:49:51] [Server thread/INFO] [minecraft/GameTestServer]: [_]
[10:49:52] [Server thread/INFO] [minecraft/GameTestServer]: [_]
[10:49:52] [Server thread/INFO] [minecraft/GameTestServer]: [_]
[10:49:52] [Server thread/INFO] [minecraft/GameTestServer]: [_]
[10:49:52] [Server thread/INFO] [minecraft/GameTestServer]: [_]
[10:49:52] [Server thread/INFO] [minecraft/MinecraftServer]: Загрузка территории: 83%, изменено блоков: 0
[10:49:52] [Server thread/INFO] [minecraft/GameTestServer]: [_]
[10:49:52] [Server thread/INFO] [minecraft/GameTestServer]: [_]
[10:49:52] [Server thread/INFO] [minecraft/GameTestServer]: [_]
[10:49:52] [Server thread/INFO] [minecraft/GameTestServer]: [_]
[10:49:52] [Server thread/INFO] [minecraft/GameTestServer]: [_]
[10:49:52] [Server thread/INFO] [minecraft/MinecraftServer]: Загрузка территории: 88%, изменено блоков: 0
[10:49:52] [Server thread/INFO] [minecraft/GameTestServer]: [_]
[10:49:52] [Server thread/INFO] [minecraft/GameTestServer]: [_]
[10:49:52] [Server thread/INFO] [minecraft/GameTestServer]: [_]
[10:49:53] [Server thread/INFO] [minecraft/GameTestServer]: [_]
[10:49:53] [Server thread/INFO] [minecraft/GameTestServer]: [_]
[10:49:53] [Server thread/INFO] [minecraft/MinecraftServer]: Загрузка территории: 93%, изменено блоков: 0
[10:49:53] [Server thread/INFO] [minecraft/GameTestServer]: [_]
[10:49:53] [Server thread/INFO] [minecraft/GameTestServer]: [_]
[10:49:53] [Server thread/INFO] [minecraft/GameTestServer]: [_]
[10:49:53] [Server thread/INFO] [minecraft/GameTestServer]: [_]
[10:49:53] [Server thread/INFO] [minecraft/GameTestServer]: [_]
[10:49:53] [Server thread/INFO] [minecraft/MinecraftServer]: Загрузка территории: 98%, изменено блоков: 0
[10:49:53] [Server thread/INFO] [minecraft/GameTestServer]: [_]
[10:49:53] [Server thread/INFO] [minecraft/MinecraftServer]: Чанки загружены. Подготовка окончательного положения на Y=0
[10:49:53] [Server thread/INFO] [minecraft/GameTestServer]: [_]
[10:49:53] [Server thread/INFO] [minecraft/GameTestServer]: [_]
[10:49:54] [Server thread/INFO] [minecraft/GameTestServer]: [_]
[10:49:54] [Server thread/INFO] [minecraft/GameTestServer]: [_]
[10:49:54] [Server thread/INFO] [minecraft/MinecraftServer]: Планирование грунта: 12%, изменено блоков: 0
[10:49:54] [Server thread/INFO] [minecraft/GameTestServer]: [_]
[10:49:54] [Server thread/INFO] [minecraft/GameTestServer]: [_]
[10:49:54] [Server thread/INFO] [minecraft/GameTestServer]: [_]
[10:49:54] [Server thread/INFO] [minecraft/GameTestServer]: [_]
[10:49:54] [Server thread/INFO] [minecraft/GameTestServer]: [_]
[10:49:54] [Server thread/INFO] [minecraft/MinecraftServer]: Планирование грунта: 29%, изменено блоков: 0
[10:49:54] [Server thread/INFO] [minecraft/GameTestServer]: [_]
[10:49:54] [Server thread/INFO] [minecraft/GameTestServer]: [_]
[10:49:55] [Server thread/INFO] [minecraft/GameTestServer]: [_]
[10:49:55] [Server thread/INFO] [minecraft/GameTestServer]: [_]
[10:49:55] [Server thread/INFO] [minecraft/GameTestServer]: [_]
[10:49:55] [Server thread/INFO] [minecraft/MinecraftServer]: Планирование грунта: 46%, изменено блоков: 0
[10:49:55] [Server thread/INFO] [minecraft/GameTestServer]: [_]
[10:49:55] [Server thread/INFO] [minecraft/GameTestServer]: [_]
[10:49:55] [Server thread/INFO] [minecraft/GameTestServer]: [_]
[10:49:55] [Server thread/INFO] [minecraft/GameTestServer]: [_]
[10:49:55] [Server thread/INFO] [minecraft/GameTestServer]: [_]
[10:49:55] [Server thread/INFO] [minecraft/MinecraftServer]: Планирование грунта: 63%, изменено блоков: 0
[10:49:55] [Server thread/INFO] [minecraft/GameTestServer]: [_]
[10:49:56] [Server thread/INFO] [minecraft/GameTestServer]: [_]
[10:49:56] [Server thread/INFO] [minecraft/GameTestServer]: [_]
[10:49:56] [Server thread/INFO] [minecraft/GameTestServer]: [_]
[10:49:56] [Server thread/INFO] [minecraft/GameTestServer]: [_]
[10:49:56] [Server thread/INFO] [minecraft/MinecraftServer]: Планирование грунта: 80%, изменено блоков: 0
[10:49:56] [Server thread/INFO] [minecraft/GameTestServer]: [_]
[10:49:56] [Server thread/INFO] [minecraft/GameTestServer]: [_]
[10:49:56] [Server thread/INFO] [minecraft/GameTestServer]: [_]
[10:49:56] [Server thread/INFO] [minecraft/GameTestServer]: [_]
[10:49:56] [Server thread/INFO] [minecraft/GameTestServer]: [_]
[10:49:57] [Server thread/INFO] [minecraft/MinecraftServer]: Планирование грунта: 97%, изменено блоков: 0
[10:49:57] [Server thread/INFO] [minecraft/GameTestServer]: [_]
[10:49:57] [Server thread/INFO] [minecraft/MinecraftServer]: Проверяется другая площадка: 14 / 16
[10:49:57] [Server thread/INFO] [minecraft/GameTestServer]: [_]
[10:49:57] [Server thread/INFO] [minecraft/GameTestServer]: [_]
[10:49:57] [Server thread/INFO] [minecraft/GameTestServer]: [_]
[10:49:57] [Server thread/INFO] [minecraft/GameTestServer]: [_]
[10:49:57] [Server thread/INFO] [minecraft/MinecraftServer]: Загрузка территории: 17%, изменено блоков: 0
[10:49:57] [Server thread/INFO] [minecraft/GameTestServer]: [_]
[10:49:57] [Server thread/INFO] [minecraft/GameTestServer]: [_]
[10:49:58] [Server thread/INFO] [minecraft/GameTestServer]: [_]
[10:49:58] [Server thread/INFO] [minecraft/GameTestServer]: [_]
[10:49:58] [Server thread/INFO] [minecraft/GameTestServer]: [_]
[10:49:58] [Server thread/INFO] [minecraft/MinecraftServer]: Загрузка территории: 37%, изменено блоков: 0
[10:49:58] [Server thread/INFO] [minecraft/GameTestServer]: [_]
[10:49:58] [Server thread/INFO] [minecraft/GameTestServer]: [_]
[10:49:58] [Server thread/INFO] [minecraft/GameTestServer]: [_]
[10:49:58] [Server thread/INFO] [minecraft/GameTestServer]: [_]
[10:49:58] [Server thread/INFO] [minecraft/GameTestServer]: [_]
[10:49:58] [Server thread/INFO] [minecraft/MinecraftServer]: Загрузка территории: 58%, изменено блоков: 0
[10:49:58] [Server thread/INFO] [minecraft/GameTestServer]: [_]
[10:49:58] [Server thread/INFO] [minecraft/GameTestServer]: [_]
[10:49:58] [Server thread/INFO] [minecraft/GameTestServer]: [_]
[10:49:58] [Server thread/INFO] [minecraft/GameTestServer]: [_]
[10:49:59] [Server thread/INFO] [minecraft/GameTestServer]: [_]
[10:49:59] [Server thread/INFO] [minecraft/MinecraftServer]: Загрузка территории: 80%, изменено блоков: 0
[10:49:59] [Server thread/INFO] [minecraft/GameTestServer]: [_]
[10:49:59] [Server thread/INFO] [minecraft/GameTestServer]: [_]
[10:49:59] [Server thread/INFO] [minecraft/GameTestServer]: [_]
[10:49:59] [Server thread/INFO] [minecraft/GameTestServer]: [_]
[10:49:59] [Server thread/INFO] [minecraft/GameTestServer]: [_]
[10:49:59] [Server thread/INFO] [minecraft/MinecraftServer]: Загрузка территории: 0%, изменено блоков: 0
[10:49:59] [Server thread/INFO] [minecraft/GameTestServer]: [_]
[10:49:59] [Server thread/INFO] [minecraft/GameTestServer]: [_]
[10:49:59] [Server thread/INFO] [minecraft/GameTestServer]: [_]
[10:49:59] [Server thread/INFO] [minecraft/GameTestServer]: [_]
[10:50:00] [Server thread/INFO] [minecraft/GameTestServer]: [_]
[10:50:00] [Server thread/INFO] [minecraft/MinecraftServer]: Загрузка территории: 12%, изменено блоков: 0
[10:50:00] [Server thread/INFO] [minecraft/GameTestServer]: [_]
[10:50:00] [Server thread/INFO] [minecraft/GameTestServer]: [_]
[10:50:00] [Server thread/INFO] [minecraft/GameTestServer]: [_]
[10:50:00] [Server thread/INFO] [minecraft/GameTestServer]: [_]
[10:50:00] [Server thread/INFO] [minecraft/GameTestServer]: [_]
[10:50:00] [Server thread/INFO] [minecraft/MinecraftServer]: Загрузка территории: 21%, изменено блоков: 0
[10:50:00] [Server thread/INFO] [minecraft/GameTestServer]: [_]
[10:50:00] [Server thread/INFO] [minecraft/GameTestServer]: [_]
[10:50:00] [Server thread/INFO] [minecraft/GameTestServer]: [_]
[10:50:00] [Server thread/INFO] [minecraft/GameTestServer]: [_]
[10:50:00] [Server thread/INFO] [minecraft/GameTestServer]: [_]
[10:50:00] [Server thread/INFO] [minecraft/MinecraftServer]: Загрузка территории: 30%, изменено блоков: 0
[10:50:01] [Server thread/INFO] [minecraft/GameTestServer]: [_]
[10:50:01] [Server thread/INFO] [minecraft/GameTestServer]: [_]
[10:50:01] [Server thread/INFO] [minecraft/GameTestServer]: [_]
[10:50:01] [Server thread/INFO] [minecraft/GameTestServer]: [_]
[10:50:01] [Server thread/INFO] [minecraft/GameTestServer]: [_]
[10:50:01] [Server thread/INFO] [minecraft/MinecraftServer]: Загрузка территории: 37%, изменено блоков: 0
[10:50:01] [Server thread/INFO] [minecraft/GameTestServer]: [_]
[10:50:01] [Server thread/INFO] [minecraft/GameTestServer]: [_]
[10:50:01] [Server thread/INFO] [minecraft/GameTestServer]: [_]
[10:50:01] [Server thread/INFO] [minecraft/GameTestServer]: [_]
[10:50:01] [Server thread/INFO] [minecraft/GameTestServer]: [_]
[10:50:01] [Server thread/INFO] [minecraft/MinecraftServer]: Загрузка территории: 44%, изменено блоков: 0
[10:50:01] [Server thread/INFO] [minecraft/GameTestServer]: [_]
[10:50:01] [Server thread/INFO] [minecraft/GameTestServer]: [_]
[10:50:02] [Server thread/INFO] [minecraft/GameTestServer]: [_]
[10:50:02] [Server thread/INFO] [minecraft/GameTestServer]: [_]
[10:50:02] [Server thread/INFO] [minecraft/GameTestServer]: [_]
[10:50:02] [Server thread/INFO] [minecraft/MinecraftServer]: Загрузка территории: 50%, изменено блоков: 0
[10:50:02] [Server thread/INFO] [minecraft/GameTestServer]: [_]
[10:50:02] [Server thread/INFO] [minecraft/GameTestServer]: [_]
[10:50:02] [Server thread/INFO] [minecraft/GameTestServer]: [_]
[10:50:02] [Server thread/INFO] [minecraft/GameTestServer]: [_]
[10:50:02] [Server thread/INFO] [minecraft/GameTestServer]: [_]
[10:50:02] [Server thread/INFO] [minecraft/MinecraftServer]: Загрузка территории: 56%, изменено блоков: 0
[10:50:02] [Server thread/INFO] [minecraft/GameTestServer]: [_]
[10:50:02] [Server thread/INFO] [minecraft/GameTestServer]: [_]
[10:50:02] [Server thread/INFO] [minecraft/GameTestServer]: [_]
[10:50:02] [Server thread/INFO] [minecraft/GameTestServer]: [_]
[10:50:02] [Server thread/INFO] [minecraft/GameTestServer]: [_]
[10:50:02] [Server thread/INFO] [minecraft/MinecraftServer]: Загрузка территории: 61%, изменено блоков: 0
[10:50:03] [Server thread/INFO] [minecraft/GameTestServer]: [_]
[10:50:03] [Server thread/INFO] [minecraft/GameTestServer]: [_]
[10:50:03] [Server thread/INFO] [minecraft/GameTestServer]: [_]
[10:50:03] [Server thread/INFO] [minecraft/GameTestServer]: [_]
[10:50:03] [Server thread/INFO] [minecraft/GameTestServer]: [_]
[10:50:03] [Server thread/INFO] [minecraft/MinecraftServer]: Загрузка территории: 66%, изменено блоков: 0
[10:50:03] [Server thread/INFO] [minecraft/GameTestServer]: [_]
[10:50:03] [Server thread/INFO] [minecraft/GameTestServer]: [_]
[10:50:03] [Server thread/INFO] [minecraft/GameTestServer]: [_]
[10:50:03] [Server thread/INFO] [minecraft/GameTestServer]: [_]
[10:50:03] [Server thread/INFO] [minecraft/GameTestServer]: [_]
[10:50:03] [Server thread/INFO] [minecraft/MinecraftServer]: Загрузка территории: 72%, изменено блоков: 0
[10:50:03] [Server thread/INFO] [minecraft/GameTestServer]: [_]
[10:50:03] [Server thread/INFO] [minecraft/GameTestServer]: [_]
[10:50:03] [Server thread/INFO] [minecraft/GameTestServer]: [_]
[10:50:04] [Server thread/INFO] [minecraft/GameTestServer]: [_]
[10:50:04] [Server thread/INFO] [minecraft/GameTestServer]: [_]
[10:50:04] [Server thread/INFO] [minecraft/MinecraftServer]: Загрузка территории: 77%, изменено блоков: 0
[10:50:04] [Server thread/INFO] [minecraft/GameTestServer]: [_]
[10:50:04] [Server thread/INFO] [minecraft/GameTestServer]: [_]
[10:50:04] [Server thread/INFO] [minecraft/GameTestServer]: [_]
[10:50:04] [Server thread/INFO] [minecraft/GameTestServer]: [_]
[10:50:04] [Server thread/INFO] [minecraft/GameTestServer]: [_]
[10:50:04] [Server thread/INFO] [minecraft/MinecraftServer]: Загрузка территории: 82%, изменено блоков: 0
[10:50:04] [Server thread/INFO] [minecraft/GameTestServer]: [_]
[10:50:04] [Server thread/INFO] [minecraft/GameTestServer]: [_]
[10:50:04] [Server thread/INFO] [minecraft/GameTestServer]: [_]
[10:50:04] [Server thread/INFO] [minecraft/GameTestServer]: [_]
[10:50:04] [Server thread/INFO] [minecraft/GameTestServer]: [_]
[10:50:05] [Server thread/INFO] [minecraft/MinecraftServer]: Загрузка территории: 87%, изменено блоков: 0
[10:50:05] [Server thread/INFO] [minecraft/GameTestServer]: [_]
[10:50:05] [Server thread/INFO] [minecraft/GameTestServer]: [_]
[10:50:05] [Server thread/INFO] [minecraft/GameTestServer]: [_]
[10:50:05] [Server thread/INFO] [minecraft/GameTestServer]: [_]
[10:50:05] [Server thread/INFO] [minecraft/GameTestServer]: [_]
[10:50:05] [Server thread/INFO] [minecraft/MinecraftServer]: Загрузка территории: 92%, изменено блоков: 0
[10:50:05] [Server thread/INFO] [minecraft/GameTestServer]: [_]
[10:50:05] [Server thread/INFO] [minecraft/GameTestServer]: [_]
[10:50:05] [Server thread/INFO] [minecraft/GameTestServer]: [_]
[10:50:05] [Server thread/INFO] [minecraft/GameTestServer]: [_]
[10:50:05] [Server thread/INFO] [minecraft/GameTestServer]: [_]
[10:50:05] [Server thread/INFO] [minecraft/MinecraftServer]: Загрузка территории: 97%, изменено блоков: 0
[10:50:05] [Server thread/INFO] [minecraft/GameTestServer]: [_]
[10:50:06] [Server thread/INFO] [minecraft/GameTestServer]: [_]
[10:50:06] [Server thread/INFO] [minecraft/GameTestServer]: [_]
[10:50:06] [Server thread/INFO] [minecraft/MinecraftServer]: Чанки загружены. Подготовка окончательного положения на Y=0
[10:50:06] [Server thread/INFO] [minecraft/GameTestServer]: [_]
[10:50:06] [Server thread/INFO] [minecraft/GameTestServer]: [_]
[10:50:06] [Server thread/INFO] [minecraft/MinecraftServer]: Планирование грунта: 8%, изменено блоков: 0
[10:50:06] [Server thread/INFO] [minecraft/GameTestServer]: [_]
[10:50:06] [Server thread/INFO] [minecraft/GameTestServer]: [_]
[10:50:06] [Server thread/INFO] [minecraft/GameTestServer]: [_]
[10:50:06] [Server thread/INFO] [minecraft/GameTestServer]: [_]
[10:50:06] [Server thread/INFO] [minecraft/GameTestServer]: [_]
[10:50:07] [Server thread/INFO] [minecraft/MinecraftServer]: Планирование грунта: 25%, изменено блоков: 0
[10:50:07] [Server thread/INFO] [minecraft/GameTestServer]: [_]
[10:50:07] [Server thread/INFO] [minecraft/GameTestServer]: [_]
[10:50:07] [Server thread/INFO] [minecraft/GameTestServer]: [_]
[10:50:07] [Server thread/INFO] [minecraft/GameTestServer]: [_]
[10:50:07] [Server thread/INFO] [minecraft/GameTestServer]: [_]
[10:50:07] [Server thread/INFO] [minecraft/MinecraftServer]: Планирование грунта: 42%, изменено блоков: 0
[10:50:07] [Server thread/INFO] [minecraft/GameTestServer]: [_]
[10:50:07] [Server thread/INFO] [minecraft/GameTestServer]: [_]
[10:50:07] [Server thread/INFO] [minecraft/GameTestServer]: [_]
[10:50:08] [Server thread/INFO] [minecraft/GameTestServer]: [_]
[10:50:08] [Server thread/INFO] [minecraft/GameTestServer]: [_]
[10:50:08] [Server thread/INFO] [minecraft/MinecraftServer]: Планирование грунта: 59%, изменено блоков: 0
[10:50:08] [Server thread/INFO] [minecraft/GameTestServer]: [_]
[10:50:08] [Server thread/INFO] [minecraft/GameTestServer]: [_]
[10:50:08] [Server thread/INFO] [minecraft/GameTestServer]: [_]
[10:50:08] [Server thread/INFO] [minecraft/GameTestServer]: [_]
[10:50:08] [Server thread/INFO] [minecraft/GameTestServer]: [_]
[10:50:08] [Server thread/INFO] [minecraft/MinecraftServer]: Планирование грунта: 76%, изменено блоков: 0
[10:50:08] [Server thread/INFO] [minecraft/GameTestServer]: [_]
[10:50:09] [Server thread/INFO] [minecraft/GameTestServer]: [_]
[10:50:09] [Server thread/INFO] [minecraft/GameTestServer]: [_]
[10:50:09] [Server thread/INFO] [minecraft/GameTestServer]: [_]
[10:50:09] [Server thread/INFO] [minecraft/GameTestServer]: [_]
[10:50:09] [Server thread/INFO] [minecraft/MinecraftServer]: Планирование грунта: 92%, изменено блоков: 0
[10:50:09] [Server thread/INFO] [minecraft/GameTestServer]: [_]
[10:50:09] [Server thread/INFO] [minecraft/GameTestServer]: [_]
[10:50:09] [Server thread/INFO] [minecraft/GameTestServer]: [_]
[10:50:09] [Server thread/INFO] [minecraft/GameTestServer]: [_]
[10:50:10] [Server thread/INFO] [minecraft/GameTestServer]: [_]
[10:50:10] [Server thread/INFO] [minecraft/MinecraftServer]: Проверка конечного места: 24%, изменено блоков: 0
[10:50:10] [Server thread/INFO] [minecraft/GameTestServer]: [_]
[10:50:10] [Server thread/INFO] [minecraft/GameTestServer]: [_]
[10:50:10] [Server thread/INFO] [minecraft/GameTestServer]: [_]
[10:50:10] [Server thread/INFO] [minecraft/GameTestServer]: [_]
[10:50:10] [Server thread/INFO] [minecraft/GameTestServer]: [_]
[10:50:11] [Server thread/INFO] [minecraft/MinecraftServer]: Проверка конечного места: 27%, изменено блоков: 0
[10:50:11] [Server thread/INFO] [minecraft/GameTestServer]: [_]
[10:50:11] [Server thread/INFO] [minecraft/GameTestServer]: [_]
[10:50:11] [Server thread/INFO] [minecraft/GameTestServer]: [_]
[10:50:11] [Server thread/INFO] [minecraft/GameTestServer]: [_]
[10:50:11] [Server thread/INFO] [minecraft/GameTestServer]: [_]
[10:50:12] [Server thread/INFO] [minecraft/MinecraftServer]: Проверка конечного места: 28%, изменено блоков: 0
[10:50:12] [Server thread/INFO] [minecraft/GameTestServer]: [_]
[10:50:12] [Server thread/INFO] [minecraft/GameTestServer]: [_]
[10:50:12] [Server thread/INFO] [minecraft/GameTestServer]: [_]
[10:50:12] [Server thread/INFO] [minecraft/GameTestServer]: [_]
[10:50:13] [Server thread/INFO] [minecraft/GameTestServer]: [_]
[10:50:13] [Server thread/INFO] [minecraft/MinecraftServer]: Проверка конечного места: 28%, изменено блоков: 0
[10:50:13] [Server thread/INFO] [minecraft/GameTestServer]: [_]
[10:50:13] [Server thread/INFO] [minecraft/GameTestServer]: [_]
[10:50:13] [Server thread/INFO] [minecraft/GameTestServer]: [_]
[10:50:13] [Server thread/INFO] [minecraft/GameTestServer]: [_]
[10:50:14] [Server thread/INFO] [minecraft/GameTestServer]: [_]
[10:50:14] [Server thread/INFO] [minecraft/MinecraftServer]: Проверка конечного места: 28%, изменено блоков: 0
[10:50:14] [Server thread/INFO] [minecraft/GameTestServer]: [_]
[10:50:14] [Server thread/INFO] [minecraft/GameTestServer]: [_]
[10:50:14] [Server thread/INFO] [minecraft/GameTestServer]: [_]
[10:50:14] [Server thread/INFO] [minecraft/GameTestServer]: [_]
[10:50:15] [Server thread/INFO] [minecraft/GameTestServer]: [_]
[10:50:15] [Server thread/INFO] [minecraft/MinecraftServer]: Проверка конечного места: 29%, изменено блоков: 0
[10:50:15] [Server thread/INFO] [minecraft/GameTestServer]: [_]
[10:50:15] [Server thread/INFO] [minecraft/GameTestServer]: [_]
[10:50:15] [Server thread/INFO] [minecraft/GameTestServer]: [_]
[10:50:15] [Server thread/INFO] [minecraft/GameTestServer]: [_]
[10:50:16] [Server thread/INFO] [minecraft/GameTestServer]: [_]
[10:50:16] [Server thread/INFO] [minecraft/MinecraftServer]: Проверка конечного места: 29%, изменено блоков: 0
[10:50:16] [Server thread/INFO] [minecraft/GameTestServer]: [_]
[10:50:16] [Server thread/INFO] [minecraft/GameTestServer]: [_]
[10:50:16] [Server thread/INFO] [minecraft/GameTestServer]: [_]
[10:50:16] [Server thread/INFO] [minecraft/GameTestServer]: [_]
[10:50:17] [Server thread/INFO] [minecraft/GameTestServer]: [_]
[10:50:17] [Server thread/INFO] [minecraft/MinecraftServer]: Проверка конечного места: 30%, изменено блоков: 0
[10:50:17] [Server thread/INFO] [minecraft/GameTestServer]: [_]
[10:50:17] [Server thread/INFO] [minecraft/GameTestServer]: [_]
[10:50:17] [Server thread/INFO] [minecraft/GameTestServer]: [_]
[10:50:17] [Server thread/INFO] [minecraft/GameTestServer]: [_]
[10:50:18] [Server thread/INFO] [minecraft/GameTestServer]: [_]
[10:50:18] [Server thread/INFO] [minecraft/MinecraftServer]: Проверка конечного места: 30%, изменено блоков: 0
[10:50:18] [Server thread/INFO] [minecraft/GameTestServer]: [_]
[10:50:18] [Server thread/INFO] [minecraft/GameTestServer]: [_]
[10:50:18] [Server thread/INFO] [minecraft/GameTestServer]: [_]
[10:50:18] [Server thread/INFO] [minecraft/GameTestServer]: [_]
[10:50:19] [Server thread/INFO] [minecraft/GameTestServer]: [_]
[10:50:19] [Server thread/INFO] [minecraft/MinecraftServer]: Проверка конечного места: 30%, изменено блоков: 0
[10:50:19] [Server thread/INFO] [minecraft/GameTestServer]: [_]
[10:50:19] [Server thread/INFO] [minecraft/GameTestServer]: [_]
[10:50:19] [Server thread/INFO] [minecraft/GameTestServer]: [_]
[10:50:19] [Server thread/INFO] [minecraft/GameTestServer]: [_]
[10:50:20] [Server thread/INFO] [minecraft/GameTestServer]: [_]
[10:50:20] [Server thread/INFO] [minecraft/MinecraftServer]: Проверка конечного места: 31%, изменено блоков: 0
[10:50:20] [Server thread/INFO] [minecraft/GameTestServer]: [_]
[10:50:20] [Server thread/INFO] [minecraft/GameTestServer]: [_]
[10:50:20] [Server thread/INFO] [minecraft/GameTestServer]: [_]
[10:50:20] [Server thread/INFO] [minecraft/GameTestServer]: [_]
[10:50:21] [Server thread/INFO] [minecraft/GameTestServer]: [_]
[10:50:21] [Server thread/INFO] [minecraft/MinecraftServer]: Проверка конечного места: 31%, изменено блоков: 0
[10:50:21] [Server thread/INFO] [minecraft/GameTestServer]: [_]
[10:50:21] [Server thread/INFO] [minecraft/GameTestServer]: [_]
[10:50:21] [Server thread/INFO] [minecraft/GameTestServer]: [_]
[10:50:21] [Server thread/INFO] [minecraft/GameTestServer]: [_]
[10:50:22] [Server thread/INFO] [minecraft/GameTestServer]: [_]
[10:50:22] [Server thread/INFO] [minecraft/MinecraftServer]: Проверка конечного места: 31%, изменено блоков: 0
[10:50:22] [Server thread/INFO] [minecraft/GameTestServer]: [_]
[10:50:22] [Server thread/INFO] [minecraft/GameTestServer]: [_]
[10:50:22] [Server thread/INFO] [minecraft/GameTestServer]: [_]
[10:50:22] [Server thread/INFO] [minecraft/GameTestServer]: [_]
[10:50:23] [Server thread/INFO] [minecraft/GameTestServer]: [_]
[10:50:23] [Server thread/INFO] [minecraft/MinecraftServer]: Проверка конечного места: 32%, изменено блоков: 0
[10:50:23] [Server thread/INFO] [minecraft/GameTestServer]: [_]
[10:50:23] [Server thread/INFO] [minecraft/GameTestServer]: [_]
[10:50:23] [Server thread/INFO] [minecraft/GameTestServer]: [_]
[10:50:23] [Server thread/INFO] [minecraft/GameTestServer]: [_]
[10:50:24] [Server thread/INFO] [minecraft/GameTestServer]: [_]
[10:50:24] [Server thread/INFO] [minecraft/MinecraftServer]: Проверка конечного места: 32%, изменено блоков: 0
[10:50:24] [Server thread/INFO] [minecraft/GameTestServer]: [_]
[10:50:24] [Server thread/INFO] [minecraft/GameTestServer]: [_]
[10:50:24] [Server thread/INFO] [minecraft/GameTestServer]: [_]
[10:50:24] [Server thread/INFO] [minecraft/GameTestServer]: [_]
[10:50:24] [Server thread/INFO] [minecraft/GameTestServer]: [_]
[10:50:24] [Server thread/INFO] [minecraft/MinecraftServer]: Проверка конечного места: 33%, изменено блоков: 0
[10:50:25] [Server thread/INFO] [minecraft/GameTestServer]: [_]
[10:50:25] [Server thread/INFO] [minecraft/GameTestServer]: [_]
[10:50:25] [Server thread/INFO] [minecraft/GameTestServer]: [_]
[10:50:25] [Server thread/INFO] [minecraft/GameTestServer]: [_]
[10:50:25] [Server thread/INFO] [minecraft/GameTestServer]: [_]
[10:50:25] [Server thread/INFO] [minecraft/MinecraftServer]: Проверка конечного места: 33%, изменено блоков: 0
[10:50:25] [Server thread/INFO] [minecraft/GameTestServer]: [_]
[10:50:26] [Server thread/INFO] [minecraft/GameTestServer]: [_]
[10:50:26] [Server thread/INFO] [minecraft/GameTestServer]: [_]
[10:50:26] [Server thread/INFO] [minecraft/GameTestServer]: [_]
[10:50:26] [Server thread/INFO] [minecraft/GameTestServer]: [_]
[10:50:26] [Server thread/INFO] [minecraft/MinecraftServer]: Проверка конечного места: 33%, изменено блоков: 0
[10:50:26] [Server thread/INFO] [minecraft/GameTestServer]: [_]
[10:50:27] [Server thread/INFO] [minecraft/GameTestServer]: [_]
[10:50:27] [Server thread/INFO] [minecraft/GameTestServer]: [_]
[10:50:27] [Server thread/INFO] [minecraft/GameTestServer]: [_]
[10:50:27] [Server thread/INFO] [minecraft/GameTestServer]: [_]
[10:50:27] [Server thread/INFO] [minecraft/MinecraftServer]: Проверка конечного места: 34%, изменено блоков: 0
[10:50:27] [Server thread/INFO] [minecraft/GameTestServer]: [_]
[10:50:27] [Server thread/INFO] [minecraft/GameTestServer]: [_]
[10:50:28] [Server thread/INFO] [minecraft/GameTestServer]: [_]
[10:50:28] [Server thread/INFO] [minecraft/GameTestServer]: [_]
[10:50:28] [Server thread/INFO] [minecraft/GameTestServer]: [_]
[10:50:28] [Server thread/INFO] [minecraft/MinecraftServer]: Проверка конечного места: 34%, изменено блоков: 0
[10:50:28] [Server thread/INFO] [minecraft/GameTestServer]: [_]
[10:50:28] [Server thread/INFO] [minecraft/GameTestServer]: [_]
[10:50:28] [Server thread/INFO] [minecraft/GameTestServer]: [_]
[10:50:29] [Server thread/INFO] [minecraft/GameTestServer]: [_]
[10:50:29] [Server thread/INFO] [minecraft/GameTestServer]: [_]
[10:50:29] [Server thread/INFO] [minecraft/MinecraftServer]: Проверка конечного места: 34%, изменено блоков: 0
[10:50:29] [Server thread/INFO] [minecraft/GameTestServer]: [_]
[10:50:29] [Server thread/INFO] [minecraft/GameTestServer]: [_]
[10:50:29] [Server thread/INFO] [minecraft/GameTestServer]: [_]
[10:50:30] [Server thread/INFO] [minecraft/GameTestServer]: [_]
[10:50:30] [Server thread/INFO] [minecraft/GameTestServer]: [_]
[10:50:30] [Server thread/INFO] [minecraft/MinecraftServer]: Проверка конечного места: 35%, изменено блоков: 0
[10:50:30] [Server thread/INFO] [minecraft/GameTestServer]: [_]
[10:50:30] [Server thread/INFO] [minecraft/GameTestServer]: [_]
[10:50:30] [Server thread/INFO] [minecraft/GameTestServer]: [_]
[10:50:30] [Server thread/INFO] [minecraft/GameTestServer]: [_]
[10:50:31] [Server thread/INFO] [minecraft/GameTestServer]: [_]
[10:50:31] [Server thread/INFO] [minecraft/MinecraftServer]: Проверка конечного места: 35%, изменено блоков: 0
[10:50:31] [Server thread/INFO] [minecraft/GameTestServer]: [_]
[10:50:31] [Server thread/INFO] [minecraft/GameTestServer]: [_]
[10:50:31] [Server thread/INFO] [minecraft/GameTestServer]: [_]
[10:50:31] [Server thread/INFO] [minecraft/GameTestServer]: [_]
[10:50:31] [Server thread/INFO] [minecraft/GameTestServer]: [_]
[10:50:32] [Server thread/INFO] [minecraft/MinecraftServer]: Проверка конечного места: 36%, изменено блоков: 0
[10:50:32] [Server thread/INFO] [minecraft/GameTestServer]: [_]
[10:50:32] [Server thread/INFO] [minecraft/GameTestServer]: [_]
[10:50:32] [Server thread/INFO] [minecraft/GameTestServer]: [_]
[10:50:32] [Server thread/INFO] [minecraft/GameTestServer]: [_]
[10:50:32] [Server thread/INFO] [minecraft/GameTestServer]: [_]
[10:50:32] [Server thread/INFO] [minecraft/MinecraftServer]: Проверка конечного места: 36%, изменено блоков: 0
[10:50:32] [Server thread/INFO] [minecraft/GameTestServer]: [_]
[10:50:33] [Server thread/INFO] [minecraft/GameTestServer]: [_]
[10:50:33] [Server thread/INFO] [minecraft/GameTestServer]: [_]
[10:50:33] [Server thread/INFO] [minecraft/GameTestServer]: [_]
[10:50:33] [Server thread/INFO] [minecraft/GameTestServer]: [_]
[10:50:33] [Server thread/INFO] [minecraft/MinecraftServer]: Проверка конечного места: 36%, изменено блоков: 0
[10:50:33] [Server thread/INFO] [minecraft/GameTestServer]: [_]
[10:50:33] [Server thread/INFO] [minecraft/GameTestServer]: [_]
[10:50:34] [Server thread/INFO] [minecraft/GameTestServer]: [_]
[10:50:34] [Server thread/INFO] [minecraft/GameTestServer]: [_]
[10:50:34] [Server thread/INFO] [minecraft/GameTestServer]: [_]
[10:50:34] [Server thread/INFO] [minecraft/MinecraftServer]: Проверка конечного места: 37%, изменено блоков: 0
[10:50:34] [Server thread/INFO] [minecraft/GameTestServer]: [_]
[10:50:34] [Server thread/INFO] [minecraft/GameTestServer]: [_]
[10:50:34] [Server thread/INFO] [minecraft/GameTestServer]: [_]
[10:50:35] [Server thread/INFO] [minecraft/GameTestServer]: [_]
[10:50:35] [Server thread/INFO] [minecraft/GameTestServer]: [_]
[10:50:35] [Server thread/INFO] [minecraft/MinecraftServer]: Проверка конечного места: 37%, изменено блоков: 0
[10:50:35] [Server thread/INFO] [minecraft/GameTestServer]: [_]
[10:50:35] [Server thread/INFO] [minecraft/GameTestServer]: [_]
[10:50:35] [Server thread/INFO] [minecraft/GameTestServer]: [_]
[10:50:35] [Server thread/INFO] [minecraft/GameTestServer]: [_]
[10:50:36] [Server thread/INFO] [minecraft/GameTestServer]: [_]
[10:50:36] [Server thread/INFO] [minecraft/MinecraftServer]: Проверка конечного места: 38%, изменено блоков: 0
[10:50:36] [Server thread/INFO] [minecraft/GameTestServer]: [_]
[10:50:36] [Server thread/INFO] [minecraft/GameTestServer]: [_]
[10:50:36] [Server thread/INFO] [minecraft/GameTestServer]: [_]
[10:50:36] [Server thread/INFO] [minecraft/GameTestServer]: [_]
[10:50:37] [Server thread/INFO] [minecraft/GameTestServer]: [_]
[10:50:37] [Server thread/INFO] [minecraft/MinecraftServer]: Проверка конечного места: 38%, изменено блоков: 0
[10:50:37] [Server thread/INFO] [minecraft/GameTestServer]: [_]
[10:50:37] [Server thread/INFO] [minecraft/GameTestServer]: [_]
[10:50:37] [Server thread/INFO] [minecraft/GameTestServer]: [_]
[10:50:37] [Server thread/INFO] [minecraft/GameTestServer]: [_]
[10:50:38] [Server thread/INFO] [minecraft/GameTestServer]: [_]
[10:50:38] [Server thread/INFO] [minecraft/MinecraftServer]: Проверка конечного места: 38%, изменено блоков: 0
[10:50:38] [Server thread/INFO] [minecraft/GameTestServer]: [_]
[10:50:38] [Server thread/INFO] [minecraft/GameTestServer]: [_]
[10:50:38] [Server thread/INFO] [minecraft/GameTestServer]: [_]
[10:50:38] [Server thread/INFO] [minecraft/GameTestServer]: [_]
[10:50:39] [Server thread/INFO] [minecraft/GameTestServer]: [_]
[10:50:39] [Server thread/INFO] [minecraft/MinecraftServer]: Проверка конечного места: 39%, изменено блоков: 0
[10:50:39] [Server thread/INFO] [minecraft/GameTestServer]: [_]
[10:50:39] [Server thread/INFO] [minecraft/GameTestServer]: [_]
[10:50:39] [Server thread/INFO] [minecraft/GameTestServer]: [_]
[10:50:39] [Server thread/INFO] [minecraft/GameTestServer]: [_]
[10:50:40] [Server thread/INFO] [minecraft/GameTestServer]: [_]
[10:50:40] [Server thread/INFO] [minecraft/MinecraftServer]: Проверка конечного места: 39%, изменено блоков: 0
[10:50:40] [Server thread/INFO] [minecraft/GameTestServer]: [_]
[10:50:40] [Server thread/INFO] [minecraft/GameTestServer]: [_]
[10:50:40] [Server thread/INFO] [minecraft/GameTestServer]: [_]
[10:50:40] [Server thread/INFO] [minecraft/GameTestServer]: [_]
[10:50:41] [Server thread/INFO] [minecraft/GameTestServer]: [_]
[10:50:41] [Server thread/INFO] [minecraft/MinecraftServer]: Проверка конечного места: 39%, изменено блоков: 0
[10:50:41] [Server thread/INFO] [minecraft/GameTestServer]: [_]
[10:50:41] [Server thread/INFO] [minecraft/GameTestServer]: [_]
[10:50:41] [Server thread/INFO] [minecraft/GameTestServer]: [_]
[10:50:41] [Server thread/INFO] [minecraft/GameTestServer]: [_]
[10:50:42] [Server thread/INFO] [minecraft/GameTestServer]: [_]
[10:50:42] [Server thread/INFO] [minecraft/MinecraftServer]: Проверка конечного места: 40%, изменено блоков: 0
[10:50:42] [Server thread/INFO] [minecraft/GameTestServer]: [_]
[10:50:42] [Server thread/INFO] [minecraft/GameTestServer]: [_]
[10:50:42] [Server thread/INFO] [minecraft/GameTestServer]: [_]
[10:50:42] [Server thread/INFO] [minecraft/GameTestServer]: [_]
[10:50:43] [Server thread/INFO] [minecraft/GameTestServer]: [_]
[10:50:43] [Server thread/INFO] [minecraft/MinecraftServer]: Проверка конечного места: 40%, изменено блоков: 0
[10:50:43] [Server thread/INFO] [minecraft/GameTestServer]: [_]
[10:50:43] [Server thread/INFO] [minecraft/GameTestServer]: [_]
[10:50:43] [Server thread/INFO] [minecraft/GameTestServer]: [_]
[10:50:43] [Server thread/INFO] [minecraft/GameTestServer]: [_]
[10:50:43] [Server thread/INFO] [minecraft/GameTestServer]: [_]
[10:50:43] [Server thread/INFO] [minecraft/MinecraftServer]: Проверка конечного места: 40%, изменено блоков: 0
[10:50:44] [Server thread/INFO] [minecraft/GameTestServer]: [_]
[10:50:44] [Server thread/INFO] [minecraft/GameTestServer]: [_]
[10:50:44] [Server thread/INFO] [minecraft/GameTestServer]: [_]
[10:50:44] [Server thread/INFO] [minecraft/GameTestServer]: [_]
[10:50:44] [Server thread/INFO] [minecraft/GameTestServer]: [_]
[10:50:44] [Server thread/INFO] [minecraft/MinecraftServer]: Проверка конечного места: 41%, изменено блоков: 0
[10:50:45] [Server thread/INFO] [minecraft/GameTestServer]: [_]
[10:50:45] [Server thread/INFO] [minecraft/GameTestServer]: [_]
[10:50:45] [Server thread/INFO] [minecraft/GameTestServer]: [_]
[10:50:45] [Server thread/INFO] [minecraft/GameTestServer]: [_]
[10:50:45] [Server thread/INFO] [minecraft/GameTestServer]: [_]
[10:50:45] [Server thread/INFO] [minecraft/MinecraftServer]: Проверка конечного места: 41%, изменено блоков: 0
[10:50:46] [Server thread/INFO] [minecraft/GameTestServer]: [_]
[10:50:46] [Server thread/INFO] [minecraft/GameTestServer]: [_]
[10:50:46] [Server thread/INFO] [minecraft/GameTestServer]: [_]
[10:50:46] [Server thread/INFO] [minecraft/GameTestServer]: [_]
[10:50:46] [Server thread/INFO] [minecraft/GameTestServer]: [_]
[10:50:46] [Server thread/INFO] [minecraft/MinecraftServer]: Проверка конечного места: 42%, изменено блоков: 0
[10:50:47] [Server thread/INFO] [minecraft/GameTestServer]: [_]
[10:50:47] [Server thread/INFO] [minecraft/GameTestServer]: [_]
[10:50:47] [Server thread/INFO] [minecraft/GameTestServer]: [_]
[10:50:47] [Server thread/INFO] [minecraft/GameTestServer]: [_]
[10:50:47] [Server thread/INFO] [minecraft/GameTestServer]: [_]
[10:50:47] [Server thread/INFO] [minecraft/MinecraftServer]: Проверка конечного места: 42%, изменено блоков: 0
[10:50:48] [Server thread/INFO] [minecraft/GameTestServer]: [_]
[10:50:48] [Server thread/INFO] [minecraft/GameTestServer]: [_]
[10:50:48] [Server thread/INFO] [minecraft/GameTestServer]: [_]
[10:50:48] [Server thread/INFO] [minecraft/GameTestServer]: [_]
[10:50:48] [Server thread/INFO] [minecraft/GameTestServer]: [_]
[10:50:48] [Server thread/INFO] [minecraft/MinecraftServer]: Проверка конечного места: 42%, изменено блоков: 0
[10:50:48] [Server thread/INFO] [minecraft/GameTestServer]: [_]
[10:50:49] [Server thread/INFO] [minecraft/GameTestServer]: [_]
[10:50:49] [Server thread/INFO] [minecraft/GameTestServer]: [_]
[10:50:49] [Server thread/INFO] [minecraft/GameTestServer]: [_]
[10:50:49] [Server thread/INFO] [minecraft/GameTestServer]: [_]
[10:50:49] [Server thread/INFO] [minecraft/MinecraftServer]: Проверка конечного места: 43%, изменено блоков: 0
[10:50:49] [Server thread/INFO] [minecraft/GameTestServer]: [_]
[10:50:50] [Server thread/INFO] [minecraft/GameTestServer]: [_]
[10:50:50] [Server thread/INFO] [minecraft/GameTestServer]: [_]
[10:50:50] [Server thread/INFO] [minecraft/GameTestServer]: [_]
[10:50:50] [Server thread/INFO] [minecraft/GameTestServer]: [_]
[10:50:50] [Server thread/INFO] [minecraft/MinecraftServer]: Проверка конечного места: 43%, изменено блоков: 0
[10:50:50] [Server thread/INFO] [minecraft/GameTestServer]: [_]
[10:50:51] [Server thread/INFO] [minecraft/GameTestServer]: [_]
[10:50:51] [Server thread/INFO] [minecraft/GameTestServer]: [_]
[10:50:51] [Server thread/INFO] [minecraft/GameTestServer]: [_]
[10:50:51] [Server thread/INFO] [minecraft/GameTestServer]: [_]
[10:50:51] [Server thread/INFO] [minecraft/MinecraftServer]: Проверка конечного места: 43%, изменено блоков: 0
[10:50:51] [Server thread/INFO] [minecraft/GameTestServer]: [_]
[10:50:51] [Server thread/INFO] [minecraft/GameTestServer]: [_]
[10:50:52] [Server thread/INFO] [minecraft/GameTestServer]: [_]
[10:50:52] [Server thread/INFO] [minecraft/GameTestServer]: [_]
[10:50:52] [Server thread/INFO] [minecraft/GameTestServer]: [_]
[10:50:52] [Server thread/INFO] [minecraft/MinecraftServer]: Проверка конечного места: 44%, изменено блоков: 0
[10:50:52] [Server thread/INFO] [minecraft/GameTestServer]: [_]
[10:50:52] [Server thread/INFO] [minecraft/GameTestServer]: [_]
[10:50:53] [Server thread/INFO] [minecraft/GameTestServer]: [_]
[10:50:53] [Server thread/INFO] [minecraft/GameTestServer]: [_]
[10:50:53] [Server thread/INFO] [minecraft/GameTestServer]: [_]
[10:50:53] [Server thread/INFO] [minecraft/MinecraftServer]: Проверка конечного места: 44%, изменено блоков: 0
[10:50:53] [Server thread/INFO] [minecraft/GameTestServer]: [_]
[10:50:53] [Server thread/INFO] [minecraft/GameTestServer]: [_]
[10:50:53] [Server thread/INFO] [minecraft/GameTestServer]: [_]
[10:50:54] [Server thread/INFO] [minecraft/GameTestServer]: [_]
[10:50:54] [Server thread/INFO] [minecraft/GameTestServer]: [_]
[10:50:54] [Server thread/INFO] [minecraft/MinecraftServer]: Проверка конечного места: 45%, изменено блоков: 0
[10:50:54] [Server thread/INFO] [minecraft/GameTestServer]: [_]
[10:50:54] [Server thread/INFO] [minecraft/GameTestServer]: [_]
[10:50:55] [Server thread/INFO] [minecraft/GameTestServer]: [_]
[10:50:55] [Server thread/INFO] [minecraft/GameTestServer]: [_]
[10:50:55] [Server thread/INFO] [minecraft/GameTestServer]: [_]
[10:50:55] [Server thread/INFO] [minecraft/MinecraftServer]: Проверка конечного места: 45%, изменено блоков: 0
[10:50:55] [Server thread/INFO] [minecraft/GameTestServer]: [_]
[10:50:55] [Server thread/INFO] [minecraft/GameTestServer]: [_]
[10:50:55] [Server thread/INFO] [minecraft/GameTestServer]: [_]
[10:50:56] [Server thread/INFO] [minecraft/GameTestServer]: [_]
[10:50:56] [Server thread/INFO] [minecraft/GameTestServer]: [_]
[10:50:56] [Server thread/INFO] [minecraft/MinecraftServer]: Проверка конечного места: 45%, изменено блоков: 0
[10:50:56] [Server thread/INFO] [minecraft/GameTestServer]: [_]
[10:50:56] [Server thread/INFO] [minecraft/GameTestServer]: [_]
[10:50:56] [Server thread/INFO] [minecraft/GameTestServer]: [_]
[10:50:57] [Server thread/INFO] [minecraft/GameTestServer]: [_]
[10:50:57] [Server thread/INFO] [minecraft/GameTestServer]: [_]
[10:50:57] [Server thread/INFO] [minecraft/MinecraftServer]: Проверка конечного места: 46%, изменено блоков: 0
[10:50:57] [Server thread/INFO] [minecraft/GameTestServer]: [_]
[10:50:57] [Server thread/INFO] [minecraft/GameTestServer]: [_]
[10:50:57] [Server thread/INFO] [minecraft/GameTestServer]: [_]
[10:50:58] [Server thread/INFO] [minecraft/GameTestServer]: [_]
[10:50:58] [Server thread/INFO] [minecraft/GameTestServer]: [_]
[10:50:58] [Server thread/INFO] [minecraft/MinecraftServer]: Проверка конечного места: 46%, изменено блоков: 0
[10:50:58] [Server thread/INFO] [minecraft/GameTestServer]: [_]
[10:50:58] [Server thread/INFO] [minecraft/GameTestServer]: [_]
[10:50:58] [Server thread/INFO] [minecraft/GameTestServer]: [_]
[10:50:59] [Server thread/INFO] [minecraft/GameTestServer]: [_]
[10:50:59] [Server thread/INFO] [minecraft/GameTestServer]: [_]
[10:50:59] [Server thread/INFO] [minecraft/MinecraftServer]: Проверка конечного места: 47%, изменено блоков: 0
[10:50:59] [Server thread/INFO] [minecraft/GameTestServer]: [_]
[10:50:59] [Server thread/INFO] [minecraft/GameTestServer]: [_]
[10:50:59] [Server thread/INFO] [minecraft/GameTestServer]: [_]
[10:50:59] [Server thread/INFO] [minecraft/GameTestServer]: [_]
[10:51:00] [Server thread/INFO] [minecraft/GameTestServer]: [_]
[10:51:00] [Server thread/INFO] [minecraft/MinecraftServer]: Проверка конечного места: 47%, изменено блоков: 0
[10:51:00] [Server thread/INFO] [minecraft/GameTestServer]: [_]
[10:51:00] [Server thread/INFO] [minecraft/GameTestServer]: [_]
[10:51:00] [Server thread/INFO] [minecraft/GameTestServer]: [_]
[10:51:00] [Server thread/INFO] [minecraft/GameTestServer]: [_]
[10:51:01] [Server thread/INFO] [minecraft/GameTestServer]: [_]
[10:51:01] [Server thread/INFO] [minecraft/MinecraftServer]: Проверка конечного места: 47%, изменено блоков: 0
[10:51:01] [Server thread/INFO] [minecraft/GameTestServer]: [_]
[10:51:01] [Server thread/INFO] [minecraft/GameTestServer]: [_]
[10:51:01] [Server thread/INFO] [minecraft/GameTestServer]: [_]
[10:51:01] [Server thread/INFO] [minecraft/GameTestServer]: [_]
[10:51:01] [Server thread/INFO] [minecraft/GameTestServer]: [_]
[10:51:02] [Server thread/INFO] [minecraft/MinecraftServer]: Проверка конечного места: 48%, изменено блоков: 0
[10:51:02] [Server thread/INFO] [minecraft/GameTestServer]: [_]
[10:51:02] [Server thread/INFO] [minecraft/GameTestServer]: [_]
[10:51:02] [Server thread/INFO] [minecraft/GameTestServer]: [_]
[10:51:02] [Server thread/INFO] [minecraft/GameTestServer]: [_]
[10:51:02] [Server thread/INFO] [minecraft/GameTestServer]: [_]
[10:51:02] [Server thread/INFO] [minecraft/MinecraftServer]: Проверка конечного места: 48%, изменено блоков: 0
[10:51:03] [Server thread/INFO] [minecraft/GameTestServer]: [_]
[10:51:03] [Server thread/INFO] [minecraft/GameTestServer]: [_]
[10:51:03] [Server thread/INFO] [minecraft/GameTestServer]: [_]
[10:51:03] [Server thread/INFO] [minecraft/GameTestServer]: [_]
[10:51:03] [Server thread/INFO] [minecraft/GameTestServer]: [_]
[10:51:03] [Server thread/INFO] [minecraft/MinecraftServer]: Проверка конечного места: 48%, изменено блоков: 0
[10:51:03] [Server thread/INFO] [minecraft/GameTestServer]: [_]
[10:51:04] [Server thread/INFO] [minecraft/GameTestServer]: [_]
[10:51:04] [Server thread/INFO] [minecraft/GameTestServer]: [_]
[10:51:04] [Server thread/INFO] [minecraft/GameTestServer]: [_]
[10:51:04] [Server thread/INFO] [minecraft/GameTestServer]: [_]
[10:51:04] [Server thread/INFO] [minecraft/MinecraftServer]: Проверка конечного места: 49%, изменено блоков: 0
[10:51:04] [Server thread/INFO] [minecraft/GameTestServer]: [_]
[10:51:04] [Server thread/INFO] [minecraft/GameTestServer]: [_]
[10:51:05] [Server thread/INFO] [minecraft/GameTestServer]: [_]
[10:51:05] [Server thread/INFO] [minecraft/GameTestServer]: [_]
[10:51:05] [Server thread/INFO] [minecraft/GameTestServer]: [_]
[10:51:05] [Server thread/INFO] [minecraft/MinecraftServer]: Проверка конечного места: 49%, изменено блоков: 0
[10:51:05] [Server thread/INFO] [minecraft/GameTestServer]: [_]
[10:51:05] [Server thread/INFO] [minecraft/GameTestServer]: [_]
[10:51:06] [Server thread/INFO] [minecraft/GameTestServer]: [_]
[10:51:06] [Server thread/INFO] [minecraft/GameTestServer]: [_]
[10:51:06] [Server thread/INFO] [minecraft/GameTestServer]: [_]
[10:51:06] [Server thread/INFO] [minecraft/MinecraftServer]: Проверка конечного места: 50%, изменено блоков: 0
[10:51:06] [Server thread/INFO] [minecraft/GameTestServer]: [_]
[10:51:06] [Server thread/INFO] [minecraft/GameTestServer]: [_]
[10:51:06] [Server thread/INFO] [minecraft/GameTestServer]: [_]
[10:51:07] [Server thread/INFO] [minecraft/GameTestServer]: [_]
[10:51:07] [Server thread/INFO] [minecraft/GameTestServer]: [_]
[10:51:07] [Server thread/INFO] [minecraft/MinecraftServer]: Проверка конечного места: 50%, изменено блоков: 0
[10:51:07] [Server thread/INFO] [minecraft/GameTestServer]: [_]
[10:51:07] [Server thread/INFO] [minecraft/GameTestServer]: [_]
[10:51:07] [Server thread/INFO] [minecraft/GameTestServer]: [_]
[10:51:08] [Server thread/INFO] [minecraft/GameTestServer]: [_]
[10:51:08] [Server thread/INFO] [minecraft/GameTestServer]: [_]
[10:51:08] [Server thread/INFO] [minecraft/MinecraftServer]: Проверка конечного места: 50%, изменено блоков: 0
[10:51:08] [Server thread/INFO] [minecraft/GameTestServer]: [_]
[10:51:08] [Server thread/INFO] [minecraft/GameTestServer]: [_]
[10:51:08] [Server thread/INFO] [minecraft/GameTestServer]: [_]
[10:51:08] [Server thread/INFO] [minecraft/GameTestServer]: [_]
[10:51:09] [Server thread/INFO] [minecraft/GameTestServer]: [_]
[10:51:09] [Server thread/INFO] [minecraft/MinecraftServer]: Проверка конечного места: 51%, изменено блоков: 0
[10:51:09] [Server thread/INFO] [minecraft/GameTestServer]: [_]
[10:51:09] [Server thread/INFO] [minecraft/GameTestServer]: [_]
[10:51:09] [Server thread/INFO] [minecraft/GameTestServer]: [_]
[10:51:09] [Server thread/INFO] [minecraft/GameTestServer]: [_]
[10:51:09] [Server thread/INFO] [minecraft/GameTestServer]: [_]
[10:51:10] [Server thread/INFO] [minecraft/MinecraftServer]: Проверка конечного места: 51%, изменено блоков: 0
[10:51:10] [Server thread/INFO] [minecraft/GameTestServer]: [_]
[10:51:10] [Server thread/INFO] [minecraft/GameTestServer]: [_]
[10:51:10] [Server thread/INFO] [minecraft/GameTestServer]: [_]
[10:51:10] [Server thread/INFO] [minecraft/GameTestServer]: [_]
[10:51:10] [Server thread/INFO] [minecraft/GameTestServer]: [_]
[10:51:10] [Server thread/INFO] [minecraft/MinecraftServer]: Проверка конечного места: 51%, изменено блоков: 0
[10:51:11] [Server thread/INFO] [minecraft/GameTestServer]: [_]
[10:51:11] [Server thread/INFO] [minecraft/GameTestServer]: [_]
[10:51:11] [Server thread/INFO] [minecraft/GameTestServer]: [_]
[10:51:11] [Server thread/INFO] [minecraft/GameTestServer]: [_]
[10:51:11] [Server thread/INFO] [minecraft/GameTestServer]: [_]
[10:51:11] [Server thread/INFO] [minecraft/MinecraftServer]: Проверка конечного места: 52%, изменено блоков: 0
[10:51:11] [Server thread/INFO] [minecraft/GameTestServer]: [_]
[10:51:12] [Server thread/INFO] [minecraft/GameTestServer]: [_]
[10:51:12] [Server thread/INFO] [minecraft/GameTestServer]: [_]
[10:51:12] [Server thread/INFO] [minecraft/GameTestServer]: [_]
[10:51:12] [Server thread/INFO] [minecraft/GameTestServer]: [_]
[10:51:12] [Server thread/INFO] [minecraft/MinecraftServer]: Проверка конечного места: 52%, изменено блоков: 0
[10:51:12] [Server thread/INFO] [minecraft/GameTestServer]: [_]
[10:51:13] [Server thread/INFO] [minecraft/GameTestServer]: [_]
[10:51:13] [Server thread/INFO] [minecraft/GameTestServer]: [_]
[10:51:13] [Server thread/INFO] [minecraft/GameTestServer]: [_]
[10:51:13] [Server thread/INFO] [minecraft/GameTestServer]: [_]
[10:51:13] [Server thread/INFO] [minecraft/MinecraftServer]: Проверка конечного места: 53%, изменено блоков: 0
[10:51:13] [Server thread/INFO] [minecraft/GameTestServer]: [_]
[10:51:14] [Server thread/INFO] [minecraft/GameTestServer]: [_]
[10:51:14] [Server thread/INFO] [minecraft/GameTestServer]: [_]
[10:51:14] [Server thread/INFO] [minecraft/GameTestServer]: [_]
[10:51:14] [Server thread/INFO] [minecraft/GameTestServer]: [_]
[10:51:14] [Server thread/INFO] [minecraft/MinecraftServer]: Проверка конечного места: 53%, изменено блоков: 0
[10:51:14] [Server thread/INFO] [minecraft/GameTestServer]: [_]
[10:51:14] [Server thread/INFO] [minecraft/GameTestServer]: [_]
[10:51:15] [Server thread/INFO] [minecraft/GameTestServer]: [_]
[10:51:15] [Server thread/INFO] [minecraft/GameTestServer]: [_]
[10:51:15] [Server thread/INFO] [minecraft/GameTestServer]: [_]
[10:51:15] [Server thread/INFO] [minecraft/MinecraftServer]: Проверка конечного места: 53%, изменено блоков: 0
[10:51:15] [Server thread/INFO] [minecraft/GameTestServer]: [_]
[10:51:15] [Server thread/INFO] [minecraft/GameTestServer]: [_]
[10:51:15] [Server thread/INFO] [minecraft/GameTestServer]: [_]
[10:51:16] [Server thread/INFO] [minecraft/GameTestServer]: [_]
[10:51:16] [Server thread/INFO] [minecraft/GameTestServer]: [_]
[10:51:16] [Server thread/INFO] [minecraft/MinecraftServer]: Проверка конечного места: 54%, изменено блоков: 0
[10:51:16] [Server thread/INFO] [minecraft/GameTestServer]: [_]
[10:51:16] [Server thread/INFO] [minecraft/GameTestServer]: [_]
[10:51:16] [Server thread/INFO] [minecraft/GameTestServer]: [_]
[10:51:17] [Server thread/INFO] [minecraft/GameTestServer]: [_]
[10:51:17] [Server thread/INFO] [minecraft/GameTestServer]: [_]
[10:51:17] [Server thread/INFO] [minecraft/MinecraftServer]: Проверка конечного места: 54%, изменено блоков: 0
[10:51:17] [Server thread/INFO] [minecraft/GameTestServer]: [_]
[10:51:17] [Server thread/INFO] [minecraft/GameTestServer]: [_]
[10:51:17] [Server thread/INFO] [minecraft/GameTestServer]: [_]
[10:51:17] [Server thread/INFO] [minecraft/GameTestServer]: [_]
[10:51:18] [Server thread/INFO] [minecraft/GameTestServer]: [_]
[10:51:18] [Server thread/INFO] [minecraft/MinecraftServer]: Проверка конечного места: 54%, изменено блоков: 0
[10:51:18] [Server thread/INFO] [minecraft/GameTestServer]: [_]
[10:51:18] [Server thread/INFO] [minecraft/GameTestServer]: [_]
[10:51:18] [Server thread/INFO] [minecraft/GameTestServer]: [_]
[10:51:18] [Server thread/INFO] [minecraft/GameTestServer]: [_]
[10:51:19] [Server thread/INFO] [minecraft/GameTestServer]: [_]
[10:51:19] [Server thread/INFO] [minecraft/MinecraftServer]: Проверка конечного места: 55%, изменено блоков: 0
[10:51:19] [Server thread/INFO] [minecraft/GameTestServer]: [_]
[10:51:19] [Server thread/INFO] [minecraft/GameTestServer]: [_]
[10:51:19] [Server thread/INFO] [minecraft/GameTestServer]: [_]
[10:51:19] [Server thread/INFO] [minecraft/GameTestServer]: [_]
[10:51:19] [Server thread/INFO] [minecraft/GameTestServer]: [_]
[10:51:20] [Server thread/INFO] [minecraft/MinecraftServer]: Проверка конечного места: 55%, изменено блоков: 0
[10:51:20] [Server thread/INFO] [minecraft/GameTestServer]: [_]
[10:51:20] [Server thread/INFO] [minecraft/GameTestServer]: [_]
[10:51:20] [Server thread/INFO] [minecraft/GameTestServer]: [_]
[10:51:20] [Server thread/INFO] [minecraft/GameTestServer]: [_]
[10:51:20] [Server thread/INFO] [minecraft/GameTestServer]: [_]
[10:51:20] [Server thread/INFO] [minecraft/MinecraftServer]: Проверка конечного места: 56%, изменено блоков: 0
[10:51:21] [Server thread/INFO] [minecraft/GameTestServer]: [_]
[10:51:21] [Server thread/INFO] [minecraft/GameTestServer]: [_]
[10:51:21] [Server thread/INFO] [minecraft/GameTestServer]: [_]
[10:51:21] [Server thread/INFO] [minecraft/GameTestServer]: [_]
[10:51:21] [Server thread/INFO] [minecraft/GameTestServer]: [_]
[10:51:21] [Server thread/INFO] [minecraft/MinecraftServer]: Проверка конечного места: 56%, изменено блоков: 0
[10:51:22] [Server thread/INFO] [minecraft/GameTestServer]: [_]
[10:51:22] [Server thread/INFO] [minecraft/GameTestServer]: [_]
[10:51:22] [Server thread/INFO] [minecraft/GameTestServer]: [_]
[10:51:22] [Server thread/INFO] [minecraft/GameTestServer]: [_]
[10:51:22] [Server thread/INFO] [minecraft/GameTestServer]: [_]
[10:51:22] [Server thread/INFO] [minecraft/MinecraftServer]: Проверка конечного места: 56%, изменено блоков: 0
[10:51:22] [Server thread/INFO] [minecraft/GameTestServer]: [_]
[10:51:22] [Server thread/INFO] [minecraft/GameTestServer]: [_]
[10:51:23] [Server thread/INFO] [minecraft/GameTestServer]: [_]
[10:51:23] [Server thread/INFO] [minecraft/GameTestServer]: [_]
[10:51:23] [Server thread/INFO] [minecraft/GameTestServer]: [_]
[10:51:23] [Server thread/INFO] [minecraft/MinecraftServer]: Проверка конечного места: 57%, изменено блоков: 0
[10:51:23] [Server thread/INFO] [minecraft/GameTestServer]: [_]
[10:51:23] [Server thread/INFO] [minecraft/GameTestServer]: [_]
[10:51:23] [Server thread/INFO] [minecraft/GameTestServer]: [_]
[10:51:23] [Server thread/INFO] [minecraft/GameTestServer]: [_]
[10:51:24] [Server thread/INFO] [minecraft/GameTestServer]: [_]
[10:51:24] [Server thread/INFO] [minecraft/MinecraftServer]: Проверка конечного места: 57%, изменено блоков: 0
[10:51:24] [Server thread/INFO] [minecraft/GameTestServer]: [_]
[10:51:24] [Server thread/INFO] [minecraft/GameTestServer]: [_]
[10:51:24] [Server thread/INFO] [minecraft/GameTestServer]: [_]
[10:51:24] [Server thread/INFO] [minecraft/GameTestServer]: [_]
[10:51:24] [Server thread/INFO] [minecraft/GameTestServer]: [_]
[10:51:24] [Server thread/INFO] [minecraft/MinecraftServer]: Проверка конечного места: 58%, изменено блоков: 0
[10:51:24] [Server thread/INFO] [minecraft/GameTestServer]: [_]
[10:51:25] [Server thread/INFO] [minecraft/GameTestServer]: [_]
[10:51:25] [Server thread/INFO] [minecraft/GameTestServer]: [_]
[10:51:25] [Server thread/INFO] [minecraft/GameTestServer]: [_]
[10:51:25] [Server thread/INFO] [minecraft/GameTestServer]: [_]
[10:51:25] [Server thread/INFO] [minecraft/MinecraftServer]: Проверка конечного места: 58%, изменено блоков: 0
[10:51:25] [Server thread/INFO] [minecraft/GameTestServer]: [_]
[10:51:25] [Server thread/INFO] [minecraft/GameTestServer]: [_]
[10:51:25] [Server thread/INFO] [minecraft/GameTestServer]: [_]
[10:51:25] [Server thread/INFO] [minecraft/GameTestServer]: [_]
[10:51:26] [Server thread/INFO] [minecraft/GameTestServer]: [_]
[10:51:26] [Server thread/INFO] [minecraft/MinecraftServer]: Проверка конечного места: 59%, изменено блоков: 0
[10:51:26] [Server thread/INFO] [minecraft/GameTestServer]: [_]
[10:51:26] [Server thread/INFO] [minecraft/GameTestServer]: [_]
[10:51:26] [Server thread/INFO] [minecraft/GameTestServer]: [_]
[10:51:26] [Server thread/INFO] [minecraft/GameTestServer]: [_]
[10:51:26] [Server thread/INFO] [minecraft/GameTestServer]: [_]
[10:51:26] [Server thread/INFO] [minecraft/MinecraftServer]: Проверка конечного места: 59%, изменено блоков: 0
[10:51:26] [Server thread/INFO] [minecraft/GameTestServer]: [_]
[10:51:27] [Server thread/INFO] [minecraft/GameTestServer]: [_]
[10:51:27] [Server thread/INFO] [minecraft/GameTestServer]: [_]
[10:51:27] [Server thread/INFO] [minecraft/GameTestServer]: [_]
[10:51:27] [Server thread/INFO] [minecraft/GameTestServer]: [_]
[10:51:27] [Server thread/INFO] [minecraft/MinecraftServer]: Проверка конечного места: 60%, изменено блоков: 0
[10:51:27] [Server thread/INFO] [minecraft/GameTestServer]: [_]
[10:51:27] [Server thread/INFO] [minecraft/GameTestServer]: [_]
[10:51:28] [Server thread/INFO] [minecraft/GameTestServer]: [_]
[10:51:28] [Server thread/INFO] [minecraft/GameTestServer]: [_]
[10:51:28] [Server thread/INFO] [minecraft/GameTestServer]: [_]
[10:51:28] [Server thread/INFO] [minecraft/MinecraftServer]: Проверка конечного места: 60%, изменено блоков: 0
[10:51:28] [Server thread/INFO] [minecraft/GameTestServer]: [_]
[10:51:28] [Server thread/INFO] [minecraft/GameTestServer]: [_]
[10:51:28] [Server thread/INFO] [minecraft/GameTestServer]: [_]
[10:51:29] [Server thread/INFO] [minecraft/GameTestServer]: [_]
[10:51:29] [Server thread/INFO] [minecraft/GameTestServer]: [_]
[10:51:29] [Server thread/INFO] [minecraft/MinecraftServer]: Проверка конечного места: 60%, изменено блоков: 0
[10:51:29] [Server thread/INFO] [minecraft/GameTestServer]: [_]
[10:51:29] [Server thread/INFO] [minecraft/GameTestServer]: [_]
[10:51:29] [Server thread/INFO] [minecraft/GameTestServer]: [_]
[10:51:29] [Server thread/INFO] [minecraft/GameTestServer]: [_]
[10:51:30] [Server thread/INFO] [minecraft/GameTestServer]: [_]
[10:51:30] [Server thread/INFO] [minecraft/MinecraftServer]: Проверка конечного места: 61%, изменено блоков: 0
[10:51:30] [Server thread/INFO] [minecraft/GameTestServer]: [_]
[10:51:30] [Server thread/INFO] [minecraft/GameTestServer]: [_]
[10:51:30] [Server thread/INFO] [minecraft/GameTestServer]: [_]
[10:51:30] [Server thread/INFO] [minecraft/GameTestServer]: [_]
[10:51:30] [Server thread/INFO] [minecraft/GameTestServer]: [_]
[10:51:30] [Server thread/INFO] [minecraft/MinecraftServer]: Проверка конечного места: 61%, изменено блоков: 0
[10:51:30] [Server thread/INFO] [minecraft/GameTestServer]: [_]
[10:51:31] [Server thread/INFO] [minecraft/GameTestServer]: [_]
[10:51:31] [Server thread/INFO] [minecraft/GameTestServer]: [_]
[10:51:31] [Server thread/INFO] [minecraft/GameTestServer]: [_]
[10:51:31] [Server thread/INFO] [minecraft/GameTestServer]: [_]
[10:51:31] [Server thread/INFO] [minecraft/MinecraftServer]: Проверка конечного места: 62%, изменено блоков: 0
[10:51:31] [Server thread/INFO] [minecraft/GameTestServer]: [_]
[10:51:31] [Server thread/INFO] [minecraft/GameTestServer]: [_]
[10:51:32] [Server thread/INFO] [minecraft/GameTestServer]: [_]
[10:51:32] [Server thread/INFO] [minecraft/GameTestServer]: [_]
[10:51:32] [Server thread/INFO] [minecraft/GameTestServer]: [_]
[10:51:32] [Server thread/INFO] [minecraft/MinecraftServer]: Проверка конечного места: 62%, изменено блоков: 0
[10:51:32] [Server thread/INFO] [minecraft/GameTestServer]: [_]
[10:51:32] [Server thread/INFO] [minecraft/GameTestServer]: [_]
[10:51:32] [Server thread/INFO] [minecraft/GameTestServer]: [_]
[10:51:33] [Server thread/INFO] [minecraft/GameTestServer]: [_]
[10:51:33] [Server thread/INFO] [minecraft/GameTestServer]: [_]
[10:51:33] [Server thread/INFO] [minecraft/MinecraftServer]: Проверка конечного места: 62%, изменено блоков: 0
[10:51:33] [Server thread/INFO] [minecraft/GameTestServer]: [_]
[10:51:33] [Server thread/INFO] [minecraft/GameTestServer]: [_]
[10:51:33] [Server thread/INFO] [minecraft/GameTestServer]: [_]
[10:51:33] [Server thread/INFO] [minecraft/GameTestServer]: [_]
[10:51:34] [Server thread/INFO] [minecraft/GameTestServer]: [_]
[10:51:34] [Server thread/INFO] [minecraft/MinecraftServer]: Проверка конечного места: 63%, изменено блоков: 0
[10:51:34] [Server thread/INFO] [minecraft/GameTestServer]: [_]
[10:51:34] [Server thread/INFO] [minecraft/GameTestServer]: [_]
[10:51:34] [Server thread/INFO] [minecraft/GameTestServer]: [_]
[10:51:34] [Server thread/INFO] [minecraft/GameTestServer]: [_]
[10:51:34] [Server thread/INFO] [minecraft/GameTestServer]: [_]
[10:51:35] [Server thread/INFO] [minecraft/MinecraftServer]: Проверка конечного места: 63%, изменено блоков: 0
[10:51:35] [Server thread/INFO] [minecraft/GameTestServer]: [_]
[10:51:35] [Server thread/INFO] [minecraft/GameTestServer]: [_]
[10:51:35] [Server thread/INFO] [minecraft/GameTestServer]: [_]
[10:51:35] [Server thread/INFO] [minecraft/GameTestServer]: [_]
[10:51:35] [Server thread/INFO] [minecraft/GameTestServer]: [_]
[10:51:35] [Server thread/INFO] [minecraft/MinecraftServer]: Проверка конечного места: 64%, изменено блоков: 0
[10:51:35] [Server thread/INFO] [minecraft/GameTestServer]: [_]
[10:51:36] [Server thread/INFO] [minecraft/GameTestServer]: [_]
[10:51:36] [Server thread/INFO] [minecraft/GameTestServer]: [_]
[10:51:36] [Server thread/INFO] [minecraft/GameTestServer]: [_]
[10:51:36] [Server thread/INFO] [minecraft/GameTestServer]: [_]
[10:51:36] [Server thread/INFO] [minecraft/MinecraftServer]: Проверка конечного места: 64%, изменено блоков: 0
[10:51:36] [Server thread/INFO] [minecraft/GameTestServer]: [_]
[10:51:36] [Server thread/INFO] [minecraft/GameTestServer]: [_]
[10:51:37] [Server thread/INFO] [minecraft/GameTestServer]: [_]
[10:51:37] [Server thread/INFO] [minecraft/GameTestServer]: [_]
[10:51:37] [Server thread/INFO] [minecraft/GameTestServer]: [_]
[10:51:37] [Server thread/INFO] [minecraft/MinecraftServer]: Проверка конечного места: 64%, изменено блоков: 0
[10:51:37] [Server thread/INFO] [minecraft/GameTestServer]: [_]
[10:51:37] [Server thread/INFO] [minecraft/GameTestServer]: [_]
[10:51:38] [Server thread/INFO] [minecraft/GameTestServer]: [_]
[10:51:38] [Server thread/INFO] [minecraft/GameTestServer]: [_]
[10:51:38] [Server thread/INFO] [minecraft/GameTestServer]: [_]
[10:51:38] [Server thread/INFO] [minecraft/MinecraftServer]: Проверка конечного места: 65%, изменено блоков: 0
[10:51:38] [Server thread/INFO] [minecraft/GameTestServer]: [_]
[10:51:38] [Server thread/INFO] [minecraft/GameTestServer]: [_]
[10:51:38] [Server thread/INFO] [minecraft/GameTestServer]: [_]
[10:51:39] [Server thread/INFO] [minecraft/GameTestServer]: [_]
[10:51:39] [Server thread/INFO] [minecraft/GameTestServer]: [_]
[10:51:39] [Server thread/INFO] [minecraft/MinecraftServer]: Проверка конечного места: 65%, изменено блоков: 0
[10:51:39] [Server thread/INFO] [minecraft/GameTestServer]: [_]
[10:51:39] [Server thread/INFO] [minecraft/GameTestServer]: [_]
[10:51:39] [Server thread/INFO] [minecraft/GameTestServer]: [_]
[10:51:39] [Server thread/INFO] [minecraft/GameTestServer]: [_]
[10:51:40] [Server thread/INFO] [minecraft/GameTestServer]: [_]
[10:51:40] [Server thread/INFO] [minecraft/MinecraftServer]: Проверка конечного места: 65%, изменено блоков: 0
[10:51:40] [Server thread/INFO] [minecraft/GameTestServer]: [_]
[10:51:40] [Server thread/INFO] [minecraft/GameTestServer]: [_]
[10:51:40] [Server thread/INFO] [minecraft/GameTestServer]: [_]
[10:51:40] [Server thread/INFO] [minecraft/GameTestServer]: [_]
[10:51:40] [Server thread/INFO] [minecraft/GameTestServer]: [_]
[10:51:41] [Server thread/INFO] [minecraft/MinecraftServer]: Проверка конечного места: 66%, изменено блоков: 0
[10:51:41] [Server thread/INFO] [minecraft/GameTestServer]: [_]
[10:51:41] [Server thread/INFO] [minecraft/GameTestServer]: [_]
[10:51:41] [Server thread/INFO] [minecraft/GameTestServer]: [_]
[10:51:41] [Server thread/INFO] [minecraft/GameTestServer]: [_]
[10:51:41] [Server thread/INFO] [minecraft/GameTestServer]: [_]
[10:51:41] [Server thread/INFO] [minecraft/MinecraftServer]: Проверка конечного места: 66%, изменено блоков: 0
[10:51:41] [Server thread/INFO] [minecraft/GameTestServer]: [_]
[10:51:42] [Server thread/INFO] [minecraft/GameTestServer]: [_]
[10:51:42] [Server thread/INFO] [minecraft/GameTestServer]: [_]
[10:51:42] [Server thread/INFO] [minecraft/GameTestServer]: [_]
[10:51:42] [Server thread/INFO] [minecraft/GameTestServer]: [_]
[10:51:42] [Server thread/INFO] [minecraft/MinecraftServer]: Проверка конечного места: 66%, изменено блоков: 0
[10:51:42] [Server thread/INFO] [minecraft/GameTestServer]: [_]
[10:51:43] [Server thread/INFO] [minecraft/GameTestServer]: [_]
[10:51:43] [Server thread/INFO] [minecraft/GameTestServer]: [_]
[10:51:43] [Server thread/INFO] [minecraft/GameTestServer]: [_]
[10:51:43] [Server thread/INFO] [minecraft/GameTestServer]: [_]
[10:51:43] [Server thread/INFO] [minecraft/MinecraftServer]: Проверка конечного места: 67%, изменено блоков: 0
[10:51:43] [Server thread/INFO] [minecraft/GameTestServer]: [_]
[10:51:43] [Server thread/INFO] [minecraft/GameTestServer]: [_]
[10:51:44] [Server thread/INFO] [minecraft/GameTestServer]: [_]
[10:51:44] [Server thread/INFO] [minecraft/GameTestServer]: [_]
[10:51:44] [Server thread/INFO] [minecraft/GameTestServer]: [_]
[10:51:44] [Server thread/INFO] [minecraft/MinecraftServer]: Проверка конечного места: 67%, изменено блоков: 0
[10:51:44] [Server thread/INFO] [minecraft/GameTestServer]: [_]
[10:51:44] [Server thread/INFO] [minecraft/GameTestServer]: [_]
[10:51:44] [Server thread/INFO] [minecraft/GameTestServer]: [_]
[10:51:45] [Server thread/INFO] [minecraft/GameTestServer]: [_]
[10:51:45] [Server thread/INFO] [minecraft/GameTestServer]: [_]
[10:51:45] [Server thread/INFO] [minecraft/MinecraftServer]: Проверка конечного места: 68%, изменено блоков: 0
[10:51:45] [Server thread/INFO] [minecraft/GameTestServer]: [_]
[10:51:45] [Server thread/INFO] [minecraft/GameTestServer]: [_]
[10:51:45] [Server thread/INFO] [minecraft/GameTestServer]: [_]
[10:51:45] [Server thread/INFO] [minecraft/GameTestServer]: [_]
[10:51:46] [Server thread/INFO] [minecraft/GameTestServer]: [_]
[10:51:46] [Server thread/INFO] [minecraft/MinecraftServer]: Проверка конечного места: 68%, изменено блоков: 0
[10:51:46] [Server thread/INFO] [minecraft/GameTestServer]: [_]
[10:51:46] [Server thread/INFO] [minecraft/GameTestServer]: [_]
[10:51:46] [Server thread/INFO] [minecraft/GameTestServer]: [_]
[10:51:46] [Server thread/INFO] [minecraft/GameTestServer]: [_]
[10:51:46] [Server thread/INFO] [minecraft/GameTestServer]: [_]
[10:51:47] [Server thread/INFO] [minecraft/MinecraftServer]: Проверка конечного места: 68%, изменено блоков: 0
[10:51:47] [Server thread/INFO] [minecraft/GameTestServer]: [_]
[10:51:47] [Server thread/INFO] [minecraft/GameTestServer]: [_]
[10:51:47] [Server thread/INFO] [minecraft/GameTestServer]: [_]
[10:51:47] [Server thread/INFO] [minecraft/GameTestServer]: [_]
[10:51:47] [Server thread/INFO] [minecraft/GameTestServer]: [_]
[10:51:47] [Server thread/INFO] [minecraft/MinecraftServer]: Проверка конечного места: 69%, изменено блоков: 0
[10:51:47] [Server thread/INFO] [minecraft/GameTestServer]: [_]
[10:51:48] [Server thread/INFO] [minecraft/GameTestServer]: [_]
[10:51:48] [Server thread/INFO] [minecraft/GameTestServer]: [_]
[10:51:48] [Server thread/INFO] [minecraft/GameTestServer]: [_]
[10:51:48] [Server thread/INFO] [minecraft/GameTestServer]: [_]
[10:51:48] [Server thread/INFO] [minecraft/MinecraftServer]: Проверка конечного места: 69%, изменено блоков: 0
[10:51:48] [Server thread/INFO] [minecraft/GameTestServer]: [_]
[10:51:49] [Server thread/INFO] [minecraft/GameTestServer]: [_]
[10:51:49] [Server thread/INFO] [minecraft/GameTestServer]: [_]
[10:51:49] [Server thread/INFO] [minecraft/GameTestServer]: [_]
[10:51:49] [Server thread/INFO] [minecraft/GameTestServer]: [_]
[10:51:49] [Server thread/INFO] [minecraft/MinecraftServer]: Проверка конечного места: 70%, изменено блоков: 0
[10:51:49] [Server thread/INFO] [minecraft/GameTestServer]: [_]
[10:51:49] [Server thread/INFO] [minecraft/GameTestServer]: [_]
[10:51:50] [Server thread/INFO] [minecraft/GameTestServer]: [_]
[10:51:50] [Server thread/INFO] [minecraft/GameTestServer]: [_]
[10:51:50] [Server thread/INFO] [minecraft/GameTestServer]: [_]
[10:51:50] [Server thread/INFO] [minecraft/MinecraftServer]: Проверка конечного места: 70%, изменено блоков: 0
[10:51:50] [Server thread/INFO] [minecraft/GameTestServer]: [_]
[10:51:50] [Server thread/INFO] [minecraft/GameTestServer]: [_]
[10:51:51] [Server thread/INFO] [minecraft/GameTestServer]: [_]
[10:51:51] [Server thread/INFO] [minecraft/GameTestServer]: [_]
[10:51:51] [Server thread/INFO] [minecraft/GameTestServer]: [_]
[10:51:51] [Server thread/INFO] [minecraft/MinecraftServer]: Проверка конечного места: 71%, изменено блоков: 0
[10:51:51] [Server thread/INFO] [minecraft/GameTestServer]: [_]
[10:51:51] [Server thread/INFO] [minecraft/GameTestServer]: [_]
[10:51:51] [Server thread/INFO] [minecraft/GameTestServer]: [_]
[10:51:52] [Server thread/INFO] [minecraft/GameTestServer]: [_]
[10:51:52] [Server thread/INFO] [minecraft/GameTestServer]: [_]
[10:51:52] [Server thread/INFO] [minecraft/MinecraftServer]: Проверка конечного места: 71%, изменено блоков: 0
[10:51:52] [Server thread/INFO] [minecraft/GameTestServer]: [_]
[10:51:52] [Server thread/INFO] [minecraft/GameTestServer]: [_]
[10:51:52] [Server thread/INFO] [minecraft/GameTestServer]: [_]
[10:51:53] [Server thread/INFO] [minecraft/GameTestServer]: [_]
[10:51:53] [Server thread/INFO] [minecraft/GameTestServer]: [_]
[10:51:53] [Server thread/INFO] [minecraft/MinecraftServer]: Проверка конечного места: 71%, изменено блоков: 0
[10:51:53] [Server thread/INFO] [minecraft/GameTestServer]: [_]
[10:51:53] [Server thread/INFO] [minecraft/GameTestServer]: [_]
[10:51:53] [Server thread/INFO] [minecraft/GameTestServer]: [_]
[10:51:53] [Server thread/INFO] [minecraft/GameTestServer]: [_]
[10:51:54] [Server thread/INFO] [minecraft/GameTestServer]: [_]
[10:51:54] [Server thread/INFO] [minecraft/MinecraftServer]: Проверка конечного места: 72%, изменено блоков: 0
[10:51:54] [Server thread/INFO] [minecraft/GameTestServer]: [_]
[10:51:54] [Server thread/INFO] [minecraft/GameTestServer]: [_]
[10:51:54] [Server thread/INFO] [minecraft/GameTestServer]: [_]
[10:51:54] [Server thread/INFO] [minecraft/GameTestServer]: [_]
[10:51:55] [Server thread/INFO] [minecraft/GameTestServer]: [_]
[10:51:55] [Server thread/INFO] [minecraft/MinecraftServer]: Проверка конечного места: 72%, изменено блоков: 0
[10:51:55] [Server thread/INFO] [minecraft/GameTestServer]: [_]
[10:51:55] [Server thread/INFO] [minecraft/GameTestServer]: [_]
[10:51:55] [Server thread/INFO] [minecraft/GameTestServer]: [_]
[10:51:55] [Server thread/INFO] [minecraft/GameTestServer]: [_]
[10:51:55] [Server thread/INFO] [minecraft/GameTestServer]: [_]
[10:51:55] [Server thread/INFO] [minecraft/MinecraftServer]: Подготовка грунта: 9%, изменено блоков: 34166
[10:51:55] [Server thread/INFO] [minecraft/GameTestServer]: [_]
[10:51:56] [Server thread/INFO] [minecraft/GameTestServer]: [_]
[10:51:56] [Server thread/INFO] [minecraft/GameTestServer]: [_]
[10:51:56] [Server thread/INFO] [minecraft/GameTestServer]: [_]
[10:51:56] [Server thread/INFO] [minecraft/GameTestServer]: [_]
[10:51:56] [Server thread/INFO] [minecraft/MinecraftServer]: Подготовка грунта: 16%, изменено блоков: 163618
[10:51:56] [Server thread/INFO] [minecraft/GameTestServer]: [_]
[10:51:56] [Server thread/INFO] [minecraft/GameTestServer]: [_]
[10:51:56] [Server thread/INFO] [minecraft/GameTestServer]: [_]
[10:51:57] [Server thread/INFO] [minecraft/GameTestServer]: [_]
[10:51:57] [Server thread/INFO] [minecraft/GameTestServer]: [_]
[10:51:57] [Server thread/INFO] [minecraft/MinecraftServer]: Подготовка грунта: 21%, изменено блоков: 297702
[10:51:57] [Server thread/INFO] [minecraft/GameTestServer]: [_]
[10:51:57] [Server thread/INFO] [minecraft/GameTestServer]: [_]
[10:51:57] [Server thread/INFO] [minecraft/GameTestServer]: [_]
[10:51:57] [Server thread/INFO] [minecraft/GameTestServer]: [_]
[10:51:57] [Server thread/INFO] [minecraft/GameTestServer]: [_]
[10:51:57] [Server thread/INFO] [minecraft/MinecraftServer]: Подготовка грунта: 26%, изменено блоков: 435912
[10:51:58] [Server thread/INFO] [minecraft/GameTestServer]: [_]
[10:51:58] [Server thread/INFO] [minecraft/GameTestServer]: [_]
[10:51:58] [Server thread/INFO] [minecraft/GameTestServer]: [_]
[10:51:58] [Server thread/INFO] [minecraft/GameTestServer]: [_]
[10:51:58] [Server thread/INFO] [minecraft/GameTestServer]: [_]
[10:51:58] [Server thread/INFO] [minecraft/MinecraftServer]: Подготовка грунта: 30%, изменено блоков: 568800
[10:51:58] [Server thread/INFO] [minecraft/GameTestServer]: [_]
[10:51:58] [Server thread/INFO] [minecraft/GameTestServer]: [_]
[10:51:59] [Server thread/INFO] [minecraft/GameTestServer]: [_]
[10:51:59] [Server thread/INFO] [minecraft/GameTestServer]: [_]
[10:51:59] [Server thread/INFO] [minecraft/GameTestServer]: [_]
[10:51:59] [Server thread/INFO] [minecraft/MinecraftServer]: Подготовка грунта: 33%, изменено блоков: 702896
[10:51:59] [Server thread/INFO] [minecraft/GameTestServer]: [_]
[10:51:59] [Server thread/INFO] [minecraft/GameTestServer]: [_]
[10:51:59] [Server thread/INFO] [minecraft/GameTestServer]: [_]
[10:51:59] [Server thread/INFO] [minecraft/GameTestServer]: [_]
[10:51:59] [Server thread/INFO] [minecraft/GameTestServer]: [_]
[10:52:00] [Server thread/INFO] [minecraft/MinecraftServer]: Подготовка грунта: 37%, изменено блоков: 830758
[10:52:00] [Server thread/INFO] [minecraft/GameTestServer]: [_]
[10:52:00] [Server thread/INFO] [minecraft/GameTestServer]: [_]
[10:52:00] [Server thread/INFO] [minecraft/GameTestServer]: [_]
[10:52:00] [Server thread/INFO] [minecraft/GameTestServer]: [_]
[10:52:00] [Server thread/INFO] [minecraft/GameTestServer]: [_]
[10:52:00] [Server thread/INFO] [minecraft/MinecraftServer]: Подготовка грунта: 41%, изменено блоков: 963561
[10:52:00] [Server thread/INFO] [minecraft/GameTestServer]: [_]
[10:52:00] [Server thread/INFO] [minecraft/GameTestServer]: [_]
[10:52:01] [Server thread/INFO] [minecraft/GameTestServer]: [_]
[10:52:01] [Server thread/INFO] [minecraft/GameTestServer]: [_]
[10:52:01] [Server thread/INFO] [minecraft/GameTestServer]: [_]
[10:52:01] [Server thread/INFO] [minecraft/MinecraftServer]: Подготовка грунта: 45%, изменено блоков: 1115419
[10:52:01] [Server thread/INFO] [minecraft/GameTestServer]: [_]
[10:52:01] [Server thread/INFO] [minecraft/GameTestServer]: [_]
[10:52:01] [Server thread/INFO] [minecraft/GameTestServer]: [_]
[10:52:01] [Server thread/INFO] [minecraft/GameTestServer]: [_]
[10:52:01] [Server thread/INFO] [minecraft/GameTestServer]: [_]
[10:52:02] [Server thread/INFO] [minecraft/MinecraftServer]: Подготовка грунта: 49%, изменено блоков: 1259399
[10:52:02] [Server thread/INFO] [minecraft/GameTestServer]: [_]
[10:52:02] [Server thread/INFO] [minecraft/GameTestServer]: [_]
[10:52:02] [Server thread/INFO] [minecraft/GameTestServer]: [_]
[10:52:02] [Server thread/INFO] [minecraft/GameTestServer]: [_]
[10:52:02] [Server thread/INFO] [minecraft/GameTestServer]: [_]
[10:52:02] [Server thread/INFO] [minecraft/MinecraftServer]: Подготовка грунта: 53%, изменено блоков: 1385299
[10:52:02] [Server thread/INFO] [minecraft/GameTestServer]: [_]
[10:52:03] [Server thread/INFO] [minecraft/GameTestServer]: [_]
[10:52:03] [Server thread/INFO] [minecraft/GameTestServer]: [_]
[10:52:03] [Server thread/INFO] [minecraft/GameTestServer]: [_]
[10:52:03] [Server thread/INFO] [minecraft/GameTestServer]: [_]
[10:52:03] [Server thread/INFO] [minecraft/MinecraftServer]: Подготовка грунта: 57%, изменено блоков: 1518585
[10:52:03] [Server thread/INFO] [minecraft/GameTestServer]: [_]
[10:52:03] [Server thread/INFO] [minecraft/GameTestServer]: [_]
[10:52:03] [Server thread/INFO] [minecraft/GameTestServer]: [_]
[10:52:03] [Server thread/INFO] [minecraft/GameTestServer]: [_]
[10:52:04] [Server thread/INFO] [minecraft/GameTestServer]: [_]
[10:52:04] [Server thread/INFO] [minecraft/MinecraftServer]: Подготовка грунта: 61%, изменено блоков: 1675113
[10:52:04] [Server thread/INFO] [minecraft/GameTestServer]: [_]
[10:52:04] [Server thread/INFO] [minecraft/GameTestServer]: [_]
[10:52:04] [Server thread/INFO] [minecraft/GameTestServer]: [_]
[10:52:04] [Server thread/INFO] [minecraft/GameTestServer]: [_]
[10:52:04] [Server thread/INFO] [minecraft/GameTestServer]: [_]
[10:52:04] [Server thread/INFO] [minecraft/MinecraftServer]: Подготовка грунта: 65%, изменено блоков: 1820345
[10:52:04] [Server thread/INFO] [minecraft/GameTestServer]: [_]
[10:52:05] [Server thread/INFO] [minecraft/GameTestServer]: [_]
[10:52:05] [Server thread/INFO] [minecraft/GameTestServer]: [_]
[10:52:05] [Server thread/INFO] [minecraft/GameTestServer]: [_]
[10:52:05] [Server thread/INFO] [minecraft/GameTestServer]: [_]
[10:52:05] [Server thread/INFO] [minecraft/MinecraftServer]: Подготовка грунта: 70%, изменено блоков: 1993459
[10:52:05] [Server thread/INFO] [minecraft/GameTestServer]: [_]
[10:52:05] [Server thread/INFO] [minecraft/GameTestServer]: [_]
[10:52:05] [Server thread/INFO] [minecraft/GameTestServer]: [_]
[10:52:05] [Server thread/INFO] [minecraft/GameTestServer]: [_]
[10:52:06] [Server thread/INFO] [minecraft/GameTestServer]: [_]
[10:52:06] [Server thread/INFO] [minecraft/MinecraftServer]: Подготовка грунта: 75%, изменено блоков: 2159433
[10:52:06] [Server thread/INFO] [minecraft/GameTestServer]: [_]
[10:52:06] [Server thread/INFO] [minecraft/GameTestServer]: [_]
[10:52:06] [Server thread/INFO] [minecraft/GameTestServer]: [_]
[10:52:06] [Server thread/INFO] [minecraft/GameTestServer]: [_]
[10:52:06] [Server thread/INFO] [minecraft/GameTestServer]: [_]
[10:52:06] [Server thread/INFO] [minecraft/MinecraftServer]: Подготовка грунта: 79%, изменено блоков: 2298801
[10:52:07] [Server thread/INFO] [minecraft/GameTestServer]: [_]
[10:52:07] [Server thread/INFO] [minecraft/GameTestServer]: [_]
[10:52:07] [Server thread/INFO] [minecraft/GameTestServer]: [_]
[10:52:07] [Server thread/INFO] [minecraft/GameTestServer]: [_]
[10:52:07] [Server thread/INFO] [minecraft/GameTestServer]: [_]
[10:52:07] [Server thread/INFO] [minecraft/MinecraftServer]: Подготовка грунта: 86%, изменено блоков: 2448065
[10:52:07] [Server thread/INFO] [minecraft/GameTestServer]: [_]
[10:52:07] [Server thread/INFO] [minecraft/GameTestServer]: [_]
[10:52:07] [Server thread/INFO] [minecraft/GameTestServer]: [_]
[10:52:08] [Server thread/INFO] [minecraft/GameTestServer]: [_]
[10:52:08] [Server thread/INFO] [minecraft/MinecraftServer]: Территория подготовлена. Размещается структура...
[10:52:08] [Server thread/INFO] [minecraft/GameTestServer]: [_]
[10:52:08] [Server thread/INFO] [minecraft/MinecraftServer]: Размещение структуры: 0%, изменено блоков: 2542386
[10:52:08] [Server thread/INFO] [minecraft/GameTestServer]: [_]
[10:52:08] [Server thread/INFO] [minecraft/GameTestServer]: [_]
[10:52:08] [Server thread/INFO] [minecraft/GameTestServer]: [_]
[10:52:09] [Server thread/INFO] [minecraft/GameTestServer]: [_]
[10:52:09] [Server thread/INFO] [minecraft/GameTestServer]: [_]
[10:52:09] [Server thread/INFO] [minecraft/MinecraftServer]: Размещение структуры: 3%, изменено блоков: 2542386
[10:52:09] [Server thread/INFO] [minecraft/GameTestServer]: [_]
[10:52:09] [Server thread/INFO] [minecraft/GameTestServer]: [_]
[10:52:10] [Server thread/INFO] [minecraft/GameTestServer]: [_]
[10:52:10] [Server thread/INFO] [minecraft/GameTestServer]: [_]
[10:52:10] [Server thread/INFO] [minecraft/GameTestServer]: [_]
[10:52:10] [Server thread/INFO] [minecraft/MinecraftServer]: Размещение структуры: 6%, изменено блоков: 2542386
[10:52:10] [Server thread/INFO] [minecraft/GameTestServer]: [_]
[10:52:11] [Server thread/INFO] [minecraft/GameTestServer]: [_]
[10:52:11] [Server thread/INFO] [minecraft/GameTestServer]: [_]
[10:52:11] [Server thread/INFO] [minecraft/GameTestServer]: [_]
[10:52:11] [Server thread/INFO] [minecraft/GameTestServer]: [_]
[10:52:12] [Server thread/INFO] [minecraft/MinecraftServer]: Размещение структуры: 9%, изменено блоков: 2542386
[10:52:12] [Server thread/INFO] [minecraft/GameTestServer]: [_]
[10:52:12] [Server thread/INFO] [minecraft/GameTestServer]: [_]
[10:52:12] [Server thread/INFO] [minecraft/GameTestServer]: [_]
[10:52:12] [Server thread/INFO] [minecraft/GameTestServer]: [_]
[10:52:13] [Server thread/INFO] [minecraft/GameTestServer]: [_]
[10:52:13] [Server thread/INFO] [minecraft/MinecraftServer]: Размещение структуры: 12%, изменено блоков: 2542386
[10:52:13] [Server thread/INFO] [minecraft/GameTestServer]: [_]
[10:52:13] [Server thread/INFO] [minecraft/GameTestServer]: [_]
[10:52:13] [Server thread/INFO] [minecraft/GameTestServer]: [_]
[10:52:14] [Server thread/INFO] [minecraft/GameTestServer]: [_]
[10:52:14] [Server thread/INFO] [minecraft/GameTestServer]: [_]
[10:52:14] [Server thread/INFO] [minecraft/MinecraftServer]: Размещение структуры: 15%, изменено блоков: 2542386
[10:52:14] [Server thread/INFO] [minecraft/GameTestServer]: [_]
[10:52:15] [Server thread/INFO] [minecraft/GameTestServer]: [_]
[10:52:15] [Server thread/INFO] [minecraft/GameTestServer]: [_]
[10:52:15] [Server thread/INFO] [minecraft/GameTestServer]: [_]
[10:52:15] [Server thread/INFO] [minecraft/GameTestServer]: [_]
[10:52:15] [Server thread/INFO] [minecraft/MinecraftServer]: Размещение структуры: 18%, изменено блоков: 2542386
[10:52:16] [Server thread/INFO] [minecraft/GameTestServer]: [_]
[10:52:16] [Server thread/INFO] [minecraft/GameTestServer]: [_]
[10:52:16] [Server thread/INFO] [minecraft/GameTestServer]: [_]
[10:52:16] [Server thread/INFO] [minecraft/GameTestServer]: [_]
[10:52:17] [Server thread/INFO] [minecraft/GameTestServer]: [_]
[10:52:17] [Server thread/INFO] [minecraft/MinecraftServer]: Размещение структуры: 21%, изменено блоков: 2542386
[10:52:17] [Server thread/INFO] [minecraft/GameTestServer]: [_]
[10:52:17] [Server thread/INFO] [minecraft/GameTestServer]: [_]
[10:52:17] [Server thread/INFO] [minecraft/GameTestServer]: [_]
[10:52:18] [Server thread/INFO] [minecraft/GameTestServer]: [_]
[10:52:18] [Server thread/INFO] [minecraft/GameTestServer]: [_]
[10:52:18] [Server thread/INFO] [minecraft/MinecraftServer]: Размещение структуры: 24%, изменено блоков: 2542386
[10:52:18] [Server thread/INFO] [minecraft/GameTestServer]: [_]
[10:52:19] [Server thread/INFO] [minecraft/GameTestServer]: [_]
[10:52:19] [Server thread/INFO] [minecraft/GameTestServer]: [_]
[10:52:19] [Server thread/INFO] [minecraft/GameTestServer]: [_]
[10:52:19] [Server thread/INFO] [minecraft/GameTestServer]: [_]
[10:52:19] [Server thread/INFO] [minecraft/MinecraftServer]: Размещение структуры: 27%, изменено блоков: 2542386
[10:52:20] [Server thread/INFO] [minecraft/GameTestServer]: [_]
[10:52:20] [Server thread/INFO] [minecraft/GameTestServer]: [_]
[10:52:20] [Server thread/INFO] [minecraft/GameTestServer]: [_]
[10:52:20] [Server thread/INFO] [minecraft/GameTestServer]: [_]
[10:52:21] [Server thread/INFO] [minecraft/GameTestServer]: [_]
[10:52:21] [Server thread/INFO] [minecraft/MinecraftServer]: Размещение структуры: 30%, изменено блоков: 2542386
[10:52:21] [Server thread/INFO] [minecraft/GameTestServer]: [_]
[10:52:21] [Server thread/INFO] [minecraft/GameTestServer]: [_]
[10:52:22] [Server thread/INFO] [minecraft/GameTestServer]: [_]
[10:52:22] [Server thread/INFO] [minecraft/GameTestServer]: [_]
[10:52:22] [Server thread/INFO] [minecraft/GameTestServer]: [_]
[10:52:22] [Server thread/INFO] [minecraft/MinecraftServer]: Размещение структуры: 32%, изменено блоков: 2542386
[10:52:22] [Server thread/INFO] [minecraft/GameTestServer]: [_]
[10:52:23] [Server thread/INFO] [minecraft/GameTestServer]: [_]
[10:52:23] [Server thread/INFO] [minecraft/GameTestServer]: [_]
[10:52:23] [Server thread/INFO] [minecraft/GameTestServer]: [_]
[10:52:23] [Server thread/INFO] [minecraft/GameTestServer]: [_]
[10:52:23] [Server thread/INFO] [minecraft/MinecraftServer]: Размещение структуры: 35%, изменено блоков: 2542386
[10:52:24] [Server thread/INFO] [minecraft/GameTestServer]: [_]
[10:52:24] [Server thread/INFO] [minecraft/GameTestServer]: [_]
[10:52:24] [Server thread/INFO] [minecraft/GameTestServer]: [_]
[10:52:24] [Server thread/INFO] [minecraft/GameTestServer]: [_]
[10:52:25] [Server thread/INFO] [minecraft/GameTestServer]: [_]
[10:52:25] [Server thread/INFO] [minecraft/MinecraftServer]: Размещение структуры: 38%, изменено блоков: 2542386
[10:52:25] [Server thread/INFO] [minecraft/GameTestServer]: [_]
[10:52:25] [Server thread/INFO] [minecraft/GameTestServer]: [_]
[10:52:26] [Server thread/INFO] [minecraft/GameTestServer]: [_]
[10:52:26] [Server thread/INFO] [minecraft/GameTestServer]: [_]
[10:52:26] [Server thread/INFO] [minecraft/GameTestServer]: [_]
[10:52:26] [Server thread/INFO] [minecraft/MinecraftServer]: Размещение структуры: 41%, изменено блоков: 2542386
[10:52:26] [Server thread/INFO] [minecraft/GameTestServer]: [_]
[10:52:27] [Server thread/INFO] [minecraft/GameTestServer]: [_]
[10:52:27] [Server thread/INFO] [minecraft/GameTestServer]: [_]
[10:52:27] [Server thread/INFO] [minecraft/GameTestServer]: [_]
[10:52:27] [Server thread/INFO] [minecraft/GameTestServer]: [_]
[10:52:28] [Server thread/INFO] [minecraft/MinecraftServer]: Размещение структуры: 44%, изменено блоков: 2542386
[10:52:28] [Server thread/INFO] [minecraft/GameTestServer]: [_]
[10:52:28] [Server thread/INFO] [minecraft/GameTestServer]: [_]
[10:52:28] [Server thread/INFO] [minecraft/GameTestServer]: [_]
[10:52:29] [Server thread/INFO] [minecraft/GameTestServer]: [_]
[10:52:29] [Server thread/INFO] [minecraft/GameTestServer]: [_]
[10:52:29] [Server thread/INFO] [minecraft/MinecraftServer]: Размещение структуры: 47%, изменено блоков: 2542386
[10:52:29] [Server thread/INFO] [minecraft/GameTestServer]: [_]
[10:52:29] [Server thread/INFO] [minecraft/GameTestServer]: [_]
[10:52:30] [Server thread/INFO] [minecraft/GameTestServer]: [_]
[10:52:30] [Server thread/INFO] [minecraft/GameTestServer]: [_]
[10:52:30] [Server thread/INFO] [minecraft/GameTestServer]: [_]
[10:52:30] [Server thread/INFO] [minecraft/MinecraftServer]: Размещение структуры: 50%, изменено блоков: 2542386
[10:52:31] [Server thread/INFO] [minecraft/GameTestServer]: [_]
[10:52:31] [Server thread/INFO] [minecraft/GameTestServer]: [_]
[10:52:31] [Server thread/INFO] [minecraft/GameTestServer]: [_]
[10:52:31] [Server thread/INFO] [minecraft/GameTestServer]: [_]
[10:52:31] [Server thread/INFO] [minecraft/GameTestServer]: [_]
[10:52:32] [Server thread/INFO] [minecraft/MinecraftServer]: Размещение структуры: 53%, изменено блоков: 2542386
[10:52:32] [Server thread/INFO] [minecraft/GameTestServer]: [_]
[10:52:32] [Server thread/INFO] [minecraft/GameTestServer]: [_]
[10:52:32] [Server thread/INFO] [minecraft/GameTestServer]: [_]
[10:52:33] [Server thread/INFO] [minecraft/GameTestServer]: [_]
[10:52:33] [Server thread/INFO] [minecraft/GameTestServer]: [_]
[10:52:33] [Server thread/INFO] [minecraft/MinecraftServer]: Размещение структуры: 56%, изменено блоков: 2542386
[10:52:33] [Server thread/INFO] [minecraft/GameTestServer]: [_]
[10:52:33] [Server thread/INFO] [minecraft/GameTestServer]: [_]
[10:52:34] [Server thread/INFO] [minecraft/GameTestServer]: [_]
[10:52:34] [Server thread/INFO] [minecraft/GameTestServer]: [_]
[10:52:34] [Server thread/INFO] [minecraft/GameTestServer]: [_]
[10:52:34] [Server thread/INFO] [minecraft/MinecraftServer]: Размещение структуры: 59%, изменено блоков: 2542386
[10:52:34] [Server thread/INFO] [minecraft/GameTestServer]: [_]
[10:52:35] [Server thread/INFO] [minecraft/GameTestServer]: [_]
[10:52:35] [Server thread/INFO] [minecraft/GameTestServer]: [_]
[10:52:35] [Server thread/INFO] [minecraft/GameTestServer]: [_]
[10:52:35] [Server thread/INFO] [minecraft/GameTestServer]: [_]
[10:52:35] [Server thread/INFO] [minecraft/MinecraftServer]: Размещение структуры: 62%, изменено блоков: 2542386
[10:52:36] [Server thread/INFO] [minecraft/GameTestServer]: [_]
[10:52:36] [Server thread/INFO] [minecraft/GameTestServer]: [_]
[10:52:36] [Server thread/INFO] [minecraft/GameTestServer]: [_]
[10:52:36] [Server thread/INFO] [minecraft/GameTestServer]: [_]
[10:52:37] [Server thread/INFO] [minecraft/GameTestServer]: [_]
[10:52:37] [Server thread/INFO] [minecraft/MinecraftServer]: Размещение структуры: 65%, изменено блоков: 2542386
[10:52:37] [Server thread/INFO] [minecraft/GameTestServer]: [_]
[10:52:37] [Server thread/INFO] [minecraft/GameTestServer]: [_]
[10:52:37] [Server thread/INFO] [minecraft/GameTestServer]: [_]
[10:52:38] [Server thread/INFO] [minecraft/GameTestServer]: [_]
[10:52:38] [Server thread/INFO] [minecraft/GameTestServer]: [_]
[10:52:38] [Server thread/INFO] [minecraft/MinecraftServer]: Размещение структуры: 68%, изменено блоков: 2542386
[10:52:38] [Server thread/INFO] [minecraft/GameTestServer]: [_]
[10:52:38] [Server thread/INFO] [minecraft/GameTestServer]: [_]
[10:52:39] [Server thread/INFO] [minecraft/GameTestServer]: [_]
[10:52:39] [Server thread/INFO] [minecraft/GameTestServer]: [_]
[10:52:39] [Server thread/INFO] [minecraft/GameTestServer]: [_]
[10:52:39] [Server thread/INFO] [minecraft/MinecraftServer]: Размещение структуры: 70%, изменено блоков: 2542386
[10:52:39] [Server thread/INFO] [minecraft/GameTestServer]: [_]
[10:52:40] [Server thread/INFO] [minecraft/GameTestServer]: [_]
[10:52:40] [Server thread/INFO] [minecraft/GameTestServer]: [_]
[10:52:40] [Server thread/INFO] [minecraft/GameTestServer]: [_]
[10:52:41] [Server thread/INFO] [minecraft/GameTestServer]: [_]
[10:52:41] [Server thread/INFO] [minecraft/MinecraftServer]: Размещение структуры: 73%, изменено блоков: 2542386
[10:52:41] [Server thread/INFO] [minecraft/GameTestServer]: [_]
[10:52:41] [Server thread/INFO] [minecraft/GameTestServer]: [_]
[10:52:41] [Server thread/INFO] [minecraft/GameTestServer]: [_]
[10:52:42] [Server thread/INFO] [minecraft/GameTestServer]: [_]
[10:52:42] [Server thread/INFO] [minecraft/GameTestServer]: [_]
[10:52:42] [Server thread/INFO] [minecraft/MinecraftServer]: Размещение структуры: 76%, изменено блоков: 2542386
[10:52:42] [Server thread/INFO] [minecraft/GameTestServer]: [_]
[10:52:42] [Server thread/INFO] [minecraft/GameTestServer]: [_]
[10:52:43] [Server thread/INFO] [minecraft/GameTestServer]: [_]
[10:52:43] [Server thread/INFO] [minecraft/GameTestServer]: [_]
[10:52:43] [Server thread/INFO] [minecraft/GameTestServer]: [_]
[10:52:43] [Server thread/INFO] [minecraft/MinecraftServer]: Размещение структуры: 79%, изменено блоков: 2542386
[10:52:43] [Server thread/INFO] [minecraft/GameTestServer]: [_]
[10:52:44] [Server thread/INFO] [minecraft/GameTestServer]: [_]
[10:52:44] [Server thread/INFO] [minecraft/GameTestServer]: [_]
[10:52:44] [Server thread/INFO] [minecraft/GameTestServer]: [_]
[10:52:44] [Server thread/INFO] [minecraft/GameTestServer]: [_]
[10:52:45] [Server thread/INFO] [minecraft/MinecraftServer]: Размещение структуры: 82%, изменено блоков: 2542386
[10:52:45] [Server thread/INFO] [minecraft/GameTestServer]: [_]
[10:52:45] [Server thread/INFO] [minecraft/GameTestServer]: [_]
[10:52:45] [Server thread/INFO] [minecraft/GameTestServer]: [_]
[10:52:45] [Server thread/INFO] [minecraft/GameTestServer]: [_]
[10:52:46] [Server thread/INFO] [minecraft/GameTestServer]: [_]
[10:52:46] [Server thread/INFO] [minecraft/MinecraftServer]: Размещение структуры: 85%, изменено блоков: 2542386
[10:52:46] [Server thread/INFO] [minecraft/GameTestServer]: [_]
[10:52:46] [Server thread/INFO] [minecraft/GameTestServer]: [_]
[10:52:46] [Server thread/INFO] [minecraft/GameTestServer]: [_]
[10:52:47] [Server thread/INFO] [minecraft/GameTestServer]: [_]
[10:52:47] [Server thread/INFO] [minecraft/GameTestServer]: [_]
[10:52:47] [Server thread/INFO] [minecraft/MinecraftServer]: Размещение структуры: 88%, изменено блоков: 2542386
[10:52:47] [Server thread/INFO] [minecraft/GameTestServer]: [_]
[10:52:47] [Server thread/INFO] [minecraft/GameTestServer]: [_]
[10:52:48] [Server thread/INFO] [minecraft/GameTestServer]: [_]
[10:52:48] [Server thread/INFO] [minecraft/GameTestServer]: [_]
[10:52:48] [Server thread/INFO] [minecraft/GameTestServer]: [_]
[10:52:48] [Server thread/INFO] [minecraft/MinecraftServer]: Размещение структуры: 91%, изменено блоков: 2542386
[10:52:48] [Server thread/INFO] [minecraft/GameTestServer]: [_]
[10:52:49] [Server thread/INFO] [minecraft/GameTestServer]: [_]
[10:52:49] [Server thread/INFO] [minecraft/GameTestServer]: [_]
[10:52:49] [Server thread/INFO] [minecraft/GameTestServer]: [_]
[10:52:49] [Server thread/INFO] [minecraft/GameTestServer]: [_]
[10:52:50] [Server thread/INFO] [minecraft/MinecraftServer]: Размещение структуры: 94%, изменено блоков: 2542386
[10:52:50] [Server thread/INFO] [minecraft/GameTestServer]: [_]
[10:52:50] [Server thread/INFO] [minecraft/GameTestServer]: [_]
[10:52:50] [Server thread/INFO] [minecraft/GameTestServer]: [_]
[10:52:50] [Server thread/INFO] [minecraft/GameTestServer]: [_]
[10:52:51] [Server thread/INFO] [minecraft/GameTestServer]: [_]
[10:52:51] [Server thread/INFO] [minecraft/MinecraftServer]: Размещение структуры: 97%, изменено блоков: 2542386
[10:52:51] [Server thread/INFO] [minecraft/GameTestServer]: [_]
[10:52:51] [Server thread/INFO] [minecraft/GameTestServer]: [_]
[10:52:51] [Server thread/INFO] [minecraft/GameTestServer]: [_]
[10:52:52] [Server thread/INFO] [minecraft/GameTestServer]: [_]
[10:52:52] [Server thread/INFO] [minecraft/GameTestServer]: [_]
[10:52:52] [Server thread/INFO] [minecraft/MinecraftServer]: Структура создана: -11534481, 1, 11074299
MANUAL_SEQUENTIAL_COMMAND_PASS slavicmyths generate kurgan great 0 dx=-256 dz=0 entrance=BlockPos{x=-11534481, y=1, z=11074299}
[10:52:52] [Server thread/INFO] [minecraft/MinecraftServer]: Подготавливается территория: bandit_camp / 0. Задание 253f1aab-ec9f-4877-a18b-83075798ae8b
[10:52:52] [Server thread/INFO] [minecraft/GameTestServer]: [_]
[10:52:53] [Server thread/INFO] [minecraft/GameTestServer]: [_]
[10:52:53] [Server thread/INFO] [minecraft/GameTestServer]: [_]
[10:52:53] [Server thread/INFO] [minecraft/GameTestServer]: [_]
[10:52:53] [Server thread/INFO] [minecraft/GameTestServer]: [_]
[10:52:53] [Server thread/INFO] [minecraft/MinecraftServer]: Загрузка территории: 93%, изменено блоков: 0
[10:52:53] [Server thread/INFO] [minecraft/MinecraftServer]: Чанки загружены. Подготовка окончательного положения на Y=-46
[10:52:53] [Server thread/INFO] [minecraft/GameTestServer]: [_]
[10:52:53] [Server thread/INFO] [minecraft/GameTestServer]: [_]
[10:52:53] [Server thread/INFO] [minecraft/GameTestServer]: [_]
[10:52:53] [Server thread/INFO] [minecraft/GameTestServer]: [_]
[10:52:54] [Server thread/INFO] [minecraft/GameTestServer]: [_]
[10:52:54] [Server thread/INFO] [minecraft/MinecraftServer]: Подготовка шаблонов: 100%, изменено блоков: 0
[10:52:54] [Server thread/INFO] [minecraft/GameTestServer]: [_]
[10:52:54] [Server thread/INFO] [minecraft/GameTestServer]: [_]
[10:52:54] [Server thread/INFO] [minecraft/GameTestServer]: [_]
[10:52:54] [Server thread/INFO] [minecraft/GameTestServer]: [_]
[10:52:54] [Server thread/INFO] [minecraft/MinecraftServer]: Проверяется другая площадка: 1 / 16
[10:52:54] [Server thread/INFO] [minecraft/GameTestServer]: [_]
[10:52:54] [Server thread/INFO] [minecraft/MinecraftServer]: Загрузка территории: 11%, изменено блоков: 0
[10:52:54] [Server thread/INFO] [minecraft/GameTestServer]: [_]
[10:52:54] [Server thread/INFO] [minecraft/GameTestServer]: [_]
[10:52:54] [Server thread/INFO] [minecraft/GameTestServer]: [_]
[10:52:55] [Server thread/INFO] [minecraft/GameTestServer]: [_]
[10:52:55] [Server thread/INFO] [minecraft/GameTestServer]: [_]
[10:52:55] [Server thread/INFO] [minecraft/MinecraftServer]: Загрузка территории: 64%, изменено блоков: 0
[10:52:55] [Server thread/INFO] [minecraft/GameTestServer]: [_]
[10:52:55] [Server thread/INFO] [minecraft/GameTestServer]: [_]
[10:52:55] [Server thread/INFO] [minecraft/MinecraftServer]: Чанки загружены. Подготовка окончательного положения на Y=-51
[10:52:55] [Server thread/INFO] [minecraft/GameTestServer]: [_]
[10:52:55] [Server thread/INFO] [minecraft/GameTestServer]: [_]
[10:52:55] [Server thread/INFO] [minecraft/MinecraftServer]: Проверяется другая площадка: 2 / 16
[10:52:55] [Server thread/INFO] [minecraft/GameTestServer]: [_]
[10:52:55] [Server thread/INFO] [minecraft/MinecraftServer]: Загрузка территории: 22%, изменено блоков: 0
[10:52:55] [Server thread/INFO] [minecraft/GameTestServer]: [_]
[10:52:55] [Server thread/INFO] [minecraft/GameTestServer]: [_]
[10:52:55] [Server thread/INFO] [minecraft/GameTestServer]: [_]
[10:52:55] [Server thread/INFO] [minecraft/GameTestServer]: [_]
[10:52:56] [Server thread/INFO] [minecraft/GameTestServer]: [_]
[10:52:56] [Server thread/INFO] [minecraft/MinecraftServer]: Чанки загружены. Подготовка окончательного положения на Y=-61
[10:52:56] [Server thread/INFO] [minecraft/MinecraftServer]: Планирование грунта: 18%, изменено блоков: 0
[10:52:56] [Server thread/INFO] [minecraft/GameTestServer]: [_]
[10:52:56] [Server thread/INFO] [minecraft/MinecraftServer]: Проверяется другая площадка: 3 / 16
[10:52:56] [Server thread/INFO] [minecraft/GameTestServer]: [_]
[10:52:56] [Server thread/INFO] [minecraft/GameTestServer]: [_]
[10:52:56] [Server thread/INFO] [minecraft/GameTestServer]: [_]
[10:52:56] [Server thread/INFO] [minecraft/GameTestServer]: [_]
[10:52:56] [Server thread/INFO] [minecraft/MinecraftServer]: Загрузка территории: 68%, изменено блоков: 0
[10:52:56] [Server thread/INFO] [minecraft/GameTestServer]: [_]
[10:52:56] [Server thread/INFO] [minecraft/MinecraftServer]: Чанки загружены. Подготовка окончательного положения на Y=-61
[10:52:56] [Server thread/INFO] [minecraft/GameTestServer]: [_]
[10:52:56] [Server thread/INFO] [minecraft/GameTestServer]: [_]
[10:52:56] [Server thread/INFO] [minecraft/MinecraftServer]: Проверяется другая площадка: 4 / 16
[10:52:56] [Server thread/INFO] [minecraft/GameTestServer]: [_]
[10:52:56] [Server thread/INFO] [minecraft/GameTestServer]: [_]
[10:52:56] [Server thread/INFO] [minecraft/MinecraftServer]: Загрузка территории: 77%, изменено блоков: 0
[10:52:57] [Server thread/INFO] [minecraft/GameTestServer]: [_]
[10:52:57] [Server thread/INFO] [minecraft/GameTestServer]: [_]
[10:52:57] [Server thread/INFO] [minecraft/GameTestServer]: [_]
[10:52:57] [Server thread/INFO] [minecraft/GameTestServer]: [_]
[10:52:57] [Server thread/INFO] [minecraft/GameTestServer]: [_]
[10:52:57] [Server thread/INFO] [minecraft/MinecraftServer]: Загрузка территории: 73%, изменено блоков: 0
[10:52:57] [Server thread/INFO] [minecraft/GameTestServer]: [_]
[10:52:57] [Server thread/INFO] [minecraft/GameTestServer]: [_]
[10:52:57] [Server thread/INFO] [minecraft/MinecraftServer]: Чанки загружены. Подготовка окончательного положения на Y=-46
[10:52:57] [Server thread/INFO] [minecraft/GameTestServer]: [_]
[10:52:57] [Server thread/INFO] [minecraft/GameTestServer]: [_]
[10:52:57] [Server thread/INFO] [minecraft/MinecraftServer]: Проверяется другая площадка: 5 / 16
[10:52:57] [Server thread/INFO] [minecraft/GameTestServer]: [_]
[10:52:57] [Server thread/INFO] [minecraft/MinecraftServer]: Загрузка территории: 11%, изменено блоков: 0
[10:52:57] [Server thread/INFO] [minecraft/GameTestServer]: [_]
[10:52:57] [Server thread/INFO] [minecraft/GameTestServer]: [_]
[10:52:58] [Server thread/INFO] [minecraft/GameTestServer]: [_]
[10:52:58] [Server thread/INFO] [minecraft/GameTestServer]: [_]
[10:52:58] [Server thread/INFO] [minecraft/GameTestServer]: [_]
[10:52:58] [Server thread/INFO] [minecraft/MinecraftServer]: Чанки загружены. Подготовка окончательного положения на Y=-29
[10:52:58] [Server thread/INFO] [minecraft/MinecraftServer]: Планирование грунта: 12%, изменено блоков: 0
[10:52:58] [Server thread/INFO] [minecraft/GameTestServer]: [_]
[10:52:58] [Server thread/INFO] [minecraft/MinecraftServer]: Проверяется другая площадка: 6 / 16
[10:52:58] [Server thread/INFO] [minecraft/GameTestServer]: [_]
[10:52:58] [Server thread/INFO] [minecraft/GameTestServer]: [_]
[10:52:58] [Server thread/INFO] [minecraft/GameTestServer]: [_]
[10:52:58] [Server thread/INFO] [minecraft/GameTestServer]: [_]
[10:52:58] [Server thread/INFO] [minecraft/MinecraftServer]: Загрузка территории: 16%, изменено блоков: 0
[10:52:58] [Server thread/INFO] [minecraft/GameTestServer]: [_]
[10:52:58] [Server thread/INFO] [minecraft/GameTestServer]: [_]
[10:52:58] [Server thread/INFO] [minecraft/GameTestServer]: [_]
[10:52:59] [Server thread/INFO] [minecraft/GameTestServer]: [_]
[10:52:59] [Server thread/INFO] [minecraft/GameTestServer]: [_]
[10:52:59] [Server thread/INFO] [minecraft/MinecraftServer]: Загрузка территории: 75%, изменено блоков: 0
[10:52:59] [Server thread/INFO] [minecraft/GameTestServer]: [_]
[10:52:59] [Server thread/INFO] [minecraft/GameTestServer]: [_]
[10:52:59] [Server thread/INFO] [minecraft/MinecraftServer]: Чанки загружены. Подготовка окончательного положения на Y=-43
[10:52:59] [Server thread/INFO] [minecraft/GameTestServer]: [_]
[10:52:59] [Server thread/INFO] [minecraft/GameTestServer]: [_]
[10:52:59] [Server thread/INFO] [minecraft/GameTestServer]: [_]
[10:52:59] [Server thread/INFO] [minecraft/MinecraftServer]: Проверяется другая площадка: 7 / 16
[10:52:59] [Server thread/INFO] [minecraft/MinecraftServer]: Загрузка территории: 0%, изменено блоков: 0
[10:52:59] [Server thread/INFO] [minecraft/GameTestServer]: [_]
[10:52:59] [Server thread/INFO] [minecraft/GameTestServer]: [_]
[10:52:59] [Server thread/INFO] [minecraft/GameTestServer]: [_]
[10:52:59] [Server thread/INFO] [minecraft/GameTestServer]: [_]
[10:52:59] [Server thread/INFO] [minecraft/GameTestServer]: [_]
[10:53:00] [Server thread/INFO] [minecraft/MinecraftServer]: Загрузка территории: 87%, изменено блоков: 0
[10:53:00] [Server thread/INFO] [minecraft/MinecraftServer]: Чанки загружены. Подготовка окончательного положения на Y=-61
[10:53:00] [Server thread/INFO] [minecraft/GameTestServer]: [_]
[10:53:00] [Server thread/INFO] [minecraft/GameTestServer]: [_]
[10:53:00] [Server thread/INFO] [minecraft/MinecraftServer]: Территория подготовлена. Размещается структура...
[10:53:00] [Server thread/INFO] [minecraft/GameTestServer]: [_]
[10:53:00] [Server thread/INFO] [minecraft/MinecraftServer]: Структура создана: -11534215, -60, 11074415
MANUAL_SEQUENTIAL_COMMAND_PASS slavicmyths generate bandit_camp small 0 dx=0 dz=128 entrance=BlockPos{x=-11534215, y=-60, z=11074415}
[10:53:00] [Server thread/INFO] [minecraft/MinecraftServer]: Подготавливается территория: bandit_camp / 1. Задание 12740c5e-353d-4916-b066-56617c9ff9fe
[10:53:00] [Server thread/INFO] [minecraft/GameTestServer]: [_]
[10:53:00] [Server thread/INFO] [minecraft/GameTestServer]: [_]
[10:53:00] [Server thread/INFO] [minecraft/GameTestServer]: [_]
[10:53:00] [Server thread/INFO] [minecraft/GameTestServer]: [_]
[10:53:00] [Server thread/INFO] [minecraft/GameTestServer]: [_]
[10:53:00] [Server thread/INFO] [minecraft/MinecraftServer]: Загрузка территории: 2%, изменено блоков: 0
[10:53:00] [Server thread/INFO] [minecraft/GameTestServer]: [_]
[10:53:00] [Server thread/INFO] [minecraft/GameTestServer]: [_]
[10:53:00] [Server thread/INFO] [minecraft/GameTestServer]: [_]
[10:53:01] [Server thread/INFO] [minecraft/GameTestServer]: [_]
[10:53:01] [Server thread/INFO] [minecraft/GameTestServer]: [_]
[10:53:01] [Server thread/INFO] [minecraft/MinecraftServer]: Загрузка территории: 73%, изменено блоков: 0
[10:53:01] [Server thread/INFO] [minecraft/GameTestServer]: [_]
[10:53:01] [Server thread/INFO] [minecraft/GameTestServer]: [_]
[10:53:01] [Server thread/INFO] [minecraft/GameTestServer]: [_]
[10:53:01] [Server thread/INFO] [minecraft/MinecraftServer]: Чанки загружены. Подготовка окончательного положения на Y=-46
[10:53:01] [Server thread/INFO] [minecraft/GameTestServer]: [_]
[10:53:01] [Server thread/INFO] [minecraft/GameTestServer]: [_]
[10:53:01] [Server thread/INFO] [minecraft/MinecraftServer]: Планирование грунта: 55%, изменено блоков: 0
[10:53:01] [Server thread/INFO] [minecraft/GameTestServer]: [_]
[10:53:01] [Server thread/INFO] [minecraft/MinecraftServer]: Проверяется другая площадка: 1 / 16
[10:53:01] [Server thread/INFO] [minecraft/GameTestServer]: [_]
[10:53:01] [Server thread/INFO] [minecraft/GameTestServer]: [_]
[10:53:01] [Server thread/INFO] [minecraft/GameTestServer]: [_]
[10:53:01] [Server thread/INFO] [minecraft/GameTestServer]: [_]
[10:53:01] [Server thread/INFO] [minecraft/MinecraftServer]: Загрузка территории: 68%, изменено блоков: 0
[10:53:02] [Server thread/INFO] [minecraft/GameTestServer]: [_]
[10:53:02] [Server thread/INFO] [minecraft/GameTestServer]: [_]
[10:53:02] [Server thread/INFO] [minecraft/GameTestServer]: [_]
[10:53:02] [Server thread/INFO] [minecraft/GameTestServer]: [_]
[10:53:02] [Server thread/INFO] [minecraft/GameTestServer]: [_]
[10:53:02] [Server thread/INFO] [minecraft/MinecraftServer]: Загрузка территории: 48%, изменено блоков: 0
[10:53:02] [Server thread/INFO] [minecraft/GameTestServer]: [_]
[10:53:02] [Server thread/INFO] [minecraft/GameTestServer]: [_]
[10:53:02] [Server thread/INFO] [minecraft/GameTestServer]: [_]
[10:53:02] [Server thread/INFO] [minecraft/GameTestServer]: [_]
[10:53:02] [Server thread/INFO] [minecraft/GameTestServer]: [_]
[10:53:02] [Server thread/INFO] [minecraft/MinecraftServer]: Загрузка территории: 85%, изменено блоков: 0
[10:53:02] [Server thread/INFO] [minecraft/GameTestServer]: [_]
[10:53:02] [Server thread/INFO] [minecraft/GameTestServer]: [_]
[10:53:02] [Server thread/INFO] [minecraft/MinecraftServer]: Чанки загружены. Подготовка окончательного положения на Y=-43
[10:53:02] [Server thread/INFO] [minecraft/GameTestServer]: [_]
[10:53:03] [Server thread/INFO] [minecraft/GameTestServer]: [_]
[10:53:03] [Server thread/INFO] [minecraft/GameTestServer]: [_]
[10:53:03] [Server thread/INFO] [minecraft/MinecraftServer]: Планирование грунта: 75%, изменено блоков: 0
[10:53:03] [Server thread/INFO] [minecraft/GameTestServer]: [_]
[10:53:03] [Server thread/INFO] [minecraft/MinecraftServer]: Проверяется другая площадка: 2 / 16
[10:53:03] [Server thread/INFO] [minecraft/GameTestServer]: [_]
[10:53:03] [Server thread/INFO] [minecraft/GameTestServer]: [_]
[10:53:03] [Server thread/INFO] [minecraft/GameTestServer]: [_]
[10:53:03] [Server thread/INFO] [minecraft/GameTestServer]: [_]
[10:53:03] [Server thread/INFO] [minecraft/MinecraftServer]: Загрузка территории: 81%, изменено блоков: 0
[10:53:03] [Server thread/INFO] [minecraft/GameTestServer]: [_]
[10:53:03] [Server thread/INFO] [minecraft/GameTestServer]: [_]
[10:53:03] [Server thread/INFO] [minecraft/GameTestServer]: [_]
[10:53:03] [Server thread/INFO] [minecraft/GameTestServer]: [_]
[10:53:03] [Server thread/INFO] [minecraft/GameTestServer]: [_]
[10:53:03] [Server thread/INFO] [minecraft/MinecraftServer]: Загрузка территории: 72%, изменено блоков: 0
[10:53:04] [Server thread/INFO] [minecraft/GameTestServer]: [_]
[10:53:04] [Server thread/INFO] [minecraft/GameTestServer]: [_]
[10:53:04] [Server thread/INFO] [minecraft/GameTestServer]: [_]
[10:53:04] [Server thread/INFO] [minecraft/MinecraftServer]: Чанки загружены. Подготовка окончательного положения на Y=-61
[10:53:04] [Server thread/INFO] [minecraft/GameTestServer]: [_]
[10:53:04] [Server thread/INFO] [minecraft/GameTestServer]: [_]
[10:53:04] [Server thread/INFO] [minecraft/MinecraftServer]: Планирование грунта: 85%, изменено блоков: 0
[10:53:04] [Server thread/INFO] [minecraft/GameTestServer]: [_]
[10:53:04] [Server thread/INFO] [minecraft/MinecraftServer]: Проверяется другая площадка: 3 / 16
[10:53:04] [Server thread/INFO] [minecraft/GameTestServer]: [_]
[10:53:04] [Server thread/INFO] [minecraft/GameTestServer]: [_]
[10:53:04] [Server thread/INFO] [minecraft/GameTestServer]: [_]
[10:53:04] [Server thread/INFO] [minecraft/GameTestServer]: [_]
[10:53:04] [Server thread/INFO] [minecraft/MinecraftServer]: Загрузка территории: 87%, изменено блоков: 0
[10:53:04] [Server thread/INFO] [minecraft/GameTestServer]: [_]
[10:53:04] [Server thread/INFO] [minecraft/GameTestServer]: [_]
[10:53:05] [Server thread/INFO] [minecraft/GameTestServer]: [_]
[10:53:05] [Server thread/INFO] [minecraft/GameTestServer]: [_]
[10:53:05] [Server thread/INFO] [minecraft/MinecraftServer]: Чанки загружены. Подготовка окончательного положения на Y=-61
[10:53:05] [Server thread/INFO] [minecraft/GameTestServer]: [_]
[10:53:05] [Server thread/INFO] [minecraft/MinecraftServer]: Планирование грунта: 48%, изменено блоков: 0
[10:53:05] [Server thread/INFO] [minecraft/GameTestServer]: [_]
[10:53:05] [Server thread/INFO] [minecraft/MinecraftServer]: Проверяется другая площадка: 4 / 16
[10:53:05] [Server thread/INFO] [minecraft/GameTestServer]: [_]
[10:53:05] [Server thread/INFO] [minecraft/GameTestServer]: [_]
[10:53:05] [Server thread/INFO] [minecraft/GameTestServer]: [_]
[10:53:05] [Server thread/INFO] [minecraft/GameTestServer]: [_]
[10:53:05] [Server thread/INFO] [minecraft/MinecraftServer]: Загрузка территории: 81%, изменено блоков: 0
[10:53:05] [Server thread/INFO] [minecraft/GameTestServer]: [_]
[10:53:05] [Server thread/INFO] [minecraft/GameTestServer]: [_]
[10:53:05] [Server thread/INFO] [minecraft/GameTestServer]: [_]
[10:53:06] [Server thread/INFO] [minecraft/GameTestServer]: [_]
[10:53:06] [Server thread/INFO] [minecraft/GameTestServer]: [_]
[10:53:06] [Server thread/INFO] [minecraft/MinecraftServer]: Загрузка территории: 51%, изменено блоков: 0
[10:53:06] [Server thread/INFO] [minecraft/GameTestServer]: [_]
[10:53:06] [Server thread/INFO] [minecraft/GameTestServer]: [_]
[10:53:06] [Server thread/INFO] [minecraft/GameTestServer]: [_]
[10:53:06] [Server thread/INFO] [minecraft/GameTestServer]: [_]
[10:53:06] [Server thread/INFO] [minecraft/GameTestServer]: [_]
[10:53:06] [Server thread/INFO] [minecraft/MinecraftServer]: Загрузка территории: 87%, изменено блоков: 0
[10:53:06] [Server thread/INFO] [minecraft/GameTestServer]: [_]
[10:53:06] [Server thread/INFO] [minecraft/GameTestServer]: [_]
[10:53:06] [Server thread/INFO] [minecraft/MinecraftServer]: Чанки загружены. Подготовка окончательного положения на Y=-46
[10:53:06] [Server thread/INFO] [minecraft/GameTestServer]: [_]
[10:53:06] [Server thread/INFO] [minecraft/GameTestServer]: [_]
[10:53:06] [Server thread/INFO] [minecraft/GameTestServer]: [_]
[10:53:06] [Server thread/INFO] [minecraft/MinecraftServer]: Проверяется другая площадка: 5 / 16
[10:53:06] [Server thread/INFO] [minecraft/MinecraftServer]: Загрузка территории: 0%, изменено блоков: 0
[10:53:07] [Server thread/INFO] [minecraft/GameTestServer]: [_]
[10:53:07] [Server thread/INFO] [minecraft/GameTestServer]: [_]
[10:53:07] [Server thread/INFO] [minecraft/GameTestServer]: [_]
[10:53:07] [Server thread/INFO] [minecraft/GameTestServer]: [_]
[10:53:07] [Server thread/INFO] [minecraft/GameTestServer]: [_]
[10:53:07] [Server thread/INFO] [minecraft/MinecraftServer]: Загрузка территории: 2%, изменено блоков: 0
[10:53:07] [Server thread/INFO] [minecraft/GameTestServer]: [_]
[10:53:07] [Server thread/INFO] [minecraft/GameTestServer]: [_]
[10:53:07] [Server thread/INFO] [minecraft/GameTestServer]: [_]
[10:53:07] [Server thread/INFO] [minecraft/GameTestServer]: [_]
[10:53:07] [Server thread/INFO] [minecraft/GameTestServer]: [_]
[10:53:07] [Server thread/INFO] [minecraft/MinecraftServer]: Загрузка территории: 86%, изменено блоков: 0
[10:53:07] [Server thread/INFO] [minecraft/GameTestServer]: [_]
[10:53:07] [Server thread/INFO] [minecraft/MinecraftServer]: Чанки загружены. Подготовка окончательного положения на Y=-29
[10:53:07] [Server thread/INFO] [minecraft/GameTestServer]: [_]
[10:53:07] [Server thread/INFO] [minecraft/GameTestServer]: [_]
[10:53:08] [Server thread/INFO] [minecraft/GameTestServer]: [_]
[10:53:08] [Server thread/INFO] [minecraft/MinecraftServer]: Проверяется другая площадка: 6 / 16
[10:53:08] [Server thread/INFO] [minecraft/GameTestServer]: [_]
[10:53:08] [Server thread/INFO] [minecraft/MinecraftServer]: Загрузка территории: 18%, изменено блоков: 0
[10:53:08] [Server thread/INFO] [minecraft/GameTestServer]: [_]
[10:53:08] [Server thread/INFO] [minecraft/GameTestServer]: [_]
[10:53:08] [Server thread/INFO] [minecraft/GameTestServer]: [_]
[10:53:08] [Server thread/INFO] [minecraft/GameTestServer]: [_]
[10:53:08] [Server thread/INFO] [minecraft/GameTestServer]: [_]
[10:53:08] [Server thread/INFO] [minecraft/MinecraftServer]: Загрузка территории: 12%, изменено блоков: 0
[10:53:08] [Server thread/INFO] [minecraft/GameTestServer]: [_]
[10:53:08] [Server thread/INFO] [minecraft/GameTestServer]: [_]
[10:53:08] [Server thread/INFO] [minecraft/GameTestServer]: [_]
[10:53:08] [Server thread/INFO] [minecraft/GameTestServer]: [_]
[10:53:08] [Server thread/INFO] [minecraft/GameTestServer]: [_]
[10:53:08] [Server thread/INFO] [minecraft/MinecraftServer]: Загрузка территории: 67%, изменено блоков: 0
[10:53:08] [Server thread/INFO] [minecraft/GameTestServer]: [_]
[10:53:09] [Server thread/INFO] [minecraft/GameTestServer]: [_]
[10:53:09] [Server thread/INFO] [minecraft/GameTestServer]: [_]
[10:53:09] [Server thread/INFO] [minecraft/GameTestServer]: [_]
[10:53:09] [Server thread/INFO] [minecraft/MinecraftServer]: Чанки загружены. Подготовка окончательного положения на Y=-51
[10:53:09] [Server thread/INFO] [minecraft/GameTestServer]: [_]
[10:53:09] [Server thread/INFO] [minecraft/MinecraftServer]: Планирование грунта: 11%, изменено блоков: 0
[10:53:09] [Server thread/INFO] [minecraft/GameTestServer]: [_]
[10:53:09] [Server thread/INFO] [minecraft/GameTestServer]: [_]
[10:53:09] [Server thread/INFO] [minecraft/GameTestServer]: [_]
[10:53:09] [Server thread/INFO] [minecraft/MinecraftServer]: Проверяется другая площадка: 7 / 16
[10:53:09] [Server thread/INFO] [minecraft/GameTestServer]: [_]
[10:53:09] [Server thread/INFO] [minecraft/GameTestServer]: [_]
[10:53:09] [Server thread/INFO] [minecraft/MinecraftServer]: Загрузка территории: 31%, изменено блоков: 0
[10:53:09] [Server thread/INFO] [minecraft/GameTestServer]: [_]
[10:53:09] [Server thread/INFO] [minecraft/GameTestServer]: [_]
[10:53:09] [Server thread/INFO] [minecraft/GameTestServer]: [_]
[10:53:10] [Server thread/INFO] [minecraft/GameTestServer]: [_]
[10:53:10] [Server thread/INFO] [minecraft/GameTestServer]: [_]
[10:53:10] [Server thread/INFO] [minecraft/MinecraftServer]: Загрузка территории: 72%, изменено блоков: 0
[10:53:10] [Server thread/INFO] [minecraft/GameTestServer]: [_]
[10:53:10] [Server thread/INFO] [minecraft/MinecraftServer]: Чанки загружены. Подготовка окончательного положения на Y=-61
[10:53:10] [Server thread/INFO] [minecraft/GameTestServer]: [_]
[10:53:10] [Server thread/INFO] [minecraft/GameTestServer]: [_]
[10:53:10] [Server thread/INFO] [minecraft/MinecraftServer]: Проверяется другая площадка: 8 / 16
[10:53:10] [Server thread/INFO] [minecraft/GameTestServer]: [_]
[10:53:10] [Server thread/INFO] [minecraft/GameTestServer]: [_]
[10:53:10] [Server thread/INFO] [minecraft/MinecraftServer]: Загрузка территории: 25%, изменено блоков: 0
[10:53:10] [Server thread/INFO] [minecraft/GameTestServer]: [_]
[10:53:10] [Server thread/INFO] [minecraft/GameTestServer]: [_]
[10:53:10] [Server thread/INFO] [minecraft/GameTestServer]: [_]
[10:53:10] [Server thread/INFO] [minecraft/GameTestServer]: [_]
[10:53:10] [Server thread/INFO] [minecraft/GameTestServer]: [_]
[10:53:10] [Server thread/INFO] [minecraft/MinecraftServer]: Загрузка территории: 68%, изменено блоков: 0
[10:53:11] [Server thread/INFO] [minecraft/GameTestServer]: [_]
[10:53:11] [Server thread/INFO] [minecraft/GameTestServer]: [_]
[10:53:11] [Server thread/INFO] [minecraft/MinecraftServer]: Чанки загружены. Подготовка окончательного положения на Y=-61
[10:53:11] [Server thread/INFO] [minecraft/GameTestServer]: [_]
[10:53:11] [Server thread/INFO] [minecraft/GameTestServer]: [_]
[10:53:11] [Server thread/INFO] [minecraft/MinecraftServer]: Проверяется другая площадка: 9 / 16
[10:53:11] [Server thread/INFO] [minecraft/GameTestServer]: [_]
[10:53:11] [Server thread/INFO] [minecraft/MinecraftServer]: Загрузка территории: 12%, изменено блоков: 0
[10:53:11] [Server thread/INFO] [minecraft/GameTestServer]: [_]
[10:53:11] [Server thread/INFO] [minecraft/GameTestServer]: [_]
[10:53:11] [Server thread/INFO] [minecraft/GameTestServer]: [_]
[10:53:11] [Server thread/INFO] [minecraft/GameTestServer]: [_]
[10:53:11] [Server thread/INFO] [minecraft/GameTestServer]: [_]
[10:53:11] [Server thread/INFO] [minecraft/MinecraftServer]: Загрузка территории: 10%, изменено блоков: 0
[10:53:11] [Server thread/INFO] [minecraft/GameTestServer]: [_]
[10:53:11] [Server thread/INFO] [minecraft/GameTestServer]: [_]
[10:53:11] [Server thread/INFO] [minecraft/GameTestServer]: [_]
[10:53:11] [Server thread/INFO] [minecraft/GameTestServer]: [_]
[10:53:12] [Server thread/INFO] [minecraft/GameTestServer]: [_]
[10:53:12] [Server thread/INFO] [minecraft/MinecraftServer]: Загрузка территории: 67%, изменено блоков: 0
[10:53:12] [Server thread/INFO] [minecraft/GameTestServer]: [_]
[10:53:12] [Server thread/INFO] [minecraft/GameTestServer]: [_]
[10:53:12] [Server thread/INFO] [minecraft/GameTestServer]: [_]
[10:53:12] [Server thread/INFO] [minecraft/GameTestServer]: [_]
[10:53:12] [Server thread/INFO] [minecraft/GameTestServer]: [_]
[10:53:12] [Server thread/INFO] [minecraft/MinecraftServer]: Чанки загружены. Подготовка окончательного положения на Y=-29
[10:53:12] [Server thread/INFO] [minecraft/MinecraftServer]: Планирование грунта: 4%, изменено блоков: 0
[10:53:12] [Server thread/INFO] [minecraft/GameTestServer]: [_]
[10:53:12] [Server thread/INFO] [minecraft/GameTestServer]: [_]
[10:53:12] [Server thread/INFO] [minecraft/GameTestServer]: [_]
[10:53:12] [Server thread/INFO] [minecraft/MinecraftServer]: Проверяется другая площадка: 10 / 16
[10:53:12] [Server thread/INFO] [minecraft/GameTestServer]: [_]
[10:53:12] [Server thread/INFO] [minecraft/GameTestServer]: [_]
[10:53:12] [Server thread/INFO] [minecraft/MinecraftServer]: Загрузка территории: 37%, изменено блоков: 0
[10:53:12] [Server thread/INFO] [minecraft/GameTestServer]: [_]
[10:53:12] [Server thread/INFO] [minecraft/GameTestServer]: [_]
[10:53:12] [Server thread/INFO] [minecraft/GameTestServer]: [_]
[10:53:13] [Server thread/INFO] [minecraft/GameTestServer]: [_]
[10:53:13] [Server thread/INFO] [minecraft/GameTestServer]: [_]
[10:53:13] [Server thread/INFO] [minecraft/MinecraftServer]: Загрузка территории: 22%, изменено блоков: 0
[10:53:13] [Server thread/INFO] [minecraft/GameTestServer]: [_]
[10:53:13] [Server thread/INFO] [minecraft/GameTestServer]: [_]
[10:53:13] [Server thread/INFO] [minecraft/GameTestServer]: [_]
[10:53:13] [Server thread/INFO] [minecraft/GameTestServer]: [_]
[10:53:13] [Server thread/INFO] [minecraft/GameTestServer]: [_]
[10:53:13] [Server thread/INFO] [minecraft/MinecraftServer]: Загрузка территории: 73%, изменено блоков: 0
[10:53:13] [Server thread/INFO] [minecraft/GameTestServer]: [_]
[10:53:13] [Server thread/INFO] [minecraft/GameTestServer]: [_]
[10:53:13] [Server thread/INFO] [minecraft/GameTestServer]: [_]
[10:53:13] [Server thread/INFO] [minecraft/GameTestServer]: [_]
[10:53:13] [Server thread/INFO] [minecraft/MinecraftServer]: Чанки загружены. Подготовка окончательного положения на Y=3
[10:53:13] [Server thread/INFO] [minecraft/GameTestServer]: [_]
[10:53:13] [Server thread/INFO] [minecraft/MinecraftServer]: Планирование грунта: 35%, изменено блоков: 0
[10:53:13] [Server thread/INFO] [minecraft/GameTestServer]: [_]
[10:53:14] [Server thread/INFO] [minecraft/GameTestServer]: [_]
[10:53:14] [Server thread/INFO] [minecraft/MinecraftServer]: Проверяется другая площадка: 11 / 16
[10:53:14] [Server thread/INFO] [minecraft/GameTestServer]: [_]
[10:53:14] [Server thread/INFO] [minecraft/GameTestServer]: [_]
[10:53:14] [Server thread/INFO] [minecraft/GameTestServer]: [_]
[10:53:14] [Server thread/INFO] [minecraft/MinecraftServer]: Загрузка территории: 56%, изменено блоков: 0
[10:53:14] [Server thread/INFO] [minecraft/GameTestServer]: [_]
[10:53:14] [Server thread/INFO] [minecraft/GameTestServer]: [_]
[10:53:14] [Server thread/INFO] [minecraft/GameTestServer]: [_]
[10:53:14] [Server thread/INFO] [minecraft/GameTestServer]: [_]
[10:53:14] [Server thread/INFO] [minecraft/GameTestServer]: [_]
[10:53:14] [Server thread/INFO] [minecraft/MinecraftServer]: Загрузка территории: 92%, изменено блоков: 0
[10:53:14] [Server thread/INFO] [minecraft/MinecraftServer]: Чанки загружены. Подготовка окончательного положения на Y=-61
[10:53:14] [Server thread/INFO] [minecraft/GameTestServer]: [_]
[10:53:14] [Server thread/INFO] [minecraft/GameTestServer]: [_]
[10:53:14] [Server thread/INFO] [minecraft/GameTestServer]: [_]
[10:53:15] [Server thread/INFO] [minecraft/MinecraftServer]: Территория подготовлена. Размещается структура...
[10:53:15] [Server thread/INFO] [minecraft/GameTestServer]: [_]
[10:53:15] [Server thread/INFO] [minecraft/GameTestServer]: [_]
[10:53:15] [Server thread/INFO] [minecraft/MinecraftServer]: Размещение структуры: 96%, изменено блоков: 0
[10:53:15] [Server thread/INFO] [minecraft/MinecraftServer]: Структура создана: -11534215, -60, 11074479
MANUAL_SEQUENTIAL_COMMAND_PASS slavicmyths generate bandit_camp fortified 0 dx=0 dz=192 entrance=BlockPos{x=-11534215, y=-60, z=11074479}
[10:53:15] [Server thread/INFO] [minecraft/MinecraftServer]: Подготавливается территория: bandit_camp / 2. Задание b1d51727-fc36-4eff-8fc4-d36ce7eab77d
[10:53:15] [Server thread/INFO] [minecraft/GameTestServer]: [_]
[10:53:15] [Server thread/INFO] [minecraft/GameTestServer]: [_]
[10:53:15] [Server thread/INFO] [minecraft/GameTestServer]: [_]
[10:53:15] [Server thread/INFO] [minecraft/GameTestServer]: [_]
[10:53:15] [Server thread/INFO] [minecraft/GameTestServer]: [_]
[10:53:15] [Server thread/INFO] [minecraft/MinecraftServer]: Загрузка территории: 42%, изменено блоков: 0
[10:53:15] [Server thread/INFO] [minecraft/GameTestServer]: [_]
[10:53:15] [Server thread/INFO] [minecraft/GameTestServer]: [_]
[10:53:15] [Server thread/INFO] [minecraft/GameTestServer]: [_]
[10:53:15] [Server thread/INFO] [minecraft/GameTestServer]: [_]
[10:53:16] [Server thread/INFO] [minecraft/GameTestServer]: [_]
[10:53:16] [Server thread/INFO] [minecraft/MinecraftServer]: Загрузка территории: 83%, изменено блоков: 0
[10:53:16] [Server thread/INFO] [minecraft/GameTestServer]: [_]
[10:53:16] [Server thread/INFO] [minecraft/GameTestServer]: [_]
[10:53:16] [Server thread/INFO] [minecraft/GameTestServer]: [_]
[10:53:16] [Server thread/INFO] [minecraft/GameTestServer]: [_]
[10:53:16] [Server thread/INFO] [minecraft/GameTestServer]: [_]
[10:53:16] [Server thread/INFO] [minecraft/MinecraftServer]: Загрузка территории: 27%, изменено блоков: 0
[10:53:16] [Server thread/INFO] [minecraft/GameTestServer]: [_]
[10:53:16] [Server thread/INFO] [minecraft/GameTestServer]: [_]
[10:53:16] [Server thread/INFO] [minecraft/GameTestServer]: [_]
[10:53:16] [Server thread/INFO] [minecraft/GameTestServer]: [_]
[10:53:16] [Server thread/INFO] [minecraft/GameTestServer]: [_]
[10:53:17] [Server thread/INFO] [minecraft/MinecraftServer]: Загрузка территории: 83%, изменено блоков: 0
[10:53:17] [Server thread/INFO] [minecraft/GameTestServer]: [_]
[10:53:17] [Server thread/INFO] [minecraft/GameTestServer]: [_]
[10:53:17] [Server thread/INFO] [minecraft/GameTestServer]: [_]
[10:53:17] [Server thread/INFO] [minecraft/MinecraftServer]: Чанки загружены. Подготовка окончательного положения на Y=-51
[10:53:17] [Server thread/INFO] [minecraft/GameTestServer]: [_]
[10:53:17] [Server thread/INFO] [minecraft/GameTestServer]: [_]
[10:53:17] [Server thread/INFO] [minecraft/MinecraftServer]: Планирование грунта: 37%, изменено блоков: 0
[10:53:17] [Server thread/INFO] [minecraft/GameTestServer]: [_]
[10:53:17] [Server thread/INFO] [minecraft/GameTestServer]: [_]
[10:53:17] [Server thread/INFO] [minecraft/GameTestServer]: [_]
[10:53:17] [Server thread/INFO] [minecraft/GameTestServer]: [_]
[10:53:17] [Server thread/INFO] [minecraft/MinecraftServer]: Проверяется другая площадка: 1 / 16
[10:53:17] [Server thread/INFO] [minecraft/GameTestServer]: [_]
[10:53:17] [Server thread/INFO] [minecraft/MinecraftServer]: Загрузка территории: 9%, изменено блоков: 0
[10:53:17] [Server thread/INFO] [minecraft/GameTestServer]: [_]
[10:53:18] [Server thread/INFO] [minecraft/GameTestServer]: [_]
[10:53:18] [Server thread/INFO] [minecraft/GameTestServer]: [_]
[10:53:18] [Server thread/INFO] [minecraft/GameTestServer]: [_]
[10:53:18] [Server thread/INFO] [minecraft/GameTestServer]: [_]
[10:53:18] [Server thread/INFO] [minecraft/MinecraftServer]: Загрузка территории: 47%, изменено блоков: 0
[10:53:18] [Server thread/INFO] [minecraft/GameTestServer]: [_]
[10:53:18] [Server thread/INFO] [minecraft/GameTestServer]: [_]
[10:53:18] [Server thread/INFO] [minecraft/GameTestServer]: [_]
[10:53:18] [Server thread/INFO] [minecraft/GameTestServer]: [_]
[10:53:18] [Server thread/INFO] [minecraft/GameTestServer]: [_]
[10:53:18] [Server thread/INFO] [minecraft/MinecraftServer]: Загрузка территории: 88%, изменено блоков: 0
[10:53:18] [Server thread/INFO] [minecraft/GameTestServer]: [_]
[10:53:18] [Server thread/INFO] [minecraft/GameTestServer]: [_]
[10:53:18] [Server thread/INFO] [minecraft/GameTestServer]: [_]
[10:53:18] [Server thread/INFO] [minecraft/GameTestServer]: [_]
[10:53:18] [Server thread/INFO] [minecraft/GameTestServer]: [_]
[10:53:19] [Server thread/INFO] [minecraft/MinecraftServer]: Загрузка территории: 12%, изменено блоков: 0
[10:53:19] [Server thread/INFO] [minecraft/GameTestServer]: [_]
[10:53:19] [Server thread/INFO] [minecraft/GameTestServer]: [_]
[10:53:19] [Server thread/INFO] [minecraft/GameTestServer]: [_]
[10:53:19] [Server thread/INFO] [minecraft/GameTestServer]: [_]
[10:53:19] [Server thread/INFO] [minecraft/GameTestServer]: [_]
[10:53:19] [Server thread/INFO] [minecraft/MinecraftServer]: Загрузка территории: 31%, изменено блоков: 0
[10:53:19] [Server thread/INFO] [minecraft/GameTestServer]: [_]
[10:53:19] [Server thread/INFO] [minecraft/GameTestServer]: [_]
[10:53:19] [Server thread/INFO] [minecraft/GameTestServer]: [_]
[10:53:19] [Server thread/INFO] [minecraft/GameTestServer]: [_]
[10:53:19] [Server thread/INFO] [minecraft/GameTestServer]: [_]
[10:53:19] [Server thread/INFO] [minecraft/MinecraftServer]: Загрузка территории: 55%, изменено блоков: 0
[10:53:19] [Server thread/INFO] [minecraft/GameTestServer]: [_]
[10:53:20] [Server thread/INFO] [minecraft/GameTestServer]: [_]
[10:53:20] [Server thread/INFO] [minecraft/GameTestServer]: [_]
[10:53:20] [Server thread/INFO] [minecraft/GameTestServer]: [_]
[10:53:20] [Server thread/INFO] [minecraft/GameTestServer]: [_]
[10:53:20] [Server thread/INFO] [minecraft/MinecraftServer]: Загрузка территории: 72%, изменено блоков: 0
[10:53:20] [Server thread/INFO] [minecraft/GameTestServer]: [_]
[10:53:20] [Server thread/INFO] [minecraft/GameTestServer]: [_]
[10:53:20] [Server thread/INFO] [minecraft/GameTestServer]: [_]
[10:53:20] [Server thread/INFO] [minecraft/GameTestServer]: [_]
[10:53:20] [Server thread/INFO] [minecraft/GameTestServer]: [_]
[10:53:20] [Server thread/INFO] [minecraft/MinecraftServer]: Загрузка территории: 85%, изменено блоков: 0
[10:53:20] [Server thread/INFO] [minecraft/GameTestServer]: [_]
[10:53:20] [Server thread/INFO] [minecraft/GameTestServer]: [_]
[10:53:20] [Server thread/INFO] [minecraft/GameTestServer]: [_]
[10:53:21] [Server thread/INFO] [minecraft/GameTestServer]: [_]
[10:53:21] [Server thread/INFO] [minecraft/GameTestServer]: [_]
[10:53:21] [Server thread/INFO] [minecraft/MinecraftServer]: Загрузка территории: 98%, изменено блоков: 0
[10:53:21] [Server thread/INFO] [minecraft/GameTestServer]: [_]
[10:53:21] [Server thread/INFO] [minecraft/MinecraftServer]: Чанки загружены. Подготовка окончательного положения на Y=-29
[10:53:21] [Server thread/INFO] [minecraft/GameTestServer]: [_]
[10:53:21] [Server thread/INFO] [minecraft/GameTestServer]: [_]
[10:53:21] [Server thread/INFO] [minecraft/GameTestServer]: [_]
[10:53:21] [Server thread/INFO] [minecraft/GameTestServer]: [_]
[10:53:21] [Server thread/INFO] [minecraft/MinecraftServer]: Планирование грунта: 40%, изменено блоков: 0
[10:53:21] [Server thread/INFO] [minecraft/GameTestServer]: [_]
[10:53:21] [Server thread/INFO] [minecraft/GameTestServer]: [_]
[10:53:21] [Server thread/INFO] [minecraft/GameTestServer]: [_]
[10:53:22] [Server thread/INFO] [minecraft/GameTestServer]: [_]
[10:53:22] [Server thread/INFO] [minecraft/GameTestServer]: [_]
[10:53:22] [Server thread/INFO] [minecraft/MinecraftServer]: Планирование грунта: 87%, изменено блоков: 0
[10:53:22] [Server thread/INFO] [minecraft/GameTestServer]: [_]
[10:53:22] [Server thread/INFO] [minecraft/MinecraftServer]: Проверяется другая площадка: 2 / 16
[10:53:22] [Server thread/INFO] [minecraft/GameTestServer]: [_]
[10:53:22] [Server thread/INFO] [minecraft/GameTestServer]: [_]
[10:53:22] [Server thread/INFO] [minecraft/GameTestServer]: [_]
[10:53:22] [Server thread/INFO] [minecraft/GameTestServer]: [_]
[10:53:22] [Server thread/INFO] [minecraft/MinecraftServer]: Загрузка территории: 26%, изменено блоков: 0
[10:53:22] [Server thread/INFO] [minecraft/GameTestServer]: [_]
[10:53:22] [Server thread/INFO] [minecraft/GameTestServer]: [_]
[10:53:22] [Server thread/INFO] [minecraft/GameTestServer]: [_]
[10:53:22] [Server thread/INFO] [minecraft/GameTestServer]: [_]
[10:53:22] [Server thread/INFO] [minecraft/GameTestServer]: [_]
[10:53:23] [Server thread/INFO] [minecraft/MinecraftServer]: Загрузка территории: 73%, изменено блоков: 0
[10:53:23] [Server thread/INFO] [minecraft/GameTestServer]: [_]
[10:53:23] [Server thread/INFO] [minecraft/GameTestServer]: [_]
[10:53:23] [Server thread/INFO] [minecraft/GameTestServer]: [_]
[10:53:23] [Server thread/INFO] [minecraft/GameTestServer]: [_]
[10:53:23] [Server thread/INFO] [minecraft/GameTestServer]: [_]
[10:53:23] [Server thread/INFO] [minecraft/MinecraftServer]: Загрузка территории: 27%, изменено блоков: 0
[10:53:23] [Server thread/INFO] [minecraft/GameTestServer]: [_]
[10:53:23] [Server thread/INFO] [minecraft/GameTestServer]: [_]
[10:53:23] [Server thread/INFO] [minecraft/GameTestServer]: [_]
[10:53:23] [Server thread/INFO] [minecraft/GameTestServer]: [_]
[10:53:23] [Server thread/INFO] [minecraft/GameTestServer]: [_]
[10:53:23] [Server thread/INFO] [minecraft/MinecraftServer]: Загрузка территории: 93%, изменено блоков: 0
[10:53:23] [Server thread/INFO] [minecraft/MinecraftServer]: Чанки загружены. Подготовка окончательного положения на Y=-52
[10:53:23] [Server thread/INFO] [minecraft/GameTestServer]: [_]
[10:53:23] [Server thread/INFO] [minecraft/GameTestServer]: [_]
[10:53:24] [Server thread/INFO] [minecraft/GameTestServer]: [_]
[10:53:24] [Server thread/INFO] [minecraft/GameTestServer]: [_]
[10:53:24] [Server thread/INFO] [minecraft/GameTestServer]: [_]
[10:53:24] [Server thread/INFO] [minecraft/MinecraftServer]: Планирование грунта: 81%, изменено блоков: 0
[10:53:24] [Server thread/INFO] [minecraft/GameTestServer]: [_]
[10:53:24] [Server thread/INFO] [minecraft/GameTestServer]: [_]
[10:53:24] [Server thread/INFO] [minecraft/MinecraftServer]: Проверяется другая площадка: 3 / 16
[10:53:24] [Server thread/INFO] [minecraft/GameTestServer]: [_]
[10:53:24] [Server thread/INFO] [minecraft/GameTestServer]: [_]
[10:53:24] [Server thread/INFO] [minecraft/GameTestServer]: [_]
[10:53:24] [Server thread/INFO] [minecraft/MinecraftServer]: Загрузка территории: 57%, изменено блоков: 0
[10:53:24] [Server thread/INFO] [minecraft/GameTestServer]: [_]
[10:53:24] [Server thread/INFO] [minecraft/GameTestServer]: [_]
[10:53:24] [Server thread/INFO] [minecraft/GameTestServer]: [_]
[10:53:24] [Server thread/INFO] [minecraft/GameTestServer]: [_]
[10:53:24] [Server thread/INFO] [minecraft/GameTestServer]: [_]
[10:53:25] [Server thread/INFO] [minecraft/MinecraftServer]: Загрузка территории: 36%, изменено блоков: 0
[10:53:25] [Server thread/INFO] [minecraft/GameTestServer]: [_]
[10:53:25] [Server thread/INFO] [minecraft/GameTestServer]: [_]
[10:53:25] [Server thread/INFO] [minecraft/GameTestServer]: [_]
[10:53:25] [Server thread/INFO] [minecraft/GameTestServer]: [_]
[10:53:25] [Server thread/INFO] [minecraft/GameTestServer]: [_]
[10:53:25] [Server thread/INFO] [minecraft/MinecraftServer]: Загрузка территории: 95%, изменено блоков: 0
[10:53:25] [Server thread/INFO] [minecraft/GameTestServer]: [_]
[10:53:25] [Server thread/INFO] [minecraft/MinecraftServer]: Чанки загружены. Подготовка окончательного положения на Y=-57
[10:53:25] [Server thread/INFO] [minecraft/GameTestServer]: [_]
[10:53:25] [Server thread/INFO] [minecraft/GameTestServer]: [_]
[10:53:25] [Server thread/INFO] [minecraft/GameTestServer]: [_]
[10:53:25] [Server thread/INFO] [minecraft/GameTestServer]: [_]
[10:53:25] [Server thread/INFO] [minecraft/MinecraftServer]: Планирование грунта: 70%, изменено блоков: 0
[10:53:25] [Server thread/INFO] [minecraft/GameTestServer]: [_]
[10:53:26] [Server thread/INFO] [minecraft/GameTestServer]: [_]
[10:53:26] [Server thread/INFO] [minecraft/MinecraftServer]: Проверяется другая площадка: 4 / 16
[10:53:26] [Server thread/INFO] [minecraft/GameTestServer]: [_]
[10:53:26] [Server thread/INFO] [minecraft/GameTestServer]: [_]
[10:53:26] [Server thread/INFO] [minecraft/GameTestServer]: [_]
[10:53:26] [Server thread/INFO] [minecraft/MinecraftServer]: Загрузка территории: 23%, изменено блоков: 0
[10:53:26] [Server thread/INFO] [minecraft/GameTestServer]: [_]
[10:53:26] [Server thread/INFO] [minecraft/GameTestServer]: [_]
[10:53:26] [Server thread/INFO] [minecraft/GameTestServer]: [_]
[10:53:26] [Server thread/INFO] [minecraft/GameTestServer]: [_]
[10:53:26] [Server thread/INFO] [minecraft/GameTestServer]: [_]
[10:53:26] [Server thread/INFO] [minecraft/MinecraftServer]: Загрузка территории: 64%, изменено блоков: 0
[10:53:26] [Server thread/INFO] [minecraft/GameTestServer]: [_]
[10:53:26] [Server thread/INFO] [minecraft/GameTestServer]: [_]
[10:53:26] [Server thread/INFO] [minecraft/GameTestServer]: [_]
[10:53:26] [Server thread/INFO] [minecraft/GameTestServer]: [_]
[10:53:27] [Server thread/INFO] [minecraft/GameTestServer]: [_]
[10:53:27] [Server thread/INFO] [minecraft/MinecraftServer]: Загрузка территории: 2%, изменено блоков: 0
[10:53:27] [Server thread/INFO] [minecraft/GameTestServer]: [_]
[10:53:27] [Server thread/INFO] [minecraft/GameTestServer]: [_]
[10:53:27] [Server thread/INFO] [minecraft/GameTestServer]: [_]
[10:53:27] [Server thread/INFO] [minecraft/GameTestServer]: [_]
[10:53:27] [Server thread/INFO] [minecraft/GameTestServer]: [_]
[10:53:27] [Server thread/INFO] [minecraft/MinecraftServer]: Загрузка территории: 59%, изменено блоков: 0
[10:53:27] [Server thread/INFO] [minecraft/GameTestServer]: [_]
[10:53:27] [Server thread/INFO] [minecraft/GameTestServer]: [_]
[10:53:27] [Server thread/INFO] [minecraft/GameTestServer]: [_]
[10:53:27] [Server thread/INFO] [minecraft/GameTestServer]: [_]
[10:53:27] [Server thread/INFO] [minecraft/GameTestServer]: [_]
[10:53:27] [Server thread/INFO] [minecraft/MinecraftServer]: Загрузка территории: 95%, изменено блоков: 0
[10:53:27] [Server thread/INFO] [minecraft/GameTestServer]: [_]
[10:53:27] [Server thread/INFO] [minecraft/MinecraftServer]: Чанки загружены. Подготовка окончательного положения на Y=-57
[10:53:27] [Server thread/INFO] [minecraft/GameTestServer]: [_]
[10:53:28] [Server thread/INFO] [minecraft/GameTestServer]: [_]
[10:53:28] [Server thread/INFO] [minecraft/GameTestServer]: [_]
[10:53:28] [Server thread/INFO] [minecraft/GameTestServer]: [_]
[10:53:28] [Server thread/INFO] [minecraft/MinecraftServer]: Планирование грунта: 71%, изменено блоков: 0
[10:53:28] [Server thread/INFO] [minecraft/GameTestServer]: [_]
[10:53:28] [Server thread/INFO] [minecraft/GameTestServer]: [_]
[10:53:28] [Server thread/INFO] [minecraft/MinecraftServer]: Проверяется другая площадка: 5 / 16
[10:53:28] [Server thread/INFO] [minecraft/GameTestServer]: [_]
[10:53:28] [Server thread/INFO] [minecraft/GameTestServer]: [_]
[10:53:28] [Server thread/INFO] [minecraft/GameTestServer]: [_]
[10:53:28] [Server thread/INFO] [minecraft/MinecraftServer]: Загрузка территории: 26%, изменено блоков: 0
[10:53:28] [Server thread/INFO] [minecraft/GameTestServer]: [_]
[10:53:28] [Server thread/INFO] [minecraft/GameTestServer]: [_]
[10:53:28] [Server thread/INFO] [minecraft/GameTestServer]: [_]
[10:53:29] [Server thread/INFO] [minecraft/GameTestServer]: [_]
[10:53:29] [Server thread/INFO] [minecraft/GameTestServer]: [_]
[10:53:29] [Server thread/INFO] [minecraft/MinecraftServer]: Загрузка территории: 64%, изменено блоков: 0
[10:53:29] [Server thread/INFO] [minecraft/GameTestServer]: [_]
[10:53:29] [Server thread/INFO] [minecraft/GameTestServer]: [_]
[10:53:29] [Server thread/INFO] [minecraft/GameTestServer]: [_]
[10:53:29] [Server thread/INFO] [minecraft/GameTestServer]: [_]
[10:53:29] [Server thread/INFO] [minecraft/GameTestServer]: [_]
[10:53:29] [Server thread/INFO] [minecraft/MinecraftServer]: Загрузка территории: 2%, изменено блоков: 0
[10:53:29] [Server thread/INFO] [minecraft/GameTestServer]: [_]
[10:53:29] [Server thread/INFO] [minecraft/GameTestServer]: [_]
[10:53:29] [Server thread/INFO] [minecraft/GameTestServer]: [_]
[10:53:29] [Server thread/INFO] [minecraft/GameTestServer]: [_]
[10:53:29] [Server thread/INFO] [minecraft/GameTestServer]: [_]
[10:53:29] [Server thread/INFO] [minecraft/MinecraftServer]: Загрузка территории: 63%, изменено блоков: 0
[10:53:30] [Server thread/INFO] [minecraft/GameTestServer]: [_]
[10:53:30] [Server thread/INFO] [minecraft/GameTestServer]: [_]
[10:53:30] [Server thread/INFO] [minecraft/GameTestServer]: [_]
[10:53:30] [Server thread/INFO] [minecraft/GameTestServer]: [_]
[10:53:30] [Server thread/INFO] [minecraft/GameTestServer]: [_]
[10:53:30] [Server thread/INFO] [minecraft/MinecraftServer]: Загрузка территории: 97%, изменено блоков: 0
[10:53:30] [Server thread/INFO] [minecraft/GameTestServer]: [_]
[10:53:30] [Server thread/INFO] [minecraft/MinecraftServer]: Чанки загружены. Подготовка окончательного положения на Y=-29
[10:53:30] [Server thread/INFO] [minecraft/GameTestServer]: [_]
[10:53:30] [Server thread/INFO] [minecraft/GameTestServer]: [_]
[10:53:30] [Server thread/INFO] [minecraft/GameTestServer]: [_]
[10:53:30] [Server thread/INFO] [minecraft/GameTestServer]: [_]
[10:53:30] [Server thread/INFO] [minecraft/MinecraftServer]: Планирование грунта: 83%, изменено блоков: 0
[10:53:30] [Server thread/INFO] [minecraft/GameTestServer]: [_]
[10:53:30] [Server thread/INFO] [minecraft/MinecraftServer]: Проверяется другая площадка: 6 / 16
[10:53:31] [Server thread/INFO] [minecraft/GameTestServer]: [_]
[10:53:31] [Server thread/INFO] [minecraft/GameTestServer]: [_]
[10:53:31] [Server thread/INFO] [minecraft/GameTestServer]: [_]
[10:53:31] [Server thread/INFO] [minecraft/GameTestServer]: [_]
[10:53:31] [Server thread/INFO] [minecraft/MinecraftServer]: Загрузка территории: 30%, изменено блоков: 0
[10:53:31] [Server thread/INFO] [minecraft/GameTestServer]: [_]
[10:53:31] [Server thread/INFO] [minecraft/GameTestServer]: [_]
[10:53:31] [Server thread/INFO] [minecraft/GameTestServer]: [_]
[10:53:31] [Server thread/INFO] [minecraft/GameTestServer]: [_]
[10:53:31] [Server thread/INFO] [minecraft/GameTestServer]: [_]
[10:53:31] [Server thread/INFO] [minecraft/MinecraftServer]: Загрузка территории: 71%, изменено блоков: 0
[10:53:31] [Server thread/INFO] [minecraft/GameTestServer]: [_]
[10:53:31] [Server thread/INFO] [minecraft/GameTestServer]: [_]
[10:53:31] [Server thread/INFO] [minecraft/GameTestServer]: [_]
[10:53:31] [Server thread/INFO] [minecraft/GameTestServer]: [_]
[10:53:31] [Server thread/INFO] [minecraft/GameTestServer]: [_]
[10:53:31] [Server thread/INFO] [minecraft/MinecraftServer]: Загрузка территории: 6%, изменено блоков: 0
[10:53:32] [Server thread/INFO] [minecraft/GameTestServer]: [_]
[10:53:32] [Server thread/INFO] [minecraft/GameTestServer]: [_]
[10:53:32] [Server thread/INFO] [minecraft/GameTestServer]: [_]
[10:53:32] [Server thread/INFO] [minecraft/GameTestServer]: [_]
[10:53:32] [Server thread/INFO] [minecraft/GameTestServer]: [_]
[10:53:32] [Server thread/INFO] [minecraft/MinecraftServer]: Загрузка территории: 41%, изменено блоков: 0
[10:53:32] [Server thread/INFO] [minecraft/GameTestServer]: [_]
[10:53:32] [Server thread/INFO] [minecraft/GameTestServer]: [_]
[10:53:32] [Server thread/INFO] [minecraft/GameTestServer]: [_]
[10:53:32] [Server thread/INFO] [minecraft/GameTestServer]: [_]
[10:53:32] [Server thread/INFO] [minecraft/GameTestServer]: [_]
[10:53:32] [Server thread/INFO] [minecraft/MinecraftServer]: Загрузка территории: 71%, изменено блоков: 0
[10:53:32] [Server thread/INFO] [minecraft/GameTestServer]: [_]
[10:53:32] [Server thread/INFO] [minecraft/GameTestServer]: [_]
[10:53:32] [Server thread/INFO] [minecraft/GameTestServer]: [_]
[10:53:33] [Server thread/INFO] [minecraft/GameTestServer]: [_]
[10:53:33] [Server thread/INFO] [minecraft/GameTestServer]: [_]
[10:53:33] [Server thread/INFO] [minecraft/MinecraftServer]: Загрузка территории: 89%, изменено блоков: 0
[10:53:33] [Server thread/INFO] [minecraft/GameTestServer]: [_]
[10:53:33] [Server thread/INFO] [minecraft/GameTestServer]: [_]
[10:53:33] [Server thread/INFO] [minecraft/GameTestServer]: [_]
[10:53:33] [Server thread/INFO] [minecraft/MinecraftServer]: Чанки загружены. Подготовка окончательного положения на Y=-57
[10:53:33] [Server thread/INFO] [minecraft/GameTestServer]: [_]
[10:53:33] [Server thread/INFO] [minecraft/GameTestServer]: [_]
[10:53:33] [Server thread/INFO] [minecraft/MinecraftServer]: Планирование грунта: 21%, изменено блоков: 0
[10:53:33] [Server thread/INFO] [minecraft/GameTestServer]: [_]
[10:53:33] [Server thread/INFO] [minecraft/GameTestServer]: [_]
[10:53:33] [Server thread/INFO] [minecraft/GameTestServer]: [_]
[10:53:33] [Server thread/INFO] [minecraft/GameTestServer]: [_]
[10:53:34] [Server thread/INFO] [minecraft/GameTestServer]: [_]
[10:53:34] [Server thread/INFO] [minecraft/MinecraftServer]: Планирование грунта: 82%, изменено блоков: 0
[10:53:34] [Server thread/INFO] [minecraft/GameTestServer]: [_]
[10:53:34] [Server thread/INFO] [minecraft/GameTestServer]: [_]
[10:53:34] [Server thread/INFO] [minecraft/MinecraftServer]: Проверяется другая площадка: 7 / 16
[10:53:34] [Server thread/INFO] [minecraft/GameTestServer]: [_]
[10:53:34] [Server thread/INFO] [minecraft/GameTestServer]: [_]
[10:53:34] [Server thread/INFO] [minecraft/GameTestServer]: [_]
[10:53:34] [Server thread/INFO] [minecraft/MinecraftServer]: Загрузка территории: 26%, изменено блоков: 0
[10:53:34] [Server thread/INFO] [minecraft/GameTestServer]: [_]
[10:53:34] [Server thread/INFO] [minecraft/GameTestServer]: [_]
[10:53:34] [Server thread/INFO] [minecraft/GameTestServer]: [_]
[10:53:34] [Server thread/INFO] [minecraft/GameTestServer]: [_]
[10:53:34] [Server thread/INFO] [minecraft/GameTestServer]: [_]
[10:53:34] [Server thread/INFO] [minecraft/MinecraftServer]: Загрузка территории: 66%, изменено блоков: 0
[10:53:34] [Server thread/INFO] [minecraft/GameTestServer]: [_]
[10:53:34] [Server thread/INFO] [minecraft/GameTestServer]: [_]
[10:53:35] [Server thread/INFO] [minecraft/GameTestServer]: [_]
[10:53:35] [Server thread/INFO] [minecraft/GameTestServer]: [_]
[10:53:35] [Server thread/INFO] [minecraft/GameTestServer]: [_]
[10:53:35] [Server thread/INFO] [minecraft/MinecraftServer]: Загрузка территории: 7%, изменено блоков: 0
[10:53:35] [Server thread/INFO] [minecraft/GameTestServer]: [_]
[10:53:35] [Server thread/INFO] [minecraft/GameTestServer]: [_]
[10:53:35] [Server thread/INFO] [minecraft/GameTestServer]: [_]
[10:53:35] [Server thread/INFO] [minecraft/GameTestServer]: [_]
[10:53:35] [Server thread/INFO] [minecraft/GameTestServer]: [_]
[10:53:35] [Server thread/INFO] [minecraft/MinecraftServer]: Загрузка территории: 81%, изменено блоков: 0
[10:53:35] [Server thread/INFO] [minecraft/GameTestServer]: [_]
[10:53:35] [Server thread/INFO] [minecraft/GameTestServer]: [_]
[10:53:35] [Server thread/INFO] [minecraft/GameTestServer]: [_]
[10:53:35] [Server thread/INFO] [minecraft/MinecraftServer]: Чанки загружены. Подготовка окончательного положения на Y=-57
[10:53:35] [Server thread/INFO] [minecraft/GameTestServer]: [_]
[10:53:35] [Server thread/INFO] [minecraft/GameTestServer]: [_]
[10:53:36] [Server thread/INFO] [minecraft/MinecraftServer]: Планирование грунта: 40%, изменено блоков: 0
[10:53:36] [Server thread/INFO] [minecraft/GameTestServer]: [_]
[10:53:36] [Server thread/INFO] [minecraft/GameTestServer]: [_]
[10:53:36] [Server thread/INFO] [minecraft/GameTestServer]: [_]
[10:53:36] [Server thread/INFO] [minecraft/MinecraftServer]: Проверяется другая площадка: 8 / 16
[10:53:36] [Server thread/INFO] [minecraft/GameTestServer]: [_]
[10:53:36] [Server thread/INFO] [minecraft/GameTestServer]: [_]
[10:53:36] [Server thread/INFO] [minecraft/MinecraftServer]: Загрузка территории: 14%, изменено блоков: 0
[10:53:36] [Server thread/INFO] [minecraft/GameTestServer]: [_]
[10:53:36] [Server thread/INFO] [minecraft/GameTestServer]: [_]
[10:53:36] [Server thread/INFO] [minecraft/GameTestServer]: [_]
[10:53:36] [Server thread/INFO] [minecraft/GameTestServer]: [_]
[10:53:36] [Server thread/INFO] [minecraft/GameTestServer]: [_]
[10:53:36] [Server thread/INFO] [minecraft/MinecraftServer]: Загрузка территории: 54%, изменено блоков: 0
[10:53:36] [Server thread/INFO] [minecraft/GameTestServer]: [_]
[10:53:36] [Server thread/INFO] [minecraft/GameTestServer]: [_]
[10:53:36] [Server thread/INFO] [minecraft/GameTestServer]: [_]
[10:53:36] [Server thread/INFO] [minecraft/GameTestServer]: [_]
[10:53:37] [Server thread/INFO] [minecraft/GameTestServer]: [_]
[10:53:37] [Server thread/INFO] [minecraft/MinecraftServer]: Загрузка территории: 95%, изменено блоков: 0
[10:53:37] [Server thread/INFO] [minecraft/GameTestServer]: [_]
[10:53:37] [Server thread/INFO] [minecraft/GameTestServer]: [_]
[10:53:37] [Server thread/INFO] [minecraft/GameTestServer]: [_]
[10:53:37] [Server thread/INFO] [minecraft/GameTestServer]: [_]
[10:53:37] [Server thread/INFO] [minecraft/GameTestServer]: [_]
[10:53:37] [Server thread/INFO] [minecraft/MinecraftServer]: Загрузка территории: 75%, изменено блоков: 0
[10:53:37] [Server thread/INFO] [minecraft/GameTestServer]: [_]
[10:53:37] [Server thread/INFO] [minecraft/GameTestServer]: [_]
[10:53:37] [Server thread/INFO] [minecraft/MinecraftServer]: Чанки загружены. Подготовка окончательного положения на Y=-57
[10:53:37] [Server thread/INFO] [minecraft/GameTestServer]: [_]
[10:53:37] [Server thread/INFO] [minecraft/GameTestServer]: [_]
[10:53:37] [Server thread/INFO] [minecraft/GameTestServer]: [_]
[10:53:37] [Server thread/INFO] [minecraft/MinecraftServer]: Планирование грунта: 63%, изменено блоков: 0
[10:53:37] [Server thread/INFO] [minecraft/GameTestServer]: [_]
[10:53:37] [Server thread/INFO] [minecraft/GameTestServer]: [_]
[10:53:38] [Server thread/INFO] [minecraft/MinecraftServer]: Проверяется другая площадка: 9 / 16
[10:53:38] [Server thread/INFO] [minecraft/GameTestServer]: [_]
[10:53:38] [Server thread/INFO] [minecraft/GameTestServer]: [_]
[10:53:38] [Server thread/INFO] [minecraft/GameTestServer]: [_]
[10:53:38] [Server thread/INFO] [minecraft/MinecraftServer]: Загрузка территории: 23%, изменено блоков: 0
[10:53:38] [Server thread/INFO] [minecraft/GameTestServer]: [_]
[10:53:38] [Server thread/INFO] [minecraft/GameTestServer]: [_]
[10:53:38] [Server thread/INFO] [minecraft/GameTestServer]: [_]
[10:53:38] [Server thread/INFO] [minecraft/GameTestServer]: [_]
[10:53:38] [Server thread/INFO] [minecraft/GameTestServer]: [_]
[10:53:38] [Server thread/INFO] [minecraft/MinecraftServer]: Загрузка территории: 64%, изменено блоков: 0
[10:53:38] [Server thread/INFO] [minecraft/GameTestServer]: [_]
[10:53:38] [Server thread/INFO] [minecraft/GameTestServer]: [_]
[10:53:38] [Server thread/INFO] [minecraft/GameTestServer]: [_]
[10:53:38] [Server thread/INFO] [minecraft/GameTestServer]: [_]
[10:53:38] [Server thread/INFO] [minecraft/GameTestServer]: [_]
[10:53:38] [Server thread/INFO] [minecraft/MinecraftServer]: Загрузка территории: 2%, изменено блоков: 0
[10:53:38] [Server thread/INFO] [minecraft/GameTestServer]: [_]
[10:53:38] [Server thread/INFO] [minecraft/GameTestServer]: [_]
[10:53:39] [Server thread/INFO] [minecraft/GameTestServer]: [_]
[10:53:39] [Server thread/INFO] [minecraft/GameTestServer]: [_]
[10:53:39] [Server thread/INFO] [minecraft/GameTestServer]: [_]
[10:53:39] [Server thread/INFO] [minecraft/MinecraftServer]: Загрузка территории: 36%, изменено блоков: 0
[10:53:39] [Server thread/INFO] [minecraft/GameTestServer]: [_]
[10:53:39] [Server thread/INFO] [minecraft/GameTestServer]: [_]
[10:53:39] [Server thread/INFO] [minecraft/GameTestServer]: [_]
[10:53:39] [Server thread/INFO] [minecraft/GameTestServer]: [_]
[10:53:39] [Server thread/INFO] [minecraft/GameTestServer]: [_]
[10:53:39] [Server thread/INFO] [minecraft/MinecraftServer]: Загрузка территории: 74%, изменено блоков: 0
[10:53:39] [Server thread/INFO] [minecraft/GameTestServer]: [_]
[10:53:39] [Server thread/INFO] [minecraft/GameTestServer]: [_]
[10:53:39] [Server thread/INFO] [minecraft/GameTestServer]: [_]
[10:53:39] [Server thread/INFO] [minecraft/GameTestServer]: [_]
[10:53:39] [Server thread/INFO] [minecraft/GameTestServer]: [_]
[10:53:39] [Server thread/INFO] [minecraft/MinecraftServer]: Загрузка территории: 95%, изменено блоков: 0
[10:53:39] [Server thread/INFO] [minecraft/GameTestServer]: [_]
[10:53:40] [Server thread/INFO] [minecraft/MinecraftServer]: Чанки загружены. Подготовка окончательного положения на Y=-43
[10:53:40] [Server thread/INFO] [minecraft/GameTestServer]: [_]
[10:53:40] [Server thread/INFO] [minecraft/GameTestServer]: [_]
[10:53:40] [Server thread/INFO] [minecraft/GameTestServer]: [_]
[10:53:40] [Server thread/INFO] [minecraft/GameTestServer]: [_]
[10:53:40] [Server thread/INFO] [minecraft/MinecraftServer]: Планирование грунта: 54%, изменено блоков: 0
[10:53:40] [Server thread/INFO] [minecraft/GameTestServer]: [_]
[10:53:40] [Server thread/INFO] [minecraft/GameTestServer]: [_]
[10:53:40] [Server thread/INFO] [minecraft/GameTestServer]: [_]
[10:53:40] [Server thread/INFO] [minecraft/MinecraftServer]: Проверяется другая площадка: 10 / 16
[10:53:40] [Server thread/INFO] [minecraft/GameTestServer]: [_]
[10:53:40] [Server thread/INFO] [minecraft/GameTestServer]: [_]
[10:53:40] [Server thread/INFO] [minecraft/MinecraftServer]: Загрузка территории: 11%, изменено блоков: 0
[10:53:40] [Server thread/INFO] [minecraft/GameTestServer]: [_]
[10:53:40] [Server thread/INFO] [minecraft/GameTestServer]: [_]
[10:53:40] [Server thread/INFO] [minecraft/GameTestServer]: [_]
[10:53:41] [Server thread/INFO] [minecraft/GameTestServer]: [_]
[10:53:41] [Server thread/INFO] [minecraft/GameTestServer]: [_]
[10:53:41] [Server thread/INFO] [minecraft/MinecraftServer]: Загрузка территории: 52%, изменено блоков: 0
[10:53:41] [Server thread/INFO] [minecraft/GameTestServer]: [_]
[10:53:41] [Server thread/INFO] [minecraft/GameTestServer]: [_]
[10:53:41] [Server thread/INFO] [minecraft/GameTestServer]: [_]
[10:53:41] [Server thread/INFO] [minecraft/GameTestServer]: [_]
[10:53:41] [Server thread/INFO] [minecraft/GameTestServer]: [_]
[10:53:41] [Server thread/INFO] [minecraft/MinecraftServer]: Загрузка территории: 90%, изменено блоков: 0
[10:53:41] [Server thread/INFO] [minecraft/GameTestServer]: [_]
[10:53:41] [Server thread/INFO] [minecraft/GameTestServer]: [_]
[10:53:41] [Server thread/INFO] [minecraft/GameTestServer]: [_]
[10:53:41] [Server thread/INFO] [minecraft/GameTestServer]: [_]
[10:53:41] [Server thread/INFO] [minecraft/GameTestServer]: [_]
[10:53:41] [Server thread/INFO] [minecraft/MinecraftServer]: Загрузка территории: 12%, изменено блоков: 0
[10:53:41] [Server thread/INFO] [minecraft/GameTestServer]: [_]
[10:53:41] [Server thread/INFO] [minecraft/GameTestServer]: [_]
[10:53:41] [Server thread/INFO] [minecraft/GameTestServer]: [_]
[10:53:41] [Server thread/INFO] [minecraft/GameTestServer]: [_]
[10:53:42] [Server thread/INFO] [minecraft/GameTestServer]: [_]
[10:53:42] [Server thread/INFO] [minecraft/MinecraftServer]: Загрузка территории: 25%, изменено блоков: 0
[10:53:42] [Server thread/INFO] [minecraft/GameTestServer]: [_]
[10:53:42] [Server thread/INFO] [minecraft/GameTestServer]: [_]
[10:53:42] [Server thread/INFO] [minecraft/GameTestServer]: [_]
[10:53:42] [Server thread/INFO] [minecraft/GameTestServer]: [_]
[10:53:42] [Server thread/INFO] [minecraft/GameTestServer]: [_]
[10:53:42] [Server thread/INFO] [minecraft/MinecraftServer]: Загрузка территории: 44%, изменено блоков: 0
[10:53:42] [Server thread/INFO] [minecraft/GameTestServer]: [_]
[10:53:42] [Server thread/INFO] [minecraft/GameTestServer]: [_]
[10:53:42] [Server thread/INFO] [minecraft/GameTestServer]: [_]
[10:53:42] [Server thread/INFO] [minecraft/GameTestServer]: [_]
[10:53:42] [Server thread/INFO] [minecraft/GameTestServer]: [_]
[10:53:42] [Server thread/INFO] [minecraft/MinecraftServer]: Загрузка территории: 60%, изменено блоков: 0
[10:53:42] [Server thread/INFO] [minecraft/GameTestServer]: [_]
[10:53:42] [Server thread/INFO] [minecraft/GameTestServer]: [_]
[10:53:42] [Server thread/INFO] [minecraft/GameTestServer]: [_]
[10:53:42] [Server thread/INFO] [minecraft/GameTestServer]: [_]
[10:53:42] [Server thread/INFO] [minecraft/GameTestServer]: [_]
[10:53:42] [Server thread/INFO] [minecraft/MinecraftServer]: Загрузка территории: 73%, изменено блоков: 0
[10:53:43] [Server thread/INFO] [minecraft/GameTestServer]: [_]
[10:53:43] [Server thread/INFO] [minecraft/GameTestServer]: [_]
[10:53:43] [Server thread/INFO] [minecraft/GameTestServer]: [_]
[10:53:43] [Server thread/INFO] [minecraft/GameTestServer]: [_]
[10:53:43] [Server thread/INFO] [minecraft/GameTestServer]: [_]
[10:53:43] [Server thread/INFO] [minecraft/MinecraftServer]: Загрузка территории: 83%, изменено блоков: 0
[10:53:43] [Server thread/INFO] [minecraft/GameTestServer]: [_]
[10:53:43] [Server thread/INFO] [minecraft/GameTestServer]: [_]
[10:53:43] [Server thread/INFO] [minecraft/GameTestServer]: [_]
[10:53:43] [Server thread/INFO] [minecraft/GameTestServer]: [_]
[10:53:43] [Server thread/INFO] [minecraft/GameTestServer]: [_]
[10:53:43] [Server thread/INFO] [minecraft/MinecraftServer]: Загрузка территории: 94%, изменено блоков: 0
[10:53:43] [Server thread/INFO] [minecraft/GameTestServer]: [_]
[10:53:43] [Server thread/INFO] [minecraft/GameTestServer]: [_]
[10:53:43] [Server thread/INFO] [minecraft/MinecraftServer]: Чанки загружены. Подготовка окончательного положения на Y=-11
[10:53:43] [Server thread/INFO] [minecraft/GameTestServer]: [_]
[10:53:43] [Server thread/INFO] [minecraft/GameTestServer]: [_]
[10:53:44] [Server thread/INFO] [minecraft/GameTestServer]: [_]
[10:53:44] [Server thread/INFO] [minecraft/MinecraftServer]: Планирование грунта: 20%, изменено блоков: 0
[10:53:44] [Server thread/INFO] [minecraft/GameTestServer]: [_]
[10:53:44] [Server thread/INFO] [minecraft/GameTestServer]: [_]
[10:53:44] [Server thread/INFO] [minecraft/GameTestServer]: [_]
[10:53:44] [Server thread/INFO] [minecraft/GameTestServer]: [_]
[10:53:44] [Server thread/INFO] [minecraft/GameTestServer]: [_]
[10:53:44] [Server thread/INFO] [minecraft/MinecraftServer]: Планирование грунта: 59%, изменено блоков: 0
[10:53:44] [Server thread/INFO] [minecraft/GameTestServer]: [_]
[10:53:44] [Server thread/INFO] [minecraft/GameTestServer]: [_]
[10:53:44] [Server thread/INFO] [minecraft/GameTestServer]: [_]
[10:53:44] [Server thread/INFO] [minecraft/GameTestServer]: [_]
[10:53:44] [Server thread/INFO] [minecraft/GameTestServer]: [_]
[10:53:44] [Server thread/INFO] [minecraft/MinecraftServer]: Планирование грунта: 98%, изменено блоков: 0
[10:53:44] [Server thread/INFO] [minecraft/MinecraftServer]: Проверяется другая площадка: 11 / 16
[10:53:45] [Server thread/INFO] [minecraft/GameTestServer]: [_]
[10:53:45] [Server thread/INFO] [minecraft/GameTestServer]: [_]
[10:53:45] [Server thread/INFO] [minecraft/GameTestServer]: [_]
[10:53:45] [Server thread/INFO] [minecraft/GameTestServer]: [_]
[10:53:45] [Server thread/INFO] [minecraft/GameTestServer]: [_]
[10:53:45] [Server thread/INFO] [minecraft/MinecraftServer]: Загрузка территории: 38%, изменено блоков: 0
[10:53:45] [Server thread/INFO] [minecraft/GameTestServer]: [_]
[10:53:45] [Server thread/INFO] [minecraft/GameTestServer]: [_]
[10:53:45] [Server thread/INFO] [minecraft/GameTestServer]: [_]
[10:53:45] [Server thread/INFO] [minecraft/GameTestServer]: [_]
[10:53:45] [Server thread/INFO] [minecraft/GameTestServer]: [_]
[10:53:45] [Server thread/INFO] [minecraft/MinecraftServer]: Загрузка территории: 76%, изменено блоков: 0
[10:53:45] [Server thread/INFO] [minecraft/GameTestServer]: [_]
[10:53:45] [Server thread/INFO] [minecraft/GameTestServer]: [_]
[10:53:45] [Server thread/INFO] [minecraft/GameTestServer]: [_]
[10:53:45] [Server thread/INFO] [minecraft/GameTestServer]: [_]
[10:53:46] [Server thread/INFO] [minecraft/GameTestServer]: [_]
[10:53:46] [Server thread/INFO] [minecraft/MinecraftServer]: Загрузка территории: 39%, изменено блоков: 0
[10:53:46] [Server thread/INFO] [minecraft/GameTestServer]: [_]
[10:53:46] [Server thread/INFO] [minecraft/GameTestServer]: [_]
[10:53:46] [Server thread/INFO] [minecraft/GameTestServer]: [_]
[10:53:46] [Server thread/INFO] [minecraft/GameTestServer]: [_]
[10:53:46] [Server thread/INFO] [minecraft/MinecraftServer]: Чанки загружены. Подготовка окончательного положения на Y=-57
[10:53:46] [Server thread/INFO] [minecraft/GameTestServer]: [_]
[10:53:46] [Server thread/INFO] [minecraft/MinecraftServer]: Планирование грунта: 16%, изменено блоков: 0
[10:53:46] [Server thread/INFO] [minecraft/GameTestServer]: [_]
[10:53:46] [Server thread/INFO] [minecraft/GameTestServer]: [_]
[10:53:46] [Server thread/INFO] [minecraft/GameTestServer]: [_]
[10:53:46] [Server thread/INFO] [minecraft/GameTestServer]: [_]
[10:53:46] [Server thread/INFO] [minecraft/MinecraftServer]: Проверяется другая площадка: 12 / 16
[10:53:46] [Server thread/INFO] [minecraft/GameTestServer]: [_]
[10:53:46] [Server thread/INFO] [minecraft/MinecraftServer]: Загрузка территории: 7%, изменено блоков: 0
[10:53:46] [Server thread/INFO] [minecraft/GameTestServer]: [_]
[10:53:47] [Server thread/INFO] [minecraft/GameTestServer]: [_]
[10:53:47] [Server thread/INFO] [minecraft/GameTestServer]: [_]
[10:53:47] [Server thread/INFO] [minecraft/GameTestServer]: [_]
[10:53:47] [Server thread/INFO] [minecraft/GameTestServer]: [_]
[10:53:47] [Server thread/INFO] [minecraft/MinecraftServer]: Загрузка территории: 47%, изменено блоков: 0
[10:53:47] [Server thread/INFO] [minecraft/GameTestServer]: [_]
[10:53:47] [Server thread/INFO] [minecraft/GameTestServer]: [_]
[10:53:47] [Server thread/INFO] [minecraft/GameTestServer]: [_]
[10:53:47] [Server thread/INFO] [minecraft/GameTestServer]: [_]
[10:53:47] [Server thread/INFO] [minecraft/GameTestServer]: [_]
[10:53:47] [Server thread/INFO] [minecraft/MinecraftServer]: Загрузка территории: 85%, изменено блоков: 0
[10:53:47] [Server thread/INFO] [minecraft/GameTestServer]: [_]
[10:53:47] [Server thread/INFO] [minecraft/GameTestServer]: [_]
[10:53:47] [Server thread/INFO] [minecraft/GameTestServer]: [_]
[10:53:47] [Server thread/INFO] [minecraft/GameTestServer]: [_]
[10:53:47] [Server thread/INFO] [minecraft/GameTestServer]: [_]
[10:53:47] [Server thread/INFO] [minecraft/MinecraftServer]: Загрузка территории: 64%, изменено блоков: 0
[10:53:47] [Server thread/INFO] [minecraft/GameTestServer]: [_]
[10:53:47] [Server thread/INFO] [minecraft/GameTestServer]: [_]
[10:53:48] [Server thread/INFO] [minecraft/GameTestServer]: [_]
[10:53:48] [Server thread/INFO] [minecraft/MinecraftServer]: Чанки загружены. Подготовка окончательного положения на Y=-57
[10:53:48] [Server thread/INFO] [minecraft/GameTestServer]: [_]
[10:53:48] [Server thread/INFO] [minecraft/GameTestServer]: [_]
[10:53:48] [Server thread/INFO] [minecraft/MinecraftServer]: Планирование грунта: 42%, изменено блоков: 0
[10:53:48] [Server thread/INFO] [minecraft/GameTestServer]: [_]
[10:53:48] [Server thread/INFO] [minecraft/GameTestServer]: [_]
[10:53:48] [Server thread/INFO] [minecraft/GameTestServer]: [_]
[10:53:48] [Server thread/INFO] [minecraft/GameTestServer]: [_]
[10:53:48] [Server thread/INFO] [minecraft/GameTestServer]: [_]
[10:53:48] [Server thread/INFO] [minecraft/MinecraftServer]: Подготовка грунта: 31%, изменено блоков: 10676
[10:53:48] [Server thread/INFO] [minecraft/GameTestServer]: [_]
[10:53:48] [Server thread/INFO] [minecraft/MinecraftServer]: Территория подготовлена. Размещается структура...
[10:53:48] [Server thread/INFO] [minecraft/GameTestServer]: [_]
[10:53:49] [Server thread/INFO] [minecraft/GameTestServer]: [_]
[10:53:49] [Server thread/INFO] [minecraft/GameTestServer]: [_]
[10:53:49] [Server thread/INFO] [minecraft/GameTestServer]: [_]
[10:53:49] [Server thread/INFO] [minecraft/MinecraftServer]: Размещение структуры: 31%, изменено блоков: 39277
[10:53:49] [Server thread/INFO] [minecraft/GameTestServer]: [_]
[10:53:49] [Server thread/INFO] [minecraft/GameTestServer]: [_]
[10:53:49] [Server thread/INFO] [minecraft/GameTestServer]: [_]
[10:53:49] [Server thread/INFO] [minecraft/GameTestServer]: [_]
[10:53:49] [Server thread/INFO] [minecraft/GameTestServer]: [_]
[10:53:49] [Server thread/INFO] [minecraft/MinecraftServer]: Размещение структуры: 72%, изменено блоков: 39277
[10:53:49] [Server thread/INFO] [minecraft/GameTestServer]: [_]
[10:53:50] [Server thread/INFO] [minecraft/GameTestServer]: [_]
[10:53:50] [Server thread/INFO] [minecraft/GameTestServer]: [_]
[10:53:50] [Server thread/INFO] [minecraft/MinecraftServer]: Структура создана: -11534186, -56, 11074055
[10:53:50] [Server thread/INFO] [minecraft/GameTestServer]: [_]
MANUAL_SEQUENTIAL_COMMAND_PASS slavicmyths generate bandit_camp large 0 dx=0 dz=-192 entrance=BlockPos{x=-11534186, y=-56, z=11074055}
MANUAL_SEQUENTIAL_SAME_SOURCE_PASS commands=6 structures=6 previousEntrancesPreserved=true boundedLocalRelocation=true
[10:53:50] [Server thread/INFO] [minecraft/GameTestServer]: [+]
[10:53:50] [Server thread/INFO] [minecraft/GameTestServer]: ========= 1 GAME TESTS COMPLETE IN 12.36 min ======================
[10:53:50] [Server thread/INFO] [minecraft/GameTestServer]: All 1 required tests passed :)
[10:53:50] [Server thread/INFO] [minecraft/GameTestServer]: ====================================================
[10:53:50] [Server thread/INFO] [minecraft/MinecraftServer]: Stopping server
[10:53:50] [Server thread/INFO] [minecraft/MinecraftServer]: Saving players
[10:53:50] [Server thread/INFO] [minecraft/MinecraftServer]: Saving worlds
[10:53:50] [Server thread/INFO] [minecraft/MinecraftServer]: Saving chunks for level 'ServerLevel[Test Level]'/minecraft:overworld
[10:53:51] [Server thread/INFO] [minecraft/MinecraftServer]: Saving chunks for level 'ServerLevel[Test Level]'/minecraft:the_end
[10:53:51] [Server thread/INFO] [minecraft/MinecraftServer]: Saving chunks for level 'ServerLevel[Test Level]'/minecraft:the_nether
[10:53:51] [Server thread/INFO] [minecraft/MinecraftServer]: ThreadedAnvilChunkStorage (world): All chunks are saved
[10:53:51] [Server thread/INFO] [minecraft/MinecraftServer]: ThreadedAnvilChunkStorage (DIM1): All chunks are saved
[10:53:51] [Server thread/INFO] [minecraft/MinecraftServer]: ThreadedAnvilChunkStorage (DIM-1): All chunks are saved
[10:53:51] [Server thread/INFO] [minecraft/MinecraftServer]: ThreadedAnvilChunkStorage: All dimensions are saved
[10:53:51] [Server thread/INFO] [minecraft/GameTestServer]: Game test server shutting down

[Incubating] Problems report is available at: file:///D:/slavic-myths/build/reports/problems/problems-report.html

BUILD SUCCESSFUL in 12m 57s
9 actionable tasks: 3 executed, 6 up-to-date
Consider enabling configuration cache to speed up this build: https://docs.gradle.org/9.2.1/userguide/configuration_cache_enabling.html
