To honour the JVM settings for this build a single-use Daemon process will be forked. For more on this, please refer to https://docs.gradle.org/9.2.1/userguide/gradle_daemon.html#sec:disabling_the_daemon in the Gradle documentation.
Daemon will be stopped at the end of the build 
> Task :createMinecraftArtifacts UP-TO-DATE
> Task :compileJava UP-TO-DATE
> Task :processResources UP-TO-DATE
> Task :classes UP-TO-DATE
> Task :compileKurganCheckJava
> Task :processKurganCheckResources
> Task :kurganCheckClasses
> Task :downloadAssets UP-TO-DATE
> Task :writeRuntimeChecksLegacyClasspath UP-TO-DATE
> Task :prepareRuntimeChecksRun

> Task :runRuntimeChecks
WARN StatusConsoleListener Advanced terminal features are not available in this environment
[10:28:01] [main/INFO] [cp.mo.mo.Launcher/MODLAUNCHER]: ModLauncher running: args [--launchTarget, forgeserverdev, --gameDir, ., --fml.fmlVersion, 4.0.45, --fml.mcVersion, 1.21.1, --fml.neoForgeVersion, 21.1.255, --fml.neoFormVersion, 20240808.144430]
[10:28:01] [main/INFO] [cp.mo.mo.Launcher/MODLAUNCHER]: JVM identified as Oracle Corporation Java HotSpot(TM) 64-Bit Server VM 21.0.12+7-LTS-205
[10:28:01] [main/INFO] [cp.mo.mo.Launcher/MODLAUNCHER]: ModLauncher 11.0.5+main.901c6ea8 starting: java version 21.0.12 by Oracle Corporation; OS Windows 10 arch amd64 version 10.0
[10:28:01] [main/INFO] [ne.ne.fm.lo.ImmediateWindowHandler/]: ImmediateWindowProvider not loading because launch target is forgeserverdev
[10:28:01] [main/INFO] [mixin/]: SpongePowered MIXIN Subsystem Version=0.8.7 Source=union:/C:/Users/pavel/.gradle/caches/modules-2/files-2.1/net.fabricmc/sponge-mixin/0.16.4+mixin.0.8.7/26d01f0567ab46e9ca0d2ed89d0ecc11aadbd433/sponge-mixin-0.16.4+mixin.0.8.7.jar%2394!/ Service=ModLauncher Env=SERVER
[10:28:01] [main/INFO] [ne.ne.fm.lo.mo.lo.JarInJarDependencyLocator/]: Found 2 dependencies adding them to mods collection
[10:28:01] [main/INFO] [ne.ne.fm.lo.mo.ModDiscoverer/]: 
     Mod List:
		Name Version (Mod Id)

		Curios API 9.5.1+1.21.1 (curios)
		Minecraft 1.21.1 (minecraft)
		NeoForge 21.1.255 (neoforge)
		Slavic Myths 0.9.9-dev (slavicmyths)
[10:28:02] [main/INFO] [mixin/]: Compatibility level set to JAVA_21
[10:28:02] [main/INFO] [cp.mo.mo.LaunchServiceHandler/MODLAUNCHER]: Launching target 'forgeserverdev' with arguments [--gameDir, .]
[10:28:02] [main/WARN] [mixin/]: Reference map 'curios.refmap.json' for curios.neoforge.mixins.json could not be read. If this is a development environment you can ignore this message
[10:28:02] [main/WARN] [mixin/]: Reference map 'curios.refmap.json' for curios.mixins.json could not be read. If this is a development environment you can ignore this message
[10:28:04] [main/WARN] [os.dr.wi.pe.PerfmonDisabled/]: Invalid registry value type detected for PerfOS counters. Should be REG_DWORD. Ignoring: HKEY_LOCAL_MACHINE\SYSTEM\CurrentControlSet\Services\PerfOS\Performance\Disable Performance Counters.
[10:28:04] [main/INFO] [MixinExtras|Service/]: Initializing MixinExtras via com.llamalad7.mixinextras.service.MixinExtrasServiceImpl(version=0.5.5).
[10:28:12] [main/WARN] [minecraft/Commands]: Ambiguity between arguments [teleport, location] and [teleport, destination] with inputs: [0.1 -0.5 .9, 0 0 0]
[10:28:12] [main/WARN] [minecraft/Commands]: Ambiguity between arguments [teleport, location] and [teleport, targets] with inputs: [0.1 -0.5 .9, 0 0 0]
[10:28:12] [main/WARN] [minecraft/Commands]: Ambiguity between arguments [teleport, destination] and [teleport, targets] with inputs: [Player, 0123, @e, dd12be42-52a9-4a91-a8a1-11c01849e498]
[10:28:12] [main/WARN] [minecraft/Commands]: Ambiguity between arguments [teleport, targets] and [teleport, destination] with inputs: [Player, 0123, dd12be42-52a9-4a91-a8a1-11c01849e498]
[10:28:12] [main/WARN] [minecraft/Commands]: Ambiguity between arguments [teleport, targets, location] and [teleport, targets, destination] with inputs: [0.1 -0.5 .9, 0 0 0]
[10:28:12] [modloading-worker-0/INFO] [ne.ne.ne.co.NeoForgeMod/NEOFORGE-MOD]: NeoForge mod loading, version 21.1.255, for MC 1.21.1
[10:28:14] [main/INFO] [mojang/YggdrasilAuthenticationService]: Environment: Environment[sessionHost=https://sessionserver.mojang.com, servicesHost=https://api.minecraftservices.com, name=PROD]
[10:28:14] [main/WARN] [minecraft/VanillaPackResourcesBuilder]: Assets URL 'union:/D:/slavic-myths/build/moddev/artifacts/neoforge-21.1.255.jar%23125!/assets/.mcassetsroot' uses unexpected schema
[10:28:14] [main/WARN] [minecraft/VanillaPackResourcesBuilder]: Assets URL 'union:/D:/slavic-myths/build/moddev/artifacts/neoforge-21.1.255.jar%23125!/data/.mcassetsroot' uses unexpected schema
[10:28:14] [main/INFO] [ne.ne.ne.ga.GameTestHooks/]: Enabled Gametest Namespaces: [slavicmyths_sequential_placement]
[10:28:16] [main/INFO] [minecraft/RecipeManager]: Loaded 1564 recipes
[10:28:16] [main/INFO] [minecraft/AdvancementTree]: Loaded 1554 advancements
[10:28:16] [main/INFO] [Curios API/]: Loaded 10 curio slots
[10:28:16] [main/INFO] [Curios API/]: Loaded 1 curio entities
[10:28:18] [Server thread/INFO] [minecraft/MinecraftServer]: Preparing start region for dimension minecraft:overworld
[10:28:18] [worldgen/INFO] [minecraft/LoggerChunkProgressListener]: Preparing spawn area: 2%
[10:28:18] [Server thread/INFO] [minecraft/LoggerChunkProgressListener]: Time elapsed: 235 ms
[10:28:18] [Server thread/INFO] [minecraft/GameTestServer]: Started game test server
[10:28:18] [Server thread/INFO] [ne.ne.ne.se.pe.PermissionAPI/]: Successfully initialized permission handler neoforge:default_handler
[10:28:18] [Server thread/INFO] [minecraft/GameTestServer]: 1 tests are now running at position 2146253, -59, 11082254!
[10:28:19] [Server thread/INFO] [minecraft/GameTestRunner]: Running test batch 'defaultBatch:0' (1 tests)...
[10:28:19] [Server thread/INFO] [minecraft/GameTestServer]: [ ]
[10:28:19] [Server thread/INFO] [minecraft/GameTestServer]: [ ]
[10:28:19] [Server thread/INFO] [minecraft/GameTestServer]: [ ]
[10:28:19] [Server thread/INFO] [minecraft/MinecraftServer]: Подготавливается территория: kurgan / 0. Задание f1c59c1a-69f6-4aa1-b341-f56270fde3db
[10:28:20] [Server thread/INFO] [minecraft/GameTestServer]: [_]
[10:28:20] [Server thread/INFO] [minecraft/GameTestServer]: [_]
[10:28:20] [Server thread/INFO] [minecraft/GameTestServer]: [_]
[10:28:20] [Server thread/INFO] [minecraft/GameTestServer]: [_]
[10:28:20] [Server thread/INFO] [minecraft/GameTestServer]: [_]
[10:28:20] [Server thread/INFO] [minecraft/MinecraftServer]: Загрузка территории: 1%, изменено блоков: 0
[10:28:20] [Server thread/INFO] [minecraft/GameTestServer]: [_]
[10:28:21] [Server thread/INFO] [minecraft/GameTestServer]: [_]
[10:28:21] [Server thread/INFO] [minecraft/GameTestServer]: [_]
[10:28:21] [Server thread/INFO] [minecraft/MinecraftServer]: Чанки загружены. Подготовка окончательного положения на Y=-49
[10:28:21] [Server thread/INFO] [minecraft/GameTestServer]: [_]
[10:28:22] [Server thread/INFO] [minecraft/GameTestServer]: [_]
[10:28:22] [Server thread/INFO] [minecraft/MinecraftServer]: Планирование грунта: 35%, изменено блоков: 0
[10:28:22] [Server thread/INFO] [minecraft/GameTestServer]: [_]
[10:28:22] [Server thread/INFO] [minecraft/GameTestServer]: [_]
[10:28:22] [Server thread/INFO] [minecraft/GameTestServer]: [_]
[10:28:22] [Server thread/INFO] [minecraft/GameTestServer]: [_]
[10:28:23] [Server thread/INFO] [minecraft/GameTestServer]: [_]
[10:28:23] [Server thread/INFO] [minecraft/MinecraftServer]: Проверка конечного места: 26%, изменено блоков: 0
[10:28:23] [Server thread/INFO] [minecraft/GameTestServer]: [_]
[10:28:23] [Server thread/INFO] [minecraft/GameTestServer]: [_]
[10:28:23] [Server thread/INFO] [minecraft/GameTestServer]: [_]
[10:28:24] [Server thread/INFO] [minecraft/GameTestServer]: [_]
[10:28:24] [Server thread/INFO] [minecraft/GameTestServer]: [_]
[10:28:24] [Server thread/INFO] [minecraft/MinecraftServer]: Проверка конечного места: 52%, изменено блоков: 0
[10:28:24] [Server thread/INFO] [minecraft/GameTestServer]: [_]
[10:28:24] [Server thread/INFO] [minecraft/GameTestServer]: [_]
[10:28:24] [Server thread/INFO] [minecraft/GameTestServer]: [_]
[10:28:25] [Server thread/INFO] [minecraft/GameTestServer]: [_]
[10:28:25] [Server thread/INFO] [minecraft/GameTestServer]: [_]
[10:28:25] [Server thread/INFO] [minecraft/MinecraftServer]: Подготовка грунта: 13%, изменено блоков: 2146
[10:28:25] [Server thread/INFO] [minecraft/GameTestServer]: [_]
[10:28:25] [Server thread/INFO] [minecraft/GameTestServer]: [_]
[10:28:25] [Server thread/INFO] [minecraft/GameTestServer]: [_]
[10:28:26] [Server thread/INFO] [minecraft/GameTestServer]: [_]
[10:28:26] [Server thread/INFO] [minecraft/GameTestServer]: [_]
[10:28:26] [Server thread/INFO] [minecraft/MinecraftServer]: Подготовка грунта: 45%, изменено блоков: 48882
[10:28:26] [Server thread/INFO] [minecraft/GameTestServer]: [_]
[10:28:26] [Server thread/INFO] [minecraft/GameTestServer]: [_]
[10:28:26] [Server thread/INFO] [minecraft/MinecraftServer]: Территория подготовлена. Размещается структура...
[10:28:26] [Server thread/INFO] [minecraft/GameTestServer]: [_]
[10:28:27] [Server thread/INFO] [minecraft/GameTestServer]: [_]
[10:28:27] [Server thread/INFO] [minecraft/GameTestServer]: [_]
[10:28:27] [Server thread/INFO] [minecraft/MinecraftServer]: Размещение структуры: 15%, изменено блоков: 114624
[10:28:27] [Server thread/INFO] [minecraft/GameTestServer]: [_]
[10:28:27] [Server thread/INFO] [minecraft/GameTestServer]: [_]
[10:28:28] [Server thread/INFO] [minecraft/GameTestServer]: [_]
[10:28:28] [Server thread/INFO] [minecraft/GameTestServer]: [_]
[10:28:28] [Server thread/INFO] [minecraft/GameTestServer]: [_]
[10:28:28] [Server thread/INFO] [minecraft/MinecraftServer]: Размещение структуры: 55%, изменено блоков: 114624
[10:28:28] [Server thread/INFO] [minecraft/GameTestServer]: [_]
[10:28:28] [Server thread/INFO] [minecraft/GameTestServer]: [_]
[10:28:28] [Server thread/INFO] [minecraft/GameTestServer]: [_]
[10:28:29] [Server thread/INFO] [minecraft/GameTestServer]: [_]
[10:28:29] [Server thread/INFO] [minecraft/GameTestServer]: [_]
[10:28:29] [Server thread/INFO] [minecraft/MinecraftServer]: Размещение структуры: 95%, изменено блоков: 114624
[10:28:29] [Server thread/INFO] [minecraft/MinecraftServer]: Структура создана: 2154445, -48, 11090320
MANUAL_SEQUENTIAL_COMMAND_PASS slavicmyths generate kurgan small 0 dx=0 dz=0 entrance=BlockPos{x=2154445, y=-48, z=11090320}
[10:28:30] [Server thread/INFO] [minecraft/MinecraftServer]: Подготавливается территория: kurgan / 1. Задание 6c31cb69-4e5c-4fbd-ad96-30cfab5f25c9
[10:28:30] [Server thread/INFO] [minecraft/GameTestServer]: [_]
[10:28:30] [Server thread/INFO] [minecraft/GameTestServer]: [_]
[10:28:30] [Server thread/INFO] [minecraft/GameTestServer]: [_]
[10:28:30] [Server thread/INFO] [minecraft/GameTestServer]: [_]
[10:28:31] [Server thread/INFO] [minecraft/GameTestServer]: [_]
[10:28:31] [Server thread/INFO] [minecraft/MinecraftServer]: Загрузка территории: 97%, изменено блоков: 0
[10:28:31] [Server thread/INFO] [minecraft/GameTestServer]: [_]
[10:28:31] [Server thread/INFO] [minecraft/GameTestServer]: [_]
[10:28:31] [Server thread/INFO] [minecraft/GameTestServer]: [_]
[10:28:31] [Server thread/INFO] [minecraft/GameTestServer]: [_]
[10:28:31] [Server thread/INFO] [minecraft/GameTestServer]: [_]
[10:28:31] [Server thread/INFO] [minecraft/MinecraftServer]: Загрузка территории: 51%, изменено блоков: 0
[10:28:31] [Server thread/INFO] [minecraft/GameTestServer]: [_]
[10:28:31] [Server thread/INFO] [minecraft/GameTestServer]: [_]
[10:28:32] [Server thread/INFO] [minecraft/GameTestServer]: [_]
[10:28:32] [Server thread/INFO] [minecraft/GameTestServer]: [_]
[10:28:32] [Server thread/INFO] [minecraft/GameTestServer]: [_]
[10:28:32] [Server thread/INFO] [minecraft/MinecraftServer]: Чанки загружены. Подготовка окончательного положения на Y=-32
[10:28:32] [Server thread/INFO] [minecraft/MinecraftServer]: Планирование грунта: 3%, изменено блоков: 0
[10:28:32] [Server thread/INFO] [minecraft/GameTestServer]: [_]
[10:28:32] [Server thread/INFO] [minecraft/GameTestServer]: [_]
[10:28:32] [Server thread/INFO] [minecraft/GameTestServer]: [_]
[10:28:32] [Server thread/INFO] [minecraft/GameTestServer]: [_]
[10:28:32] [Server thread/INFO] [minecraft/GameTestServer]: [_]
[10:28:32] [Server thread/INFO] [minecraft/MinecraftServer]: Планирование грунта: 32%, изменено блоков: 0
[10:28:32] [Server thread/INFO] [minecraft/GameTestServer]: [_]
[10:28:33] [Server thread/INFO] [minecraft/GameTestServer]: [_]
[10:28:33] [Server thread/INFO] [minecraft/GameTestServer]: [_]
[10:28:33] [Server thread/INFO] [minecraft/GameTestServer]: [_]
[10:28:33] [Server thread/INFO] [minecraft/GameTestServer]: [_]
[10:28:33] [Server thread/INFO] [minecraft/MinecraftServer]: Планирование грунта: 62%, изменено блоков: 0
[10:28:33] [Server thread/INFO] [minecraft/GameTestServer]: [_]
[10:28:33] [Server thread/INFO] [minecraft/GameTestServer]: [_]
[10:28:33] [Server thread/INFO] [minecraft/GameTestServer]: [_]
[10:28:33] [Server thread/INFO] [minecraft/GameTestServer]: [_]
[10:28:34] [Server thread/INFO] [minecraft/GameTestServer]: [_]
[10:28:34] [Server thread/INFO] [minecraft/MinecraftServer]: Планирование грунта: 91%, изменено блоков: 0
[10:28:34] [Server thread/INFO] [minecraft/GameTestServer]: [_]
[10:28:34] [Server thread/INFO] [minecraft/GameTestServer]: [_]
[10:28:34] [Server thread/INFO] [minecraft/MinecraftServer]: Проверяется другая площадка: 1 / 16
[10:28:34] [Server thread/INFO] [minecraft/GameTestServer]: [_]
[10:28:34] [Server thread/INFO] [minecraft/GameTestServer]: [_]
[10:28:34] [Server thread/INFO] [minecraft/GameTestServer]: [_]
[10:28:34] [Server thread/INFO] [minecraft/MinecraftServer]: Загрузка территории: 87%, изменено блоков: 0
[10:28:34] [Server thread/INFO] [minecraft/GameTestServer]: [_]
[10:28:34] [Server thread/INFO] [minecraft/GameTestServer]: [_]
[10:28:34] [Server thread/INFO] [minecraft/GameTestServer]: [_]
[10:28:34] [Server thread/INFO] [minecraft/GameTestServer]: [_]
[10:28:35] [Server thread/INFO] [minecraft/GameTestServer]: [_]
[10:28:35] [Server thread/INFO] [minecraft/MinecraftServer]: Загрузка территории: 48%, изменено блоков: 0
[10:28:35] [Server thread/INFO] [minecraft/GameTestServer]: [_]
[10:28:35] [Server thread/INFO] [minecraft/GameTestServer]: [_]
[10:28:35] [Server thread/INFO] [minecraft/GameTestServer]: [_]
[10:28:35] [Server thread/INFO] [minecraft/GameTestServer]: [_]
[10:28:35] [Server thread/INFO] [minecraft/GameTestServer]: [_]
[10:28:35] [Server thread/INFO] [minecraft/MinecraftServer]: Чанки загружены. Подготовка окончательного положения на Y=-32
[10:28:35] [Server thread/INFO] [minecraft/MinecraftServer]: Планирование грунта: 1%, изменено блоков: 0
[10:28:35] [Server thread/INFO] [minecraft/GameTestServer]: [_]
[10:28:35] [Server thread/INFO] [minecraft/GameTestServer]: [_]
[10:28:35] [Server thread/INFO] [minecraft/GameTestServer]: [_]
[10:28:35] [Server thread/INFO] [minecraft/GameTestServer]: [_]
[10:28:36] [Server thread/INFO] [minecraft/GameTestServer]: [_]
[10:28:36] [Server thread/INFO] [minecraft/MinecraftServer]: Планирование грунта: 30%, изменено блоков: 0
[10:28:36] [Server thread/INFO] [minecraft/GameTestServer]: [_]
[10:28:36] [Server thread/INFO] [minecraft/GameTestServer]: [_]
[10:28:36] [Server thread/INFO] [minecraft/GameTestServer]: [_]
[10:28:36] [Server thread/INFO] [minecraft/GameTestServer]: [_]
[10:28:36] [Server thread/INFO] [minecraft/GameTestServer]: [_]
[10:28:36] [Server thread/INFO] [minecraft/MinecraftServer]: Планирование грунта: 60%, изменено блоков: 0
[10:28:36] [Server thread/INFO] [minecraft/GameTestServer]: [_]
[10:28:36] [Server thread/INFO] [minecraft/GameTestServer]: [_]
[10:28:36] [Server thread/INFO] [minecraft/GameTestServer]: [_]
[10:28:36] [Server thread/INFO] [minecraft/GameTestServer]: [_]
[10:28:37] [Server thread/INFO] [minecraft/GameTestServer]: [_]
[10:28:37] [Server thread/INFO] [minecraft/MinecraftServer]: Планирование грунта: 89%, изменено блоков: 0
[10:28:37] [Server thread/INFO] [minecraft/GameTestServer]: [_]
[10:28:37] [Server thread/INFO] [minecraft/GameTestServer]: [_]
[10:28:37] [Server thread/INFO] [minecraft/MinecraftServer]: Проверяется другая площадка: 2 / 16
[10:28:37] [Server thread/INFO] [minecraft/GameTestServer]: [_]
[10:28:37] [Server thread/INFO] [minecraft/GameTestServer]: [_]
[10:28:37] [Server thread/INFO] [minecraft/GameTestServer]: [_]
[10:28:37] [Server thread/INFO] [minecraft/MinecraftServer]: Загрузка территории: 77%, изменено блоков: 0
[10:28:37] [Server thread/INFO] [minecraft/GameTestServer]: [_]
[10:28:37] [Server thread/INFO] [minecraft/GameTestServer]: [_]
[10:28:37] [Server thread/INFO] [minecraft/GameTestServer]: [_]
[10:28:37] [Server thread/INFO] [minecraft/GameTestServer]: [_]
[10:28:38] [Server thread/INFO] [minecraft/GameTestServer]: [_]
[10:28:38] [Server thread/INFO] [minecraft/MinecraftServer]: Загрузка территории: 43%, изменено блоков: 0
[10:28:38] [Server thread/INFO] [minecraft/GameTestServer]: [_]
[10:28:38] [Server thread/INFO] [minecraft/GameTestServer]: [_]
[10:28:38] [Server thread/INFO] [minecraft/GameTestServer]: [_]
[10:28:38] [Server thread/INFO] [minecraft/GameTestServer]: [_]
[10:28:38] [Server thread/INFO] [minecraft/GameTestServer]: [_]
[10:28:38] [Server thread/INFO] [minecraft/MinecraftServer]: Загрузка территории: 98%, изменено блоков: 0
[10:28:38] [Server thread/INFO] [minecraft/MinecraftServer]: Чанки загружены. Подготовка окончательного положения на Y=-32
[10:28:38] [Server thread/INFO] [minecraft/GameTestServer]: [_]
[10:28:38] [Server thread/INFO] [minecraft/GameTestServer]: [_]
[10:28:38] [Server thread/INFO] [minecraft/GameTestServer]: [_]
[10:28:38] [Server thread/INFO] [minecraft/GameTestServer]: [_]
[10:28:39] [Server thread/INFO] [minecraft/GameTestServer]: [_]
[10:28:39] [Server thread/INFO] [minecraft/MinecraftServer]: Планирование грунта: 28%, изменено блоков: 0
[10:28:39] [Server thread/INFO] [minecraft/GameTestServer]: [_]
[10:28:39] [Server thread/INFO] [minecraft/GameTestServer]: [_]
[10:28:39] [Server thread/INFO] [minecraft/GameTestServer]: [_]
[10:28:39] [Server thread/INFO] [minecraft/GameTestServer]: [_]
[10:28:39] [Server thread/INFO] [minecraft/GameTestServer]: [_]
[10:28:39] [Server thread/INFO] [minecraft/MinecraftServer]: Планирование грунта: 57%, изменено блоков: 0
[10:28:39] [Server thread/INFO] [minecraft/GameTestServer]: [_]
[10:28:39] [Server thread/INFO] [minecraft/GameTestServer]: [_]
[10:28:39] [Server thread/INFO] [minecraft/GameTestServer]: [_]
[10:28:40] [Server thread/INFO] [minecraft/GameTestServer]: [_]
[10:28:40] [Server thread/INFO] [minecraft/GameTestServer]: [_]
[10:28:40] [Server thread/INFO] [minecraft/MinecraftServer]: Планирование грунта: 87%, изменено блоков: 0
[10:28:40] [Server thread/INFO] [minecraft/GameTestServer]: [_]
[10:28:40] [Server thread/INFO] [minecraft/GameTestServer]: [_]
[10:28:40] [Server thread/INFO] [minecraft/MinecraftServer]: Проверяется другая площадка: 3 / 16
[10:28:40] [Server thread/INFO] [minecraft/GameTestServer]: [_]
[10:28:40] [Server thread/INFO] [minecraft/GameTestServer]: [_]
[10:28:40] [Server thread/INFO] [minecraft/GameTestServer]: [_]
[10:28:40] [Server thread/INFO] [minecraft/MinecraftServer]: Загрузка территории: 70%, изменено блоков: 0
[10:28:40] [Server thread/INFO] [minecraft/GameTestServer]: [_]
[10:28:40] [Server thread/INFO] [minecraft/GameTestServer]: [_]
[10:28:40] [Server thread/INFO] [minecraft/GameTestServer]: [_]
[10:28:41] [Server thread/INFO] [minecraft/GameTestServer]: [_]
[10:28:41] [Server thread/INFO] [minecraft/GameTestServer]: [_]
[10:28:41] [Server thread/INFO] [minecraft/MinecraftServer]: Загрузка территории: 40%, изменено блоков: 0
[10:28:41] [Server thread/INFO] [minecraft/GameTestServer]: [_]
[10:28:41] [Server thread/INFO] [minecraft/GameTestServer]: [_]
[10:28:41] [Server thread/INFO] [minecraft/GameTestServer]: [_]
[10:28:41] [Server thread/INFO] [minecraft/GameTestServer]: [_]
[10:28:41] [Server thread/INFO] [minecraft/GameTestServer]: [_]
[10:28:41] [Server thread/INFO] [minecraft/MinecraftServer]: Загрузка территории: 95%, изменено блоков: 0
[10:28:41] [Server thread/INFO] [minecraft/GameTestServer]: [_]
[10:28:41] [Server thread/INFO] [minecraft/MinecraftServer]: Чанки загружены. Подготовка окончательного положения на Y=-32
[10:28:41] [Server thread/INFO] [minecraft/GameTestServer]: [_]
[10:28:41] [Server thread/INFO] [minecraft/GameTestServer]: [_]
[10:28:42] [Server thread/INFO] [minecraft/GameTestServer]: [_]
[10:28:42] [Server thread/INFO] [minecraft/GameTestServer]: [_]
[10:28:42] [Server thread/INFO] [minecraft/MinecraftServer]: Планирование грунта: 26%, изменено блоков: 0
[10:28:42] [Server thread/INFO] [minecraft/GameTestServer]: [_]
[10:28:42] [Server thread/INFO] [minecraft/GameTestServer]: [_]
[10:28:42] [Server thread/INFO] [minecraft/GameTestServer]: [_]
[10:28:42] [Server thread/INFO] [minecraft/GameTestServer]: [_]
[10:28:42] [Server thread/INFO] [minecraft/GameTestServer]: [_]
[10:28:42] [Server thread/INFO] [minecraft/MinecraftServer]: Планирование грунта: 56%, изменено блоков: 0
[10:28:42] [Server thread/INFO] [minecraft/GameTestServer]: [_]
[10:28:42] [Server thread/INFO] [minecraft/GameTestServer]: [_]
[10:28:43] [Server thread/INFO] [minecraft/GameTestServer]: [_]
[10:28:43] [Server thread/INFO] [minecraft/GameTestServer]: [_]
[10:28:43] [Server thread/INFO] [minecraft/GameTestServer]: [_]
[10:28:43] [Server thread/INFO] [minecraft/MinecraftServer]: Планирование грунта: 85%, изменено блоков: 0
[10:28:43] [Server thread/INFO] [minecraft/GameTestServer]: [_]
[10:28:43] [Server thread/INFO] [minecraft/GameTestServer]: [_]
[10:28:43] [Server thread/INFO] [minecraft/GameTestServer]: [_]
[10:28:43] [Server thread/INFO] [minecraft/MinecraftServer]: Проверяется другая площадка: 4 / 16
[10:28:43] [Server thread/INFO] [minecraft/GameTestServer]: [_]
[10:28:43] [Server thread/INFO] [minecraft/GameTestServer]: [_]
[10:28:43] [Server thread/INFO] [minecraft/MinecraftServer]: Загрузка территории: 62%, изменено блоков: 0
[10:28:43] [Server thread/INFO] [minecraft/GameTestServer]: [_]
[10:28:43] [Server thread/INFO] [minecraft/GameTestServer]: [_]
[10:28:44] [Server thread/INFO] [minecraft/GameTestServer]: [_]
[10:28:44] [Server thread/INFO] [minecraft/GameTestServer]: [_]
[10:28:44] [Server thread/INFO] [minecraft/GameTestServer]: [_]
[10:28:44] [Server thread/INFO] [minecraft/MinecraftServer]: Загрузка территории: 37%, изменено блоков: 0
[10:28:44] [Server thread/INFO] [minecraft/GameTestServer]: [_]
[10:28:44] [Server thread/INFO] [minecraft/GameTestServer]: [_]
[10:28:44] [Server thread/INFO] [minecraft/GameTestServer]: [_]
[10:28:44] [Server thread/INFO] [minecraft/GameTestServer]: [_]
[10:28:44] [Server thread/INFO] [minecraft/GameTestServer]: [_]
[10:28:44] [Server thread/INFO] [minecraft/MinecraftServer]: Загрузка территории: 92%, изменено блоков: 0
[10:28:44] [Server thread/INFO] [minecraft/GameTestServer]: [_]
[10:28:44] [Server thread/INFO] [minecraft/MinecraftServer]: Чанки загружены. Подготовка окончательного положения на Y=-32
[10:28:44] [Server thread/INFO] [minecraft/GameTestServer]: [_]
[10:28:45] [Server thread/INFO] [minecraft/GameTestServer]: [_]
[10:28:45] [Server thread/INFO] [minecraft/GameTestServer]: [_]
[10:28:45] [Server thread/INFO] [minecraft/GameTestServer]: [_]
[10:28:45] [Server thread/INFO] [minecraft/MinecraftServer]: Планирование грунта: 24%, изменено блоков: 0
[10:28:45] [Server thread/INFO] [minecraft/GameTestServer]: [_]
[10:28:45] [Server thread/INFO] [minecraft/GameTestServer]: [_]
[10:28:45] [Server thread/INFO] [minecraft/GameTestServer]: [_]
[10:28:45] [Server thread/INFO] [minecraft/GameTestServer]: [_]
[10:28:45] [Server thread/INFO] [minecraft/GameTestServer]: [_]
[10:28:45] [Server thread/INFO] [minecraft/MinecraftServer]: Планирование грунта: 54%, изменено блоков: 0
[10:28:45] [Server thread/INFO] [minecraft/GameTestServer]: [_]
[10:28:46] [Server thread/INFO] [minecraft/GameTestServer]: [_]
[10:28:46] [Server thread/INFO] [minecraft/GameTestServer]: [_]
[10:28:46] [Server thread/INFO] [minecraft/GameTestServer]: [_]
[10:28:46] [Server thread/INFO] [minecraft/GameTestServer]: [_]
[10:28:46] [Server thread/INFO] [minecraft/MinecraftServer]: Планирование грунта: 83%, изменено блоков: 0
[10:28:46] [Server thread/INFO] [minecraft/GameTestServer]: [_]
[10:28:46] [Server thread/INFO] [minecraft/GameTestServer]: [_]
[10:28:46] [Server thread/INFO] [minecraft/GameTestServer]: [_]
[10:28:46] [Server thread/INFO] [minecraft/MinecraftServer]: Проверяется другая площадка: 5 / 16
[10:28:46] [Server thread/INFO] [minecraft/GameTestServer]: [_]
[10:28:46] [Server thread/INFO] [minecraft/GameTestServer]: [_]
[10:28:47] [Server thread/INFO] [minecraft/MinecraftServer]: Загрузка территории: 55%, изменено блоков: 0
[10:28:47] [Server thread/INFO] [minecraft/GameTestServer]: [_]
[10:28:47] [Server thread/INFO] [minecraft/GameTestServer]: [_]
[10:28:47] [Server thread/INFO] [minecraft/GameTestServer]: [_]
[10:28:47] [Server thread/INFO] [minecraft/GameTestServer]: [_]
[10:28:47] [Server thread/INFO] [minecraft/GameTestServer]: [_]
[10:28:47] [Server thread/INFO] [minecraft/MinecraftServer]: Загрузка территории: 34%, изменено блоков: 0
[10:28:47] [Server thread/INFO] [minecraft/GameTestServer]: [_]
[10:28:47] [Server thread/INFO] [minecraft/GameTestServer]: [_]
[10:28:47] [Server thread/INFO] [minecraft/GameTestServer]: [_]
[10:28:48] [Server thread/INFO] [minecraft/GameTestServer]: [_]
[10:28:48] [Server thread/INFO] [minecraft/GameTestServer]: [_]
[10:28:48] [Server thread/INFO] [minecraft/MinecraftServer]: Загрузка территории: 89%, изменено блоков: 0
[10:28:48] [Server thread/INFO] [minecraft/GameTestServer]: [_]
[10:28:48] [Server thread/INFO] [minecraft/MinecraftServer]: Чанки загружены. Подготовка окончательного положения на Y=-32
[10:28:48] [Server thread/INFO] [minecraft/GameTestServer]: [_]
[10:28:48] [Server thread/INFO] [minecraft/GameTestServer]: [_]
[10:28:48] [Server thread/INFO] [minecraft/GameTestServer]: [_]
[10:28:48] [Server thread/INFO] [minecraft/GameTestServer]: [_]
[10:28:48] [Server thread/INFO] [minecraft/MinecraftServer]: Планирование грунта: 23%, изменено блоков: 0
[10:28:48] [Server thread/INFO] [minecraft/GameTestServer]: [_]
[10:28:49] [Server thread/INFO] [minecraft/GameTestServer]: [_]
[10:28:49] [Server thread/INFO] [minecraft/GameTestServer]: [_]
[10:28:49] [Server thread/INFO] [minecraft/GameTestServer]: [_]
[10:28:49] [Server thread/INFO] [minecraft/GameTestServer]: [_]
[10:28:49] [Server thread/INFO] [minecraft/MinecraftServer]: Планирование грунта: 52%, изменено блоков: 0
[10:28:49] [Server thread/INFO] [minecraft/GameTestServer]: [_]
[10:28:49] [Server thread/INFO] [minecraft/GameTestServer]: [_]
[10:28:49] [Server thread/INFO] [minecraft/GameTestServer]: [_]
[10:28:49] [Server thread/INFO] [minecraft/GameTestServer]: [_]
[10:28:50] [Server thread/INFO] [minecraft/GameTestServer]: [_]
[10:28:50] [Server thread/INFO] [minecraft/MinecraftServer]: Планирование грунта: 82%, изменено блоков: 0
[10:28:50] [Server thread/INFO] [minecraft/GameTestServer]: [_]
[10:28:50] [Server thread/INFO] [minecraft/GameTestServer]: [_]
[10:28:50] [Server thread/INFO] [minecraft/GameTestServer]: [_]
[10:28:50] [Server thread/INFO] [minecraft/GameTestServer]: [_]
[10:28:50] [Server thread/INFO] [minecraft/GameTestServer]: [_]
[10:28:50] [Server thread/INFO] [minecraft/MinecraftServer]: Проверка конечного места: 20%, изменено блоков: 0
[10:28:50] [Server thread/INFO] [minecraft/GameTestServer]: [_]
[10:28:51] [Server thread/INFO] [minecraft/GameTestServer]: [_]
[10:28:51] [Server thread/INFO] [minecraft/GameTestServer]: [_]
[10:28:51] [Server thread/INFO] [minecraft/GameTestServer]: [_]
[10:28:51] [Server thread/INFO] [minecraft/GameTestServer]: [_]
[10:28:51] [Server thread/INFO] [minecraft/MinecraftServer]: Проверка конечного места: 22%, изменено блоков: 0
[10:28:51] [Server thread/INFO] [minecraft/GameTestServer]: [_]
[10:28:51] [Server thread/INFO] [minecraft/GameTestServer]: [_]
[10:28:51] [Server thread/INFO] [minecraft/GameTestServer]: [_]
[10:28:52] [Server thread/INFO] [minecraft/GameTestServer]: [_]
[10:28:52] [Server thread/INFO] [minecraft/GameTestServer]: [_]
[10:28:52] [Server thread/INFO] [minecraft/MinecraftServer]: Проверка конечного места: 24%, изменено блоков: 0
[10:28:52] [Server thread/INFO] [minecraft/GameTestServer]: [_]
[10:28:52] [Server thread/INFO] [minecraft/GameTestServer]: [_]
[10:28:52] [Server thread/INFO] [minecraft/GameTestServer]: [_]
[10:28:52] [Server thread/INFO] [minecraft/GameTestServer]: [_]
[10:28:53] [Server thread/INFO] [minecraft/GameTestServer]: [_]
[10:28:53] [Server thread/INFO] [minecraft/MinecraftServer]: Проверка конечного места: 26%, изменено блоков: 0
[10:28:53] [Server thread/INFO] [minecraft/GameTestServer]: [_]
[10:28:53] [Server thread/INFO] [minecraft/GameTestServer]: [_]
[10:28:53] [Server thread/INFO] [minecraft/GameTestServer]: [_]
[10:28:53] [Server thread/INFO] [minecraft/GameTestServer]: [_]
[10:28:53] [Server thread/INFO] [minecraft/GameTestServer]: [_]
[10:28:54] [Server thread/INFO] [minecraft/MinecraftServer]: Проверка конечного места: 29%, изменено блоков: 0
[10:28:54] [Server thread/INFO] [minecraft/GameTestServer]: [_]
[10:28:54] [Server thread/INFO] [minecraft/GameTestServer]: [_]
[10:28:54] [Server thread/INFO] [minecraft/GameTestServer]: [_]
[10:28:54] [Server thread/INFO] [minecraft/GameTestServer]: [_]
[10:28:54] [Server thread/INFO] [minecraft/GameTestServer]: [_]
[10:28:54] [Server thread/INFO] [minecraft/MinecraftServer]: Проверка конечного места: 31%, изменено блоков: 0
[10:28:54] [Server thread/INFO] [minecraft/GameTestServer]: [_]
[10:28:54] [Server thread/INFO] [minecraft/GameTestServer]: [_]
[10:28:55] [Server thread/INFO] [minecraft/GameTestServer]: [_]
[10:28:55] [Server thread/INFO] [minecraft/GameTestServer]: [_]
[10:28:55] [Server thread/INFO] [minecraft/GameTestServer]: [_]
[10:28:55] [Server thread/INFO] [minecraft/MinecraftServer]: Проверка конечного места: 33%, изменено блоков: 0
[10:28:55] [Server thread/INFO] [minecraft/GameTestServer]: [_]
[10:28:55] [Server thread/INFO] [minecraft/GameTestServer]: [_]
[10:28:55] [Server thread/INFO] [minecraft/GameTestServer]: [_]
[10:28:56] [Server thread/INFO] [minecraft/GameTestServer]: [_]
[10:28:56] [Server thread/INFO] [minecraft/GameTestServer]: [_]
[10:28:56] [Server thread/INFO] [minecraft/MinecraftServer]: Проверка конечного места: 35%, изменено блоков: 0
[10:28:56] [Server thread/INFO] [minecraft/GameTestServer]: [_]
[10:28:56] [Server thread/INFO] [minecraft/GameTestServer]: [_]
[10:28:56] [Server thread/INFO] [minecraft/GameTestServer]: [_]
[10:28:56] [Server thread/INFO] [minecraft/GameTestServer]: [_]
[10:28:57] [Server thread/INFO] [minecraft/GameTestServer]: [_]
[10:28:57] [Server thread/INFO] [minecraft/MinecraftServer]: Проверка конечного места: 37%, изменено блоков: 0
[10:28:57] [Server thread/INFO] [minecraft/GameTestServer]: [_]
[10:28:57] [Server thread/INFO] [minecraft/GameTestServer]: [_]
[10:28:57] [Server thread/INFO] [minecraft/GameTestServer]: [_]
[10:28:57] [Server thread/INFO] [minecraft/GameTestServer]: [_]
[10:28:57] [Server thread/INFO] [minecraft/GameTestServer]: [_]
[10:28:57] [Server thread/INFO] [minecraft/MinecraftServer]: Проверка конечного места: 39%, изменено блоков: 0
[10:28:57] [Server thread/INFO] [minecraft/GameTestServer]: [_]
[10:28:58] [Server thread/INFO] [minecraft/GameTestServer]: [_]
[10:28:58] [Server thread/INFO] [minecraft/GameTestServer]: [_]
[10:28:58] [Server thread/INFO] [minecraft/GameTestServer]: [_]
[10:28:58] [Server thread/INFO] [minecraft/GameTestServer]: [_]
[10:28:58] [Server thread/INFO] [minecraft/MinecraftServer]: Проверка конечного места: 41%, изменено блоков: 0
[10:28:58] [Server thread/INFO] [minecraft/GameTestServer]: [_]
[10:28:58] [Server thread/INFO] [minecraft/GameTestServer]: [_]
[10:28:59] [Server thread/INFO] [minecraft/GameTestServer]: [_]
[10:28:59] [Server thread/INFO] [minecraft/GameTestServer]: [_]
[10:28:59] [Server thread/INFO] [minecraft/GameTestServer]: [_]
[10:28:59] [Server thread/INFO] [minecraft/MinecraftServer]: Проверка конечного места: 43%, изменено блоков: 0
[10:28:59] [Server thread/INFO] [minecraft/GameTestServer]: [_]
[10:28:59] [Server thread/INFO] [minecraft/GameTestServer]: [_]
[10:28:59] [Server thread/INFO] [minecraft/GameTestServer]: [_]
[10:29:00] [Server thread/INFO] [minecraft/GameTestServer]: [_]
[10:29:00] [Server thread/INFO] [minecraft/GameTestServer]: [_]
[10:29:00] [Server thread/INFO] [minecraft/MinecraftServer]: Проверка конечного места: 45%, изменено блоков: 0
[10:29:00] [Server thread/INFO] [minecraft/GameTestServer]: [_]
[10:29:00] [Server thread/INFO] [minecraft/GameTestServer]: [_]
[10:29:00] [Server thread/INFO] [minecraft/GameTestServer]: [_]
[10:29:00] [Server thread/INFO] [minecraft/GameTestServer]: [_]
[10:29:00] [Server thread/INFO] [minecraft/GameTestServer]: [_]
[10:29:01] [Server thread/INFO] [minecraft/MinecraftServer]: Проверка конечного места: 47%, изменено блоков: 0
[10:29:01] [Server thread/INFO] [minecraft/GameTestServer]: [_]
[10:29:01] [Server thread/INFO] [minecraft/GameTestServer]: [_]
[10:29:01] [Server thread/INFO] [minecraft/GameTestServer]: [_]
[10:29:01] [Server thread/INFO] [minecraft/GameTestServer]: [_]
[10:29:01] [Server thread/INFO] [minecraft/GameTestServer]: [_]
[10:29:01] [Server thread/INFO] [minecraft/MinecraftServer]: Проверка конечного места: 49%, изменено блоков: 0
[10:29:01] [Server thread/INFO] [minecraft/GameTestServer]: [_]
[10:29:02] [Server thread/INFO] [minecraft/GameTestServer]: [_]
[10:29:02] [Server thread/INFO] [minecraft/GameTestServer]: [_]
[10:29:02] [Server thread/INFO] [minecraft/GameTestServer]: [_]
[10:29:02] [Server thread/INFO] [minecraft/GameTestServer]: [_]
[10:29:02] [Server thread/INFO] [minecraft/MinecraftServer]: Проверка конечного места: 51%, изменено блоков: 0
[10:29:02] [Server thread/INFO] [minecraft/GameTestServer]: [_]
[10:29:02] [Server thread/INFO] [minecraft/GameTestServer]: [_]
[10:29:03] [Server thread/INFO] [minecraft/GameTestServer]: [_]
[10:29:03] [Server thread/INFO] [minecraft/GameTestServer]: [_]
[10:29:03] [Server thread/INFO] [minecraft/GameTestServer]: [_]
[10:29:03] [Server thread/INFO] [minecraft/MinecraftServer]: Проверка конечного места: 54%, изменено блоков: 0
[10:29:03] [Server thread/INFO] [minecraft/GameTestServer]: [_]
[10:29:03] [Server thread/INFO] [minecraft/GameTestServer]: [_]
[10:29:03] [Server thread/INFO] [minecraft/GameTestServer]: [_]
[10:29:04] [Server thread/INFO] [minecraft/GameTestServer]: [_]
[10:29:04] [Server thread/INFO] [minecraft/GameTestServer]: [_]
[10:29:04] [Server thread/INFO] [minecraft/MinecraftServer]: Проверка конечного места: 56%, изменено блоков: 0
[10:29:04] [Server thread/INFO] [minecraft/GameTestServer]: [_]
[10:29:04] [Server thread/INFO] [minecraft/GameTestServer]: [_]
[10:29:04] [Server thread/INFO] [minecraft/GameTestServer]: [_]
[10:29:04] [Server thread/INFO] [minecraft/GameTestServer]: [_]
[10:29:04] [Server thread/INFO] [minecraft/GameTestServer]: [_]
[10:29:05] [Server thread/INFO] [minecraft/MinecraftServer]: Проверка конечного места: 58%, изменено блоков: 0
[10:29:05] [Server thread/INFO] [minecraft/GameTestServer]: [_]
[10:29:05] [Server thread/INFO] [minecraft/GameTestServer]: [_]
[10:29:05] [Server thread/INFO] [minecraft/GameTestServer]: [_]
[10:29:05] [Server thread/INFO] [minecraft/GameTestServer]: [_]
[10:29:05] [Server thread/INFO] [minecraft/GameTestServer]: [_]
[10:29:05] [Server thread/INFO] [minecraft/MinecraftServer]: Проверка конечного места: 60%, изменено блоков: 0
[10:29:05] [Server thread/INFO] [minecraft/GameTestServer]: [_]
[10:29:06] [Server thread/INFO] [minecraft/GameTestServer]: [_]
[10:29:06] [Server thread/INFO] [minecraft/GameTestServer]: [_]
[10:29:06] [Server thread/INFO] [minecraft/GameTestServer]: [_]
[10:29:06] [Server thread/INFO] [minecraft/GameTestServer]: [_]
[10:29:06] [Server thread/INFO] [minecraft/MinecraftServer]: Проверка конечного места: 62%, изменено блоков: 0
[10:29:06] [Server thread/INFO] [minecraft/GameTestServer]: [_]
[10:29:06] [Server thread/INFO] [minecraft/GameTestServer]: [_]
[10:29:07] [Server thread/INFO] [minecraft/GameTestServer]: [_]
[10:29:07] [Server thread/INFO] [minecraft/GameTestServer]: [_]
[10:29:07] [Server thread/INFO] [minecraft/GameTestServer]: [_]
[10:29:07] [Server thread/INFO] [minecraft/MinecraftServer]: Проверка конечного места: 64%, изменено блоков: 0
[10:29:07] [Server thread/INFO] [minecraft/GameTestServer]: [_]
[10:29:07] [Server thread/INFO] [minecraft/GameTestServer]: [_]
[10:29:07] [Server thread/INFO] [minecraft/GameTestServer]: [_]
[10:29:07] [Server thread/INFO] [minecraft/GameTestServer]: [_]
[10:29:08] [Server thread/INFO] [minecraft/GameTestServer]: [_]
[10:29:08] [Server thread/INFO] [minecraft/MinecraftServer]: Проверка конечного места: 66%, изменено блоков: 0
[10:29:08] [Server thread/INFO] [minecraft/GameTestServer]: [_]
[10:29:08] [Server thread/INFO] [minecraft/GameTestServer]: [_]
[10:29:08] [Server thread/INFO] [minecraft/GameTestServer]: [_]
[10:29:08] [Server thread/INFO] [minecraft/GameTestServer]: [_]
[10:29:08] [Server thread/INFO] [minecraft/GameTestServer]: [_]
[10:29:09] [Server thread/INFO] [minecraft/MinecraftServer]: Проверка конечного места: 68%, изменено блоков: 0
[10:29:09] [Server thread/INFO] [minecraft/GameTestServer]: [_]
[10:29:09] [Server thread/INFO] [minecraft/GameTestServer]: [_]
[10:29:09] [Server thread/INFO] [minecraft/GameTestServer]: [_]
[10:29:09] [Server thread/INFO] [minecraft/GameTestServer]: [_]
[10:29:09] [Server thread/INFO] [minecraft/GameTestServer]: [_]
[10:29:09] [Server thread/INFO] [minecraft/MinecraftServer]: Проверка конечного места: 70%, изменено блоков: 0
[10:29:09] [Server thread/INFO] [minecraft/GameTestServer]: [_]
[10:29:10] [Server thread/INFO] [minecraft/GameTestServer]: [_]
[10:29:10] [Server thread/INFO] [minecraft/GameTestServer]: [_]
[10:29:10] [Server thread/INFO] [minecraft/GameTestServer]: [_]
[10:29:10] [Server thread/INFO] [minecraft/GameTestServer]: [_]
[10:29:10] [Server thread/INFO] [minecraft/MinecraftServer]: Проверка конечного места: 72%, изменено блоков: 0
[10:29:10] [Server thread/INFO] [minecraft/GameTestServer]: [_]
[10:29:10] [Server thread/INFO] [minecraft/GameTestServer]: [_]
[10:29:10] [Server thread/INFO] [minecraft/GameTestServer]: [_]
[10:29:11] [Server thread/INFO] [minecraft/GameTestServer]: [_]
[10:29:11] [Server thread/INFO] [minecraft/GameTestServer]: [_]
[10:29:11] [Server thread/INFO] [minecraft/MinecraftServer]: Проверка конечного места: 74%, изменено блоков: 0
[10:29:11] [Server thread/INFO] [minecraft/GameTestServer]: [_]
[10:29:11] [Server thread/INFO] [minecraft/GameTestServer]: [_]
[10:29:11] [Server thread/INFO] [minecraft/GameTestServer]: [_]
[10:29:11] [Server thread/INFO] [minecraft/GameTestServer]: [_]
[10:29:12] [Server thread/INFO] [minecraft/GameTestServer]: [_]
[10:29:12] [Server thread/INFO] [minecraft/MinecraftServer]: Проверка конечного места: 76%, изменено блоков: 0
[10:29:12] [Server thread/INFO] [minecraft/GameTestServer]: [_]
[10:29:12] [Server thread/INFO] [minecraft/GameTestServer]: [_]
[10:29:12] [Server thread/INFO] [minecraft/GameTestServer]: [_]
[10:29:12] [Server thread/INFO] [minecraft/GameTestServer]: [_]
[10:29:12] [Server thread/INFO] [minecraft/GameTestServer]: [_]
[10:29:12] [Server thread/INFO] [minecraft/MinecraftServer]: Проверка конечного места: 78%, изменено блоков: 0
[10:29:12] [Server thread/INFO] [minecraft/GameTestServer]: [_]
[10:29:13] [Server thread/INFO] [minecraft/GameTestServer]: [_]
[10:29:13] [Server thread/INFO] [minecraft/GameTestServer]: [_]
[10:29:13] [Server thread/INFO] [minecraft/GameTestServer]: [_]
[10:29:13] [Server thread/INFO] [minecraft/GameTestServer]: [_]
[10:29:13] [Server thread/INFO] [minecraft/MinecraftServer]: Подготовка грунта: 17%, изменено блоков: 71986
[10:29:13] [Server thread/INFO] [minecraft/GameTestServer]: [_]
[10:29:13] [Server thread/INFO] [minecraft/GameTestServer]: [_]
[10:29:13] [Server thread/INFO] [minecraft/GameTestServer]: [_]
[10:29:14] [Server thread/INFO] [minecraft/GameTestServer]: [_]
[10:29:14] [Server thread/INFO] [minecraft/GameTestServer]: [_]
[10:29:14] [Server thread/INFO] [minecraft/MinecraftServer]: Подготовка грунта: 34%, изменено блоков: 254933
[10:29:14] [Server thread/INFO] [minecraft/GameTestServer]: [_]
[10:29:14] [Server thread/INFO] [minecraft/GameTestServer]: [_]
[10:29:14] [Server thread/INFO] [minecraft/GameTestServer]: [_]
[10:29:14] [Server thread/INFO] [minecraft/GameTestServer]: [_]
[10:29:14] [Server thread/INFO] [minecraft/GameTestServer]: [_]
[10:29:14] [Server thread/INFO] [minecraft/MinecraftServer]: Подготовка грунта: 50%, изменено блоков: 435929
[10:29:15] [Server thread/INFO] [minecraft/GameTestServer]: [_]
[10:29:15] [Server thread/INFO] [minecraft/GameTestServer]: [_]
[10:29:15] [Server thread/INFO] [minecraft/GameTestServer]: [_]
[10:29:15] [Server thread/INFO] [minecraft/GameTestServer]: [_]
[10:29:15] [Server thread/INFO] [minecraft/GameTestServer]: [_]
[10:29:15] [Server thread/INFO] [minecraft/MinecraftServer]: Подготовка грунта: 66%, изменено блоков: 610561
[10:29:15] [Server thread/INFO] [minecraft/GameTestServer]: [_]
[10:29:15] [Server thread/INFO] [minecraft/GameTestServer]: [_]
[10:29:15] [Server thread/INFO] [minecraft/GameTestServer]: [_]
[10:29:16] [Server thread/INFO] [minecraft/GameTestServer]: [_]
[10:29:16] [Server thread/INFO] [minecraft/GameTestServer]: [_]
[10:29:16] [Server thread/INFO] [minecraft/MinecraftServer]: Подготовка грунта: 82%, изменено блоков: 785547
[10:29:16] [Server thread/INFO] [minecraft/GameTestServer]: [_]
[10:29:16] [Server thread/INFO] [minecraft/GameTestServer]: [_]
[10:29:16] [Server thread/INFO] [minecraft/MinecraftServer]: Территория подготовлена. Размещается структура...
[10:29:16] [Server thread/INFO] [minecraft/GameTestServer]: [_]
[10:29:16] [Server thread/INFO] [minecraft/GameTestServer]: [_]
[10:29:17] [Server thread/INFO] [minecraft/GameTestServer]: [_]
[10:29:17] [Server thread/INFO] [minecraft/MinecraftServer]: Размещение структуры: 5%, изменено блоков: 856258
[10:29:17] [Server thread/INFO] [minecraft/GameTestServer]: [_]
[10:29:17] [Server thread/INFO] [minecraft/GameTestServer]: [_]
[10:29:17] [Server thread/INFO] [minecraft/GameTestServer]: [_]
[10:29:17] [Server thread/INFO] [minecraft/GameTestServer]: [_]
[10:29:17] [Server thread/INFO] [minecraft/GameTestServer]: [_]
[10:29:17] [Server thread/INFO] [minecraft/MinecraftServer]: Размещение структуры: 14%, изменено блоков: 856258
[10:29:17] [Server thread/INFO] [minecraft/GameTestServer]: [_]
[10:29:18] [Server thread/INFO] [minecraft/GameTestServer]: [_]
[10:29:18] [Server thread/INFO] [minecraft/GameTestServer]: [_]
[10:29:18] [Server thread/INFO] [minecraft/GameTestServer]: [_]
[10:29:18] [Server thread/INFO] [minecraft/GameTestServer]: [_]
[10:29:18] [Server thread/INFO] [minecraft/MinecraftServer]: Размещение структуры: 23%, изменено блоков: 856258
[10:29:18] [Server thread/INFO] [minecraft/GameTestServer]: [_]
[10:29:18] [Server thread/INFO] [minecraft/GameTestServer]: [_]
[10:29:18] [Server thread/INFO] [minecraft/GameTestServer]: [_]
[10:29:19] [Server thread/INFO] [minecraft/GameTestServer]: [_]
[10:29:19] [Server thread/INFO] [minecraft/GameTestServer]: [_]
[10:29:19] [Server thread/INFO] [minecraft/MinecraftServer]: Размещение структуры: 32%, изменено блоков: 856258
[10:29:19] [Server thread/INFO] [minecraft/GameTestServer]: [_]
[10:29:19] [Server thread/INFO] [minecraft/GameTestServer]: [_]
[10:29:19] [Server thread/INFO] [minecraft/GameTestServer]: [_]
[10:29:19] [Server thread/INFO] [minecraft/GameTestServer]: [_]
[10:29:19] [Server thread/INFO] [minecraft/GameTestServer]: [_]
[10:29:20] [Server thread/INFO] [minecraft/MinecraftServer]: Размещение структуры: 41%, изменено блоков: 856258
[10:29:20] [Server thread/INFO] [minecraft/GameTestServer]: [_]
[10:29:20] [Server thread/INFO] [minecraft/GameTestServer]: [_]
[10:29:20] [Server thread/INFO] [minecraft/GameTestServer]: [_]
[10:29:20] [Server thread/INFO] [minecraft/GameTestServer]: [_]
[10:29:20] [Server thread/INFO] [minecraft/GameTestServer]: [_]
[10:29:20] [Server thread/INFO] [minecraft/MinecraftServer]: Размещение структуры: 51%, изменено блоков: 856258
[10:29:20] [Server thread/INFO] [minecraft/GameTestServer]: [_]
[10:29:21] [Server thread/INFO] [minecraft/GameTestServer]: [_]
[10:29:21] [Server thread/INFO] [minecraft/GameTestServer]: [_]
[10:29:21] [Server thread/INFO] [minecraft/GameTestServer]: [_]
[10:29:21] [Server thread/INFO] [minecraft/GameTestServer]: [_]
[10:29:21] [Server thread/INFO] [minecraft/MinecraftServer]: Размещение структуры: 60%, изменено блоков: 856258
[10:29:21] [Server thread/INFO] [minecraft/GameTestServer]: [_]
[10:29:21] [Server thread/INFO] [minecraft/GameTestServer]: [_]
[10:29:21] [Server thread/INFO] [minecraft/GameTestServer]: [_]
[10:29:22] [Server thread/INFO] [minecraft/GameTestServer]: [_]
[10:29:22] [Server thread/INFO] [minecraft/GameTestServer]: [_]
[10:29:22] [Server thread/INFO] [minecraft/MinecraftServer]: Размещение структуры: 69%, изменено блоков: 856258
[10:29:22] [Server thread/INFO] [minecraft/GameTestServer]: [_]
[10:29:22] [Server thread/INFO] [minecraft/GameTestServer]: [_]
[10:29:22] [Server thread/INFO] [minecraft/GameTestServer]: [_]
[10:29:22] [Server thread/INFO] [minecraft/GameTestServer]: [_]
[10:29:22] [Server thread/INFO] [minecraft/GameTestServer]: [_]
[10:29:23] [Server thread/INFO] [minecraft/MinecraftServer]: Размещение структуры: 78%, изменено блоков: 856258
[10:29:23] [Server thread/INFO] [minecraft/GameTestServer]: [_]
[10:29:23] [Server thread/INFO] [minecraft/GameTestServer]: [_]
[10:29:23] [Server thread/INFO] [minecraft/GameTestServer]: [_]
[10:29:23] [Server thread/INFO] [minecraft/GameTestServer]: [_]
[10:29:23] [Server thread/INFO] [minecraft/GameTestServer]: [_]
[10:29:23] [Server thread/INFO] [minecraft/MinecraftServer]: Размещение структуры: 87%, изменено блоков: 856258
[10:29:23] [Server thread/INFO] [minecraft/GameTestServer]: [_]
[10:29:23] [Server thread/INFO] [minecraft/GameTestServer]: [_]
[10:29:24] [Server thread/INFO] [minecraft/GameTestServer]: [_]
[10:29:24] [Server thread/INFO] [minecraft/GameTestServer]: [_]
[10:29:24] [Server thread/INFO] [minecraft/GameTestServer]: [_]
[10:29:24] [Server thread/INFO] [minecraft/MinecraftServer]: Размещение структуры: 96%, изменено блоков: 856258
[10:29:24] [Server thread/INFO] [minecraft/GameTestServer]: [_]
[10:29:24] [Server thread/INFO] [minecraft/GameTestServer]: [_]
[10:29:24] [Server thread/INFO] [minecraft/MinecraftServer]: Структура создана: 2154573, -31, 11090320
MANUAL_SEQUENTIAL_COMMAND_PASS slavicmyths generate kurgan warrior 0 dx=128 dz=0 entrance=BlockPos{x=2154573, y=-31, z=11090320}
[10:29:25] [Server thread/INFO] [minecraft/MinecraftServer]: Подготавливается территория: kurgan / 2. Задание 67c7f2c2-1434-4fd5-833a-6a139028ba1b
[10:29:25] [Server thread/INFO] [minecraft/GameTestServer]: [_]
[10:29:25] [Server thread/INFO] [minecraft/GameTestServer]: [_]
[10:29:25] [Server thread/INFO] [minecraft/GameTestServer]: [_]
[10:29:25] [Server thread/INFO] [minecraft/GameTestServer]: [_]
[10:29:25] [Server thread/INFO] [minecraft/GameTestServer]: [_]
[10:29:25] [Server thread/INFO] [minecraft/MinecraftServer]: Загрузка территории: 97%, изменено блоков: 0
[10:29:25] [Server thread/INFO] [minecraft/GameTestServer]: [_]
[10:29:26] [Server thread/INFO] [minecraft/GameTestServer]: [_]
[10:29:26] [Server thread/INFO] [minecraft/GameTestServer]: [_]
[10:29:26] [Server thread/INFO] [minecraft/GameTestServer]: [_]
[10:29:26] [Server thread/INFO] [minecraft/GameTestServer]: [_]
[10:29:26] [Server thread/INFO] [minecraft/MinecraftServer]: Загрузка территории: 27%, изменено блоков: 0
[10:29:26] [Server thread/INFO] [minecraft/GameTestServer]: [_]
[10:29:26] [Server thread/INFO] [minecraft/GameTestServer]: [_]
[10:29:26] [Server thread/INFO] [minecraft/GameTestServer]: [_]
[10:29:26] [Server thread/INFO] [minecraft/GameTestServer]: [_]
[10:29:26] [Server thread/INFO] [minecraft/GameTestServer]: [_]
[10:29:26] [Server thread/INFO] [minecraft/MinecraftServer]: Загрузка территории: 58%, изменено блоков: 0
[10:29:26] [Server thread/INFO] [minecraft/GameTestServer]: [_]
[10:29:27] [Server thread/INFO] [minecraft/GameTestServer]: [_]
[10:29:27] [Server thread/INFO] [minecraft/GameTestServer]: [_]
[10:29:27] [Server thread/INFO] [minecraft/GameTestServer]: [_]
[10:29:27] [Server thread/INFO] [minecraft/GameTestServer]: [_]
[10:29:27] [Server thread/INFO] [minecraft/MinecraftServer]: Загрузка территории: 89%, изменено блоков: 0
[10:29:27] [Server thread/INFO] [minecraft/GameTestServer]: [_]
[10:29:27] [Server thread/INFO] [minecraft/GameTestServer]: [_]
[10:29:28] [Server thread/INFO] [minecraft/GameTestServer]: [_]
[10:29:28] [Server thread/INFO] [minecraft/MinecraftServer]: Чанки загружены. Подготовка окончательного положения на Y=0
[10:29:28] [Server thread/INFO] [minecraft/GameTestServer]: [_]
[10:29:28] [Server thread/INFO] [minecraft/GameTestServer]: [_]
[10:29:28] [Server thread/INFO] [minecraft/MinecraftServer]: Планирование грунта: 8%, изменено блоков: 0
[10:29:28] [Server thread/INFO] [minecraft/GameTestServer]: [_]
[10:29:28] [Server thread/INFO] [minecraft/GameTestServer]: [_]
[10:29:28] [Server thread/INFO] [minecraft/GameTestServer]: [_]
[10:29:28] [Server thread/INFO] [minecraft/GameTestServer]: [_]
[10:29:28] [Server thread/INFO] [minecraft/GameTestServer]: [_]
[10:29:28] [Server thread/INFO] [minecraft/MinecraftServer]: Планирование грунта: 25%, изменено блоков: 0
[10:29:29] [Server thread/INFO] [minecraft/GameTestServer]: [_]
[10:29:29] [Server thread/INFO] [minecraft/GameTestServer]: [_]
[10:29:29] [Server thread/INFO] [minecraft/GameTestServer]: [_]
[10:29:29] [Server thread/INFO] [minecraft/GameTestServer]: [_]
[10:29:29] [Server thread/INFO] [minecraft/GameTestServer]: [_]
[10:29:29] [Server thread/INFO] [minecraft/MinecraftServer]: Планирование грунта: 42%, изменено блоков: 0
[10:29:29] [Server thread/INFO] [minecraft/GameTestServer]: [_]
[10:29:29] [Server thread/INFO] [minecraft/GameTestServer]: [_]
[10:29:29] [Server thread/INFO] [minecraft/GameTestServer]: [_]
[10:29:29] [Server thread/INFO] [minecraft/GameTestServer]: [_]
[10:29:30] [Server thread/INFO] [minecraft/GameTestServer]: [_]
[10:29:30] [Server thread/INFO] [minecraft/MinecraftServer]: Планирование грунта: 59%, изменено блоков: 0
[10:29:30] [Server thread/INFO] [minecraft/GameTestServer]: [_]
[10:29:30] [Server thread/INFO] [minecraft/GameTestServer]: [_]
[10:29:30] [Server thread/INFO] [minecraft/GameTestServer]: [_]
[10:29:30] [Server thread/INFO] [minecraft/GameTestServer]: [_]
[10:29:30] [Server thread/INFO] [minecraft/GameTestServer]: [_]
[10:29:30] [Server thread/INFO] [minecraft/MinecraftServer]: Планирование грунта: 76%, изменено блоков: 0
[10:29:30] [Server thread/INFO] [minecraft/GameTestServer]: [_]
[10:29:30] [Server thread/INFO] [minecraft/GameTestServer]: [_]
[10:29:31] [Server thread/INFO] [minecraft/GameTestServer]: [_]
[10:29:31] [Server thread/INFO] [minecraft/GameTestServer]: [_]
[10:29:31] [Server thread/INFO] [minecraft/GameTestServer]: [_]
[10:29:31] [Server thread/INFO] [minecraft/MinecraftServer]: Планирование грунта: 93%, изменено блоков: 0
[10:29:31] [Server thread/INFO] [minecraft/GameTestServer]: [_]
[10:29:31] [Server thread/INFO] [minecraft/GameTestServer]: [_]
[10:29:31] [Server thread/INFO] [minecraft/MinecraftServer]: Проверяется другая площадка: 1 / 16
[10:29:31] [Server thread/INFO] [minecraft/GameTestServer]: [_]
[10:29:31] [Server thread/INFO] [minecraft/GameTestServer]: [_]
[10:29:31] [Server thread/INFO] [minecraft/GameTestServer]: [_]
[10:29:31] [Server thread/INFO] [minecraft/MinecraftServer]: Загрузка территории: 76%, изменено блоков: 0
[10:29:31] [Server thread/INFO] [minecraft/GameTestServer]: [_]
[10:29:31] [Server thread/INFO] [minecraft/GameTestServer]: [_]
[10:29:32] [Server thread/INFO] [minecraft/GameTestServer]: [_]
[10:29:32] [Server thread/INFO] [minecraft/GameTestServer]: [_]
[10:29:32] [Server thread/INFO] [minecraft/GameTestServer]: [_]
[10:29:32] [Server thread/INFO] [minecraft/MinecraftServer]: Загрузка территории: 24%, изменено блоков: 0
[10:29:32] [Server thread/INFO] [minecraft/GameTestServer]: [_]
[10:29:32] [Server thread/INFO] [minecraft/GameTestServer]: [_]
[10:29:32] [Server thread/INFO] [minecraft/GameTestServer]: [_]
[10:29:32] [Server thread/INFO] [minecraft/GameTestServer]: [_]
[10:29:32] [Server thread/INFO] [minecraft/GameTestServer]: [_]
[10:29:32] [Server thread/INFO] [minecraft/MinecraftServer]: Загрузка территории: 55%, изменено блоков: 0
[10:29:32] [Server thread/INFO] [minecraft/GameTestServer]: [_]
[10:29:32] [Server thread/INFO] [minecraft/GameTestServer]: [_]
[10:29:32] [Server thread/INFO] [minecraft/GameTestServer]: [_]
[10:29:33] [Server thread/INFO] [minecraft/GameTestServer]: [_]
[10:29:33] [Server thread/INFO] [minecraft/GameTestServer]: [_]
[10:29:33] [Server thread/INFO] [minecraft/MinecraftServer]: Загрузка территории: 86%, изменено блоков: 0
[10:29:33] [Server thread/INFO] [minecraft/GameTestServer]: [_]
[10:29:33] [Server thread/INFO] [minecraft/GameTestServer]: [_]
[10:29:33] [Server thread/INFO] [minecraft/MinecraftServer]: Чанки загружены. Подготовка окончательного положения на Y=0
[10:29:33] [Server thread/INFO] [minecraft/GameTestServer]: [_]
[10:29:33] [Server thread/INFO] [minecraft/GameTestServer]: [_]
[10:29:33] [Server thread/INFO] [minecraft/GameTestServer]: [_]
[10:29:33] [Server thread/INFO] [minecraft/MinecraftServer]: Планирование грунта: 9%, изменено блоков: 0
[10:29:33] [Server thread/INFO] [minecraft/GameTestServer]: [_]
[10:29:33] [Server thread/INFO] [minecraft/GameTestServer]: [_]
[10:29:33] [Server thread/INFO] [minecraft/GameTestServer]: [_]
[10:29:34] [Server thread/INFO] [minecraft/GameTestServer]: [_]
[10:29:34] [Server thread/INFO] [minecraft/GameTestServer]: [_]
[10:29:34] [Server thread/INFO] [minecraft/MinecraftServer]: Планирование грунта: 26%, изменено блоков: 0
[10:29:34] [Server thread/INFO] [minecraft/GameTestServer]: [_]
[10:29:34] [Server thread/INFO] [minecraft/GameTestServer]: [_]
[10:29:34] [Server thread/INFO] [minecraft/GameTestServer]: [_]
[10:29:34] [Server thread/INFO] [minecraft/GameTestServer]: [_]
[10:29:34] [Server thread/INFO] [minecraft/GameTestServer]: [_]
[10:29:34] [Server thread/INFO] [minecraft/MinecraftServer]: Планирование грунта: 43%, изменено блоков: 0
[10:29:34] [Server thread/INFO] [minecraft/GameTestServer]: [_]
[10:29:34] [Server thread/INFO] [minecraft/GameTestServer]: [_]
[10:29:34] [Server thread/INFO] [minecraft/GameTestServer]: [_]
[10:29:35] [Server thread/INFO] [minecraft/GameTestServer]: [_]
[10:29:35] [Server thread/INFO] [minecraft/GameTestServer]: [_]
[10:29:35] [Server thread/INFO] [minecraft/MinecraftServer]: Планирование грунта: 60%, изменено блоков: 0
[10:29:35] [Server thread/INFO] [minecraft/GameTestServer]: [_]
[10:29:35] [Server thread/INFO] [minecraft/GameTestServer]: [_]
[10:29:35] [Server thread/INFO] [minecraft/GameTestServer]: [_]
[10:29:35] [Server thread/INFO] [minecraft/GameTestServer]: [_]
[10:29:35] [Server thread/INFO] [minecraft/GameTestServer]: [_]
[10:29:35] [Server thread/INFO] [minecraft/MinecraftServer]: Планирование грунта: 77%, изменено блоков: 0
[10:29:35] [Server thread/INFO] [minecraft/GameTestServer]: [_]
[10:29:35] [Server thread/INFO] [minecraft/GameTestServer]: [_]
[10:29:35] [Server thread/INFO] [minecraft/GameTestServer]: [_]
[10:29:36] [Server thread/INFO] [minecraft/GameTestServer]: [_]
[10:29:36] [Server thread/INFO] [minecraft/GameTestServer]: [_]
[10:29:36] [Server thread/INFO] [minecraft/MinecraftServer]: Планирование грунта: 94%, изменено блоков: 0
[10:29:36] [Server thread/INFO] [minecraft/GameTestServer]: [_]
[10:29:36] [Server thread/INFO] [minecraft/GameTestServer]: [_]
[10:29:36] [Server thread/INFO] [minecraft/MinecraftServer]: Проверяется другая площадка: 2 / 16
[10:29:36] [Server thread/INFO] [minecraft/GameTestServer]: [_]
[10:29:36] [Server thread/INFO] [minecraft/GameTestServer]: [_]
[10:29:36] [Server thread/INFO] [minecraft/GameTestServer]: [_]
[10:29:36] [Server thread/INFO] [minecraft/MinecraftServer]: Загрузка территории: 81%, изменено блоков: 0
[10:29:36] [Server thread/INFO] [minecraft/GameTestServer]: [_]
[10:29:36] [Server thread/INFO] [minecraft/GameTestServer]: [_]
[10:29:36] [Server thread/INFO] [minecraft/GameTestServer]: [_]
[10:29:37] [Server thread/INFO] [minecraft/GameTestServer]: [_]
[10:29:37] [Server thread/INFO] [minecraft/GameTestServer]: [_]
[10:29:37] [Server thread/INFO] [minecraft/MinecraftServer]: Загрузка территории: 25%, изменено блоков: 0
[10:29:37] [Server thread/INFO] [minecraft/GameTestServer]: [_]
[10:29:37] [Server thread/INFO] [minecraft/GameTestServer]: [_]
[10:29:37] [Server thread/INFO] [minecraft/GameTestServer]: [_]
[10:29:37] [Server thread/INFO] [minecraft/GameTestServer]: [_]
[10:29:37] [Server thread/INFO] [minecraft/GameTestServer]: [_]
[10:29:37] [Server thread/INFO] [minecraft/MinecraftServer]: Загрузка территории: 56%, изменено блоков: 0
[10:29:37] [Server thread/INFO] [minecraft/GameTestServer]: [_]
[10:29:37] [Server thread/INFO] [minecraft/GameTestServer]: [_]
[10:29:37] [Server thread/INFO] [minecraft/GameTestServer]: [_]
[10:29:37] [Server thread/INFO] [minecraft/GameTestServer]: [_]
[10:29:38] [Server thread/INFO] [minecraft/GameTestServer]: [_]
[10:29:38] [Server thread/INFO] [minecraft/MinecraftServer]: Загрузка территории: 87%, изменено блоков: 0
[10:29:38] [Server thread/INFO] [minecraft/GameTestServer]: [_]
[10:29:38] [Server thread/INFO] [minecraft/GameTestServer]: [_]
[10:29:38] [Server thread/INFO] [minecraft/MinecraftServer]: Чанки загружены. Подготовка окончательного положения на Y=0
[10:29:38] [Server thread/INFO] [minecraft/GameTestServer]: [_]
[10:29:38] [Server thread/INFO] [minecraft/GameTestServer]: [_]
[10:29:38] [Server thread/INFO] [minecraft/GameTestServer]: [_]
[10:29:38] [Server thread/INFO] [minecraft/MinecraftServer]: Планирование грунта: 10%, изменено блоков: 0
[10:29:38] [Server thread/INFO] [minecraft/GameTestServer]: [_]
[10:29:38] [Server thread/INFO] [minecraft/GameTestServer]: [_]
[10:29:38] [Server thread/INFO] [minecraft/GameTestServer]: [_]
[10:29:38] [Server thread/INFO] [minecraft/GameTestServer]: [_]
[10:29:39] [Server thread/INFO] [minecraft/GameTestServer]: [_]
[10:29:39] [Server thread/INFO] [minecraft/MinecraftServer]: Планирование грунта: 26%, изменено блоков: 0
[10:29:39] [Server thread/INFO] [minecraft/GameTestServer]: [_]
[10:29:39] [Server thread/INFO] [minecraft/GameTestServer]: [_]
[10:29:39] [Server thread/INFO] [minecraft/GameTestServer]: [_]
[10:29:39] [Server thread/INFO] [minecraft/GameTestServer]: [_]
[10:29:39] [Server thread/INFO] [minecraft/GameTestServer]: [_]
[10:29:39] [Server thread/INFO] [minecraft/MinecraftServer]: Планирование грунта: 43%, изменено блоков: 0
[10:29:39] [Server thread/INFO] [minecraft/GameTestServer]: [_]
[10:29:39] [Server thread/INFO] [minecraft/GameTestServer]: [_]
[10:29:39] [Server thread/INFO] [minecraft/GameTestServer]: [_]
[10:29:39] [Server thread/INFO] [minecraft/GameTestServer]: [_]
[10:29:40] [Server thread/INFO] [minecraft/GameTestServer]: [_]
[10:29:40] [Server thread/INFO] [minecraft/MinecraftServer]: Планирование грунта: 60%, изменено блоков: 0
[10:29:40] [Server thread/INFO] [minecraft/GameTestServer]: [_]
[10:29:40] [Server thread/INFO] [minecraft/GameTestServer]: [_]
[10:29:40] [Server thread/INFO] [minecraft/GameTestServer]: [_]
[10:29:40] [Server thread/INFO] [minecraft/GameTestServer]: [_]
[10:29:40] [Server thread/INFO] [minecraft/GameTestServer]: [_]
[10:29:40] [Server thread/INFO] [minecraft/MinecraftServer]: Планирование грунта: 77%, изменено блоков: 0
[10:29:40] [Server thread/INFO] [minecraft/GameTestServer]: [_]
[10:29:40] [Server thread/INFO] [minecraft/GameTestServer]: [_]
[10:29:40] [Server thread/INFO] [minecraft/GameTestServer]: [_]
[10:29:41] [Server thread/INFO] [minecraft/GameTestServer]: [_]
[10:29:41] [Server thread/INFO] [minecraft/GameTestServer]: [_]
[10:29:41] [Server thread/INFO] [minecraft/MinecraftServer]: Планирование грунта: 94%, изменено блоков: 0
[10:29:41] [Server thread/INFO] [minecraft/GameTestServer]: [_]
[10:29:41] [Server thread/INFO] [minecraft/GameTestServer]: [_]
[10:29:41] [Server thread/INFO] [minecraft/MinecraftServer]: Проверяется другая площадка: 3 / 16
[10:29:41] [Server thread/INFO] [minecraft/GameTestServer]: [_]
[10:29:41] [Server thread/INFO] [minecraft/GameTestServer]: [_]
[10:29:41] [Server thread/INFO] [minecraft/GameTestServer]: [_]
[10:29:41] [Server thread/INFO] [minecraft/MinecraftServer]: Загрузка территории: 86%, изменено блоков: 0
[10:29:41] [Server thread/INFO] [minecraft/GameTestServer]: [_]
[10:29:41] [Server thread/INFO] [minecraft/GameTestServer]: [_]
[10:29:42] [Server thread/INFO] [minecraft/GameTestServer]: [_]
[10:29:42] [Server thread/INFO] [minecraft/GameTestServer]: [_]
[10:29:42] [Server thread/INFO] [minecraft/GameTestServer]: [_]
[10:29:42] [Server thread/INFO] [minecraft/MinecraftServer]: Загрузка территории: 26%, изменено блоков: 0
[10:29:42] [Server thread/INFO] [minecraft/GameTestServer]: [_]
[10:29:42] [Server thread/INFO] [minecraft/GameTestServer]: [_]
[10:29:42] [Server thread/INFO] [minecraft/GameTestServer]: [_]
[10:29:42] [Server thread/INFO] [minecraft/GameTestServer]: [_]
[10:29:42] [Server thread/INFO] [minecraft/GameTestServer]: [_]
[10:29:42] [Server thread/INFO] [minecraft/MinecraftServer]: Загрузка территории: 57%, изменено блоков: 0
[10:29:42] [Server thread/INFO] [minecraft/GameTestServer]: [_]
[10:29:42] [Server thread/INFO] [minecraft/GameTestServer]: [_]
[10:29:42] [Server thread/INFO] [minecraft/GameTestServer]: [_]
[10:29:43] [Server thread/INFO] [minecraft/GameTestServer]: [_]
[10:29:43] [Server thread/INFO] [minecraft/GameTestServer]: [_]
[10:29:43] [Server thread/INFO] [minecraft/MinecraftServer]: Загрузка территории: 88%, изменено блоков: 0
[10:29:43] [Server thread/INFO] [minecraft/GameTestServer]: [_]
[10:29:43] [Server thread/INFO] [minecraft/GameTestServer]: [_]
[10:29:43] [Server thread/INFO] [minecraft/MinecraftServer]: Чанки загружены. Подготовка окончательного положения на Y=0
[10:29:43] [Server thread/INFO] [minecraft/GameTestServer]: [_]
[10:29:43] [Server thread/INFO] [minecraft/GameTestServer]: [_]
[10:29:43] [Server thread/INFO] [minecraft/GameTestServer]: [_]
[10:29:43] [Server thread/INFO] [minecraft/MinecraftServer]: Планирование грунта: 10%, изменено блоков: 0
[10:29:43] [Server thread/INFO] [minecraft/GameTestServer]: [_]
[10:29:43] [Server thread/INFO] [minecraft/GameTestServer]: [_]
[10:29:43] [Server thread/INFO] [minecraft/GameTestServer]: [_]
[10:29:44] [Server thread/INFO] [minecraft/GameTestServer]: [_]
[10:29:44] [Server thread/INFO] [minecraft/GameTestServer]: [_]
[10:29:44] [Server thread/INFO] [minecraft/MinecraftServer]: Планирование грунта: 27%, изменено блоков: 0
[10:29:44] [Server thread/INFO] [minecraft/GameTestServer]: [_]
[10:29:44] [Server thread/INFO] [minecraft/GameTestServer]: [_]
[10:29:44] [Server thread/INFO] [minecraft/GameTestServer]: [_]
[10:29:44] [Server thread/INFO] [minecraft/GameTestServer]: [_]
[10:29:44] [Server thread/INFO] [minecraft/GameTestServer]: [_]
[10:29:44] [Server thread/INFO] [minecraft/MinecraftServer]: Планирование грунта: 44%, изменено блоков: 0
[10:29:44] [Server thread/INFO] [minecraft/GameTestServer]: [_]
[10:29:44] [Server thread/INFO] [minecraft/GameTestServer]: [_]
[10:29:45] [Server thread/INFO] [minecraft/GameTestServer]: [_]
[10:29:45] [Server thread/INFO] [minecraft/GameTestServer]: [_]
[10:29:45] [Server thread/INFO] [minecraft/GameTestServer]: [_]
[10:29:45] [Server thread/INFO] [minecraft/MinecraftServer]: Планирование грунта: 61%, изменено блоков: 0
[10:29:45] [Server thread/INFO] [minecraft/GameTestServer]: [_]
[10:29:45] [Server thread/INFO] [minecraft/GameTestServer]: [_]
[10:29:45] [Server thread/INFO] [minecraft/GameTestServer]: [_]
[10:29:45] [Server thread/INFO] [minecraft/GameTestServer]: [_]
[10:29:45] [Server thread/INFO] [minecraft/GameTestServer]: [_]
[10:29:45] [Server thread/INFO] [minecraft/MinecraftServer]: Планирование грунта: 78%, изменено блоков: 0
[10:29:45] [Server thread/INFO] [minecraft/GameTestServer]: [_]
[10:29:45] [Server thread/INFO] [minecraft/GameTestServer]: [_]
[10:29:46] [Server thread/INFO] [minecraft/GameTestServer]: [_]
[10:29:46] [Server thread/INFO] [minecraft/GameTestServer]: [_]
[10:29:46] [Server thread/INFO] [minecraft/GameTestServer]: [_]
[10:29:46] [Server thread/INFO] [minecraft/MinecraftServer]: Планирование грунта: 95%, изменено блоков: 0
[10:29:46] [Server thread/INFO] [minecraft/GameTestServer]: [_]
[10:29:46] [Server thread/INFO] [minecraft/MinecraftServer]: Проверяется другая площадка: 4 / 16
[10:29:46] [Server thread/INFO] [minecraft/GameTestServer]: [_]
[10:29:46] [Server thread/INFO] [minecraft/GameTestServer]: [_]
[10:29:46] [Server thread/INFO] [minecraft/GameTestServer]: [_]
[10:29:46] [Server thread/INFO] [minecraft/GameTestServer]: [_]
[10:29:46] [Server thread/INFO] [minecraft/MinecraftServer]: Загрузка территории: 91%, изменено блоков: 0
[10:29:46] [Server thread/INFO] [minecraft/GameTestServer]: [_]
[10:29:47] [Server thread/INFO] [minecraft/GameTestServer]: [_]
[10:29:47] [Server thread/INFO] [minecraft/GameTestServer]: [_]
[10:29:47] [Server thread/INFO] [minecraft/GameTestServer]: [_]
[10:29:47] [Server thread/INFO] [minecraft/GameTestServer]: [_]
[10:29:47] [Server thread/INFO] [minecraft/MinecraftServer]: Загрузка территории: 28%, изменено блоков: 0
[10:29:47] [Server thread/INFO] [minecraft/GameTestServer]: [_]
[10:29:47] [Server thread/INFO] [minecraft/GameTestServer]: [_]
[10:29:47] [Server thread/INFO] [minecraft/GameTestServer]: [_]
[10:29:47] [Server thread/INFO] [minecraft/GameTestServer]: [_]
[10:29:47] [Server thread/INFO] [minecraft/GameTestServer]: [_]
[10:29:47] [Server thread/INFO] [minecraft/MinecraftServer]: Загрузка территории: 59%, изменено блоков: 0
[10:29:47] [Server thread/INFO] [minecraft/GameTestServer]: [_]
[10:29:47] [Server thread/INFO] [minecraft/GameTestServer]: [_]
[10:29:47] [Server thread/INFO] [minecraft/GameTestServer]: [_]
[10:29:48] [Server thread/INFO] [minecraft/GameTestServer]: [_]
[10:29:48] [Server thread/INFO] [minecraft/GameTestServer]: [_]
[10:29:48] [Server thread/INFO] [minecraft/MinecraftServer]: Загрузка территории: 90%, изменено блоков: 0
[10:29:48] [Server thread/INFO] [minecraft/GameTestServer]: [_]
[10:29:48] [Server thread/INFO] [minecraft/GameTestServer]: [_]
[10:29:48] [Server thread/INFO] [minecraft/MinecraftServer]: Чанки загружены. Подготовка окончательного положения на Y=0
[10:29:48] [Server thread/INFO] [minecraft/GameTestServer]: [_]
[10:29:48] [Server thread/INFO] [minecraft/GameTestServer]: [_]
[10:29:48] [Server thread/INFO] [minecraft/GameTestServer]: [_]
[10:29:48] [Server thread/INFO] [minecraft/MinecraftServer]: Планирование грунта: 11%, изменено блоков: 0
[10:29:48] [Server thread/INFO] [minecraft/GameTestServer]: [_]
[10:29:49] [Server thread/INFO] [minecraft/GameTestServer]: [_]
[10:29:49] [Server thread/INFO] [minecraft/GameTestServer]: [_]
[10:29:49] [Server thread/INFO] [minecraft/GameTestServer]: [_]
[10:29:49] [Server thread/INFO] [minecraft/GameTestServer]: [_]
[10:29:49] [Server thread/INFO] [minecraft/MinecraftServer]: Планирование грунта: 28%, изменено блоков: 0
[10:29:49] [Server thread/INFO] [minecraft/GameTestServer]: [_]
[10:29:49] [Server thread/INFO] [minecraft/GameTestServer]: [_]
[10:29:49] [Server thread/INFO] [minecraft/GameTestServer]: [_]
[10:29:49] [Server thread/INFO] [minecraft/GameTestServer]: [_]
[10:29:50] [Server thread/INFO] [minecraft/GameTestServer]: [_]
[10:29:50] [Server thread/INFO] [minecraft/MinecraftServer]: Планирование грунта: 45%, изменено блоков: 0
[10:29:50] [Server thread/INFO] [minecraft/GameTestServer]: [_]
[10:29:50] [Server thread/INFO] [minecraft/GameTestServer]: [_]
[10:29:50] [Server thread/INFO] [minecraft/GameTestServer]: [_]
[10:29:50] [Server thread/INFO] [minecraft/GameTestServer]: [_]
[10:29:50] [Server thread/INFO] [minecraft/GameTestServer]: [_]
[10:29:50] [Server thread/INFO] [minecraft/MinecraftServer]: Планирование грунта: 62%, изменено блоков: 0
[10:29:50] [Server thread/INFO] [minecraft/GameTestServer]: [_]
[10:29:50] [Server thread/INFO] [minecraft/GameTestServer]: [_]
[10:29:50] [Server thread/INFO] [minecraft/GameTestServer]: [_]
[10:29:51] [Server thread/INFO] [minecraft/GameTestServer]: [_]
[10:29:51] [Server thread/INFO] [minecraft/GameTestServer]: [_]
[10:29:51] [Server thread/INFO] [minecraft/MinecraftServer]: Планирование грунта: 79%, изменено блоков: 0
[10:29:51] [Server thread/INFO] [minecraft/GameTestServer]: [_]
[10:29:51] [Server thread/INFO] [minecraft/GameTestServer]: [_]
[10:29:51] [Server thread/INFO] [minecraft/GameTestServer]: [_]
[10:29:51] [Server thread/INFO] [minecraft/GameTestServer]: [_]
[10:29:51] [Server thread/INFO] [minecraft/GameTestServer]: [_]
[10:29:51] [Server thread/INFO] [minecraft/MinecraftServer]: Планирование грунта: 96%, изменено блоков: 0
[10:29:51] [Server thread/INFO] [minecraft/GameTestServer]: [_]
[10:29:51] [Server thread/INFO] [minecraft/MinecraftServer]: Проверяется другая площадка: 5 / 16
[10:29:51] [Server thread/INFO] [minecraft/GameTestServer]: [_]
[10:29:52] [Server thread/INFO] [minecraft/GameTestServer]: [_]
[10:29:52] [Server thread/INFO] [minecraft/GameTestServer]: [_]
[10:29:52] [Server thread/INFO] [minecraft/GameTestServer]: [_]
[10:29:52] [Server thread/INFO] [minecraft/MinecraftServer]: Загрузка территории: 96%, изменено блоков: 0
[10:29:52] [Server thread/INFO] [minecraft/GameTestServer]: [_]
[10:29:52] [Server thread/INFO] [minecraft/GameTestServer]: [_]
[10:29:52] [Server thread/INFO] [minecraft/GameTestServer]: [_]
[10:29:52] [Server thread/INFO] [minecraft/GameTestServer]: [_]
[10:29:52] [Server thread/INFO] [minecraft/GameTestServer]: [_]
[10:29:52] [Server thread/INFO] [minecraft/MinecraftServer]: Загрузка территории: 42%, изменено блоков: 0
[10:29:52] [Server thread/INFO] [minecraft/GameTestServer]: [_]
[10:29:52] [Server thread/INFO] [minecraft/GameTestServer]: [_]
[10:29:53] [Server thread/INFO] [minecraft/GameTestServer]: [_]
[10:29:53] [Server thread/INFO] [minecraft/GameTestServer]: [_]
[10:29:53] [Server thread/INFO] [minecraft/GameTestServer]: [_]
[10:29:53] [Server thread/INFO] [minecraft/MinecraftServer]: Загрузка территории: 87%, изменено блоков: 0
[10:29:53] [Server thread/INFO] [minecraft/GameTestServer]: [_]
[10:29:53] [Server thread/INFO] [minecraft/GameTestServer]: [_]
[10:29:53] [Server thread/INFO] [minecraft/MinecraftServer]: Чанки загружены. Подготовка окончательного положения на Y=0
[10:29:53] [Server thread/INFO] [minecraft/GameTestServer]: [_]
[10:29:53] [Server thread/INFO] [minecraft/GameTestServer]: [_]
[10:29:53] [Server thread/INFO] [minecraft/GameTestServer]: [_]
[10:29:53] [Server thread/INFO] [minecraft/MinecraftServer]: Планирование грунта: 17%, изменено блоков: 0
[10:29:53] [Server thread/INFO] [minecraft/GameTestServer]: [_]
[10:29:53] [Server thread/INFO] [minecraft/GameTestServer]: [_]
[10:29:54] [Server thread/INFO] [minecraft/GameTestServer]: [_]
[10:29:54] [Server thread/INFO] [minecraft/GameTestServer]: [_]
[10:29:54] [Server thread/INFO] [minecraft/GameTestServer]: [_]
[10:29:54] [Server thread/INFO] [minecraft/MinecraftServer]: Планирование грунта: 43%, изменено блоков: 0
[10:29:54] [Server thread/INFO] [minecraft/GameTestServer]: [_]
[10:29:54] [Server thread/INFO] [minecraft/GameTestServer]: [_]
[10:29:54] [Server thread/INFO] [minecraft/GameTestServer]: [_]
[10:29:54] [Server thread/INFO] [minecraft/GameTestServer]: [_]
[10:29:54] [Server thread/INFO] [minecraft/GameTestServer]: [_]
[10:29:54] [Server thread/INFO] [minecraft/MinecraftServer]: Планирование грунта: 68%, изменено блоков: 0
[10:29:54] [Server thread/INFO] [minecraft/GameTestServer]: [_]
[10:29:55] [Server thread/INFO] [minecraft/GameTestServer]: [_]
[10:29:55] [Server thread/INFO] [minecraft/GameTestServer]: [_]
[10:29:55] [Server thread/INFO] [minecraft/GameTestServer]: [_]
[10:29:55] [Server thread/INFO] [minecraft/GameTestServer]: [_]
[10:29:55] [Server thread/INFO] [minecraft/MinecraftServer]: Планирование грунта: 93%, изменено блоков: 0
[10:29:55] [Server thread/INFO] [minecraft/GameTestServer]: [_]
[10:29:55] [Server thread/INFO] [minecraft/MinecraftServer]: Проверяется другая площадка: 6 / 16
[10:29:55] [Server thread/INFO] [minecraft/GameTestServer]: [_]
[10:29:55] [Server thread/INFO] [minecraft/GameTestServer]: [_]
[10:29:55] [Server thread/INFO] [minecraft/GameTestServer]: [_]
[10:29:55] [Server thread/INFO] [minecraft/GameTestServer]: [_]
[10:29:55] [Server thread/INFO] [minecraft/MinecraftServer]: Загрузка территории: 95%, изменено блоков: 0
[10:29:55] [Server thread/INFO] [minecraft/GameTestServer]: [_]
[10:29:56] [Server thread/INFO] [minecraft/GameTestServer]: [_]
[10:29:56] [Server thread/INFO] [minecraft/GameTestServer]: [_]
[10:29:56] [Server thread/INFO] [minecraft/GameTestServer]: [_]
[10:29:56] [Server thread/INFO] [minecraft/GameTestServer]: [_]
[10:29:56] [Server thread/INFO] [minecraft/MinecraftServer]: Загрузка территории: 29%, изменено блоков: 0
[10:29:56] [Server thread/INFO] [minecraft/GameTestServer]: [_]
[10:29:56] [Server thread/INFO] [minecraft/GameTestServer]: [_]
[10:29:56] [Server thread/INFO] [minecraft/GameTestServer]: [_]
[10:29:56] [Server thread/INFO] [minecraft/GameTestServer]: [_]
[10:29:56] [Server thread/INFO] [minecraft/GameTestServer]: [_]
[10:29:56] [Server thread/INFO] [minecraft/MinecraftServer]: Загрузка территории: 60%, изменено блоков: 0
[10:29:56] [Server thread/INFO] [minecraft/GameTestServer]: [_]
[10:29:57] [Server thread/INFO] [minecraft/GameTestServer]: [_]
[10:29:57] [Server thread/INFO] [minecraft/GameTestServer]: [_]
[10:29:57] [Server thread/INFO] [minecraft/GameTestServer]: [_]
[10:29:57] [Server thread/INFO] [minecraft/GameTestServer]: [_]
[10:29:57] [Server thread/INFO] [minecraft/MinecraftServer]: Загрузка территории: 91%, изменено блоков: 0
[10:29:57] [Server thread/INFO] [minecraft/GameTestServer]: [_]
[10:29:57] [Server thread/INFO] [minecraft/GameTestServer]: [_]
[10:29:57] [Server thread/INFO] [minecraft/MinecraftServer]: Чанки загружены. Подготовка окончательного положения на Y=0
[10:29:57] [Server thread/INFO] [minecraft/GameTestServer]: [_]
[10:29:57] [Server thread/INFO] [minecraft/GameTestServer]: [_]
[10:29:57] [Server thread/INFO] [minecraft/GameTestServer]: [_]
[10:29:58] [Server thread/INFO] [minecraft/MinecraftServer]: Планирование грунта: 11%, изменено блоков: 0
[10:29:58] [Server thread/INFO] [minecraft/GameTestServer]: [_]
[10:29:58] [Server thread/INFO] [minecraft/GameTestServer]: [_]
[10:29:58] [Server thread/INFO] [minecraft/GameTestServer]: [_]
[10:29:58] [Server thread/INFO] [minecraft/GameTestServer]: [_]
[10:29:58] [Server thread/INFO] [minecraft/GameTestServer]: [_]
[10:29:58] [Server thread/INFO] [minecraft/MinecraftServer]: Планирование грунта: 28%, изменено блоков: 0
[10:29:58] [Server thread/INFO] [minecraft/GameTestServer]: [_]
[10:29:58] [Server thread/INFO] [minecraft/GameTestServer]: [_]
[10:29:58] [Server thread/INFO] [minecraft/GameTestServer]: [_]
[10:29:59] [Server thread/INFO] [minecraft/GameTestServer]: [_]
[10:29:59] [Server thread/INFO] [minecraft/GameTestServer]: [_]
[10:29:59] [Server thread/INFO] [minecraft/MinecraftServer]: Планирование грунта: 45%, изменено блоков: 0
[10:29:59] [Server thread/INFO] [minecraft/GameTestServer]: [_]
[10:29:59] [Server thread/INFO] [minecraft/GameTestServer]: [_]
[10:29:59] [Server thread/INFO] [minecraft/GameTestServer]: [_]
[10:29:59] [Server thread/INFO] [minecraft/GameTestServer]: [_]
[10:29:59] [Server thread/INFO] [minecraft/GameTestServer]: [_]
[10:29:59] [Server thread/INFO] [minecraft/MinecraftServer]: Планирование грунта: 62%, изменено блоков: 0
[10:29:59] [Server thread/INFO] [minecraft/GameTestServer]: [_]
[10:30:00] [Server thread/INFO] [minecraft/GameTestServer]: [_]
[10:30:00] [Server thread/INFO] [minecraft/GameTestServer]: [_]
[10:30:00] [Server thread/INFO] [minecraft/GameTestServer]: [_]
[10:30:00] [Server thread/INFO] [minecraft/GameTestServer]: [_]
[10:30:00] [Server thread/INFO] [minecraft/MinecraftServer]: Планирование грунта: 79%, изменено блоков: 0
[10:30:00] [Server thread/INFO] [minecraft/GameTestServer]: [_]
[10:30:00] [Server thread/INFO] [minecraft/GameTestServer]: [_]
[10:30:00] [Server thread/INFO] [minecraft/GameTestServer]: [_]
[10:30:01] [Server thread/INFO] [minecraft/GameTestServer]: [_]
[10:30:01] [Server thread/INFO] [minecraft/GameTestServer]: [_]
[10:30:01] [Server thread/INFO] [minecraft/MinecraftServer]: Планирование грунта: 96%, изменено блоков: 0
[10:30:01] [Server thread/INFO] [minecraft/GameTestServer]: [_]
[10:30:01] [Server thread/INFO] [minecraft/GameTestServer]: [_]
[10:30:01] [Server thread/INFO] [minecraft/GameTestServer]: [_]
[10:30:01] [Server thread/INFO] [minecraft/GameTestServer]: [_]
[10:30:01] [Server thread/INFO] [minecraft/GameTestServer]: [_]
[10:30:02] [Server thread/INFO] [minecraft/MinecraftServer]: Проверка конечного места: 27%, изменено блоков: 0
[10:30:02] [Server thread/INFO] [minecraft/GameTestServer]: [_]
[10:30:02] [Server thread/INFO] [minecraft/GameTestServer]: [_]
[10:30:02] [Server thread/INFO] [minecraft/GameTestServer]: [_]
[10:30:02] [Server thread/INFO] [minecraft/GameTestServer]: [_]
[10:30:03] [Server thread/INFO] [minecraft/GameTestServer]: [_]
[10:30:03] [Server thread/INFO] [minecraft/MinecraftServer]: Проверка конечного места: 28%, изменено блоков: 0
[10:30:03] [Server thread/INFO] [minecraft/GameTestServer]: [_]
[10:30:03] [Server thread/INFO] [minecraft/GameTestServer]: [_]
[10:30:03] [Server thread/INFO] [minecraft/GameTestServer]: [_]
[10:30:03] [Server thread/INFO] [minecraft/GameTestServer]: [_]
[10:30:04] [Server thread/INFO] [minecraft/GameTestServer]: [_]
[10:30:04] [Server thread/INFO] [minecraft/MinecraftServer]: Проверка конечного места: 28%, изменено блоков: 0
[10:30:04] [Server thread/INFO] [minecraft/GameTestServer]: [_]
[10:30:04] [Server thread/INFO] [minecraft/GameTestServer]: [_]
[10:30:04] [Server thread/INFO] [minecraft/GameTestServer]: [_]
[10:30:04] [Server thread/INFO] [minecraft/GameTestServer]: [_]
[10:30:04] [Server thread/INFO] [minecraft/GameTestServer]: [_]
[10:30:05] [Server thread/INFO] [minecraft/MinecraftServer]: Проверка конечного места: 28%, изменено блоков: 0
[10:30:05] [Server thread/INFO] [minecraft/GameTestServer]: [_]
[10:30:05] [Server thread/INFO] [minecraft/GameTestServer]: [_]
[10:30:05] [Server thread/INFO] [minecraft/GameTestServer]: [_]
[10:30:05] [Server thread/INFO] [minecraft/GameTestServer]: [_]
[10:30:05] [Server thread/INFO] [minecraft/GameTestServer]: [_]
[10:30:06] [Server thread/INFO] [minecraft/MinecraftServer]: Проверка конечного места: 29%, изменено блоков: 0
[10:30:06] [Server thread/INFO] [minecraft/GameTestServer]: [_]
[10:30:06] [Server thread/INFO] [minecraft/GameTestServer]: [_]
[10:30:06] [Server thread/INFO] [minecraft/GameTestServer]: [_]
[10:30:06] [Server thread/INFO] [minecraft/GameTestServer]: [_]
[10:30:06] [Server thread/INFO] [minecraft/GameTestServer]: [_]
[10:30:07] [Server thread/INFO] [minecraft/MinecraftServer]: Проверка конечного места: 29%, изменено блоков: 0
[10:30:07] [Server thread/INFO] [minecraft/GameTestServer]: [_]
[10:30:07] [Server thread/INFO] [minecraft/GameTestServer]: [_]
[10:30:07] [Server thread/INFO] [minecraft/GameTestServer]: [_]
[10:30:07] [Server thread/INFO] [minecraft/GameTestServer]: [_]
[10:30:07] [Server thread/INFO] [minecraft/GameTestServer]: [_]
[10:30:07] [Server thread/INFO] [minecraft/MinecraftServer]: Проверка конечного места: 30%, изменено блоков: 0
[10:30:08] [Server thread/INFO] [minecraft/GameTestServer]: [_]
[10:30:08] [Server thread/INFO] [minecraft/GameTestServer]: [_]
[10:30:08] [Server thread/INFO] [minecraft/GameTestServer]: [_]
[10:30:08] [Server thread/INFO] [minecraft/GameTestServer]: [_]
[10:30:08] [Server thread/INFO] [minecraft/GameTestServer]: [_]
[10:30:08] [Server thread/INFO] [minecraft/MinecraftServer]: Проверка конечного места: 30%, изменено блоков: 0
[10:30:09] [Server thread/INFO] [minecraft/GameTestServer]: [_]
[10:30:09] [Server thread/INFO] [minecraft/GameTestServer]: [_]
[10:30:09] [Server thread/INFO] [minecraft/GameTestServer]: [_]
[10:30:09] [Server thread/INFO] [minecraft/GameTestServer]: [_]
[10:30:09] [Server thread/INFO] [minecraft/GameTestServer]: [_]
[10:30:09] [Server thread/INFO] [minecraft/MinecraftServer]: Проверка конечного места: 30%, изменено блоков: 0
[10:30:10] [Server thread/INFO] [minecraft/GameTestServer]: [_]
[10:30:10] [Server thread/INFO] [minecraft/GameTestServer]: [_]
[10:30:10] [Server thread/INFO] [minecraft/GameTestServer]: [_]
[10:30:10] [Server thread/INFO] [minecraft/GameTestServer]: [_]
[10:30:10] [Server thread/INFO] [minecraft/GameTestServer]: [_]
[10:30:10] [Server thread/INFO] [minecraft/MinecraftServer]: Проверка конечного места: 31%, изменено блоков: 0
[10:30:11] [Server thread/INFO] [minecraft/GameTestServer]: [_]
[10:30:11] [Server thread/INFO] [minecraft/GameTestServer]: [_]
[10:30:11] [Server thread/INFO] [minecraft/GameTestServer]: [_]
[10:30:11] [Server thread/INFO] [minecraft/GameTestServer]: [_]
[10:30:11] [Server thread/INFO] [minecraft/GameTestServer]: [_]
[10:30:11] [Server thread/INFO] [minecraft/MinecraftServer]: Проверка конечного места: 31%, изменено блоков: 0
[10:30:11] [Server thread/INFO] [minecraft/GameTestServer]: [_]
[10:30:12] [Server thread/INFO] [minecraft/GameTestServer]: [_]
[10:30:12] [Server thread/INFO] [minecraft/GameTestServer]: [_]
[10:30:12] [Server thread/INFO] [minecraft/GameTestServer]: [_]
[10:30:12] [Server thread/INFO] [minecraft/GameTestServer]: [_]
[10:30:12] [Server thread/INFO] [minecraft/MinecraftServer]: Проверка конечного места: 32%, изменено блоков: 0
[10:30:12] [Server thread/INFO] [minecraft/GameTestServer]: [_]
[10:30:13] [Server thread/INFO] [minecraft/GameTestServer]: [_]
[10:30:13] [Server thread/INFO] [minecraft/GameTestServer]: [_]
[10:30:13] [Server thread/INFO] [minecraft/GameTestServer]: [_]
[10:30:13] [Server thread/INFO] [minecraft/GameTestServer]: [_]
[10:30:13] [Server thread/INFO] [minecraft/MinecraftServer]: Проверка конечного места: 32%, изменено блоков: 0
[10:30:13] [Server thread/INFO] [minecraft/GameTestServer]: [_]
[10:30:14] [Server thread/INFO] [minecraft/GameTestServer]: [_]
[10:30:14] [Server thread/INFO] [minecraft/GameTestServer]: [_]
[10:30:14] [Server thread/INFO] [minecraft/GameTestServer]: [_]
[10:30:14] [Server thread/INFO] [minecraft/GameTestServer]: [_]
[10:30:14] [Server thread/INFO] [minecraft/MinecraftServer]: Проверка конечного места: 33%, изменено блоков: 0
[10:30:14] [Server thread/INFO] [minecraft/GameTestServer]: [_]
[10:30:15] [Server thread/INFO] [minecraft/GameTestServer]: [_]
[10:30:15] [Server thread/INFO] [minecraft/GameTestServer]: [_]
[10:30:15] [Server thread/INFO] [minecraft/GameTestServer]: [_]
[10:30:15] [Server thread/INFO] [minecraft/GameTestServer]: [_]
[10:30:15] [Server thread/INFO] [minecraft/MinecraftServer]: Проверка конечного места: 33%, изменено блоков: 0
[10:30:15] [Server thread/INFO] [minecraft/GameTestServer]: [_]
[10:30:16] [Server thread/INFO] [minecraft/GameTestServer]: [_]
[10:30:16] [Server thread/INFO] [minecraft/GameTestServer]: [_]
[10:30:16] [Server thread/INFO] [minecraft/GameTestServer]: [_]
[10:30:16] [Server thread/INFO] [minecraft/GameTestServer]: [_]
[10:30:16] [Server thread/INFO] [minecraft/MinecraftServer]: Проверка конечного места: 33%, изменено блоков: 0
[10:30:16] [Server thread/INFO] [minecraft/GameTestServer]: [_]
[10:30:17] [Server thread/INFO] [minecraft/GameTestServer]: [_]
[10:30:17] [Server thread/INFO] [minecraft/GameTestServer]: [_]
[10:30:17] [Server thread/INFO] [minecraft/GameTestServer]: [_]
[10:30:17] [Server thread/INFO] [minecraft/GameTestServer]: [_]
[10:30:17] [Server thread/INFO] [minecraft/MinecraftServer]: Проверка конечного места: 34%, изменено блоков: 0
[10:30:17] [Server thread/INFO] [minecraft/GameTestServer]: [_]
[10:30:18] [Server thread/INFO] [minecraft/GameTestServer]: [_]
[10:30:18] [Server thread/INFO] [minecraft/GameTestServer]: [_]
[10:30:18] [Server thread/INFO] [minecraft/GameTestServer]: [_]
[10:30:18] [Server thread/INFO] [minecraft/GameTestServer]: [_]
[10:30:18] [Server thread/INFO] [minecraft/MinecraftServer]: Проверка конечного места: 34%, изменено блоков: 0
[10:30:18] [Server thread/INFO] [minecraft/GameTestServer]: [_]
[10:30:19] [Server thread/INFO] [minecraft/GameTestServer]: [_]
[10:30:19] [Server thread/INFO] [minecraft/GameTestServer]: [_]
[10:30:19] [Server thread/INFO] [minecraft/GameTestServer]: [_]
[10:30:19] [Server thread/INFO] [minecraft/GameTestServer]: [_]
[10:30:19] [Server thread/INFO] [minecraft/MinecraftServer]: Проверка конечного места: 35%, изменено блоков: 0
[10:30:19] [Server thread/INFO] [minecraft/GameTestServer]: [_]
[10:30:20] [Server thread/INFO] [minecraft/GameTestServer]: [_]
[10:30:20] [Server thread/INFO] [minecraft/GameTestServer]: [_]
[10:30:20] [Server thread/INFO] [minecraft/GameTestServer]: [_]
[10:30:20] [Server thread/INFO] [minecraft/GameTestServer]: [_]
[10:30:20] [Server thread/INFO] [minecraft/MinecraftServer]: Проверка конечного места: 35%, изменено блоков: 0
[10:30:21] [Server thread/INFO] [minecraft/GameTestServer]: [_]
[10:30:21] [Server thread/INFO] [minecraft/GameTestServer]: [_]
[10:30:21] [Server thread/INFO] [minecraft/GameTestServer]: [_]
[10:30:21] [Server thread/INFO] [minecraft/GameTestServer]: [_]
[10:30:21] [Server thread/INFO] [minecraft/GameTestServer]: [_]
[10:30:21] [Server thread/INFO] [minecraft/MinecraftServer]: Проверка конечного места: 35%, изменено блоков: 0
[10:30:22] [Server thread/INFO] [minecraft/GameTestServer]: [_]
[10:30:22] [Server thread/INFO] [minecraft/GameTestServer]: [_]
[10:30:22] [Server thread/INFO] [minecraft/GameTestServer]: [_]
[10:30:22] [Server thread/INFO] [minecraft/GameTestServer]: [_]
[10:30:22] [Server thread/INFO] [minecraft/GameTestServer]: [_]
[10:30:22] [Server thread/INFO] [minecraft/MinecraftServer]: Проверка конечного места: 36%, изменено блоков: 0
[10:30:23] [Server thread/INFO] [minecraft/GameTestServer]: [_]
[10:30:23] [Server thread/INFO] [minecraft/GameTestServer]: [_]
[10:30:23] [Server thread/INFO] [minecraft/GameTestServer]: [_]
[10:30:23] [Server thread/INFO] [minecraft/GameTestServer]: [_]
[10:30:23] [Server thread/INFO] [minecraft/GameTestServer]: [_]
[10:30:23] [Server thread/INFO] [minecraft/MinecraftServer]: Проверка конечного места: 36%, изменено блоков: 0
[10:30:24] [Server thread/INFO] [minecraft/GameTestServer]: [_]
[10:30:24] [Server thread/INFO] [minecraft/GameTestServer]: [_]
[10:30:24] [Server thread/INFO] [minecraft/GameTestServer]: [_]
[10:30:24] [Server thread/INFO] [minecraft/GameTestServer]: [_]
[10:30:24] [Server thread/INFO] [minecraft/GameTestServer]: [_]
[10:30:24] [Server thread/INFO] [minecraft/MinecraftServer]: Проверка конечного места: 36%, изменено блоков: 0
[10:30:25] [Server thread/INFO] [minecraft/GameTestServer]: [_]
[10:30:25] [Server thread/INFO] [minecraft/GameTestServer]: [_]
[10:30:25] [Server thread/INFO] [minecraft/GameTestServer]: [_]
[10:30:25] [Server thread/INFO] [minecraft/GameTestServer]: [_]
[10:30:25] [Server thread/INFO] [minecraft/GameTestServer]: [_]
[10:30:26] [Server thread/INFO] [minecraft/MinecraftServer]: Проверка конечного места: 37%, изменено блоков: 0
[10:30:26] [Server thread/INFO] [minecraft/GameTestServer]: [_]
[10:30:26] [Server thread/INFO] [minecraft/GameTestServer]: [_]
[10:30:26] [Server thread/INFO] [minecraft/GameTestServer]: [_]
[10:30:26] [Server thread/INFO] [minecraft/GameTestServer]: [_]
[10:30:26] [Server thread/INFO] [minecraft/GameTestServer]: [_]
[10:30:27] [Server thread/INFO] [minecraft/MinecraftServer]: Проверка конечного места: 37%, изменено блоков: 0
[10:30:27] [Server thread/INFO] [minecraft/GameTestServer]: [_]
[10:30:27] [Server thread/INFO] [minecraft/GameTestServer]: [_]
[10:30:27] [Server thread/INFO] [minecraft/GameTestServer]: [_]
[10:30:27] [Server thread/INFO] [minecraft/GameTestServer]: [_]
[10:30:27] [Server thread/INFO] [minecraft/GameTestServer]: [_]
[10:30:28] [Server thread/INFO] [minecraft/MinecraftServer]: Проверка конечного места: 38%, изменено блоков: 0
[10:30:28] [Server thread/INFO] [minecraft/GameTestServer]: [_]
[10:30:28] [Server thread/INFO] [minecraft/GameTestServer]: [_]
[10:30:28] [Server thread/INFO] [minecraft/GameTestServer]: [_]
[10:30:28] [Server thread/INFO] [minecraft/GameTestServer]: [_]
[10:30:28] [Server thread/INFO] [minecraft/GameTestServer]: [_]
[10:30:29] [Server thread/INFO] [minecraft/MinecraftServer]: Проверка конечного места: 38%, изменено блоков: 0
[10:30:29] [Server thread/INFO] [minecraft/GameTestServer]: [_]
[10:30:29] [Server thread/INFO] [minecraft/GameTestServer]: [_]
[10:30:29] [Server thread/INFO] [minecraft/GameTestServer]: [_]
[10:30:29] [Server thread/INFO] [minecraft/GameTestServer]: [_]
[10:30:29] [Server thread/INFO] [minecraft/GameTestServer]: [_]
[10:30:30] [Server thread/INFO] [minecraft/MinecraftServer]: Проверка конечного места: 38%, изменено блоков: 0
[10:30:30] [Server thread/INFO] [minecraft/GameTestServer]: [_]
[10:30:30] [Server thread/INFO] [minecraft/GameTestServer]: [_]
[10:30:30] [Server thread/INFO] [minecraft/GameTestServer]: [_]
[10:30:30] [Server thread/INFO] [minecraft/GameTestServer]: [_]
[10:30:30] [Server thread/INFO] [minecraft/GameTestServer]: [_]
[10:30:31] [Server thread/INFO] [minecraft/MinecraftServer]: Проверка конечного места: 39%, изменено блоков: 0
[10:30:31] [Server thread/INFO] [minecraft/GameTestServer]: [_]
[10:30:31] [Server thread/INFO] [minecraft/GameTestServer]: [_]
[10:30:31] [Server thread/INFO] [minecraft/GameTestServer]: [_]
[10:30:31] [Server thread/INFO] [minecraft/GameTestServer]: [_]
[10:30:32] [Server thread/INFO] [minecraft/GameTestServer]: [_]
[10:30:32] [Server thread/INFO] [minecraft/MinecraftServer]: Проверка конечного места: 39%, изменено блоков: 0
[10:30:32] [Server thread/INFO] [minecraft/GameTestServer]: [_]
[10:30:32] [Server thread/INFO] [minecraft/GameTestServer]: [_]
[10:30:32] [Server thread/INFO] [minecraft/GameTestServer]: [_]
[10:30:32] [Server thread/INFO] [minecraft/GameTestServer]: [_]
[10:30:32] [Server thread/INFO] [minecraft/GameTestServer]: [_]
[10:30:33] [Server thread/INFO] [minecraft/MinecraftServer]: Проверка конечного места: 40%, изменено блоков: 0
[10:30:33] [Server thread/INFO] [minecraft/GameTestServer]: [_]
[10:30:33] [Server thread/INFO] [minecraft/GameTestServer]: [_]
[10:30:33] [Server thread/INFO] [minecraft/GameTestServer]: [_]
[10:30:33] [Server thread/INFO] [minecraft/GameTestServer]: [_]
[10:30:34] [Server thread/INFO] [minecraft/GameTestServer]: [_]
[10:30:34] [Server thread/INFO] [minecraft/MinecraftServer]: Проверка конечного места: 40%, изменено блоков: 0
[10:30:34] [Server thread/INFO] [minecraft/GameTestServer]: [_]
[10:30:34] [Server thread/INFO] [minecraft/GameTestServer]: [_]
[10:30:34] [Server thread/INFO] [minecraft/GameTestServer]: [_]
[10:30:34] [Server thread/INFO] [minecraft/GameTestServer]: [_]
[10:30:35] [Server thread/INFO] [minecraft/GameTestServer]: [_]
[10:30:35] [Server thread/INFO] [minecraft/MinecraftServer]: Проверка конечного места: 41%, изменено блоков: 0
[10:30:35] [Server thread/INFO] [minecraft/GameTestServer]: [_]
[10:30:35] [Server thread/INFO] [minecraft/GameTestServer]: [_]
[10:30:35] [Server thread/INFO] [minecraft/GameTestServer]: [_]
[10:30:35] [Server thread/INFO] [minecraft/GameTestServer]: [_]
[10:30:36] [Server thread/INFO] [minecraft/GameTestServer]: [_]
[10:30:36] [Server thread/INFO] [minecraft/MinecraftServer]: Проверка конечного места: 41%, изменено блоков: 0
[10:30:36] [Server thread/INFO] [minecraft/GameTestServer]: [_]
[10:30:36] [Server thread/INFO] [minecraft/GameTestServer]: [_]
[10:30:36] [Server thread/INFO] [minecraft/GameTestServer]: [_]
[10:30:36] [Server thread/INFO] [minecraft/GameTestServer]: [_]
[10:30:37] [Server thread/INFO] [minecraft/GameTestServer]: [_]
[10:30:37] [Server thread/INFO] [minecraft/MinecraftServer]: Проверка конечного места: 41%, изменено блоков: 0
[10:30:37] [Server thread/INFO] [minecraft/GameTestServer]: [_]
[10:30:37] [Server thread/INFO] [minecraft/GameTestServer]: [_]
[10:30:37] [Server thread/INFO] [minecraft/GameTestServer]: [_]
[10:30:37] [Server thread/INFO] [minecraft/GameTestServer]: [_]
[10:30:38] [Server thread/INFO] [minecraft/GameTestServer]: [_]
[10:30:38] [Server thread/INFO] [minecraft/MinecraftServer]: Проверка конечного места: 42%, изменено блоков: 0
[10:30:38] [Server thread/INFO] [minecraft/GameTestServer]: [_]
[10:30:38] [Server thread/INFO] [minecraft/GameTestServer]: [_]
[10:30:38] [Server thread/INFO] [minecraft/GameTestServer]: [_]
[10:30:38] [Server thread/INFO] [minecraft/GameTestServer]: [_]
[10:30:39] [Server thread/INFO] [minecraft/GameTestServer]: [_]
[10:30:39] [Server thread/INFO] [minecraft/MinecraftServer]: Проверка конечного места: 42%, изменено блоков: 0
[10:30:39] [Server thread/INFO] [minecraft/GameTestServer]: [_]
[10:30:39] [Server thread/INFO] [minecraft/GameTestServer]: [_]
[10:30:39] [Server thread/INFO] [minecraft/GameTestServer]: [_]
[10:30:39] [Server thread/INFO] [minecraft/GameTestServer]: [_]
[10:30:40] [Server thread/INFO] [minecraft/GameTestServer]: [_]
[10:30:40] [Server thread/INFO] [minecraft/MinecraftServer]: Проверка конечного места: 43%, изменено блоков: 0
[10:30:40] [Server thread/INFO] [minecraft/GameTestServer]: [_]
[10:30:40] [Server thread/INFO] [minecraft/GameTestServer]: [_]
[10:30:40] [Server thread/INFO] [minecraft/GameTestServer]: [_]
[10:30:41] [Server thread/INFO] [minecraft/GameTestServer]: [_]
[10:30:41] [Server thread/INFO] [minecraft/GameTestServer]: [_]
[10:30:41] [Server thread/INFO] [minecraft/MinecraftServer]: Проверка конечного места: 43%, изменено блоков: 0
[10:30:41] [Server thread/INFO] [minecraft/GameTestServer]: [_]
[10:30:41] [Server thread/INFO] [minecraft/GameTestServer]: [_]
[10:30:41] [Server thread/INFO] [minecraft/GameTestServer]: [_]
[10:30:42] [Server thread/INFO] [minecraft/GameTestServer]: [_]
[10:30:42] [Server thread/INFO] [minecraft/GameTestServer]: [_]
[10:30:42] [Server thread/INFO] [minecraft/MinecraftServer]: Проверка конечного места: 43%, изменено блоков: 0
[10:30:42] [Server thread/INFO] [minecraft/GameTestServer]: [_]
[10:30:42] [Server thread/INFO] [minecraft/GameTestServer]: [_]
[10:30:42] [Server thread/INFO] [minecraft/GameTestServer]: [_]
[10:30:43] [Server thread/INFO] [minecraft/GameTestServer]: [_]
[10:30:43] [Server thread/INFO] [minecraft/GameTestServer]: [_]
[10:30:43] [Server thread/INFO] [minecraft/MinecraftServer]: Проверка конечного места: 44%, изменено блоков: 0
[10:30:43] [Server thread/INFO] [minecraft/GameTestServer]: [_]
[10:30:43] [Server thread/INFO] [minecraft/GameTestServer]: [_]
[10:30:43] [Server thread/INFO] [minecraft/GameTestServer]: [_]
[10:30:44] [Server thread/INFO] [minecraft/GameTestServer]: [_]
[10:30:44] [Server thread/INFO] [minecraft/GameTestServer]: [_]
[10:30:44] [Server thread/INFO] [minecraft/MinecraftServer]: Проверка конечного места: 44%, изменено блоков: 0
[10:30:44] [Server thread/INFO] [minecraft/GameTestServer]: [_]
[10:30:44] [Server thread/INFO] [minecraft/GameTestServer]: [_]
[10:30:44] [Server thread/INFO] [minecraft/GameTestServer]: [_]
[10:30:45] [Server thread/INFO] [minecraft/GameTestServer]: [_]
[10:30:45] [Server thread/INFO] [minecraft/GameTestServer]: [_]
[10:30:45] [Server thread/INFO] [minecraft/MinecraftServer]: Проверка конечного места: 44%, изменено блоков: 0
[10:30:45] [Server thread/INFO] [minecraft/GameTestServer]: [_]
[10:30:45] [Server thread/INFO] [minecraft/GameTestServer]: [_]
[10:30:46] [Server thread/INFO] [minecraft/GameTestServer]: [_]
[10:30:46] [Server thread/INFO] [minecraft/GameTestServer]: [_]
[10:30:46] [Server thread/INFO] [minecraft/GameTestServer]: [_]
[10:30:46] [Server thread/INFO] [minecraft/MinecraftServer]: Проверка конечного места: 45%, изменено блоков: 0
[10:30:46] [Server thread/INFO] [minecraft/GameTestServer]: [_]
[10:30:46] [Server thread/INFO] [minecraft/GameTestServer]: [_]
[10:30:47] [Server thread/INFO] [minecraft/GameTestServer]: [_]
[10:30:47] [Server thread/INFO] [minecraft/GameTestServer]: [_]
[10:30:47] [Server thread/INFO] [minecraft/GameTestServer]: [_]
[10:30:47] [Server thread/INFO] [minecraft/MinecraftServer]: Проверка конечного места: 45%, изменено блоков: 0
[10:30:47] [Server thread/INFO] [minecraft/GameTestServer]: [_]
[10:30:47] [Server thread/INFO] [minecraft/GameTestServer]: [_]
[10:30:48] [Server thread/INFO] [minecraft/GameTestServer]: [_]
[10:30:48] [Server thread/INFO] [minecraft/GameTestServer]: [_]
[10:30:48] [Server thread/INFO] [minecraft/GameTestServer]: [_]
[10:30:48] [Server thread/INFO] [minecraft/MinecraftServer]: Проверка конечного места: 46%, изменено блоков: 0
[10:30:48] [Server thread/INFO] [minecraft/GameTestServer]: [_]
[10:30:49] [Server thread/INFO] [minecraft/GameTestServer]: [_]
[10:30:49] [Server thread/INFO] [minecraft/GameTestServer]: [_]
[10:30:49] [Server thread/INFO] [minecraft/GameTestServer]: [_]
[10:30:49] [Server thread/INFO] [minecraft/GameTestServer]: [_]
[10:30:49] [Server thread/INFO] [minecraft/MinecraftServer]: Проверка конечного места: 46%, изменено блоков: 0
[10:30:49] [Server thread/INFO] [minecraft/GameTestServer]: [_]
[10:30:50] [Server thread/INFO] [minecraft/GameTestServer]: [_]
[10:30:50] [Server thread/INFO] [minecraft/GameTestServer]: [_]
[10:30:50] [Server thread/INFO] [minecraft/GameTestServer]: [_]
[10:30:50] [Server thread/INFO] [minecraft/GameTestServer]: [_]
[10:30:50] [Server thread/INFO] [minecraft/MinecraftServer]: Проверка конечного места: 46%, изменено блоков: 0
[10:30:50] [Server thread/INFO] [minecraft/GameTestServer]: [_]
[10:30:51] [Server thread/INFO] [minecraft/GameTestServer]: [_]
[10:30:51] [Server thread/INFO] [minecraft/GameTestServer]: [_]
[10:30:51] [Server thread/INFO] [minecraft/GameTestServer]: [_]
[10:30:51] [Server thread/INFO] [minecraft/GameTestServer]: [_]
[10:30:51] [Server thread/INFO] [minecraft/MinecraftServer]: Проверка конечного места: 47%, изменено блоков: 0
[10:30:52] [Server thread/INFO] [minecraft/GameTestServer]: [_]
[10:30:52] [Server thread/INFO] [minecraft/GameTestServer]: [_]
[10:30:52] [Server thread/INFO] [minecraft/GameTestServer]: [_]
[10:30:52] [Server thread/INFO] [minecraft/GameTestServer]: [_]
[10:30:52] [Server thread/INFO] [minecraft/GameTestServer]: [_]
[10:30:52] [Server thread/INFO] [minecraft/MinecraftServer]: Проверка конечного места: 47%, изменено блоков: 0
[10:30:53] [Server thread/INFO] [minecraft/GameTestServer]: [_]
[10:30:53] [Server thread/INFO] [minecraft/GameTestServer]: [_]
[10:30:53] [Server thread/INFO] [minecraft/GameTestServer]: [_]
[10:30:53] [Server thread/INFO] [minecraft/GameTestServer]: [_]
[10:30:53] [Server thread/INFO] [minecraft/GameTestServer]: [_]
[10:30:53] [Server thread/INFO] [minecraft/MinecraftServer]: Проверка конечного места: 48%, изменено блоков: 0
[10:30:53] [Server thread/INFO] [minecraft/GameTestServer]: [_]
[10:30:54] [Server thread/INFO] [minecraft/GameTestServer]: [_]
[10:30:54] [Server thread/INFO] [minecraft/GameTestServer]: [_]
[10:30:54] [Server thread/INFO] [minecraft/GameTestServer]: [_]
[10:30:54] [Server thread/INFO] [minecraft/GameTestServer]: [_]
[10:30:54] [Server thread/INFO] [minecraft/MinecraftServer]: Проверка конечного места: 48%, изменено блоков: 0
[10:30:54] [Server thread/INFO] [minecraft/GameTestServer]: [_]
[10:30:54] [Server thread/INFO] [minecraft/GameTestServer]: [_]
[10:30:55] [Server thread/INFO] [minecraft/GameTestServer]: [_]
[10:30:55] [Server thread/INFO] [minecraft/GameTestServer]: [_]
[10:30:55] [Server thread/INFO] [minecraft/GameTestServer]: [_]
[10:30:55] [Server thread/INFO] [minecraft/MinecraftServer]: Проверка конечного места: 48%, изменено блоков: 0
[10:30:55] [Server thread/INFO] [minecraft/GameTestServer]: [_]
[10:30:55] [Server thread/INFO] [minecraft/GameTestServer]: [_]
[10:30:56] [Server thread/INFO] [minecraft/GameTestServer]: [_]
[10:30:56] [Server thread/INFO] [minecraft/GameTestServer]: [_]
[10:30:56] [Server thread/INFO] [minecraft/GameTestServer]: [_]
[10:30:56] [Server thread/INFO] [minecraft/MinecraftServer]: Проверка конечного места: 49%, изменено блоков: 0
[10:30:56] [Server thread/INFO] [minecraft/GameTestServer]: [_]
[10:30:56] [Server thread/INFO] [minecraft/GameTestServer]: [_]
[10:30:56] [Server thread/INFO] [minecraft/GameTestServer]: [_]
[10:30:57] [Server thread/INFO] [minecraft/GameTestServer]: [_]
[10:30:57] [Server thread/INFO] [minecraft/GameTestServer]: [_]
[10:30:57] [Server thread/INFO] [minecraft/MinecraftServer]: Проверка конечного места: 49%, изменено блоков: 0
[10:30:57] [Server thread/INFO] [minecraft/GameTestServer]: [_]
[10:30:57] [Server thread/INFO] [minecraft/GameTestServer]: [_]
[10:30:57] [Server thread/INFO] [minecraft/GameTestServer]: [_]
[10:30:58] [Server thread/INFO] [minecraft/GameTestServer]: [_]
[10:30:58] [Server thread/INFO] [minecraft/GameTestServer]: [_]
[10:30:58] [Server thread/INFO] [minecraft/MinecraftServer]: Проверка конечного места: 50%, изменено блоков: 0
[10:30:58] [Server thread/INFO] [minecraft/GameTestServer]: [_]
[10:30:58] [Server thread/INFO] [minecraft/GameTestServer]: [_]
[10:30:58] [Server thread/INFO] [minecraft/GameTestServer]: [_]
[10:30:58] [Server thread/INFO] [minecraft/GameTestServer]: [_]
[10:30:59] [Server thread/INFO] [minecraft/GameTestServer]: [_]
[10:30:59] [Server thread/INFO] [minecraft/MinecraftServer]: Проверка конечного места: 50%, изменено блоков: 0
[10:30:59] [Server thread/INFO] [minecraft/GameTestServer]: [_]
[10:30:59] [Server thread/INFO] [minecraft/GameTestServer]: [_]
[10:30:59] [Server thread/INFO] [minecraft/GameTestServer]: [_]
[10:30:59] [Server thread/INFO] [minecraft/GameTestServer]: [_]
[10:30:59] [Server thread/INFO] [minecraft/GameTestServer]: [_]
[10:30:59] [Server thread/INFO] [minecraft/MinecraftServer]: Проверка конечного места: 51%, изменено блоков: 0
[10:31:00] [Server thread/INFO] [minecraft/GameTestServer]: [_]
[10:31:00] [Server thread/INFO] [minecraft/GameTestServer]: [_]
[10:31:00] [Server thread/INFO] [minecraft/GameTestServer]: [_]
[10:31:00] [Server thread/INFO] [minecraft/GameTestServer]: [_]
[10:31:00] [Server thread/INFO] [minecraft/GameTestServer]: [_]
[10:31:01] [Server thread/INFO] [minecraft/MinecraftServer]: Проверка конечного места: 51%, изменено блоков: 0
[10:31:01] [Server thread/INFO] [minecraft/GameTestServer]: [_]
[10:31:01] [Server thread/INFO] [minecraft/GameTestServer]: [_]
[10:31:01] [Server thread/INFO] [minecraft/GameTestServer]: [_]
[10:31:01] [Server thread/INFO] [minecraft/GameTestServer]: [_]
[10:31:01] [Server thread/INFO] [minecraft/GameTestServer]: [_]
[10:31:02] [Server thread/INFO] [minecraft/MinecraftServer]: Проверка конечного места: 52%, изменено блоков: 0
[10:31:02] [Server thread/INFO] [minecraft/GameTestServer]: [_]
[10:31:02] [Server thread/INFO] [minecraft/GameTestServer]: [_]
[10:31:02] [Server thread/INFO] [minecraft/GameTestServer]: [_]
[10:31:02] [Server thread/INFO] [minecraft/GameTestServer]: [_]
[10:31:03] [Server thread/INFO] [minecraft/GameTestServer]: [_]
[10:31:03] [Server thread/INFO] [minecraft/MinecraftServer]: Проверка конечного места: 52%, изменено блоков: 0
[10:31:03] [Server thread/INFO] [minecraft/GameTestServer]: [_]
[10:31:03] [Server thread/INFO] [minecraft/GameTestServer]: [_]
[10:31:03] [Server thread/INFO] [minecraft/GameTestServer]: [_]
[10:31:03] [Server thread/INFO] [minecraft/GameTestServer]: [_]
[10:31:04] [Server thread/INFO] [minecraft/GameTestServer]: [_]
[10:31:04] [Server thread/INFO] [minecraft/MinecraftServer]: Проверка конечного места: 52%, изменено блоков: 0
[10:31:04] [Server thread/INFO] [minecraft/GameTestServer]: [_]
[10:31:04] [Server thread/INFO] [minecraft/GameTestServer]: [_]
[10:31:04] [Server thread/INFO] [minecraft/GameTestServer]: [_]
[10:31:04] [Server thread/INFO] [minecraft/GameTestServer]: [_]
[10:31:05] [Server thread/INFO] [minecraft/GameTestServer]: [_]
[10:31:05] [Server thread/INFO] [minecraft/MinecraftServer]: Проверка конечного места: 53%, изменено блоков: 0
[10:31:05] [Server thread/INFO] [minecraft/GameTestServer]: [_]
[10:31:05] [Server thread/INFO] [minecraft/GameTestServer]: [_]
[10:31:05] [Server thread/INFO] [minecraft/GameTestServer]: [_]
[10:31:05] [Server thread/INFO] [minecraft/GameTestServer]: [_]
[10:31:06] [Server thread/INFO] [minecraft/GameTestServer]: [_]
[10:31:06] [Server thread/INFO] [minecraft/MinecraftServer]: Проверка конечного места: 53%, изменено блоков: 0
[10:31:06] [Server thread/INFO] [minecraft/GameTestServer]: [_]
[10:31:06] [Server thread/INFO] [minecraft/GameTestServer]: [_]
[10:31:06] [Server thread/INFO] [minecraft/GameTestServer]: [_]
[10:31:07] [Server thread/INFO] [minecraft/GameTestServer]: [_]
[10:31:07] [Server thread/INFO] [minecraft/GameTestServer]: [_]
[10:31:07] [Server thread/INFO] [minecraft/MinecraftServer]: Проверка конечного места: 53%, изменено блоков: 0
[10:31:07] [Server thread/INFO] [minecraft/GameTestServer]: [_]
[10:31:07] [Server thread/INFO] [minecraft/GameTestServer]: [_]
[10:31:07] [Server thread/INFO] [minecraft/GameTestServer]: [_]
[10:31:08] [Server thread/INFO] [minecraft/GameTestServer]: [_]
[10:31:08] [Server thread/INFO] [minecraft/GameTestServer]: [_]
[10:31:08] [Server thread/INFO] [minecraft/MinecraftServer]: Проверка конечного места: 54%, изменено блоков: 0
[10:31:08] [Server thread/INFO] [minecraft/GameTestServer]: [_]
[10:31:08] [Server thread/INFO] [minecraft/GameTestServer]: [_]
[10:31:08] [Server thread/INFO] [minecraft/GameTestServer]: [_]
[10:31:09] [Server thread/INFO] [minecraft/GameTestServer]: [_]
[10:31:09] [Server thread/INFO] [minecraft/GameTestServer]: [_]
[10:31:09] [Server thread/INFO] [minecraft/MinecraftServer]: Проверка конечного места: 54%, изменено блоков: 0
[10:31:09] [Server thread/INFO] [minecraft/GameTestServer]: [_]
[10:31:09] [Server thread/INFO] [minecraft/GameTestServer]: [_]
[10:31:09] [Server thread/INFO] [minecraft/GameTestServer]: [_]
[10:31:10] [Server thread/INFO] [minecraft/GameTestServer]: [_]
[10:31:10] [Server thread/INFO] [minecraft/GameTestServer]: [_]
[10:31:10] [Server thread/INFO] [minecraft/MinecraftServer]: Проверка конечного места: 55%, изменено блоков: 0
[10:31:10] [Server thread/INFO] [minecraft/GameTestServer]: [_]
[10:31:10] [Server thread/INFO] [minecraft/GameTestServer]: [_]
[10:31:11] [Server thread/INFO] [minecraft/GameTestServer]: [_]
[10:31:11] [Server thread/INFO] [minecraft/GameTestServer]: [_]
[10:31:11] [Server thread/INFO] [minecraft/GameTestServer]: [_]
[10:31:11] [Server thread/INFO] [minecraft/MinecraftServer]: Проверка конечного места: 55%, изменено блоков: 0
[10:31:11] [Server thread/INFO] [minecraft/GameTestServer]: [_]
[10:31:11] [Server thread/INFO] [minecraft/GameTestServer]: [_]
[10:31:12] [Server thread/INFO] [minecraft/GameTestServer]: [_]
[10:31:12] [Server thread/INFO] [minecraft/GameTestServer]: [_]
[10:31:12] [Server thread/INFO] [minecraft/GameTestServer]: [_]
[10:31:12] [Server thread/INFO] [minecraft/MinecraftServer]: Проверка конечного места: 55%, изменено блоков: 0
[10:31:12] [Server thread/INFO] [minecraft/GameTestServer]: [_]
[10:31:12] [Server thread/INFO] [minecraft/GameTestServer]: [_]
[10:31:13] [Server thread/INFO] [minecraft/GameTestServer]: [_]
[10:31:13] [Server thread/INFO] [minecraft/GameTestServer]: [_]
[10:31:13] [Server thread/INFO] [minecraft/GameTestServer]: [_]
[10:31:13] [Server thread/INFO] [minecraft/MinecraftServer]: Проверка конечного места: 56%, изменено блоков: 0
[10:31:13] [Server thread/INFO] [minecraft/GameTestServer]: [_]
[10:31:14] [Server thread/INFO] [minecraft/GameTestServer]: [_]
[10:31:14] [Server thread/INFO] [minecraft/GameTestServer]: [_]
[10:31:14] [Server thread/INFO] [minecraft/GameTestServer]: [_]
[10:31:14] [Server thread/INFO] [minecraft/GameTestServer]: [_]
[10:31:14] [Server thread/INFO] [minecraft/MinecraftServer]: Проверка конечного места: 56%, изменено блоков: 0
[10:31:14] [Server thread/INFO] [minecraft/GameTestServer]: [_]
[10:31:15] [Server thread/INFO] [minecraft/GameTestServer]: [_]
[10:31:15] [Server thread/INFO] [minecraft/GameTestServer]: [_]
[10:31:15] [Server thread/INFO] [minecraft/GameTestServer]: [_]
[10:31:15] [Server thread/INFO] [minecraft/GameTestServer]: [_]
[10:31:15] [Server thread/INFO] [minecraft/MinecraftServer]: Проверка конечного места: 56%, изменено блоков: 0
[10:31:15] [Server thread/INFO] [minecraft/GameTestServer]: [_]
[10:31:16] [Server thread/INFO] [minecraft/GameTestServer]: [_]
[10:31:16] [Server thread/INFO] [minecraft/GameTestServer]: [_]
[10:31:16] [Server thread/INFO] [minecraft/GameTestServer]: [_]
[10:31:16] [Server thread/INFO] [minecraft/GameTestServer]: [_]
[10:31:16] [Server thread/INFO] [minecraft/MinecraftServer]: Проверка конечного места: 57%, изменено блоков: 0
[10:31:17] [Server thread/INFO] [minecraft/GameTestServer]: [_]
[10:31:17] [Server thread/INFO] [minecraft/GameTestServer]: [_]
[10:31:17] [Server thread/INFO] [minecraft/GameTestServer]: [_]
[10:31:17] [Server thread/INFO] [minecraft/GameTestServer]: [_]
[10:31:17] [Server thread/INFO] [minecraft/GameTestServer]: [_]
[10:31:18] [Server thread/INFO] [minecraft/MinecraftServer]: Проверка конечного места: 57%, изменено блоков: 0
[10:31:18] [Server thread/INFO] [minecraft/GameTestServer]: [_]
[10:31:18] [Server thread/INFO] [minecraft/GameTestServer]: [_]
[10:31:18] [Server thread/INFO] [minecraft/GameTestServer]: [_]
[10:31:18] [Server thread/INFO] [minecraft/GameTestServer]: [_]
[10:31:18] [Server thread/INFO] [minecraft/GameTestServer]: [_]
[10:31:19] [Server thread/INFO] [minecraft/MinecraftServer]: Проверка конечного места: 58%, изменено блоков: 0
[10:31:19] [Server thread/INFO] [minecraft/GameTestServer]: [_]
[10:31:19] [Server thread/INFO] [minecraft/GameTestServer]: [_]
[10:31:19] [Server thread/INFO] [minecraft/GameTestServer]: [_]
[10:31:19] [Server thread/INFO] [minecraft/GameTestServer]: [_]
[10:31:19] [Server thread/INFO] [minecraft/GameTestServer]: [_]
[10:31:20] [Server thread/INFO] [minecraft/MinecraftServer]: Проверка конечного места: 58%, изменено блоков: 0
[10:31:20] [Server thread/INFO] [minecraft/GameTestServer]: [_]
[10:31:20] [Server thread/INFO] [minecraft/GameTestServer]: [_]
[10:31:20] [Server thread/INFO] [minecraft/GameTestServer]: [_]
[10:31:20] [Server thread/INFO] [minecraft/GameTestServer]: [_]
[10:31:21] [Server thread/INFO] [minecraft/GameTestServer]: [_]
[10:31:21] [Server thread/INFO] [minecraft/MinecraftServer]: Проверка конечного места: 58%, изменено блоков: 0
[10:31:21] [Server thread/INFO] [minecraft/GameTestServer]: [_]
[10:31:21] [Server thread/INFO] [minecraft/GameTestServer]: [_]
[10:31:21] [Server thread/INFO] [minecraft/GameTestServer]: [_]
[10:31:21] [Server thread/INFO] [minecraft/GameTestServer]: [_]
[10:31:22] [Server thread/INFO] [minecraft/GameTestServer]: [_]
[10:31:22] [Server thread/INFO] [minecraft/MinecraftServer]: Проверка конечного места: 59%, изменено блоков: 0
[10:31:22] [Server thread/INFO] [minecraft/GameTestServer]: [_]
[10:31:22] [Server thread/INFO] [minecraft/GameTestServer]: [_]
[10:31:22] [Server thread/INFO] [minecraft/GameTestServer]: [_]
[10:31:23] [Server thread/INFO] [minecraft/GameTestServer]: [_]
[10:31:23] [Server thread/INFO] [minecraft/GameTestServer]: [_]
[10:31:23] [Server thread/INFO] [minecraft/MinecraftServer]: Проверка конечного места: 59%, изменено блоков: 0
[10:31:23] [Server thread/INFO] [minecraft/GameTestServer]: [_]
[10:31:23] [Server thread/INFO] [minecraft/GameTestServer]: [_]
[10:31:23] [Server thread/INFO] [minecraft/GameTestServer]: [_]
[10:31:24] [Server thread/INFO] [minecraft/GameTestServer]: [_]
[10:31:24] [Server thread/INFO] [minecraft/GameTestServer]: [_]
[10:31:24] [Server thread/INFO] [minecraft/MinecraftServer]: Проверка конечного места: 60%, изменено блоков: 0
[10:31:24] [Server thread/INFO] [minecraft/GameTestServer]: [_]
[10:31:24] [Server thread/INFO] [minecraft/GameTestServer]: [_]
[10:31:24] [Server thread/INFO] [minecraft/GameTestServer]: [_]
[10:31:25] [Server thread/INFO] [minecraft/GameTestServer]: [_]
[10:31:25] [Server thread/INFO] [minecraft/GameTestServer]: [_]
[10:31:25] [Server thread/INFO] [minecraft/MinecraftServer]: Проверка конечного места: 60%, изменено блоков: 0
[10:31:25] [Server thread/INFO] [minecraft/GameTestServer]: [_]
[10:31:25] [Server thread/INFO] [minecraft/GameTestServer]: [_]
[10:31:25] [Server thread/INFO] [minecraft/GameTestServer]: [_]
[10:31:26] [Server thread/INFO] [minecraft/GameTestServer]: [_]
[10:31:26] [Server thread/INFO] [minecraft/GameTestServer]: [_]
[10:31:26] [Server thread/INFO] [minecraft/MinecraftServer]: Проверка конечного места: 61%, изменено блоков: 0
[10:31:26] [Server thread/INFO] [minecraft/GameTestServer]: [_]
[10:31:26] [Server thread/INFO] [minecraft/GameTestServer]: [_]
[10:31:26] [Server thread/INFO] [minecraft/GameTestServer]: [_]
[10:31:27] [Server thread/INFO] [minecraft/GameTestServer]: [_]
[10:31:27] [Server thread/INFO] [minecraft/GameTestServer]: [_]
[10:31:27] [Server thread/INFO] [minecraft/MinecraftServer]: Проверка конечного места: 61%, изменено блоков: 0
[10:31:27] [Server thread/INFO] [minecraft/GameTestServer]: [_]
[10:31:27] [Server thread/INFO] [minecraft/GameTestServer]: [_]
[10:31:28] [Server thread/INFO] [minecraft/GameTestServer]: [_]
[10:31:28] [Server thread/INFO] [minecraft/GameTestServer]: [_]
[10:31:28] [Server thread/INFO] [minecraft/GameTestServer]: [_]
[10:31:28] [Server thread/INFO] [minecraft/MinecraftServer]: Проверка конечного места: 61%, изменено блоков: 0
[10:31:28] [Server thread/INFO] [minecraft/GameTestServer]: [_]
[10:31:28] [Server thread/INFO] [minecraft/GameTestServer]: [_]
[10:31:29] [Server thread/INFO] [minecraft/GameTestServer]: [_]
[10:31:29] [Server thread/INFO] [minecraft/GameTestServer]: [_]
[10:31:29] [Server thread/INFO] [minecraft/GameTestServer]: [_]
[10:31:29] [Server thread/INFO] [minecraft/MinecraftServer]: Проверка конечного места: 61%, изменено блоков: 0
[10:31:29] [Server thread/INFO] [minecraft/GameTestServer]: [_]
[10:31:29] [Server thread/INFO] [minecraft/GameTestServer]: [_]
[10:31:30] [Server thread/INFO] [minecraft/GameTestServer]: [_]
[10:31:30] [Server thread/INFO] [minecraft/GameTestServer]: [_]
[10:31:30] [Server thread/INFO] [minecraft/GameTestServer]: [_]
[10:31:30] [Server thread/INFO] [minecraft/MinecraftServer]: Проверка конечного места: 62%, изменено блоков: 0
[10:31:30] [Server thread/INFO] [minecraft/GameTestServer]: [_]
[10:31:31] [Server thread/INFO] [minecraft/GameTestServer]: [_]
[10:31:31] [Server thread/INFO] [minecraft/GameTestServer]: [_]
[10:31:31] [Server thread/INFO] [minecraft/GameTestServer]: [_]
[10:31:31] [Server thread/INFO] [minecraft/GameTestServer]: [_]
[10:31:31] [Server thread/INFO] [minecraft/MinecraftServer]: Проверка конечного места: 62%, изменено блоков: 0
[10:31:31] [Server thread/INFO] [minecraft/GameTestServer]: [_]
[10:31:32] [Server thread/INFO] [minecraft/GameTestServer]: [_]
[10:31:32] [Server thread/INFO] [minecraft/GameTestServer]: [_]
[10:31:32] [Server thread/INFO] [minecraft/GameTestServer]: [_]
[10:31:32] [Server thread/INFO] [minecraft/GameTestServer]: [_]
[10:31:32] [Server thread/INFO] [minecraft/MinecraftServer]: Проверка конечного места: 63%, изменено блоков: 0
[10:31:33] [Server thread/INFO] [minecraft/GameTestServer]: [_]
[10:31:33] [Server thread/INFO] [minecraft/GameTestServer]: [_]
[10:31:33] [Server thread/INFO] [minecraft/GameTestServer]: [_]
[10:31:33] [Server thread/INFO] [minecraft/GameTestServer]: [_]
[10:31:33] [Server thread/INFO] [minecraft/GameTestServer]: [_]
[10:31:34] [Server thread/INFO] [minecraft/MinecraftServer]: Проверка конечного места: 63%, изменено блоков: 0
[10:31:34] [Server thread/INFO] [minecraft/GameTestServer]: [_]
[10:31:34] [Server thread/INFO] [minecraft/GameTestServer]: [_]
[10:31:34] [Server thread/INFO] [minecraft/GameTestServer]: [_]
[10:31:34] [Server thread/INFO] [minecraft/GameTestServer]: [_]
[10:31:35] [Server thread/INFO] [minecraft/GameTestServer]: [_]
[10:31:35] [Server thread/INFO] [minecraft/MinecraftServer]: Проверка конечного места: 63%, изменено блоков: 0
[10:31:35] [Server thread/INFO] [minecraft/GameTestServer]: [_]
[10:31:35] [Server thread/INFO] [minecraft/GameTestServer]: [_]
[10:31:35] [Server thread/INFO] [minecraft/GameTestServer]: [_]
[10:31:35] [Server thread/INFO] [minecraft/GameTestServer]: [_]
[10:31:36] [Server thread/INFO] [minecraft/GameTestServer]: [_]
[10:31:36] [Server thread/INFO] [minecraft/MinecraftServer]: Проверка конечного места: 64%, изменено блоков: 0
[10:31:36] [Server thread/INFO] [minecraft/GameTestServer]: [_]
[10:31:36] [Server thread/INFO] [minecraft/GameTestServer]: [_]
[10:31:36] [Server thread/INFO] [minecraft/GameTestServer]: [_]
[10:31:36] [Server thread/INFO] [minecraft/GameTestServer]: [_]
[10:31:37] [Server thread/INFO] [minecraft/GameTestServer]: [_]
[10:31:37] [Server thread/INFO] [minecraft/MinecraftServer]: Проверка конечного места: 64%, изменено блоков: 0
[10:31:37] [Server thread/INFO] [minecraft/GameTestServer]: [_]
[10:31:37] [Server thread/INFO] [minecraft/GameTestServer]: [_]
[10:31:37] [Server thread/INFO] [minecraft/GameTestServer]: [_]
[10:31:37] [Server thread/INFO] [minecraft/GameTestServer]: [_]
[10:31:38] [Server thread/INFO] [minecraft/GameTestServer]: [_]
[10:31:38] [Server thread/INFO] [minecraft/MinecraftServer]: Проверка конечного места: 64%, изменено блоков: 0
[10:31:38] [Server thread/INFO] [minecraft/GameTestServer]: [_]
[10:31:38] [Server thread/INFO] [minecraft/GameTestServer]: [_]
[10:31:38] [Server thread/INFO] [minecraft/GameTestServer]: [_]
[10:31:38] [Server thread/INFO] [minecraft/GameTestServer]: [_]
[10:31:39] [Server thread/INFO] [minecraft/GameTestServer]: [_]
[10:31:39] [Server thread/INFO] [minecraft/MinecraftServer]: Проверка конечного места: 65%, изменено блоков: 0
[10:31:39] [Server thread/INFO] [minecraft/GameTestServer]: [_]
[10:31:39] [Server thread/INFO] [minecraft/GameTestServer]: [_]
[10:31:39] [Server thread/INFO] [minecraft/GameTestServer]: [_]
[10:31:39] [Server thread/INFO] [minecraft/GameTestServer]: [_]
[10:31:40] [Server thread/INFO] [minecraft/GameTestServer]: [_]
[10:31:40] [Server thread/INFO] [minecraft/MinecraftServer]: Проверка конечного места: 65%, изменено блоков: 0
[10:31:40] [Server thread/INFO] [minecraft/GameTestServer]: [_]
[10:31:40] [Server thread/INFO] [minecraft/GameTestServer]: [_]
[10:31:40] [Server thread/INFO] [minecraft/GameTestServer]: [_]
[10:31:40] [Server thread/INFO] [minecraft/GameTestServer]: [_]
[10:31:41] [Server thread/INFO] [minecraft/GameTestServer]: [_]
[10:31:41] [Server thread/INFO] [minecraft/MinecraftServer]: Проверка конечного места: 66%, изменено блоков: 0
[10:31:41] [Server thread/INFO] [minecraft/GameTestServer]: [_]
[10:31:41] [Server thread/INFO] [minecraft/GameTestServer]: [_]
[10:31:41] [Server thread/INFO] [minecraft/GameTestServer]: [_]
[10:31:41] [Server thread/INFO] [minecraft/GameTestServer]: [_]
[10:31:41] [Server thread/INFO] [minecraft/GameTestServer]: [_]
[10:31:42] [Server thread/INFO] [minecraft/MinecraftServer]: Проверка конечного места: 66%, изменено блоков: 0
[10:31:42] [Server thread/INFO] [minecraft/GameTestServer]: [_]
[10:31:42] [Server thread/INFO] [minecraft/GameTestServer]: [_]
[10:31:42] [Server thread/INFO] [minecraft/GameTestServer]: [_]
[10:31:42] [Server thread/INFO] [minecraft/GameTestServer]: [_]
[10:31:42] [Server thread/INFO] [minecraft/GameTestServer]: [_]
[10:31:42] [Server thread/INFO] [minecraft/MinecraftServer]: Проверка конечного места: 67%, изменено блоков: 0
[10:31:43] [Server thread/INFO] [minecraft/GameTestServer]: [_]
[10:31:43] [Server thread/INFO] [minecraft/GameTestServer]: [_]
[10:31:43] [Server thread/INFO] [minecraft/GameTestServer]: [_]
[10:31:43] [Server thread/INFO] [minecraft/GameTestServer]: [_]
[10:31:43] [Server thread/INFO] [minecraft/GameTestServer]: [_]
[10:31:43] [Server thread/INFO] [minecraft/MinecraftServer]: Проверка конечного места: 67%, изменено блоков: 0
[10:31:43] [Server thread/INFO] [minecraft/GameTestServer]: [_]
[10:31:43] [Server thread/INFO] [minecraft/GameTestServer]: [_]
[10:31:44] [Server thread/INFO] [minecraft/GameTestServer]: [_]
[10:31:44] [Server thread/INFO] [minecraft/GameTestServer]: [_]
[10:31:44] [Server thread/INFO] [minecraft/GameTestServer]: [_]
[10:31:44] [Server thread/INFO] [minecraft/MinecraftServer]: Проверка конечного места: 68%, изменено блоков: 0
[10:31:44] [Server thread/INFO] [minecraft/GameTestServer]: [_]
[10:31:44] [Server thread/INFO] [minecraft/GameTestServer]: [_]
[10:31:44] [Server thread/INFO] [minecraft/GameTestServer]: [_]
[10:31:45] [Server thread/INFO] [minecraft/GameTestServer]: [_]
[10:31:45] [Server thread/INFO] [minecraft/GameTestServer]: [_]
[10:31:45] [Server thread/INFO] [minecraft/MinecraftServer]: Проверка конечного места: 68%, изменено блоков: 0
[10:31:45] [Server thread/INFO] [minecraft/GameTestServer]: [_]
[10:31:45] [Server thread/INFO] [minecraft/GameTestServer]: [_]
[10:31:45] [Server thread/INFO] [minecraft/GameTestServer]: [_]
[10:31:45] [Server thread/INFO] [minecraft/GameTestServer]: [_]
[10:31:46] [Server thread/INFO] [minecraft/GameTestServer]: [_]
[10:31:46] [Server thread/INFO] [minecraft/MinecraftServer]: Проверка конечного места: 69%, изменено блоков: 0
[10:31:46] [Server thread/INFO] [minecraft/GameTestServer]: [_]
[10:31:46] [Server thread/INFO] [minecraft/GameTestServer]: [_]
[10:31:46] [Server thread/INFO] [minecraft/GameTestServer]: [_]
[10:31:46] [Server thread/INFO] [minecraft/GameTestServer]: [_]
[10:31:47] [Server thread/INFO] [minecraft/GameTestServer]: [_]
[10:31:47] [Server thread/INFO] [minecraft/MinecraftServer]: Проверка конечного места: 69%, изменено блоков: 0
[10:31:47] [Server thread/INFO] [minecraft/GameTestServer]: [_]
[10:31:47] [Server thread/INFO] [minecraft/GameTestServer]: [_]
[10:31:47] [Server thread/INFO] [minecraft/GameTestServer]: [_]
[10:31:47] [Server thread/INFO] [minecraft/GameTestServer]: [_]
[10:31:48] [Server thread/INFO] [minecraft/GameTestServer]: [_]
[10:31:48] [Server thread/INFO] [minecraft/MinecraftServer]: Проверка конечного места: 69%, изменено блоков: 0
[10:31:48] [Server thread/INFO] [minecraft/GameTestServer]: [_]
[10:31:48] [Server thread/INFO] [minecraft/GameTestServer]: [_]
[10:31:48] [Server thread/INFO] [minecraft/GameTestServer]: [_]
[10:31:48] [Server thread/INFO] [minecraft/GameTestServer]: [_]
[10:31:49] [Server thread/INFO] [minecraft/GameTestServer]: [_]
[10:31:49] [Server thread/INFO] [minecraft/MinecraftServer]: Проверка конечного места: 70%, изменено блоков: 0
[10:31:49] [Server thread/INFO] [minecraft/GameTestServer]: [_]
[10:31:49] [Server thread/INFO] [minecraft/GameTestServer]: [_]
[10:31:49] [Server thread/INFO] [minecraft/GameTestServer]: [_]
[10:31:49] [Server thread/INFO] [minecraft/GameTestServer]: [_]
[10:31:50] [Server thread/INFO] [minecraft/GameTestServer]: [_]
[10:31:50] [Server thread/INFO] [minecraft/MinecraftServer]: Проверка конечного места: 70%, изменено блоков: 0
[10:31:50] [Server thread/INFO] [minecraft/GameTestServer]: [_]
[10:31:50] [Server thread/INFO] [minecraft/GameTestServer]: [_]
[10:31:50] [Server thread/INFO] [minecraft/MinecraftServer]: Проверяется другая площадка: 7 / 16
[10:31:50] [Server thread/INFO] [minecraft/GameTestServer]: [_]
[10:31:50] [Server thread/INFO] [minecraft/GameTestServer]: [_]
[10:31:50] [Server thread/INFO] [minecraft/GameTestServer]: [_]
[10:31:50] [Server thread/INFO] [minecraft/MinecraftServer]: Загрузка территории: 86%, изменено блоков: 0
[10:31:50] [Server thread/INFO] [minecraft/GameTestServer]: [_]
[10:31:51] [Server thread/INFO] [minecraft/GameTestServer]: [_]
[10:31:51] [Server thread/INFO] [minecraft/GameTestServer]: [_]
[10:31:51] [Server thread/INFO] [minecraft/GameTestServer]: [_]
[10:31:51] [Server thread/INFO] [minecraft/GameTestServer]: [_]
[10:31:51] [Server thread/INFO] [minecraft/MinecraftServer]: Загрузка территории: 26%, изменено блоков: 0
[10:31:51] [Server thread/INFO] [minecraft/GameTestServer]: [_]
[10:31:51] [Server thread/INFO] [minecraft/GameTestServer]: [_]
[10:31:51] [Server thread/INFO] [minecraft/GameTestServer]: [_]
[10:31:51] [Server thread/INFO] [minecraft/GameTestServer]: [_]
[10:31:52] [Server thread/INFO] [minecraft/GameTestServer]: [_]
[10:31:52] [Server thread/INFO] [minecraft/MinecraftServer]: Загрузка территории: 57%, изменено блоков: 0
[10:31:52] [Server thread/INFO] [minecraft/GameTestServer]: [_]
[10:31:52] [Server thread/INFO] [minecraft/GameTestServer]: [_]
[10:31:52] [Server thread/INFO] [minecraft/GameTestServer]: [_]
[10:31:52] [Server thread/INFO] [minecraft/GameTestServer]: [_]
[10:31:52] [Server thread/INFO] [minecraft/GameTestServer]: [_]
[10:31:52] [Server thread/INFO] [minecraft/MinecraftServer]: Загрузка территории: 88%, изменено блоков: 0
[10:31:52] [Server thread/INFO] [minecraft/GameTestServer]: [_]
[10:31:52] [Server thread/INFO] [minecraft/GameTestServer]: [_]
[10:31:52] [Server thread/INFO] [minecraft/MinecraftServer]: Чанки загружены. Подготовка окончательного положения на Y=0
[10:31:52] [Server thread/INFO] [minecraft/GameTestServer]: [_]
[10:31:53] [Server thread/INFO] [minecraft/GameTestServer]: [_]
[10:31:53] [Server thread/INFO] [minecraft/GameTestServer]: [_]
[10:31:53] [Server thread/INFO] [minecraft/MinecraftServer]: Планирование грунта: 10%, изменено блоков: 0
[10:31:53] [Server thread/INFO] [minecraft/GameTestServer]: [_]
[10:31:53] [Server thread/INFO] [minecraft/GameTestServer]: [_]
[10:31:53] [Server thread/INFO] [minecraft/GameTestServer]: [_]
[10:31:53] [Server thread/INFO] [minecraft/GameTestServer]: [_]
[10:31:53] [Server thread/INFO] [minecraft/GameTestServer]: [_]
[10:31:54] [Server thread/INFO] [minecraft/MinecraftServer]: Планирование грунта: 27%, изменено блоков: 0
[10:31:54] [Server thread/INFO] [minecraft/GameTestServer]: [_]
[10:31:54] [Server thread/INFO] [minecraft/GameTestServer]: [_]
[10:31:54] [Server thread/INFO] [minecraft/GameTestServer]: [_]
[10:31:54] [Server thread/INFO] [minecraft/GameTestServer]: [_]
[10:31:54] [Server thread/INFO] [minecraft/GameTestServer]: [_]
[10:31:54] [Server thread/INFO] [minecraft/MinecraftServer]: Планирование грунта: 44%, изменено блоков: 0
[10:31:54] [Server thread/INFO] [minecraft/GameTestServer]: [_]
[10:31:54] [Server thread/INFO] [minecraft/GameTestServer]: [_]
[10:31:55] [Server thread/INFO] [minecraft/GameTestServer]: [_]
[10:31:55] [Server thread/INFO] [minecraft/GameTestServer]: [_]
[10:31:55] [Server thread/INFO] [minecraft/GameTestServer]: [_]
[10:31:55] [Server thread/INFO] [minecraft/MinecraftServer]: Планирование грунта: 61%, изменено блоков: 0
[10:31:55] [Server thread/INFO] [minecraft/GameTestServer]: [_]
[10:31:55] [Server thread/INFO] [minecraft/GameTestServer]: [_]
[10:31:55] [Server thread/INFO] [minecraft/GameTestServer]: [_]
[10:31:55] [Server thread/INFO] [minecraft/GameTestServer]: [_]
[10:31:55] [Server thread/INFO] [minecraft/GameTestServer]: [_]
[10:31:56] [Server thread/INFO] [minecraft/MinecraftServer]: Планирование грунта: 78%, изменено блоков: 0
[10:31:56] [Server thread/INFO] [minecraft/GameTestServer]: [_]
[10:31:56] [Server thread/INFO] [minecraft/GameTestServer]: [_]
[10:31:56] [Server thread/INFO] [minecraft/GameTestServer]: [_]
[10:31:56] [Server thread/INFO] [minecraft/GameTestServer]: [_]
[10:31:56] [Server thread/INFO] [minecraft/GameTestServer]: [_]
[10:31:56] [Server thread/INFO] [minecraft/MinecraftServer]: Планирование грунта: 95%, изменено блоков: 0
[10:31:56] [Server thread/INFO] [minecraft/GameTestServer]: [_]
[10:31:56] [Server thread/INFO] [minecraft/GameTestServer]: [_]
[10:31:57] [Server thread/INFO] [minecraft/GameTestServer]: [_]
[10:31:57] [Server thread/INFO] [minecraft/GameTestServer]: [_]
[10:31:57] [Server thread/INFO] [minecraft/MinecraftServer]: Проверяется другая площадка: 8 / 16
[10:31:57] [Server thread/INFO] [minecraft/GameTestServer]: [_]
[10:31:57] [Server thread/INFO] [minecraft/MinecraftServer]: Загрузка территории: 33%, изменено блоков: 0
[10:31:57] [Server thread/INFO] [minecraft/GameTestServer]: [_]
[10:31:57] [Server thread/INFO] [minecraft/GameTestServer]: [_]
[10:31:57] [Server thread/INFO] [minecraft/GameTestServer]: [_]
[10:31:57] [Server thread/INFO] [minecraft/GameTestServer]: [_]
[10:31:58] [Server thread/INFO] [minecraft/GameTestServer]: [_]
[10:31:58] [Server thread/INFO] [minecraft/MinecraftServer]: Загрузка территории: 13%, изменено блоков: 0
[10:31:58] [Server thread/INFO] [minecraft/GameTestServer]: [_]
[10:31:58] [Server thread/INFO] [minecraft/GameTestServer]: [_]
[10:31:58] [Server thread/INFO] [minecraft/GameTestServer]: [_]
[10:31:58] [Server thread/INFO] [minecraft/GameTestServer]: [_]
[10:31:58] [Server thread/INFO] [minecraft/GameTestServer]: [_]
[10:31:58] [Server thread/INFO] [minecraft/MinecraftServer]: Загрузка территории: 44%, изменено блоков: 0
[10:31:58] [Server thread/INFO] [minecraft/GameTestServer]: [_]
[10:31:59] [Server thread/INFO] [minecraft/GameTestServer]: [_]
[10:31:59] [Server thread/INFO] [minecraft/GameTestServer]: [_]
[10:31:59] [Server thread/INFO] [minecraft/GameTestServer]: [_]
[10:31:59] [Server thread/INFO] [minecraft/GameTestServer]: [_]
[10:31:59] [Server thread/INFO] [minecraft/MinecraftServer]: Загрузка территории: 75%, изменено блоков: 0
[10:31:59] [Server thread/INFO] [minecraft/GameTestServer]: [_]
[10:31:59] [Server thread/INFO] [minecraft/GameTestServer]: [_]
[10:31:59] [Server thread/INFO] [minecraft/GameTestServer]: [_]
[10:31:59] [Server thread/INFO] [minecraft/GameTestServer]: [_]
[10:31:59] [Server thread/INFO] [minecraft/MinecraftServer]: Чанки загружены. Подготовка окончательного положения на Y=0
[10:32:00] [Server thread/INFO] [minecraft/GameTestServer]: [_]
[10:32:00] [Server thread/INFO] [minecraft/MinecraftServer]: Планирование грунта: 3%, изменено блоков: 0
[10:32:00] [Server thread/INFO] [minecraft/GameTestServer]: [_]
[10:32:00] [Server thread/INFO] [minecraft/GameTestServer]: [_]
[10:32:00] [Server thread/INFO] [minecraft/GameTestServer]: [_]
[10:32:00] [Server thread/INFO] [minecraft/GameTestServer]: [_]
[10:32:00] [Server thread/INFO] [minecraft/GameTestServer]: [_]
[10:32:00] [Server thread/INFO] [minecraft/MinecraftServer]: Планирование грунта: 20%, изменено блоков: 0
[10:32:00] [Server thread/INFO] [minecraft/GameTestServer]: [_]
[10:32:01] [Server thread/INFO] [minecraft/GameTestServer]: [_]
[10:32:01] [Server thread/INFO] [minecraft/GameTestServer]: [_]
[10:32:01] [Server thread/INFO] [minecraft/GameTestServer]: [_]
[10:32:01] [Server thread/INFO] [minecraft/GameTestServer]: [_]
[10:32:01] [Server thread/INFO] [minecraft/MinecraftServer]: Планирование грунта: 37%, изменено блоков: 0
[10:32:01] [Server thread/INFO] [minecraft/GameTestServer]: [_]
[10:32:01] [Server thread/INFO] [minecraft/GameTestServer]: [_]
[10:32:01] [Server thread/INFO] [minecraft/GameTestServer]: [_]
[10:32:01] [Server thread/INFO] [minecraft/GameTestServer]: [_]
[10:32:02] [Server thread/INFO] [minecraft/GameTestServer]: [_]
[10:32:02] [Server thread/INFO] [minecraft/MinecraftServer]: Планирование грунта: 54%, изменено блоков: 0
[10:32:02] [Server thread/INFO] [minecraft/GameTestServer]: [_]
[10:32:02] [Server thread/INFO] [minecraft/GameTestServer]: [_]
[10:32:02] [Server thread/INFO] [minecraft/GameTestServer]: [_]
[10:32:02] [Server thread/INFO] [minecraft/GameTestServer]: [_]
[10:32:02] [Server thread/INFO] [minecraft/GameTestServer]: [_]
[10:32:02] [Server thread/INFO] [minecraft/MinecraftServer]: Планирование грунта: 71%, изменено блоков: 0
[10:32:02] [Server thread/INFO] [minecraft/GameTestServer]: [_]
[10:32:03] [Server thread/INFO] [minecraft/GameTestServer]: [_]
[10:32:03] [Server thread/INFO] [minecraft/GameTestServer]: [_]
[10:32:03] [Server thread/INFO] [minecraft/GameTestServer]: [_]
[10:32:03] [Server thread/INFO] [minecraft/GameTestServer]: [_]
[10:32:03] [Server thread/INFO] [minecraft/MinecraftServer]: Планирование грунта: 88%, изменено блоков: 0
[10:32:03] [Server thread/INFO] [minecraft/GameTestServer]: [_]
[10:32:03] [Server thread/INFO] [minecraft/GameTestServer]: [_]
[10:32:03] [Server thread/INFO] [minecraft/GameTestServer]: [_]
[10:32:04] [Server thread/INFO] [minecraft/GameTestServer]: [_]
[10:32:04] [Server thread/INFO] [minecraft/MinecraftServer]: Проверяется другая площадка: 9 / 16
[10:32:04] [Server thread/INFO] [minecraft/GameTestServer]: [_]
[10:32:04] [Server thread/INFO] [minecraft/MinecraftServer]: Загрузка территории: 38%, изменено блоков: 0
[10:32:04] [Server thread/INFO] [minecraft/GameTestServer]: [_]
[10:32:04] [Server thread/INFO] [minecraft/GameTestServer]: [_]
[10:32:04] [Server thread/INFO] [minecraft/GameTestServer]: [_]
[10:32:04] [Server thread/INFO] [minecraft/GameTestServer]: [_]
[10:32:04] [Server thread/INFO] [minecraft/GameTestServer]: [_]
[10:32:04] [Server thread/INFO] [minecraft/MinecraftServer]: Загрузка территории: 15%, изменено блоков: 0
[10:32:04] [Server thread/INFO] [minecraft/GameTestServer]: [_]
[10:32:05] [Server thread/INFO] [minecraft/GameTestServer]: [_]
[10:32:05] [Server thread/INFO] [minecraft/GameTestServer]: [_]
[10:32:05] [Server thread/INFO] [minecraft/GameTestServer]: [_]
[10:32:05] [Server thread/INFO] [minecraft/GameTestServer]: [_]
[10:32:05] [Server thread/INFO] [minecraft/MinecraftServer]: Загрузка территории: 46%, изменено блоков: 0
[10:32:05] [Server thread/INFO] [minecraft/GameTestServer]: [_]
[10:32:05] [Server thread/INFO] [minecraft/GameTestServer]: [_]
[10:32:05] [Server thread/INFO] [minecraft/GameTestServer]: [_]
[10:32:05] [Server thread/INFO] [minecraft/GameTestServer]: [_]
[10:32:06] [Server thread/INFO] [minecraft/GameTestServer]: [_]
[10:32:06] [Server thread/INFO] [minecraft/MinecraftServer]: Загрузка территории: 77%, изменено блоков: 0
[10:32:06] [Server thread/INFO] [minecraft/GameTestServer]: [_]
[10:32:06] [Server thread/INFO] [minecraft/GameTestServer]: [_]
[10:32:06] [Server thread/INFO] [minecraft/GameTestServer]: [_]
[10:32:06] [Server thread/INFO] [minecraft/GameTestServer]: [_]
[10:32:06] [Server thread/INFO] [minecraft/MinecraftServer]: Чанки загружены. Подготовка окончательного положения на Y=0
[10:32:06] [Server thread/INFO] [minecraft/GameTestServer]: [_]
[10:32:06] [Server thread/INFO] [minecraft/MinecraftServer]: Планирование грунта: 4%, изменено блоков: 0
[10:32:06] [Server thread/INFO] [minecraft/GameTestServer]: [_]
[10:32:07] [Server thread/INFO] [minecraft/GameTestServer]: [_]
[10:32:07] [Server thread/INFO] [minecraft/GameTestServer]: [_]
[10:32:07] [Server thread/INFO] [minecraft/GameTestServer]: [_]
[10:32:07] [Server thread/INFO] [minecraft/GameTestServer]: [_]
[10:32:07] [Server thread/INFO] [minecraft/MinecraftServer]: Планирование грунта: 21%, изменено блоков: 0
[10:32:07] [Server thread/INFO] [minecraft/GameTestServer]: [_]
[10:32:07] [Server thread/INFO] [minecraft/GameTestServer]: [_]
[10:32:07] [Server thread/INFO] [minecraft/GameTestServer]: [_]
[10:32:07] [Server thread/INFO] [minecraft/GameTestServer]: [_]
[10:32:07] [Server thread/INFO] [minecraft/GameTestServer]: [_]
[10:32:07] [Server thread/INFO] [minecraft/MinecraftServer]: Планирование грунта: 38%, изменено блоков: 0
[10:32:08] [Server thread/INFO] [minecraft/GameTestServer]: [_]
[10:32:08] [Server thread/INFO] [minecraft/GameTestServer]: [_]
[10:32:08] [Server thread/INFO] [minecraft/GameTestServer]: [_]
[10:32:08] [Server thread/INFO] [minecraft/GameTestServer]: [_]
[10:32:08] [Server thread/INFO] [minecraft/GameTestServer]: [_]
[10:32:08] [Server thread/INFO] [minecraft/MinecraftServer]: Планирование грунта: 55%, изменено блоков: 0
[10:32:08] [Server thread/INFO] [minecraft/GameTestServer]: [_]
[10:32:08] [Server thread/INFO] [minecraft/GameTestServer]: [_]
[10:32:08] [Server thread/INFO] [minecraft/GameTestServer]: [_]
[10:32:08] [Server thread/INFO] [minecraft/GameTestServer]: [_]
[10:32:09] [Server thread/INFO] [minecraft/GameTestServer]: [_]
[10:32:09] [Server thread/INFO] [minecraft/MinecraftServer]: Планирование грунта: 72%, изменено блоков: 0
[10:32:09] [Server thread/INFO] [minecraft/GameTestServer]: [_]
[10:32:09] [Server thread/INFO] [minecraft/GameTestServer]: [_]
[10:32:09] [Server thread/INFO] [minecraft/GameTestServer]: [_]
[10:32:09] [Server thread/INFO] [minecraft/GameTestServer]: [_]
[10:32:09] [Server thread/INFO] [minecraft/GameTestServer]: [_]
[10:32:10] [Server thread/INFO] [minecraft/MinecraftServer]: Планирование грунта: 89%, изменено блоков: 0
[10:32:10] [Server thread/INFO] [minecraft/GameTestServer]: [_]
[10:32:10] [Server thread/INFO] [minecraft/GameTestServer]: [_]
[10:32:10] [Server thread/INFO] [minecraft/GameTestServer]: [_]
[10:32:10] [Server thread/INFO] [minecraft/MinecraftServer]: Проверяется другая площадка: 10 / 16
[10:32:10] [Server thread/INFO] [minecraft/GameTestServer]: [_]
[10:32:10] [Server thread/INFO] [minecraft/GameTestServer]: [_]
[10:32:10] [Server thread/INFO] [minecraft/MinecraftServer]: Загрузка территории: 43%, изменено блоков: 0
[10:32:10] [Server thread/INFO] [minecraft/GameTestServer]: [_]
[10:32:11] [Server thread/INFO] [minecraft/GameTestServer]: [_]
[10:32:11] [Server thread/INFO] [minecraft/GameTestServer]: [_]
[10:32:11] [Server thread/INFO] [minecraft/GameTestServer]: [_]
[10:32:11] [Server thread/INFO] [minecraft/GameTestServer]: [_]
[10:32:11] [Server thread/INFO] [minecraft/MinecraftServer]: Загрузка территории: 16%, изменено блоков: 0
[10:32:11] [Server thread/INFO] [minecraft/GameTestServer]: [_]
[10:32:11] [Server thread/INFO] [minecraft/GameTestServer]: [_]
[10:32:12] [Server thread/INFO] [minecraft/GameTestServer]: [_]
[10:32:12] [Server thread/INFO] [minecraft/GameTestServer]: [_]
[10:32:12] [Server thread/INFO] [minecraft/GameTestServer]: [_]
[10:32:12] [Server thread/INFO] [minecraft/MinecraftServer]: Загрузка территории: 47%, изменено блоков: 0
[10:32:12] [Server thread/INFO] [minecraft/GameTestServer]: [_]
[10:32:12] [Server thread/INFO] [minecraft/GameTestServer]: [_]
[10:32:12] [Server thread/INFO] [minecraft/GameTestServer]: [_]
[10:32:12] [Server thread/INFO] [minecraft/GameTestServer]: [_]
[10:32:13] [Server thread/INFO] [minecraft/GameTestServer]: [_]
[10:32:13] [Server thread/INFO] [minecraft/MinecraftServer]: Загрузка территории: 78%, изменено блоков: 0
[10:32:13] [Server thread/INFO] [minecraft/GameTestServer]: [_]
[10:32:13] [Server thread/INFO] [minecraft/GameTestServer]: [_]
[10:32:13] [Server thread/INFO] [minecraft/GameTestServer]: [_]
[10:32:13] [Server thread/INFO] [minecraft/GameTestServer]: [_]
[10:32:13] [Server thread/INFO] [minecraft/MinecraftServer]: Чанки загружены. Подготовка окончательного положения на Y=0
[10:32:13] [Server thread/INFO] [minecraft/GameTestServer]: [_]
[10:32:13] [Server thread/INFO] [minecraft/MinecraftServer]: Планирование грунта: 4%, изменено блоков: 0
[10:32:14] [Server thread/INFO] [minecraft/GameTestServer]: [_]
[10:32:14] [Server thread/INFO] [minecraft/GameTestServer]: [_]
[10:32:14] [Server thread/INFO] [minecraft/GameTestServer]: [_]
[10:32:14] [Server thread/INFO] [minecraft/GameTestServer]: [_]
[10:32:14] [Server thread/INFO] [minecraft/GameTestServer]: [_]
[10:32:14] [Server thread/INFO] [minecraft/MinecraftServer]: Планирование грунта: 21%, изменено блоков: 0
[10:32:14] [Server thread/INFO] [minecraft/GameTestServer]: [_]
[10:32:15] [Server thread/INFO] [minecraft/GameTestServer]: [_]
[10:32:15] [Server thread/INFO] [minecraft/GameTestServer]: [_]
[10:32:15] [Server thread/INFO] [minecraft/GameTestServer]: [_]
[10:32:15] [Server thread/INFO] [minecraft/GameTestServer]: [_]
[10:32:15] [Server thread/INFO] [minecraft/MinecraftServer]: Планирование грунта: 38%, изменено блоков: 0
[10:32:15] [Server thread/INFO] [minecraft/GameTestServer]: [_]
[10:32:15] [Server thread/INFO] [minecraft/GameTestServer]: [_]
[10:32:15] [Server thread/INFO] [minecraft/GameTestServer]: [_]
[10:32:16] [Server thread/INFO] [minecraft/GameTestServer]: [_]
[10:32:16] [Server thread/INFO] [minecraft/GameTestServer]: [_]
[10:32:16] [Server thread/INFO] [minecraft/MinecraftServer]: Планирование грунта: 55%, изменено блоков: 0
[10:32:16] [Server thread/INFO] [minecraft/GameTestServer]: [_]
[10:32:16] [Server thread/INFO] [minecraft/GameTestServer]: [_]
[10:32:16] [Server thread/INFO] [minecraft/GameTestServer]: [_]
[10:32:16] [Server thread/INFO] [minecraft/GameTestServer]: [_]
[10:32:17] [Server thread/INFO] [minecraft/GameTestServer]: [_]
[10:32:17] [Server thread/INFO] [minecraft/MinecraftServer]: Планирование грунта: 72%, изменено блоков: 0
[10:32:17] [Server thread/INFO] [minecraft/GameTestServer]: [_]
[10:32:17] [Server thread/INFO] [minecraft/GameTestServer]: [_]
[10:32:17] [Server thread/INFO] [minecraft/GameTestServer]: [_]
[10:32:17] [Server thread/INFO] [minecraft/GameTestServer]: [_]
[10:32:17] [Server thread/INFO] [minecraft/GameTestServer]: [_]
[10:32:17] [Server thread/INFO] [minecraft/MinecraftServer]: Планирование грунта: 89%, изменено блоков: 0
[10:32:17] [Server thread/INFO] [minecraft/GameTestServer]: [_]
[10:32:18] [Server thread/INFO] [minecraft/GameTestServer]: [_]
[10:32:18] [Server thread/INFO] [minecraft/GameTestServer]: [_]
[10:32:18] [Server thread/INFO] [minecraft/GameTestServer]: [_]
[10:32:18] [Server thread/INFO] [minecraft/GameTestServer]: [_]
[10:32:18] [Server thread/INFO] [minecraft/MinecraftServer]: Проверка конечного места: 20%, изменено блоков: 0
[10:32:18] [Server thread/INFO] [minecraft/GameTestServer]: [_]
[10:32:18] [Server thread/INFO] [minecraft/GameTestServer]: [_]
[10:32:19] [Server thread/INFO] [minecraft/GameTestServer]: [_]
[10:32:19] [Server thread/INFO] [minecraft/GameTestServer]: [_]
[10:32:19] [Server thread/INFO] [minecraft/GameTestServer]: [_]
[10:32:19] [Server thread/INFO] [minecraft/MinecraftServer]: Проверка конечного места: 27%, изменено блоков: 0
[10:32:19] [Server thread/INFO] [minecraft/GameTestServer]: [_]
[10:32:20] [Server thread/INFO] [minecraft/GameTestServer]: [_]
[10:32:20] [Server thread/INFO] [minecraft/GameTestServer]: [_]
[10:32:20] [Server thread/INFO] [minecraft/GameTestServer]: [_]
[10:32:20] [Server thread/INFO] [minecraft/GameTestServer]: [_]
[10:32:20] [Server thread/INFO] [minecraft/MinecraftServer]: Проверка конечного места: 28%, изменено блоков: 0
[10:32:20] [Server thread/INFO] [minecraft/GameTestServer]: [_]
[10:32:21] [Server thread/INFO] [minecraft/GameTestServer]: [_]
[10:32:21] [Server thread/INFO] [minecraft/GameTestServer]: [_]
[10:32:21] [Server thread/INFO] [minecraft/GameTestServer]: [_]
[10:32:21] [Server thread/INFO] [minecraft/GameTestServer]: [_]
[10:32:21] [Server thread/INFO] [minecraft/MinecraftServer]: Проверка конечного места: 28%, изменено блоков: 0
[10:32:22] [Server thread/INFO] [minecraft/GameTestServer]: [_]
[10:32:22] [Server thread/INFO] [minecraft/GameTestServer]: [_]
[10:32:22] [Server thread/INFO] [minecraft/GameTestServer]: [_]
[10:32:22] [Server thread/INFO] [minecraft/GameTestServer]: [_]
[10:32:22] [Server thread/INFO] [minecraft/GameTestServer]: [_]
[10:32:23] [Server thread/INFO] [minecraft/MinecraftServer]: Проверка конечного места: 28%, изменено блоков: 0
[10:32:23] [Server thread/INFO] [minecraft/GameTestServer]: [_]
[10:32:23] [Server thread/INFO] [minecraft/GameTestServer]: [_]
[10:32:23] [Server thread/INFO] [minecraft/GameTestServer]: [_]
[10:32:23] [Server thread/INFO] [minecraft/GameTestServer]: [_]
[10:32:24] [Server thread/INFO] [minecraft/GameTestServer]: [_]
[10:32:24] [Server thread/INFO] [minecraft/MinecraftServer]: Проверка конечного места: 29%, изменено блоков: 0
[10:32:24] [Server thread/INFO] [minecraft/GameTestServer]: [_]
[10:32:24] [Server thread/INFO] [minecraft/GameTestServer]: [_]
[10:32:24] [Server thread/INFO] [minecraft/GameTestServer]: [_]
[10:32:24] [Server thread/INFO] [minecraft/GameTestServer]: [_]
[10:32:25] [Server thread/INFO] [minecraft/GameTestServer]: [_]
[10:32:25] [Server thread/INFO] [minecraft/MinecraftServer]: Проверка конечного места: 29%, изменено блоков: 0
[10:32:25] [Server thread/INFO] [minecraft/GameTestServer]: [_]
[10:32:25] [Server thread/INFO] [minecraft/GameTestServer]: [_]
[10:32:25] [Server thread/INFO] [minecraft/GameTestServer]: [_]
[10:32:26] [Server thread/INFO] [minecraft/GameTestServer]: [_]
[10:32:26] [Server thread/INFO] [minecraft/GameTestServer]: [_]
[10:32:26] [Server thread/INFO] [minecraft/MinecraftServer]: Проверка конечного места: 30%, изменено блоков: 0
[10:32:26] [Server thread/INFO] [minecraft/GameTestServer]: [_]
[10:32:26] [Server thread/INFO] [minecraft/GameTestServer]: [_]
[10:32:26] [Server thread/INFO] [minecraft/GameTestServer]: [_]
[10:32:27] [Server thread/INFO] [minecraft/GameTestServer]: [_]
[10:32:27] [Server thread/INFO] [minecraft/GameTestServer]: [_]
[10:32:27] [Server thread/INFO] [minecraft/MinecraftServer]: Проверка конечного места: 30%, изменено блоков: 0
[10:32:27] [Server thread/INFO] [minecraft/GameTestServer]: [_]
[10:32:27] [Server thread/INFO] [minecraft/GameTestServer]: [_]
[10:32:28] [Server thread/INFO] [minecraft/GameTestServer]: [_]
[10:32:28] [Server thread/INFO] [minecraft/GameTestServer]: [_]
[10:32:28] [Server thread/INFO] [minecraft/GameTestServer]: [_]
[10:32:28] [Server thread/INFO] [minecraft/MinecraftServer]: Проверка конечного места: 30%, изменено блоков: 0
[10:32:28] [Server thread/INFO] [minecraft/GameTestServer]: [_]
[10:32:28] [Server thread/INFO] [minecraft/GameTestServer]: [_]
[10:32:29] [Server thread/INFO] [minecraft/GameTestServer]: [_]
[10:32:29] [Server thread/INFO] [minecraft/GameTestServer]: [_]
[10:32:29] [Server thread/INFO] [minecraft/GameTestServer]: [_]
[10:32:29] [Server thread/INFO] [minecraft/MinecraftServer]: Проверка конечного места: 31%, изменено блоков: 0
[10:32:29] [Server thread/INFO] [minecraft/GameTestServer]: [_]
[10:32:30] [Server thread/INFO] [minecraft/GameTestServer]: [_]
[10:32:30] [Server thread/INFO] [minecraft/GameTestServer]: [_]
[10:32:30] [Server thread/INFO] [minecraft/GameTestServer]: [_]
[10:32:30] [Server thread/INFO] [minecraft/GameTestServer]: [_]
[10:32:30] [Server thread/INFO] [minecraft/MinecraftServer]: Проверка конечного места: 31%, изменено блоков: 0
[10:32:30] [Server thread/INFO] [minecraft/GameTestServer]: [_]
[10:32:31] [Server thread/INFO] [minecraft/GameTestServer]: [_]
[10:32:31] [Server thread/INFO] [minecraft/GameTestServer]: [_]
[10:32:31] [Server thread/INFO] [minecraft/GameTestServer]: [_]
[10:32:31] [Server thread/INFO] [minecraft/GameTestServer]: [_]
[10:32:31] [Server thread/INFO] [minecraft/MinecraftServer]: Проверка конечного места: 32%, изменено блоков: 0
[10:32:31] [Server thread/INFO] [minecraft/GameTestServer]: [_]
[10:32:31] [Server thread/INFO] [minecraft/GameTestServer]: [_]
[10:32:32] [Server thread/INFO] [minecraft/GameTestServer]: [_]
[10:32:32] [Server thread/INFO] [minecraft/GameTestServer]: [_]
[10:32:32] [Server thread/INFO] [minecraft/GameTestServer]: [_]
[10:32:32] [Server thread/INFO] [minecraft/MinecraftServer]: Проверка конечного места: 32%, изменено блоков: 0
[10:32:32] [Server thread/INFO] [minecraft/GameTestServer]: [_]
[10:32:32] [Server thread/INFO] [minecraft/GameTestServer]: [_]
[10:32:32] [Server thread/INFO] [minecraft/GameTestServer]: [_]
[10:32:33] [Server thread/INFO] [minecraft/GameTestServer]: [_]
[10:32:33] [Server thread/INFO] [minecraft/GameTestServer]: [_]
[10:32:33] [Server thread/INFO] [minecraft/MinecraftServer]: Проверка конечного места: 33%, изменено блоков: 0
[10:32:33] [Server thread/INFO] [minecraft/GameTestServer]: [_]
[10:32:33] [Server thread/INFO] [minecraft/GameTestServer]: [_]
[10:32:33] [Server thread/INFO] [minecraft/GameTestServer]: [_]
[10:32:34] [Server thread/INFO] [minecraft/GameTestServer]: [_]
[10:32:34] [Server thread/INFO] [minecraft/GameTestServer]: [_]
[10:32:34] [Server thread/INFO] [minecraft/MinecraftServer]: Проверка конечного места: 33%, изменено блоков: 0
[10:32:34] [Server thread/INFO] [minecraft/GameTestServer]: [_]
[10:32:34] [Server thread/INFO] [minecraft/GameTestServer]: [_]
[10:32:34] [Server thread/INFO] [minecraft/GameTestServer]: [_]
[10:32:35] [Server thread/INFO] [minecraft/GameTestServer]: [_]
[10:32:35] [Server thread/INFO] [minecraft/GameTestServer]: [_]
[10:32:35] [Server thread/INFO] [minecraft/MinecraftServer]: Проверка конечного места: 33%, изменено блоков: 0
[10:32:35] [Server thread/INFO] [minecraft/GameTestServer]: [_]
[10:32:35] [Server thread/INFO] [minecraft/GameTestServer]: [_]
[10:32:36] [Server thread/INFO] [minecraft/GameTestServer]: [_]
[10:32:36] [Server thread/INFO] [minecraft/GameTestServer]: [_]
[10:32:36] [Server thread/INFO] [minecraft/GameTestServer]: [_]
[10:32:36] [Server thread/INFO] [minecraft/MinecraftServer]: Проверка конечного места: 34%, изменено блоков: 0
[10:32:36] [Server thread/INFO] [minecraft/GameTestServer]: [_]
[10:32:36] [Server thread/INFO] [minecraft/GameTestServer]: [_]
[10:32:37] [Server thread/INFO] [minecraft/GameTestServer]: [_]
[10:32:37] [Server thread/INFO] [minecraft/GameTestServer]: [_]
[10:32:37] [Server thread/INFO] [minecraft/GameTestServer]: [_]
[10:32:37] [Server thread/INFO] [minecraft/MinecraftServer]: Проверка конечного места: 34%, изменено блоков: 0
[10:32:37] [Server thread/INFO] [minecraft/GameTestServer]: [_]
[10:32:37] [Server thread/INFO] [minecraft/GameTestServer]: [_]
[10:32:38] [Server thread/INFO] [minecraft/GameTestServer]: [_]
[10:32:38] [Server thread/INFO] [minecraft/GameTestServer]: [_]
[10:32:38] [Server thread/INFO] [minecraft/GameTestServer]: [_]
[10:32:38] [Server thread/INFO] [minecraft/MinecraftServer]: Проверка конечного места: 35%, изменено блоков: 0
[10:32:38] [Server thread/INFO] [minecraft/GameTestServer]: [_]
[10:32:39] [Server thread/INFO] [minecraft/GameTestServer]: [_]
[10:32:39] [Server thread/INFO] [minecraft/GameTestServer]: [_]
[10:32:39] [Server thread/INFO] [minecraft/GameTestServer]: [_]
[10:32:39] [Server thread/INFO] [minecraft/GameTestServer]: [_]
[10:32:39] [Server thread/INFO] [minecraft/MinecraftServer]: Проверка конечного места: 35%, изменено блоков: 0
[10:32:39] [Server thread/INFO] [minecraft/GameTestServer]: [_]
[10:32:39] [Server thread/INFO] [minecraft/GameTestServer]: [_]
[10:32:40] [Server thread/INFO] [minecraft/GameTestServer]: [_]
[10:32:40] [Server thread/INFO] [minecraft/GameTestServer]: [_]
[10:32:40] [Server thread/INFO] [minecraft/GameTestServer]: [_]
[10:32:40] [Server thread/INFO] [minecraft/MinecraftServer]: Проверка конечного места: 35%, изменено блоков: 0
[10:32:40] [Server thread/INFO] [minecraft/GameTestServer]: [_]
[10:32:41] [Server thread/INFO] [minecraft/GameTestServer]: [_]
[10:32:41] [Server thread/INFO] [minecraft/GameTestServer]: [_]
[10:32:41] [Server thread/INFO] [minecraft/GameTestServer]: [_]
[10:32:41] [Server thread/INFO] [minecraft/GameTestServer]: [_]
[10:32:41] [Server thread/INFO] [minecraft/MinecraftServer]: Проверка конечного места: 36%, изменено блоков: 0
[10:32:42] [Server thread/INFO] [minecraft/GameTestServer]: [_]
[10:32:42] [Server thread/INFO] [minecraft/GameTestServer]: [_]
[10:32:42] [Server thread/INFO] [minecraft/GameTestServer]: [_]
[10:32:42] [Server thread/INFO] [minecraft/GameTestServer]: [_]
[10:32:42] [Server thread/INFO] [minecraft/GameTestServer]: [_]
[10:32:43] [Server thread/INFO] [minecraft/MinecraftServer]: Проверка конечного места: 36%, изменено блоков: 0
[10:32:43] [Server thread/INFO] [minecraft/GameTestServer]: [_]
[10:32:43] [Server thread/INFO] [minecraft/GameTestServer]: [_]
[10:32:43] [Server thread/INFO] [minecraft/GameTestServer]: [_]
[10:32:43] [Server thread/INFO] [minecraft/GameTestServer]: [_]
[10:32:44] [Server thread/INFO] [minecraft/GameTestServer]: [_]
[10:32:44] [Server thread/INFO] [minecraft/MinecraftServer]: Проверка конечного места: 36%, изменено блоков: 0
[10:32:44] [Server thread/INFO] [minecraft/GameTestServer]: [_]
[10:32:44] [Server thread/INFO] [minecraft/GameTestServer]: [_]
[10:32:44] [Server thread/INFO] [minecraft/GameTestServer]: [_]
[10:32:44] [Server thread/INFO] [minecraft/GameTestServer]: [_]
[10:32:45] [Server thread/INFO] [minecraft/GameTestServer]: [_]
[10:32:45] [Server thread/INFO] [minecraft/MinecraftServer]: Проверка конечного места: 37%, изменено блоков: 0
[10:32:45] [Server thread/INFO] [minecraft/GameTestServer]: [_]
[10:32:45] [Server thread/INFO] [minecraft/GameTestServer]: [_]
[10:32:45] [Server thread/INFO] [minecraft/GameTestServer]: [_]
[10:32:46] [Server thread/INFO] [minecraft/GameTestServer]: [_]
[10:32:46] [Server thread/INFO] [minecraft/GameTestServer]: [_]
[10:32:46] [Server thread/INFO] [minecraft/MinecraftServer]: Проверка конечного места: 37%, изменено блоков: 0
[10:32:46] [Server thread/INFO] [minecraft/GameTestServer]: [_]
[10:32:46] [Server thread/INFO] [minecraft/GameTestServer]: [_]
[10:32:46] [Server thread/INFO] [minecraft/GameTestServer]: [_]
[10:32:47] [Server thread/INFO] [minecraft/GameTestServer]: [_]
[10:32:47] [Server thread/INFO] [minecraft/GameTestServer]: [_]
[10:32:47] [Server thread/INFO] [minecraft/MinecraftServer]: Проверка конечного места: 38%, изменено блоков: 0
[10:32:47] [Server thread/INFO] [minecraft/GameTestServer]: [_]
[10:32:47] [Server thread/INFO] [minecraft/GameTestServer]: [_]
[10:32:48] [Server thread/INFO] [minecraft/GameTestServer]: [_]
[10:32:48] [Server thread/INFO] [minecraft/GameTestServer]: [_]
[10:32:48] [Server thread/INFO] [minecraft/GameTestServer]: [_]
[10:32:48] [Server thread/INFO] [minecraft/MinecraftServer]: Проверка конечного места: 38%, изменено блоков: 0
[10:32:48] [Server thread/INFO] [minecraft/GameTestServer]: [_]
[10:32:48] [Server thread/INFO] [minecraft/GameTestServer]: [_]
[10:32:49] [Server thread/INFO] [minecraft/GameTestServer]: [_]
[10:32:49] [Server thread/INFO] [minecraft/GameTestServer]: [_]
[10:32:49] [Server thread/INFO] [minecraft/GameTestServer]: [_]
[10:32:49] [Server thread/INFO] [minecraft/MinecraftServer]: Проверка конечного места: 38%, изменено блоков: 0
[10:32:49] [Server thread/INFO] [minecraft/GameTestServer]: [_]
[10:32:50] [Server thread/INFO] [minecraft/GameTestServer]: [_]
[10:32:50] [Server thread/INFO] [minecraft/GameTestServer]: [_]
[10:32:50] [Server thread/INFO] [minecraft/GameTestServer]: [_]
[10:32:50] [Server thread/INFO] [minecraft/GameTestServer]: [_]
[10:32:50] [Server thread/INFO] [minecraft/MinecraftServer]: Проверка конечного места: 39%, изменено блоков: 0
[10:32:51] [Server thread/INFO] [minecraft/GameTestServer]: [_]
[10:32:51] [Server thread/INFO] [minecraft/GameTestServer]: [_]
[10:32:51] [Server thread/INFO] [minecraft/GameTestServer]: [_]
[10:32:51] [Server thread/INFO] [minecraft/GameTestServer]: [_]
[10:32:51] [Server thread/INFO] [minecraft/GameTestServer]: [_]
[10:32:52] [Server thread/INFO] [minecraft/MinecraftServer]: Проверка конечного места: 39%, изменено блоков: 0
[10:32:52] [Server thread/INFO] [minecraft/GameTestServer]: [_]
[10:32:52] [Server thread/INFO] [minecraft/GameTestServer]: [_]
[10:32:52] [Server thread/INFO] [minecraft/GameTestServer]: [_]
[10:32:52] [Server thread/INFO] [minecraft/GameTestServer]: [_]
[10:32:52] [Server thread/INFO] [minecraft/GameTestServer]: [_]
[10:32:53] [Server thread/INFO] [minecraft/MinecraftServer]: Проверка конечного места: 40%, изменено блоков: 0
[10:32:53] [Server thread/INFO] [minecraft/GameTestServer]: [_]
[10:32:53] [Server thread/INFO] [minecraft/GameTestServer]: [_]
[10:32:53] [Server thread/INFO] [minecraft/GameTestServer]: [_]
[10:32:53] [Server thread/INFO] [minecraft/GameTestServer]: [_]
[10:32:54] [Server thread/INFO] [minecraft/GameTestServer]: [_]
[10:32:54] [Server thread/INFO] [minecraft/MinecraftServer]: Проверка конечного места: 40%, изменено блоков: 0
[10:32:54] [Server thread/INFO] [minecraft/GameTestServer]: [_]
[10:32:54] [Server thread/INFO] [minecraft/GameTestServer]: [_]
[10:32:54] [Server thread/INFO] [minecraft/GameTestServer]: [_]
[10:32:54] [Server thread/INFO] [minecraft/GameTestServer]: [_]
[10:32:55] [Server thread/INFO] [minecraft/GameTestServer]: [_]
[10:32:55] [Server thread/INFO] [minecraft/MinecraftServer]: Проверка конечного места: 40%, изменено блоков: 0
[10:32:55] [Server thread/INFO] [minecraft/GameTestServer]: [_]
[10:32:55] [Server thread/INFO] [minecraft/GameTestServer]: [_]
[10:32:55] [Server thread/INFO] [minecraft/GameTestServer]: [_]
[10:32:56] [Server thread/INFO] [minecraft/GameTestServer]: [_]
[10:32:56] [Server thread/INFO] [minecraft/GameTestServer]: [_]
[10:32:56] [Server thread/INFO] [minecraft/MinecraftServer]: Проверка конечного места: 41%, изменено блоков: 0
[10:32:56] [Server thread/INFO] [minecraft/GameTestServer]: [_]
[10:32:56] [Server thread/INFO] [minecraft/GameTestServer]: [_]
[10:32:56] [Server thread/INFO] [minecraft/GameTestServer]: [_]
[10:32:57] [Server thread/INFO] [minecraft/GameTestServer]: [_]
[10:32:57] [Server thread/INFO] [minecraft/GameTestServer]: [_]
[10:32:57] [Server thread/INFO] [minecraft/MinecraftServer]: Проверка конечного места: 41%, изменено блоков: 0
[10:32:57] [Server thread/INFO] [minecraft/GameTestServer]: [_]
[10:32:57] [Server thread/INFO] [minecraft/GameTestServer]: [_]
[10:32:57] [Server thread/INFO] [minecraft/GameTestServer]: [_]
[10:32:58] [Server thread/INFO] [minecraft/GameTestServer]: [_]
[10:32:58] [Server thread/INFO] [minecraft/GameTestServer]: [_]
[10:32:58] [Server thread/INFO] [minecraft/MinecraftServer]: Проверка конечного места: 41%, изменено блоков: 0
[10:32:58] [Server thread/INFO] [minecraft/GameTestServer]: [_]
[10:32:58] [Server thread/INFO] [minecraft/GameTestServer]: [_]
[10:32:59] [Server thread/INFO] [minecraft/GameTestServer]: [_]
[10:32:59] [Server thread/INFO] [minecraft/GameTestServer]: [_]
[10:32:59] [Server thread/INFO] [minecraft/GameTestServer]: [_]
[10:32:59] [Server thread/INFO] [minecraft/MinecraftServer]: Проверка конечного места: 42%, изменено блоков: 0
[10:32:59] [Server thread/INFO] [minecraft/GameTestServer]: [_]
[10:32:59] [Server thread/INFO] [minecraft/GameTestServer]: [_]
[10:33:00] [Server thread/INFO] [minecraft/GameTestServer]: [_]
[10:33:00] [Server thread/INFO] [minecraft/GameTestServer]: [_]
[10:33:00] [Server thread/INFO] [minecraft/GameTestServer]: [_]
[10:33:00] [Server thread/INFO] [minecraft/MinecraftServer]: Проверка конечного места: 42%, изменено блоков: 0
[10:33:00] [Server thread/INFO] [minecraft/GameTestServer]: [_]
[10:33:01] [Server thread/INFO] [minecraft/GameTestServer]: [_]
[10:33:01] [Server thread/INFO] [minecraft/GameTestServer]: [_]
[10:33:01] [Server thread/INFO] [minecraft/GameTestServer]: [_]
[10:33:01] [Server thread/INFO] [minecraft/GameTestServer]: [_]
[10:33:02] [Server thread/INFO] [minecraft/MinecraftServer]: Проверка конечного места: 43%, изменено блоков: 0
[10:33:02] [Server thread/INFO] [minecraft/GameTestServer]: [_]
[10:33:02] [Server thread/INFO] [minecraft/GameTestServer]: [_]
[10:33:02] [Server thread/INFO] [minecraft/GameTestServer]: [_]
[10:33:02] [Server thread/INFO] [minecraft/GameTestServer]: [_]
[10:33:02] [Server thread/INFO] [minecraft/GameTestServer]: [_]
[10:33:03] [Server thread/INFO] [minecraft/MinecraftServer]: Проверка конечного места: 43%, изменено блоков: 0
[10:33:03] [Server thread/INFO] [minecraft/GameTestServer]: [_]
[10:33:03] [Server thread/INFO] [minecraft/GameTestServer]: [_]
[10:33:03] [Server thread/INFO] [minecraft/GameTestServer]: [_]
[10:33:03] [Server thread/INFO] [minecraft/GameTestServer]: [_]
[10:33:03] [Server thread/INFO] [minecraft/GameTestServer]: [_]
[10:33:04] [Server thread/INFO] [minecraft/MinecraftServer]: Проверка конечного места: 43%, изменено блоков: 0
[10:33:04] [Server thread/INFO] [minecraft/GameTestServer]: [_]
[10:33:04] [Server thread/INFO] [minecraft/GameTestServer]: [_]
[10:33:04] [Server thread/INFO] [minecraft/GameTestServer]: [_]
[10:33:04] [Server thread/INFO] [minecraft/GameTestServer]: [_]
[10:33:05] [Server thread/INFO] [minecraft/GameTestServer]: [_]
[10:33:05] [Server thread/INFO] [minecraft/MinecraftServer]: Проверка конечного места: 44%, изменено блоков: 0
[10:33:05] [Server thread/INFO] [minecraft/GameTestServer]: [_]
[10:33:05] [Server thread/INFO] [minecraft/GameTestServer]: [_]
[10:33:05] [Server thread/INFO] [minecraft/GameTestServer]: [_]
[10:33:05] [Server thread/INFO] [minecraft/GameTestServer]: [_]
[10:33:06] [Server thread/INFO] [minecraft/GameTestServer]: [_]
[10:33:06] [Server thread/INFO] [minecraft/MinecraftServer]: Проверка конечного места: 44%, изменено блоков: 0
[10:33:06] [Server thread/INFO] [minecraft/GameTestServer]: [_]
[10:33:06] [Server thread/INFO] [minecraft/GameTestServer]: [_]
[10:33:06] [Server thread/INFO] [minecraft/GameTestServer]: [_]
[10:33:06] [Server thread/INFO] [minecraft/GameTestServer]: [_]
[10:33:07] [Server thread/INFO] [minecraft/GameTestServer]: [_]
[10:33:07] [Server thread/INFO] [minecraft/MinecraftServer]: Проверка конечного места: 45%, изменено блоков: 0
[10:33:07] [Server thread/INFO] [minecraft/GameTestServer]: [_]
[10:33:07] [Server thread/INFO] [minecraft/GameTestServer]: [_]
[10:33:07] [Server thread/INFO] [minecraft/GameTestServer]: [_]
[10:33:07] [Server thread/INFO] [minecraft/GameTestServer]: [_]
[10:33:08] [Server thread/INFO] [minecraft/GameTestServer]: [_]
[10:33:08] [Server thread/INFO] [minecraft/MinecraftServer]: Проверка конечного места: 45%, изменено блоков: 0
[10:33:08] [Server thread/INFO] [minecraft/GameTestServer]: [_]
[10:33:08] [Server thread/INFO] [minecraft/GameTestServer]: [_]
[10:33:08] [Server thread/INFO] [minecraft/GameTestServer]: [_]
[10:33:08] [Server thread/INFO] [minecraft/GameTestServer]: [_]
[10:33:08] [Server thread/INFO] [minecraft/GameTestServer]: [_]
[10:33:09] [Server thread/INFO] [minecraft/MinecraftServer]: Проверка конечного места: 46%, изменено блоков: 0
[10:33:09] [Server thread/INFO] [minecraft/GameTestServer]: [_]
[10:33:09] [Server thread/INFO] [minecraft/GameTestServer]: [_]
[10:33:09] [Server thread/INFO] [minecraft/GameTestServer]: [_]
[10:33:09] [Server thread/INFO] [minecraft/GameTestServer]: [_]
[10:33:09] [Server thread/INFO] [minecraft/GameTestServer]: [_]
[10:33:10] [Server thread/INFO] [minecraft/MinecraftServer]: Проверка конечного места: 46%, изменено блоков: 0
[10:33:10] [Server thread/INFO] [minecraft/GameTestServer]: [_]
[10:33:10] [Server thread/INFO] [minecraft/GameTestServer]: [_]
[10:33:10] [Server thread/INFO] [minecraft/GameTestServer]: [_]
[10:33:10] [Server thread/INFO] [minecraft/GameTestServer]: [_]
[10:33:11] [Server thread/INFO] [minecraft/GameTestServer]: [_]
[10:33:11] [Server thread/INFO] [minecraft/MinecraftServer]: Проверка конечного места: 46%, изменено блоков: 0
[10:33:11] [Server thread/INFO] [minecraft/GameTestServer]: [_]
[10:33:11] [Server thread/INFO] [minecraft/GameTestServer]: [_]
[10:33:11] [Server thread/INFO] [minecraft/GameTestServer]: [_]
[10:33:12] [Server thread/INFO] [minecraft/GameTestServer]: [_]
[10:33:12] [Server thread/INFO] [minecraft/GameTestServer]: [_]
[10:33:12] [Server thread/INFO] [minecraft/MinecraftServer]: Проверка конечного места: 47%, изменено блоков: 0
[10:33:12] [Server thread/INFO] [minecraft/GameTestServer]: [_]
[10:33:12] [Server thread/INFO] [minecraft/GameTestServer]: [_]
[10:33:13] [Server thread/INFO] [minecraft/GameTestServer]: [_]
[10:33:13] [Server thread/INFO] [minecraft/GameTestServer]: [_]
[10:33:13] [Server thread/INFO] [minecraft/GameTestServer]: [_]
[10:33:13] [Server thread/INFO] [minecraft/MinecraftServer]: Проверка конечного места: 47%, изменено блоков: 0
[10:33:13] [Server thread/INFO] [minecraft/GameTestServer]: [_]
[10:33:14] [Server thread/INFO] [minecraft/GameTestServer]: [_]
[10:33:14] [Server thread/INFO] [minecraft/GameTestServer]: [_]
[10:33:14] [Server thread/INFO] [minecraft/GameTestServer]: [_]
[10:33:14] [Server thread/INFO] [minecraft/GameTestServer]: [_]
[10:33:14] [Server thread/INFO] [minecraft/MinecraftServer]: Проверка конечного места: 47%, изменено блоков: 0
[10:33:15] [Server thread/INFO] [minecraft/GameTestServer]: [_]
[10:33:15] [Server thread/INFO] [minecraft/GameTestServer]: [_]
[10:33:15] [Server thread/INFO] [minecraft/GameTestServer]: [_]
[10:33:15] [Server thread/INFO] [minecraft/GameTestServer]: [_]
[10:33:16] [Server thread/INFO] [minecraft/GameTestServer]: [_]
[10:33:16] [Server thread/INFO] [minecraft/MinecraftServer]: Проверка конечного места: 48%, изменено блоков: 0
[10:33:16] [Server thread/INFO] [minecraft/GameTestServer]: [_]
[10:33:16] [Server thread/INFO] [minecraft/GameTestServer]: [_]
[10:33:16] [Server thread/INFO] [minecraft/GameTestServer]: [_]
[10:33:17] [Server thread/INFO] [minecraft/GameTestServer]: [_]
[10:33:17] [Server thread/INFO] [minecraft/GameTestServer]: [_]
[10:33:17] [Server thread/INFO] [minecraft/MinecraftServer]: Проверка конечного места: 48%, изменено блоков: 0
[10:33:17] [Server thread/INFO] [minecraft/GameTestServer]: [_]
[10:33:17] [Server thread/INFO] [minecraft/GameTestServer]: [_]
[10:33:18] [Server thread/INFO] [minecraft/GameTestServer]: [_]
[10:33:18] [Server thread/INFO] [minecraft/GameTestServer]: [_]
[10:33:18] [Server thread/INFO] [minecraft/GameTestServer]: [_]
[10:33:18] [Server thread/INFO] [minecraft/MinecraftServer]: Проверка конечного места: 48%, изменено блоков: 0
[10:33:18] [Server thread/INFO] [minecraft/GameTestServer]: [_]
[10:33:19] [Server thread/INFO] [minecraft/GameTestServer]: [_]
[10:33:19] [Server thread/INFO] [minecraft/GameTestServer]: [_]
[10:33:19] [Server thread/INFO] [minecraft/GameTestServer]: [_]
[10:33:19] [Server thread/INFO] [minecraft/GameTestServer]: [_]
[10:33:19] [Server thread/INFO] [minecraft/MinecraftServer]: Проверка конечного места: 49%, изменено блоков: 0
[10:33:20] [Server thread/INFO] [minecraft/GameTestServer]: [_]
[10:33:20] [Server thread/INFO] [minecraft/GameTestServer]: [_]
[10:33:20] [Server thread/INFO] [minecraft/GameTestServer]: [_]
[10:33:20] [Server thread/INFO] [minecraft/GameTestServer]: [_]
[10:33:21] [Server thread/INFO] [minecraft/GameTestServer]: [_]
[10:33:21] [Server thread/INFO] [minecraft/MinecraftServer]: Проверка конечного места: 49%, изменено блоков: 0
[10:33:21] [Server thread/INFO] [minecraft/GameTestServer]: [_]
[10:33:21] [Server thread/INFO] [minecraft/GameTestServer]: [_]
[10:33:21] [Server thread/INFO] [minecraft/GameTestServer]: [_]
[10:33:21] [Server thread/INFO] [minecraft/GameTestServer]: [_]
[10:33:22] [Server thread/INFO] [minecraft/GameTestServer]: [_]
[10:33:22] [Server thread/INFO] [minecraft/MinecraftServer]: Проверка конечного места: 49%, изменено блоков: 0
[10:33:22] [Server thread/INFO] [minecraft/GameTestServer]: [_]
[10:33:22] [Server thread/INFO] [minecraft/GameTestServer]: [_]
[10:33:22] [Server thread/INFO] [minecraft/GameTestServer]: [_]
[10:33:23] [Server thread/INFO] [minecraft/GameTestServer]: [_]
[10:33:23] [Server thread/INFO] [minecraft/GameTestServer]: [_]
[10:33:23] [Server thread/INFO] [minecraft/MinecraftServer]: Проверка конечного места: 50%, изменено блоков: 0
[10:33:23] [Server thread/INFO] [minecraft/GameTestServer]: [_]
[10:33:23] [Server thread/INFO] [minecraft/GameTestServer]: [_]
[10:33:23] [Server thread/INFO] [minecraft/GameTestServer]: [_]
[10:33:24] [Server thread/INFO] [minecraft/GameTestServer]: [_]
[10:33:24] [Server thread/INFO] [minecraft/GameTestServer]: [_]
[10:33:24] [Server thread/INFO] [minecraft/MinecraftServer]: Проверка конечного места: 50%, изменено блоков: 0
[10:33:24] [Server thread/INFO] [minecraft/GameTestServer]: [_]
[10:33:24] [Server thread/INFO] [minecraft/GameTestServer]: [_]
[10:33:24] [Server thread/INFO] [minecraft/GameTestServer]: [_]
[10:33:25] [Server thread/INFO] [minecraft/GameTestServer]: [_]
[10:33:25] [Server thread/INFO] [minecraft/GameTestServer]: [_]
[10:33:25] [Server thread/INFO] [minecraft/MinecraftServer]: Проверка конечного места: 51%, изменено блоков: 0
[10:33:25] [Server thread/INFO] [minecraft/GameTestServer]: [_]
[10:33:25] [Server thread/INFO] [minecraft/GameTestServer]: [_]
[10:33:26] [Server thread/INFO] [minecraft/GameTestServer]: [_]
[10:33:26] [Server thread/INFO] [minecraft/GameTestServer]: [_]
[10:33:26] [Server thread/INFO] [minecraft/GameTestServer]: [_]
[10:33:26] [Server thread/INFO] [minecraft/MinecraftServer]: Проверка конечного места: 51%, изменено блоков: 0
[10:33:26] [Server thread/INFO] [minecraft/GameTestServer]: [_]
[10:33:26] [Server thread/INFO] [minecraft/GameTestServer]: [_]
[10:33:27] [Server thread/INFO] [minecraft/GameTestServer]: [_]
[10:33:27] [Server thread/INFO] [minecraft/GameTestServer]: [_]
[10:33:27] [Server thread/INFO] [minecraft/GameTestServer]: [_]
[10:33:27] [Server thread/INFO] [minecraft/MinecraftServer]: Проверка конечного места: 51%, изменено блоков: 0
[10:33:27] [Server thread/INFO] [minecraft/GameTestServer]: [_]
[10:33:27] [Server thread/INFO] [minecraft/GameTestServer]: [_]
[10:33:28] [Server thread/INFO] [minecraft/GameTestServer]: [_]
[10:33:28] [Server thread/INFO] [minecraft/GameTestServer]: [_]
[10:33:28] [Server thread/INFO] [minecraft/GameTestServer]: [_]
[10:33:28] [Server thread/INFO] [minecraft/MinecraftServer]: Проверка конечного места: 52%, изменено блоков: 0
[10:33:28] [Server thread/INFO] [minecraft/GameTestServer]: [_]
[10:33:29] [Server thread/INFO] [minecraft/GameTestServer]: [_]
[10:33:29] [Server thread/INFO] [minecraft/GameTestServer]: [_]
[10:33:29] [Server thread/INFO] [minecraft/GameTestServer]: [_]
[10:33:29] [Server thread/INFO] [minecraft/GameTestServer]: [_]
[10:33:29] [Server thread/INFO] [minecraft/MinecraftServer]: Проверка конечного места: 52%, изменено блоков: 0
[10:33:30] [Server thread/INFO] [minecraft/GameTestServer]: [_]
[10:33:30] [Server thread/INFO] [minecraft/GameTestServer]: [_]
[10:33:30] [Server thread/INFO] [minecraft/GameTestServer]: [_]
[10:33:30] [Server thread/INFO] [minecraft/GameTestServer]: [_]
[10:33:31] [Server thread/INFO] [minecraft/GameTestServer]: [_]
[10:33:31] [Server thread/INFO] [minecraft/MinecraftServer]: Проверка конечного места: 53%, изменено блоков: 0
[10:33:31] [Server thread/INFO] [minecraft/GameTestServer]: [_]
[10:33:31] [Server thread/INFO] [minecraft/GameTestServer]: [_]
[10:33:31] [Server thread/INFO] [minecraft/GameTestServer]: [_]
[10:33:31] [Server thread/INFO] [minecraft/GameTestServer]: [_]
[10:33:32] [Server thread/INFO] [minecraft/GameTestServer]: [_]
[10:33:32] [Server thread/INFO] [minecraft/MinecraftServer]: Проверка конечного места: 53%, изменено блоков: 0
[10:33:32] [Server thread/INFO] [minecraft/GameTestServer]: [_]
[10:33:32] [Server thread/INFO] [minecraft/GameTestServer]: [_]
[10:33:32] [Server thread/INFO] [minecraft/GameTestServer]: [_]
[10:33:32] [Server thread/INFO] [minecraft/GameTestServer]: [_]
[10:33:33] [Server thread/INFO] [minecraft/GameTestServer]: [_]
[10:33:33] [Server thread/INFO] [minecraft/MinecraftServer]: Проверка конечного места: 53%, изменено блоков: 0
[10:33:33] [Server thread/INFO] [minecraft/GameTestServer]: [_]
[10:33:33] [Server thread/INFO] [minecraft/GameTestServer]: [_]
[10:33:33] [Server thread/INFO] [minecraft/GameTestServer]: [_]
[10:33:34] [Server thread/INFO] [minecraft/GameTestServer]: [_]
[10:33:34] [Server thread/INFO] [minecraft/GameTestServer]: [_]
[10:33:34] [Server thread/INFO] [minecraft/MinecraftServer]: Проверка конечного места: 54%, изменено блоков: 0
[10:33:34] [Server thread/INFO] [minecraft/GameTestServer]: [_]
[10:33:34] [Server thread/INFO] [minecraft/GameTestServer]: [_]
[10:33:35] [Server thread/INFO] [minecraft/GameTestServer]: [_]
[10:33:35] [Server thread/INFO] [minecraft/GameTestServer]: [_]
[10:33:35] [Server thread/INFO] [minecraft/GameTestServer]: [_]
[10:33:35] [Server thread/INFO] [minecraft/MinecraftServer]: Проверка конечного места: 54%, изменено блоков: 0
[10:33:35] [Server thread/INFO] [minecraft/GameTestServer]: [_]
[10:33:35] [Server thread/INFO] [minecraft/GameTestServer]: [_]
[10:33:36] [Server thread/INFO] [minecraft/GameTestServer]: [_]
[10:33:36] [Server thread/INFO] [minecraft/GameTestServer]: [_]
[10:33:36] [Server thread/INFO] [minecraft/GameTestServer]: [_]
[10:33:36] [Server thread/INFO] [minecraft/MinecraftServer]: Проверка конечного места: 54%, изменено блоков: 0
[10:33:36] [Server thread/INFO] [minecraft/GameTestServer]: [_]
[10:33:37] [Server thread/INFO] [minecraft/GameTestServer]: [_]
[10:33:37] [Server thread/INFO] [minecraft/GameTestServer]: [_]
[10:33:37] [Server thread/INFO] [minecraft/GameTestServer]: [_]
[10:33:37] [Server thread/INFO] [minecraft/GameTestServer]: [_]
[10:33:37] [Server thread/INFO] [minecraft/MinecraftServer]: Проверка конечного места: 55%, изменено блоков: 0
[10:33:38] [Server thread/INFO] [minecraft/GameTestServer]: [_]
[10:33:38] [Server thread/INFO] [minecraft/GameTestServer]: [_]
[10:33:38] [Server thread/INFO] [minecraft/GameTestServer]: [_]
[10:33:38] [Server thread/INFO] [minecraft/GameTestServer]: [_]
[10:33:39] [Server thread/INFO] [minecraft/GameTestServer]: [_]
[10:33:39] [Server thread/INFO] [minecraft/MinecraftServer]: Проверка конечного места: 55%, изменено блоков: 0
[10:33:39] [Server thread/INFO] [minecraft/GameTestServer]: [_]
[10:33:39] [Server thread/INFO] [minecraft/GameTestServer]: [_]
[10:33:39] [Server thread/INFO] [minecraft/GameTestServer]: [_]
[10:33:40] [Server thread/INFO] [minecraft/GameTestServer]: [_]
[10:33:40] [Server thread/INFO] [minecraft/GameTestServer]: [_]
[10:33:40] [Server thread/INFO] [minecraft/MinecraftServer]: Проверка конечного места: 55%, изменено блоков: 0
[10:33:40] [Server thread/INFO] [minecraft/GameTestServer]: [_]
[10:33:40] [Server thread/INFO] [minecraft/GameTestServer]: [_]
[10:33:41] [Server thread/INFO] [minecraft/GameTestServer]: [_]
[10:33:41] [Server thread/INFO] [minecraft/GameTestServer]: [_]
[10:33:41] [Server thread/INFO] [minecraft/GameTestServer]: [_]
[10:33:41] [Server thread/INFO] [minecraft/MinecraftServer]: Проверка конечного места: 56%, изменено блоков: 0
[10:33:41] [Server thread/INFO] [minecraft/GameTestServer]: [_]
[10:33:42] [Server thread/INFO] [minecraft/GameTestServer]: [_]
[10:33:42] [Server thread/INFO] [minecraft/GameTestServer]: [_]
[10:33:42] [Server thread/INFO] [minecraft/GameTestServer]: [_]
[10:33:42] [Server thread/INFO] [minecraft/GameTestServer]: [_]
[10:33:43] [Server thread/INFO] [minecraft/MinecraftServer]: Проверка конечного места: 56%, изменено блоков: 0
[10:33:43] [Server thread/INFO] [minecraft/GameTestServer]: [_]
[10:33:43] [Server thread/INFO] [minecraft/GameTestServer]: [_]
[10:33:43] [Server thread/INFO] [minecraft/GameTestServer]: [_]
[10:33:43] [Server thread/INFO] [minecraft/GameTestServer]: [_]
[10:33:44] [Server thread/INFO] [minecraft/GameTestServer]: [_]
[10:33:44] [Server thread/INFO] [minecraft/MinecraftServer]: Проверка конечного места: 56%, изменено блоков: 0
[10:33:44] [Server thread/INFO] [minecraft/GameTestServer]: [_]
[10:33:44] [Server thread/INFO] [minecraft/GameTestServer]: [_]
[10:33:44] [Server thread/INFO] [minecraft/GameTestServer]: [_]
[10:33:44] [Server thread/INFO] [minecraft/GameTestServer]: [_]
[10:33:45] [Server thread/INFO] [minecraft/GameTestServer]: [_]
[10:33:45] [Server thread/INFO] [minecraft/MinecraftServer]: Проверка конечного места: 57%, изменено блоков: 0
[10:33:45] [Server thread/INFO] [minecraft/GameTestServer]: [_]
[10:33:45] [Server thread/INFO] [minecraft/GameTestServer]: [_]
[10:33:45] [Server thread/INFO] [minecraft/GameTestServer]: [_]
[10:33:46] [Server thread/INFO] [minecraft/GameTestServer]: [_]
[10:33:46] [Server thread/INFO] [minecraft/GameTestServer]: [_]
[10:33:46] [Server thread/INFO] [minecraft/MinecraftServer]: Проверка конечного места: 57%, изменено блоков: 0
[10:33:46] [Server thread/INFO] [minecraft/GameTestServer]: [_]
[10:33:47] [Server thread/INFO] [minecraft/GameTestServer]: [_]
[10:33:47] [Server thread/INFO] [minecraft/GameTestServer]: [_]
[10:33:47] [Server thread/INFO] [minecraft/GameTestServer]: [_]
[10:33:47] [Server thread/INFO] [minecraft/GameTestServer]: [_]
[10:33:48] [Server thread/INFO] [minecraft/MinecraftServer]: Проверка конечного места: 58%, изменено блоков: 0
[10:33:48] [Server thread/INFO] [minecraft/GameTestServer]: [_]
[10:33:48] [Server thread/INFO] [minecraft/GameTestServer]: [_]
[10:33:48] [Server thread/INFO] [minecraft/GameTestServer]: [_]
[10:33:48] [Server thread/INFO] [minecraft/GameTestServer]: [_]
[10:33:49] [Server thread/INFO] [minecraft/GameTestServer]: [_]
[10:33:49] [Server thread/INFO] [minecraft/MinecraftServer]: Проверка конечного места: 58%, изменено блоков: 0
[10:33:49] [Server thread/INFO] [minecraft/GameTestServer]: [_]
[10:33:49] [Server thread/INFO] [minecraft/GameTestServer]: [_]
[10:33:49] [Server thread/INFO] [minecraft/GameTestServer]: [_]
[10:33:50] [Server thread/INFO] [minecraft/GameTestServer]: [_]
[10:33:50] [Server thread/INFO] [minecraft/GameTestServer]: [_]
[10:33:50] [Server thread/INFO] [minecraft/MinecraftServer]: Проверка конечного места: 58%, изменено блоков: 0
[10:33:50] [Server thread/INFO] [minecraft/GameTestServer]: [_]
[10:33:51] [Server thread/INFO] [minecraft/GameTestServer]: [_]
[10:33:51] [Server thread/INFO] [minecraft/GameTestServer]: [_]
[10:33:51] [Server thread/INFO] [minecraft/GameTestServer]: [_]
[10:33:51] [Server thread/INFO] [minecraft/GameTestServer]: [_]
[10:33:51] [Server thread/INFO] [minecraft/MinecraftServer]: Проверка конечного места: 59%, изменено блоков: 0
[10:33:52] [Server thread/INFO] [minecraft/GameTestServer]: [_]
[10:33:52] [Server thread/INFO] [minecraft/GameTestServer]: [_]
[10:33:52] [Server thread/INFO] [minecraft/GameTestServer]: [_]
[10:33:52] [Server thread/INFO] [minecraft/GameTestServer]: [_]
[10:33:53] [Server thread/INFO] [minecraft/GameTestServer]: [_]
[10:33:53] [Server thread/INFO] [minecraft/MinecraftServer]: Проверка конечного места: 59%, изменено блоков: 0
[10:33:53] [Server thread/INFO] [minecraft/GameTestServer]: [_]
[10:33:53] [Server thread/INFO] [minecraft/GameTestServer]: [_]
[10:33:53] [Server thread/INFO] [minecraft/GameTestServer]: [_]
[10:33:54] [Server thread/INFO] [minecraft/GameTestServer]: [_]
[10:33:54] [Server thread/INFO] [minecraft/GameTestServer]: [_]
[10:33:54] [Server thread/INFO] [minecraft/MinecraftServer]: Проверка конечного места: 59%, изменено блоков: 0
[10:33:54] [Server thread/INFO] [minecraft/GameTestServer]: [_]
[10:33:55] [Server thread/INFO] [minecraft/GameTestServer]: [_]
[10:33:55] [Server thread/INFO] [minecraft/GameTestServer]: [_]
[10:33:55] [Server thread/INFO] [minecraft/GameTestServer]: [_]
[10:33:55] [Server thread/INFO] [minecraft/GameTestServer]: [_]
[10:33:56] [Server thread/INFO] [minecraft/MinecraftServer]: Проверка конечного места: 60%, изменено блоков: 0
[10:33:56] [Server thread/INFO] [minecraft/GameTestServer]: [_]
[10:33:56] [Server thread/INFO] [minecraft/GameTestServer]: [_]
[10:33:56] [Server thread/INFO] [minecraft/GameTestServer]: [_]
[10:33:56] [Server thread/INFO] [minecraft/GameTestServer]: [_]
[10:33:57] [Server thread/INFO] [minecraft/GameTestServer]: [_]
[10:33:57] [Server thread/INFO] [minecraft/MinecraftServer]: Проверка конечного места: 60%, изменено блоков: 0
[10:33:57] [Server thread/INFO] [minecraft/GameTestServer]: [_]
[10:33:57] [Server thread/INFO] [minecraft/GameTestServer]: [_]
[10:33:57] [Server thread/INFO] [minecraft/GameTestServer]: [_]
[10:33:58] [Server thread/INFO] [minecraft/GameTestServer]: [_]
[10:33:58] [Server thread/INFO] [minecraft/GameTestServer]: [_]
[10:33:58] [Server thread/INFO] [minecraft/MinecraftServer]: Проверка конечного места: 61%, изменено блоков: 0
[10:33:58] [Server thread/INFO] [minecraft/GameTestServer]: [_]
[10:33:58] [Server thread/INFO] [minecraft/GameTestServer]: [_]
[10:33:59] [Server thread/INFO] [minecraft/GameTestServer]: [_]
[10:33:59] [Server thread/INFO] [minecraft/GameTestServer]: [_]
[10:33:59] [Server thread/INFO] [minecraft/GameTestServer]: [_]
[10:33:59] [Server thread/INFO] [minecraft/MinecraftServer]: Проверка конечного места: 61%, изменено блоков: 0
[10:34:00] [Server thread/INFO] [minecraft/GameTestServer]: [_]
[10:34:00] [Server thread/INFO] [minecraft/GameTestServer]: [_]
[10:34:00] [Server thread/INFO] [minecraft/GameTestServer]: [_]
[10:34:00] [Server thread/INFO] [minecraft/GameTestServer]: [_]
[10:34:01] [Server thread/INFO] [minecraft/GameTestServer]: [_]
[10:34:01] [Server thread/INFO] [minecraft/MinecraftServer]: Проверка конечного места: 61%, изменено блоков: 0
[10:34:01] [Server thread/INFO] [minecraft/GameTestServer]: [_]
[10:34:01] [Server thread/INFO] [minecraft/GameTestServer]: [_]
[10:34:01] [Server thread/INFO] [minecraft/GameTestServer]: [_]
[10:34:02] [Server thread/INFO] [minecraft/GameTestServer]: [_]
[10:34:02] [Server thread/INFO] [minecraft/GameTestServer]: [_]
[10:34:02] [Server thread/INFO] [minecraft/MinecraftServer]: Проверка конечного места: 62%, изменено блоков: 0
[10:34:02] [Server thread/INFO] [minecraft/GameTestServer]: [_]
[10:34:02] [Server thread/INFO] [minecraft/GameTestServer]: [_]
[10:34:03] [Server thread/INFO] [minecraft/GameTestServer]: [_]
[10:34:03] [Server thread/INFO] [minecraft/GameTestServer]: [_]
[10:34:03] [Server thread/INFO] [minecraft/GameTestServer]: [_]
[10:34:03] [Server thread/INFO] [minecraft/MinecraftServer]: Проверка конечного места: 62%, изменено блоков: 0
[10:34:04] [Server thread/INFO] [minecraft/GameTestServer]: [_]
[10:34:04] [Server thread/INFO] [minecraft/GameTestServer]: [_]
[10:34:04] [Server thread/INFO] [minecraft/GameTestServer]: [_]
[10:34:04] [Server thread/INFO] [minecraft/GameTestServer]: [_]
[10:34:05] [Server thread/INFO] [minecraft/GameTestServer]: [_]
[10:34:05] [Server thread/INFO] [minecraft/MinecraftServer]: Проверка конечного места: 62%, изменено блоков: 0
[10:34:05] [Server thread/INFO] [minecraft/GameTestServer]: [_]
[10:34:05] [Server thread/INFO] [minecraft/GameTestServer]: [_]
[10:34:05] [Server thread/INFO] [minecraft/GameTestServer]: [_]
[10:34:06] [Server thread/INFO] [minecraft/GameTestServer]: [_]
[10:34:06] [Server thread/INFO] [minecraft/GameTestServer]: [_]
[10:34:06] [Server thread/INFO] [minecraft/MinecraftServer]: Проверка конечного места: 63%, изменено блоков: 0
[10:34:06] [Server thread/INFO] [minecraft/GameTestServer]: [_]
[10:34:06] [Server thread/INFO] [minecraft/GameTestServer]: [_]
[10:34:07] [Server thread/INFO] [minecraft/GameTestServer]: [_]
[10:34:07] [Server thread/INFO] [minecraft/GameTestServer]: [_]
[10:34:07] [Server thread/INFO] [minecraft/GameTestServer]: [_]
[10:34:07] [Server thread/INFO] [minecraft/MinecraftServer]: Проверка конечного места: 63%, изменено блоков: 0
[10:34:07] [Server thread/INFO] [minecraft/GameTestServer]: [_]
[10:34:08] [Server thread/INFO] [minecraft/GameTestServer]: [_]
[10:34:08] [Server thread/INFO] [minecraft/GameTestServer]: [_]
[10:34:08] [Server thread/INFO] [minecraft/GameTestServer]: [_]
[10:34:09] [Server thread/INFO] [minecraft/GameTestServer]: [_]
[10:34:09] [Server thread/INFO] [minecraft/MinecraftServer]: Проверка конечного места: 64%, изменено блоков: 0
[10:34:09] [Server thread/INFO] [minecraft/GameTestServer]: [_]
[10:34:09] [Server thread/INFO] [minecraft/GameTestServer]: [_]
[10:34:09] [Server thread/INFO] [minecraft/GameTestServer]: [_]
[10:34:10] [Server thread/INFO] [minecraft/GameTestServer]: [_]
[10:34:10] [Server thread/INFO] [minecraft/GameTestServer]: [_]
[10:34:10] [Server thread/INFO] [minecraft/MinecraftServer]: Проверка конечного места: 64%, изменено блоков: 0
[10:34:10] [Server thread/INFO] [minecraft/GameTestServer]: [_]
[10:34:10] [Server thread/INFO] [minecraft/GameTestServer]: [_]
[10:34:11] [Server thread/INFO] [minecraft/GameTestServer]: [_]
[10:34:11] [Server thread/INFO] [minecraft/GameTestServer]: [_]
[10:34:11] [Server thread/INFO] [minecraft/GameTestServer]: [_]
[10:34:11] [Server thread/INFO] [minecraft/MinecraftServer]: Проверка конечного места: 64%, изменено блоков: 0
[10:34:11] [Server thread/INFO] [minecraft/GameTestServer]: [_]
[10:34:12] [Server thread/INFO] [minecraft/GameTestServer]: [_]
[10:34:12] [Server thread/INFO] [minecraft/GameTestServer]: [_]
[10:34:12] [Server thread/INFO] [minecraft/GameTestServer]: [_]
[10:34:12] [Server thread/INFO] [minecraft/GameTestServer]: [_]
[10:34:13] [Server thread/INFO] [minecraft/MinecraftServer]: Проверка конечного места: 65%, изменено блоков: 0
[10:34:13] [Server thread/INFO] [minecraft/GameTestServer]: [_]
[10:34:13] [Server thread/INFO] [minecraft/GameTestServer]: [_]
[10:34:13] [Server thread/INFO] [minecraft/GameTestServer]: [_]
[10:34:13] [Server thread/INFO] [minecraft/GameTestServer]: [_]
[10:34:14] [Server thread/INFO] [minecraft/GameTestServer]: [_]
[10:34:14] [Server thread/INFO] [minecraft/MinecraftServer]: Проверка конечного места: 65%, изменено блоков: 0
[10:34:14] [Server thread/INFO] [minecraft/GameTestServer]: [_]
[10:34:14] [Server thread/INFO] [minecraft/GameTestServer]: [_]
[10:34:14] [Server thread/INFO] [minecraft/GameTestServer]: [_]
[10:34:15] [Server thread/INFO] [minecraft/GameTestServer]: [_]
[10:34:15] [Server thread/INFO] [minecraft/GameTestServer]: [_]
[10:34:15] [Server thread/INFO] [minecraft/MinecraftServer]: Проверка конечного места: 65%, изменено блоков: 0
[10:34:15] [Server thread/INFO] [minecraft/GameTestServer]: [_]
[10:34:15] [Server thread/INFO] [minecraft/GameTestServer]: [_]
[10:34:16] [Server thread/INFO] [minecraft/GameTestServer]: [_]
[10:34:16] [Server thread/INFO] [minecraft/GameTestServer]: [_]
[10:34:16] [Server thread/INFO] [minecraft/GameTestServer]: [_]
[10:34:16] [Server thread/INFO] [minecraft/MinecraftServer]: Проверка конечного места: 66%, изменено блоков: 0
[10:34:16] [Server thread/INFO] [minecraft/GameTestServer]: [_]
[10:34:17] [Server thread/INFO] [minecraft/GameTestServer]: [_]
[10:34:17] [Server thread/INFO] [minecraft/GameTestServer]: [_]
[10:34:17] [Server thread/INFO] [minecraft/GameTestServer]: [_]
[10:34:17] [Server thread/INFO] [minecraft/GameTestServer]: [_]
[10:34:17] [Server thread/INFO] [minecraft/MinecraftServer]: Проверка конечного места: 66%, изменено блоков: 0
[10:34:18] [Server thread/INFO] [minecraft/GameTestServer]: [_]
[10:34:18] [Server thread/INFO] [minecraft/GameTestServer]: [_]
[10:34:18] [Server thread/INFO] [minecraft/GameTestServer]: [_]
[10:34:18] [Server thread/INFO] [minecraft/GameTestServer]: [_]
[10:34:19] [Server thread/INFO] [minecraft/GameTestServer]: [_]
[10:34:19] [Server thread/INFO] [minecraft/MinecraftServer]: Проверка конечного места: 66%, изменено блоков: 0
[10:34:19] [Server thread/INFO] [minecraft/GameTestServer]: [_]
[10:34:19] [Server thread/INFO] [minecraft/GameTestServer]: [_]
[10:34:19] [Server thread/INFO] [minecraft/GameTestServer]: [_]
[10:34:19] [Server thread/INFO] [minecraft/GameTestServer]: [_]
[10:34:20] [Server thread/INFO] [minecraft/GameTestServer]: [_]
[10:34:20] [Server thread/INFO] [minecraft/MinecraftServer]: Проверка конечного места: 67%, изменено блоков: 0
[10:34:20] [Server thread/INFO] [minecraft/GameTestServer]: [_]
[10:34:20] [Server thread/INFO] [minecraft/GameTestServer]: [_]
[10:34:20] [Server thread/INFO] [minecraft/GameTestServer]: [_]
[10:34:21] [Server thread/INFO] [minecraft/GameTestServer]: [_]
[10:34:21] [Server thread/INFO] [minecraft/GameTestServer]: [_]
[10:34:21] [Server thread/INFO] [minecraft/MinecraftServer]: Проверка конечного места: 67%, изменено блоков: 0
[10:34:21] [Server thread/INFO] [minecraft/GameTestServer]: [_]
[10:34:21] [Server thread/INFO] [minecraft/GameTestServer]: [_]
[10:34:22] [Server thread/INFO] [minecraft/GameTestServer]: [_]
[10:34:22] [Server thread/INFO] [minecraft/GameTestServer]: [_]
[10:34:22] [Server thread/INFO] [minecraft/GameTestServer]: [_]
[10:34:22] [Server thread/INFO] [minecraft/MinecraftServer]: Проверка конечного места: 68%, изменено блоков: 0
[10:34:22] [Server thread/INFO] [minecraft/GameTestServer]: [_]
[10:34:23] [Server thread/INFO] [minecraft/GameTestServer]: [_]
[10:34:23] [Server thread/INFO] [minecraft/GameTestServer]: [_]
[10:34:23] [Server thread/INFO] [minecraft/GameTestServer]: [_]
[10:34:23] [Server thread/INFO] [minecraft/GameTestServer]: [_]
[10:34:24] [Server thread/INFO] [minecraft/MinecraftServer]: Проверка конечного места: 68%, изменено блоков: 0
[10:34:24] [Server thread/INFO] [minecraft/GameTestServer]: [_]
[10:34:24] [Server thread/INFO] [minecraft/GameTestServer]: [_]
[10:34:24] [Server thread/INFO] [minecraft/GameTestServer]: [_]
[10:34:24] [Server thread/INFO] [minecraft/GameTestServer]: [_]
[10:34:25] [Server thread/INFO] [minecraft/GameTestServer]: [_]
[10:34:25] [Server thread/INFO] [minecraft/MinecraftServer]: Проверка конечного места: 68%, изменено блоков: 0
[10:34:25] [Server thread/INFO] [minecraft/GameTestServer]: [_]
[10:34:25] [Server thread/INFO] [minecraft/GameTestServer]: [_]
[10:34:25] [Server thread/INFO] [minecraft/GameTestServer]: [_]
[10:34:26] [Server thread/INFO] [minecraft/GameTestServer]: [_]
[10:34:26] [Server thread/INFO] [minecraft/GameTestServer]: [_]
[10:34:26] [Server thread/INFO] [minecraft/MinecraftServer]: Проверка конечного места: 69%, изменено блоков: 0
[10:34:26] [Server thread/INFO] [minecraft/GameTestServer]: [_]
[10:34:26] [Server thread/INFO] [minecraft/GameTestServer]: [_]
[10:34:27] [Server thread/INFO] [minecraft/GameTestServer]: [_]
[10:34:27] [Server thread/INFO] [minecraft/GameTestServer]: [_]
[10:34:27] [Server thread/INFO] [minecraft/GameTestServer]: [_]
[10:34:27] [Server thread/INFO] [minecraft/MinecraftServer]: Проверка конечного места: 69%, изменено блоков: 0
[10:34:27] [Server thread/INFO] [minecraft/GameTestServer]: [_]
[10:34:27] [Server thread/INFO] [minecraft/GameTestServer]: [_]
[10:34:28] [Server thread/INFO] [minecraft/GameTestServer]: [_]
[10:34:28] [Server thread/INFO] [minecraft/GameTestServer]: [_]
[10:34:28] [Server thread/INFO] [minecraft/GameTestServer]: [_]
[10:34:28] [Server thread/INFO] [minecraft/MinecraftServer]: Проверка конечного места: 69%, изменено блоков: 0
[10:34:28] [Server thread/INFO] [minecraft/GameTestServer]: [_]
[10:34:29] [Server thread/INFO] [minecraft/GameTestServer]: [_]
[10:34:29] [Server thread/INFO] [minecraft/GameTestServer]: [_]
[10:34:29] [Server thread/INFO] [minecraft/GameTestServer]: [_]
[10:34:29] [Server thread/INFO] [minecraft/GameTestServer]: [_]
[10:34:29] [Server thread/INFO] [minecraft/MinecraftServer]: Проверка конечного места: 70%, изменено блоков: 0
[10:34:29] [Server thread/INFO] [minecraft/GameTestServer]: [_]
[10:34:30] [Server thread/INFO] [minecraft/GameTestServer]: [_]
[10:34:30] [Server thread/INFO] [minecraft/GameTestServer]: [_]
[10:34:30] [Server thread/INFO] [minecraft/GameTestServer]: [_]
[10:34:30] [Server thread/INFO] [minecraft/GameTestServer]: [_]
[10:34:30] [Server thread/INFO] [minecraft/MinecraftServer]: Проверка конечного места: 70%, изменено блоков: 0
[10:34:30] [Server thread/INFO] [minecraft/GameTestServer]: [_]
[10:34:31] [Server thread/INFO] [minecraft/GameTestServer]: [_]
[10:34:31] [Server thread/INFO] [minecraft/GameTestServer]: [_]
[10:34:31] [Server thread/INFO] [minecraft/GameTestServer]: [_]
[10:34:31] [Server thread/INFO] [minecraft/GameTestServer]: [_]
[10:34:31] [Server thread/INFO] [minecraft/MinecraftServer]: Проверка конечного места: 71%, изменено блоков: 0
[10:34:32] [Server thread/INFO] [minecraft/GameTestServer]: [_]
[10:34:32] [Server thread/INFO] [minecraft/GameTestServer]: [_]
[10:34:32] [Server thread/INFO] [minecraft/GameTestServer]: [_]
[10:34:32] [Server thread/INFO] [minecraft/GameTestServer]: [_]
[10:34:32] [Server thread/INFO] [minecraft/GameTestServer]: [_]
[10:34:33] [Server thread/INFO] [minecraft/MinecraftServer]: Проверка конечного места: 71%, изменено блоков: 0
[10:34:33] [Server thread/INFO] [minecraft/GameTestServer]: [_]
[10:34:33] [Server thread/INFO] [minecraft/GameTestServer]: [_]
[10:34:33] [Server thread/INFO] [minecraft/GameTestServer]: [_]
[10:34:33] [Server thread/INFO] [minecraft/GameTestServer]: [_]
[10:34:34] [Server thread/INFO] [minecraft/GameTestServer]: [_]
[10:34:34] [Server thread/INFO] [minecraft/MinecraftServer]: Проверка конечного места: 71%, изменено блоков: 0
[10:34:34] [Server thread/INFO] [minecraft/GameTestServer]: [_]
[10:34:34] [Server thread/INFO] [minecraft/GameTestServer]: [_]
[10:34:34] [Server thread/INFO] [minecraft/GameTestServer]: [_]
[10:34:34] [Server thread/INFO] [minecraft/GameTestServer]: [_]
[10:34:35] [Server thread/INFO] [minecraft/GameTestServer]: [_]
[10:34:35] [Server thread/INFO] [minecraft/MinecraftServer]: Проверка конечного места: 71%, изменено блоков: 0
[10:34:35] [Server thread/INFO] [minecraft/GameTestServer]: [_]
[10:34:35] [Server thread/INFO] [minecraft/GameTestServer]: [_]
[10:34:35] [Server thread/INFO] [minecraft/GameTestServer]: [_]
[10:34:36] [Server thread/INFO] [minecraft/GameTestServer]: [_]
[10:34:36] [Server thread/INFO] [minecraft/GameTestServer]: [_]
[10:34:36] [Server thread/INFO] [minecraft/MinecraftServer]: Проверка конечного места: 72%, изменено блоков: 0
[10:34:36] [Server thread/INFO] [minecraft/GameTestServer]: [_]
[10:34:36] [Server thread/INFO] [minecraft/GameTestServer]: [_]
[10:34:36] [Server thread/INFO] [minecraft/GameTestServer]: [_]
[10:34:37] [Server thread/INFO] [minecraft/GameTestServer]: [_]
[10:34:37] [Server thread/INFO] [minecraft/MinecraftServer]: Проверяется другая площадка: 11 / 16
[10:34:37] [Server thread/INFO] [minecraft/GameTestServer]: [_]
[10:34:37] [Server thread/INFO] [minecraft/MinecraftServer]: Загрузка территории: 25%, изменено блоков: 0
[10:34:37] [Server thread/INFO] [minecraft/GameTestServer]: [_]
[10:34:37] [Server thread/INFO] [minecraft/GameTestServer]: [_]
[10:34:37] [Server thread/INFO] [minecraft/GameTestServer]: [_]
[10:34:37] [Server thread/INFO] [minecraft/GameTestServer]: [_]
[10:34:37] [Server thread/INFO] [minecraft/GameTestServer]: [_]
[10:34:38] [Server thread/INFO] [minecraft/MinecraftServer]: Загрузка территории: 11%, изменено блоков: 0
[10:34:38] [Server thread/INFO] [minecraft/GameTestServer]: [_]
[10:34:38] [Server thread/INFO] [minecraft/GameTestServer]: [_]
[10:34:38] [Server thread/INFO] [minecraft/GameTestServer]: [_]
[10:34:38] [Server thread/INFO] [minecraft/GameTestServer]: [_]
[10:34:38] [Server thread/INFO] [minecraft/GameTestServer]: [_]
[10:34:38] [Server thread/INFO] [minecraft/MinecraftServer]: Загрузка территории: 42%, изменено блоков: 0
[10:34:38] [Server thread/INFO] [minecraft/GameTestServer]: [_]
[10:34:39] [Server thread/INFO] [minecraft/GameTestServer]: [_]
[10:34:39] [Server thread/INFO] [minecraft/GameTestServer]: [_]
[10:34:39] [Server thread/INFO] [minecraft/GameTestServer]: [_]
[10:34:39] [Server thread/INFO] [minecraft/GameTestServer]: [_]
[10:34:39] [Server thread/INFO] [minecraft/MinecraftServer]: Загрузка территории: 73%, изменено блоков: 0
[10:34:39] [Server thread/INFO] [minecraft/GameTestServer]: [_]
[10:34:39] [Server thread/INFO] [minecraft/GameTestServer]: [_]
[10:34:39] [Server thread/INFO] [minecraft/GameTestServer]: [_]
[10:34:39] [Server thread/INFO] [minecraft/GameTestServer]: [_]
[10:34:40] [Server thread/INFO] [minecraft/MinecraftServer]: Чанки загружены. Подготовка окончательного положения на Y=0
[10:34:40] [Server thread/INFO] [minecraft/GameTestServer]: [_]
[10:34:40] [Server thread/INFO] [minecraft/MinecraftServer]: Планирование грунта: 2%, изменено блоков: 0
[10:34:40] [Server thread/INFO] [minecraft/GameTestServer]: [_]
[10:34:40] [Server thread/INFO] [minecraft/GameTestServer]: [_]
[10:34:40] [Server thread/INFO] [minecraft/GameTestServer]: [_]
[10:34:40] [Server thread/INFO] [minecraft/GameTestServer]: [_]
[10:34:40] [Server thread/INFO] [minecraft/GameTestServer]: [_]
[10:34:40] [Server thread/INFO] [minecraft/MinecraftServer]: Планирование грунта: 19%, изменено блоков: 0
[10:34:41] [Server thread/INFO] [minecraft/GameTestServer]: [_]
[10:34:41] [Server thread/INFO] [minecraft/GameTestServer]: [_]
[10:34:41] [Server thread/INFO] [minecraft/GameTestServer]: [_]
[10:34:41] [Server thread/INFO] [minecraft/GameTestServer]: [_]
[10:34:41] [Server thread/INFO] [minecraft/GameTestServer]: [_]
[10:34:41] [Server thread/INFO] [minecraft/MinecraftServer]: Планирование грунта: 36%, изменено блоков: 0
[10:34:41] [Server thread/INFO] [minecraft/GameTestServer]: [_]
[10:34:41] [Server thread/INFO] [minecraft/GameTestServer]: [_]
[10:34:41] [Server thread/INFO] [minecraft/GameTestServer]: [_]
[10:34:41] [Server thread/INFO] [minecraft/GameTestServer]: [_]
[10:34:41] [Server thread/INFO] [minecraft/GameTestServer]: [_]
[10:34:42] [Server thread/INFO] [minecraft/MinecraftServer]: Планирование грунта: 53%, изменено блоков: 0
[10:34:42] [Server thread/INFO] [minecraft/GameTestServer]: [_]
[10:34:42] [Server thread/INFO] [minecraft/GameTestServer]: [_]
[10:34:42] [Server thread/INFO] [minecraft/GameTestServer]: [_]
[10:34:42] [Server thread/INFO] [minecraft/GameTestServer]: [_]
[10:34:42] [Server thread/INFO] [minecraft/GameTestServer]: [_]
[10:34:42] [Server thread/INFO] [minecraft/MinecraftServer]: Планирование грунта: 70%, изменено блоков: 0
[10:34:42] [Server thread/INFO] [minecraft/GameTestServer]: [_]
[10:34:42] [Server thread/INFO] [minecraft/GameTestServer]: [_]
[10:34:42] [Server thread/INFO] [minecraft/GameTestServer]: [_]
[10:34:43] [Server thread/INFO] [minecraft/GameTestServer]: [_]
[10:34:43] [Server thread/INFO] [minecraft/GameTestServer]: [_]
[10:34:43] [Server thread/INFO] [minecraft/MinecraftServer]: Планирование грунта: 87%, изменено блоков: 0
[10:34:43] [Server thread/INFO] [minecraft/GameTestServer]: [_]
[10:34:43] [Server thread/INFO] [minecraft/GameTestServer]: [_]
[10:34:43] [Server thread/INFO] [minecraft/GameTestServer]: [_]
[10:34:43] [Server thread/INFO] [minecraft/GameTestServer]: [_]
[10:34:43] [Server thread/INFO] [minecraft/GameTestServer]: [_]
[10:34:43] [Server thread/INFO] [minecraft/MinecraftServer]: Проверка конечного места: 15%, изменено блоков: 0
[10:34:44] [Server thread/INFO] [minecraft/GameTestServer]: [_]
[10:34:44] [Server thread/INFO] [minecraft/MinecraftServer]: Проверяется другая площадка: 12 / 16
[10:34:44] [Server thread/INFO] [minecraft/GameTestServer]: [_]
[10:34:44] [Server thread/INFO] [minecraft/GameTestServer]: [_]
[10:34:44] [Server thread/INFO] [minecraft/GameTestServer]: [_]
[10:34:44] [Server thread/INFO] [minecraft/GameTestServer]: [_]
[10:34:44] [Server thread/INFO] [minecraft/MinecraftServer]: Загрузка территории: 97%, изменено блоков: 0
[10:34:44] [Server thread/INFO] [minecraft/GameTestServer]: [_]
[10:34:45] [Server thread/INFO] [minecraft/GameTestServer]: [_]
[10:34:45] [Server thread/INFO] [minecraft/GameTestServer]: [_]
[10:34:45] [Server thread/INFO] [minecraft/GameTestServer]: [_]
[10:34:45] [Server thread/INFO] [minecraft/GameTestServer]: [_]
[10:34:45] [Server thread/INFO] [minecraft/MinecraftServer]: Загрузка территории: 29%, изменено блоков: 0
[10:34:45] [Server thread/INFO] [minecraft/GameTestServer]: [_]
[10:34:45] [Server thread/INFO] [minecraft/GameTestServer]: [_]
[10:34:45] [Server thread/INFO] [minecraft/GameTestServer]: [_]
[10:34:46] [Server thread/INFO] [minecraft/GameTestServer]: [_]
[10:34:46] [Server thread/INFO] [minecraft/GameTestServer]: [_]
[10:34:46] [Server thread/INFO] [minecraft/MinecraftServer]: Загрузка территории: 60%, изменено блоков: 0
[10:34:46] [Server thread/INFO] [minecraft/GameTestServer]: [_]
[10:34:46] [Server thread/INFO] [minecraft/GameTestServer]: [_]
[10:34:46] [Server thread/INFO] [minecraft/GameTestServer]: [_]
[10:34:46] [Server thread/INFO] [minecraft/GameTestServer]: [_]
[10:34:46] [Server thread/INFO] [minecraft/GameTestServer]: [_]
[10:34:46] [Server thread/INFO] [minecraft/MinecraftServer]: Загрузка территории: 91%, изменено блоков: 0
[10:34:47] [Server thread/INFO] [minecraft/GameTestServer]: [_]
[10:34:47] [Server thread/INFO] [minecraft/MinecraftServer]: Чанки загружены. Подготовка окончательного положения на Y=0
[10:34:47] [Server thread/INFO] [minecraft/GameTestServer]: [_]
[10:34:47] [Server thread/INFO] [minecraft/GameTestServer]: [_]
[10:34:47] [Server thread/INFO] [minecraft/GameTestServer]: [_]
[10:34:47] [Server thread/INFO] [minecraft/GameTestServer]: [_]
[10:34:47] [Server thread/INFO] [minecraft/MinecraftServer]: Планирование грунта: 12%, изменено блоков: 0
[10:34:47] [Server thread/INFO] [minecraft/GameTestServer]: [_]
[10:34:48] [Server thread/INFO] [minecraft/GameTestServer]: [_]
[10:34:48] [Server thread/INFO] [minecraft/GameTestServer]: [_]
[10:34:48] [Server thread/INFO] [minecraft/GameTestServer]: [_]
[10:34:48] [Server thread/INFO] [minecraft/GameTestServer]: [_]
[10:34:48] [Server thread/INFO] [minecraft/MinecraftServer]: Планирование грунта: 29%, изменено блоков: 0
[10:34:48] [Server thread/INFO] [minecraft/GameTestServer]: [_]
[10:34:48] [Server thread/INFO] [minecraft/GameTestServer]: [_]
[10:34:48] [Server thread/INFO] [minecraft/GameTestServer]: [_]
[10:34:49] [Server thread/INFO] [minecraft/GameTestServer]: [_]
[10:34:49] [Server thread/INFO] [minecraft/GameTestServer]: [_]
[10:34:49] [Server thread/INFO] [minecraft/MinecraftServer]: Планирование грунта: 46%, изменено блоков: 0
[10:34:49] [Server thread/INFO] [minecraft/GameTestServer]: [_]
[10:34:49] [Server thread/INFO] [minecraft/GameTestServer]: [_]
[10:34:49] [Server thread/INFO] [minecraft/GameTestServer]: [_]
[10:34:49] [Server thread/INFO] [minecraft/GameTestServer]: [_]
[10:34:50] [Server thread/INFO] [minecraft/GameTestServer]: [_]
[10:34:50] [Server thread/INFO] [minecraft/MinecraftServer]: Планирование грунта: 63%, изменено блоков: 0
[10:34:50] [Server thread/INFO] [minecraft/GameTestServer]: [_]
[10:34:50] [Server thread/INFO] [minecraft/GameTestServer]: [_]
[10:34:50] [Server thread/INFO] [minecraft/GameTestServer]: [_]
[10:34:50] [Server thread/INFO] [minecraft/GameTestServer]: [_]
[10:34:50] [Server thread/INFO] [minecraft/GameTestServer]: [_]
[10:34:51] [Server thread/INFO] [minecraft/MinecraftServer]: Планирование грунта: 80%, изменено блоков: 0
[10:34:51] [Server thread/INFO] [minecraft/GameTestServer]: [_]
[10:34:51] [Server thread/INFO] [minecraft/GameTestServer]: [_]
[10:34:51] [Server thread/INFO] [minecraft/GameTestServer]: [_]
[10:34:51] [Server thread/INFO] [minecraft/GameTestServer]: [_]
[10:34:51] [Server thread/INFO] [minecraft/GameTestServer]: [_]
[10:34:51] [Server thread/INFO] [minecraft/MinecraftServer]: Планирование грунта: 97%, изменено блоков: 0
[10:34:51] [Server thread/INFO] [minecraft/GameTestServer]: [_]
[10:34:52] [Server thread/INFO] [minecraft/GameTestServer]: [_]
[10:34:52] [Server thread/INFO] [minecraft/GameTestServer]: [_]
[10:34:52] [Server thread/INFO] [minecraft/MinecraftServer]: Проверяется другая площадка: 13 / 16
[10:34:52] [Server thread/INFO] [minecraft/GameTestServer]: [_]
[10:34:52] [Server thread/INFO] [minecraft/GameTestServer]: [_]
[10:34:52] [Server thread/INFO] [minecraft/MinecraftServer]: Загрузка территории: 42%, изменено блоков: 0
[10:34:52] [Server thread/INFO] [minecraft/GameTestServer]: [_]
[10:34:52] [Server thread/INFO] [minecraft/GameTestServer]: [_]
[10:34:53] [Server thread/INFO] [minecraft/GameTestServer]: [_]
[10:34:53] [Server thread/INFO] [minecraft/GameTestServer]: [_]
[10:34:53] [Server thread/INFO] [minecraft/GameTestServer]: [_]
[10:34:53] [Server thread/INFO] [minecraft/MinecraftServer]: Загрузка территории: 16%, изменено блоков: 0
[10:34:53] [Server thread/INFO] [minecraft/GameTestServer]: [_]
[10:34:53] [Server thread/INFO] [minecraft/GameTestServer]: [_]
[10:34:53] [Server thread/INFO] [minecraft/GameTestServer]: [_]
[10:34:54] [Server thread/INFO] [minecraft/GameTestServer]: [_]
[10:34:54] [Server thread/INFO] [minecraft/GameTestServer]: [_]
[10:34:54] [Server thread/INFO] [minecraft/MinecraftServer]: Загрузка территории: 47%, изменено блоков: 0
[10:34:54] [Server thread/INFO] [minecraft/GameTestServer]: [_]
[10:34:54] [Server thread/INFO] [minecraft/GameTestServer]: [_]
[10:34:54] [Server thread/INFO] [minecraft/GameTestServer]: [_]
[10:34:54] [Server thread/INFO] [minecraft/GameTestServer]: [_]
[10:34:54] [Server thread/INFO] [minecraft/GameTestServer]: [_]
[10:34:55] [Server thread/INFO] [minecraft/MinecraftServer]: Загрузка территории: 78%, изменено блоков: 0
[10:34:55] [Server thread/INFO] [minecraft/GameTestServer]: [_]
[10:34:55] [Server thread/INFO] [minecraft/GameTestServer]: [_]
[10:34:55] [Server thread/INFO] [minecraft/GameTestServer]: [_]
[10:34:55] [Server thread/INFO] [minecraft/GameTestServer]: [_]
[10:34:55] [Server thread/INFO] [minecraft/MinecraftServer]: Чанки загружены. Подготовка окончательного положения на Y=0
[10:34:55] [Server thread/INFO] [minecraft/GameTestServer]: [_]
[10:34:55] [Server thread/INFO] [minecraft/MinecraftServer]: Планирование грунта: 4%, изменено блоков: 0
[10:34:55] [Server thread/INFO] [minecraft/GameTestServer]: [_]
[10:34:56] [Server thread/INFO] [minecraft/GameTestServer]: [_]
[10:34:56] [Server thread/INFO] [minecraft/GameTestServer]: [_]
[10:34:56] [Server thread/INFO] [minecraft/GameTestServer]: [_]
[10:34:56] [Server thread/INFO] [minecraft/GameTestServer]: [_]
[10:34:56] [Server thread/INFO] [minecraft/MinecraftServer]: Планирование грунта: 21%, изменено блоков: 0
[10:34:56] [Server thread/INFO] [minecraft/GameTestServer]: [_]
[10:34:56] [Server thread/INFO] [minecraft/GameTestServer]: [_]
[10:34:57] [Server thread/INFO] [minecraft/GameTestServer]: [_]
[10:34:57] [Server thread/INFO] [minecraft/GameTestServer]: [_]
[10:34:57] [Server thread/INFO] [minecraft/GameTestServer]: [_]
[10:34:57] [Server thread/INFO] [minecraft/MinecraftServer]: Планирование грунта: 38%, изменено блоков: 0
[10:34:57] [Server thread/INFO] [minecraft/GameTestServer]: [_]
[10:34:57] [Server thread/INFO] [minecraft/GameTestServer]: [_]
[10:34:57] [Server thread/INFO] [minecraft/GameTestServer]: [_]
[10:34:58] [Server thread/INFO] [minecraft/GameTestServer]: [_]
[10:34:58] [Server thread/INFO] [minecraft/GameTestServer]: [_]
[10:34:58] [Server thread/INFO] [minecraft/MinecraftServer]: Планирование грунта: 55%, изменено блоков: 0
[10:34:58] [Server thread/INFO] [minecraft/GameTestServer]: [_]
[10:34:58] [Server thread/INFO] [minecraft/GameTestServer]: [_]
[10:34:58] [Server thread/INFO] [minecraft/GameTestServer]: [_]
[10:34:58] [Server thread/INFO] [minecraft/GameTestServer]: [_]
[10:34:58] [Server thread/INFO] [minecraft/GameTestServer]: [_]
[10:34:59] [Server thread/INFO] [minecraft/MinecraftServer]: Планирование грунта: 72%, изменено блоков: 0
[10:34:59] [Server thread/INFO] [minecraft/GameTestServer]: [_]
[10:34:59] [Server thread/INFO] [minecraft/GameTestServer]: [_]
[10:34:59] [Server thread/INFO] [minecraft/GameTestServer]: [_]
[10:34:59] [Server thread/INFO] [minecraft/GameTestServer]: [_]
[10:34:59] [Server thread/INFO] [minecraft/GameTestServer]: [_]
[10:34:59] [Server thread/INFO] [minecraft/MinecraftServer]: Планирование грунта: 89%, изменено блоков: 0
[10:34:59] [Server thread/INFO] [minecraft/GameTestServer]: [_]
[10:35:00] [Server thread/INFO] [minecraft/GameTestServer]: [_]
[10:35:00] [Server thread/INFO] [minecraft/GameTestServer]: [_]
[10:35:00] [Server thread/INFO] [minecraft/MinecraftServer]: Проверяется другая площадка: 14 / 16
[10:35:00] [Server thread/INFO] [minecraft/GameTestServer]: [_]
[10:35:00] [Server thread/INFO] [minecraft/GameTestServer]: [_]
[10:35:00] [Server thread/INFO] [minecraft/MinecraftServer]: Загрузка территории: 45%, изменено блоков: 0
[10:35:00] [Server thread/INFO] [minecraft/GameTestServer]: [_]
[10:35:00] [Server thread/INFO] [minecraft/GameTestServer]: [_]
[10:35:01] [Server thread/INFO] [minecraft/GameTestServer]: [_]
[10:35:01] [Server thread/INFO] [minecraft/GameTestServer]: [_]
[10:35:01] [Server thread/INFO] [minecraft/GameTestServer]: [_]
[10:35:01] [Server thread/INFO] [minecraft/MinecraftServer]: Загрузка территории: 16%, изменено блоков: 0
[10:35:01] [Server thread/INFO] [minecraft/GameTestServer]: [_]
[10:35:01] [Server thread/INFO] [minecraft/GameTestServer]: [_]
[10:35:01] [Server thread/INFO] [minecraft/GameTestServer]: [_]
[10:35:02] [Server thread/INFO] [minecraft/GameTestServer]: [_]
[10:35:02] [Server thread/INFO] [minecraft/GameTestServer]: [_]
[10:35:02] [Server thread/INFO] [minecraft/MinecraftServer]: Загрузка территории: 47%, изменено блоков: 0
[10:35:02] [Server thread/INFO] [minecraft/GameTestServer]: [_]
[10:35:02] [Server thread/INFO] [minecraft/GameTestServer]: [_]
[10:35:02] [Server thread/INFO] [minecraft/GameTestServer]: [_]
[10:35:02] [Server thread/INFO] [minecraft/GameTestServer]: [_]
[10:35:02] [Server thread/INFO] [minecraft/GameTestServer]: [_]
[10:35:03] [Server thread/INFO] [minecraft/MinecraftServer]: Загрузка территории: 78%, изменено блоков: 0
[10:35:03] [Server thread/INFO] [minecraft/GameTestServer]: [_]
[10:35:03] [Server thread/INFO] [minecraft/GameTestServer]: [_]
[10:35:03] [Server thread/INFO] [minecraft/GameTestServer]: [_]
[10:35:03] [Server thread/INFO] [minecraft/GameTestServer]: [_]
[10:35:03] [Server thread/INFO] [minecraft/MinecraftServer]: Чанки загружены. Подготовка окончательного положения на Y=0
[10:35:03] [Server thread/INFO] [minecraft/GameTestServer]: [_]
[10:35:03] [Server thread/INFO] [minecraft/MinecraftServer]: Планирование грунта: 5%, изменено блоков: 0
[10:35:03] [Server thread/INFO] [minecraft/GameTestServer]: [_]
[10:35:04] [Server thread/INFO] [minecraft/GameTestServer]: [_]
[10:35:04] [Server thread/INFO] [minecraft/GameTestServer]: [_]
[10:35:04] [Server thread/INFO] [minecraft/GameTestServer]: [_]
[10:35:04] [Server thread/INFO] [minecraft/GameTestServer]: [_]
[10:35:04] [Server thread/INFO] [minecraft/MinecraftServer]: Планирование грунта: 22%, изменено блоков: 0
[10:35:04] [Server thread/INFO] [minecraft/GameTestServer]: [_]
[10:35:04] [Server thread/INFO] [minecraft/GameTestServer]: [_]
[10:35:05] [Server thread/INFO] [minecraft/GameTestServer]: [_]
[10:35:05] [Server thread/INFO] [minecraft/GameTestServer]: [_]
[10:35:05] [Server thread/INFO] [minecraft/GameTestServer]: [_]
[10:35:05] [Server thread/INFO] [minecraft/MinecraftServer]: Планирование грунта: 39%, изменено блоков: 0
[10:35:05] [Server thread/INFO] [minecraft/GameTestServer]: [_]
[10:35:05] [Server thread/INFO] [minecraft/GameTestServer]: [_]
[10:35:05] [Server thread/INFO] [minecraft/GameTestServer]: [_]
[10:35:06] [Server thread/INFO] [minecraft/GameTestServer]: [_]
[10:35:06] [Server thread/INFO] [minecraft/GameTestServer]: [_]
[10:35:06] [Server thread/INFO] [minecraft/MinecraftServer]: Планирование грунта: 55%, изменено блоков: 0
[10:35:06] [Server thread/INFO] [minecraft/GameTestServer]: [_]
[10:35:06] [Server thread/INFO] [minecraft/GameTestServer]: [_]
[10:35:06] [Server thread/INFO] [minecraft/GameTestServer]: [_]
[10:35:06] [Server thread/INFO] [minecraft/GameTestServer]: [_]
[10:35:07] [Server thread/INFO] [minecraft/GameTestServer]: [_]
[10:35:07] [Server thread/INFO] [minecraft/MinecraftServer]: Планирование грунта: 72%, изменено блоков: 0
[10:35:07] [Server thread/INFO] [minecraft/GameTestServer]: [_]
[10:35:07] [Server thread/INFO] [minecraft/GameTestServer]: [_]
[10:35:07] [Server thread/INFO] [minecraft/GameTestServer]: [_]
[10:35:07] [Server thread/INFO] [minecraft/GameTestServer]: [_]
[10:35:07] [Server thread/INFO] [minecraft/GameTestServer]: [_]
[10:35:08] [Server thread/INFO] [minecraft/MinecraftServer]: Планирование грунта: 89%, изменено блоков: 0
[10:35:08] [Server thread/INFO] [minecraft/GameTestServer]: [_]
[10:35:08] [Server thread/INFO] [minecraft/GameTestServer]: [_]
[10:35:08] [Server thread/INFO] [minecraft/GameTestServer]: [_]
[10:35:08] [Server thread/INFO] [minecraft/GameTestServer]: [_]
[10:35:08] [Server thread/INFO] [minecraft/GameTestServer]: [_]
[10:35:08] [Server thread/INFO] [minecraft/MinecraftServer]: Проверка конечного места: 20%, изменено блоков: 0
[10:35:08] [Server thread/INFO] [minecraft/GameTestServer]: [_]
[10:35:09] [Server thread/INFO] [minecraft/GameTestServer]: [_]
[10:35:09] [Server thread/INFO] [minecraft/GameTestServer]: [_]
[10:35:09] [Server thread/INFO] [minecraft/GameTestServer]: [_]
[10:35:09] [Server thread/INFO] [minecraft/GameTestServer]: [_]
[10:35:10] [Server thread/INFO] [minecraft/MinecraftServer]: Проверка конечного места: 27%, изменено блоков: 0
[10:35:10] [Server thread/INFO] [minecraft/GameTestServer]: [_]
[10:35:10] [Server thread/INFO] [minecraft/GameTestServer]: [_]
[10:35:10] [Server thread/INFO] [minecraft/GameTestServer]: [_]
[10:35:10] [Server thread/INFO] [minecraft/GameTestServer]: [_]
[10:35:11] [Server thread/INFO] [minecraft/GameTestServer]: [_]
[10:35:11] [Server thread/INFO] [minecraft/MinecraftServer]: Проверка конечного места: 28%, изменено блоков: 0
[10:35:11] [Server thread/INFO] [minecraft/GameTestServer]: [_]
[10:35:11] [Server thread/INFO] [minecraft/GameTestServer]: [_]
[10:35:11] [Server thread/INFO] [minecraft/GameTestServer]: [_]
[10:35:11] [Server thread/INFO] [minecraft/GameTestServer]: [_]
[10:35:12] [Server thread/INFO] [minecraft/GameTestServer]: [_]
[10:35:12] [Server thread/INFO] [minecraft/MinecraftServer]: Проверка конечного места: 28%, изменено блоков: 0
[10:35:12] [Server thread/INFO] [minecraft/GameTestServer]: [_]
[10:35:12] [Server thread/INFO] [minecraft/GameTestServer]: [_]
[10:35:12] [Server thread/INFO] [minecraft/GameTestServer]: [_]
[10:35:13] [Server thread/INFO] [minecraft/GameTestServer]: [_]
[10:35:13] [Server thread/INFO] [minecraft/GameTestServer]: [_]
[10:35:13] [Server thread/INFO] [minecraft/MinecraftServer]: Проверка конечного места: 28%, изменено блоков: 0
[10:35:13] [Server thread/INFO] [minecraft/GameTestServer]: [_]
[10:35:13] [Server thread/INFO] [minecraft/GameTestServer]: [_]
[10:35:14] [Server thread/INFO] [minecraft/GameTestServer]: [_]
[10:35:14] [Server thread/INFO] [minecraft/GameTestServer]: [_]
[10:35:14] [Server thread/INFO] [minecraft/GameTestServer]: [_]
[10:35:14] [Server thread/INFO] [minecraft/MinecraftServer]: Проверка конечного места: 29%, изменено блоков: 0
[10:35:14] [Server thread/INFO] [minecraft/GameTestServer]: [_]
[10:35:14] [Server thread/INFO] [minecraft/GameTestServer]: [_]
[10:35:15] [Server thread/INFO] [minecraft/GameTestServer]: [_]
[10:35:15] [Server thread/INFO] [minecraft/GameTestServer]: [_]
[10:35:15] [Server thread/INFO] [minecraft/GameTestServer]: [_]
[10:35:15] [Server thread/INFO] [minecraft/MinecraftServer]: Проверка конечного места: 29%, изменено блоков: 0
[10:35:15] [Server thread/INFO] [minecraft/GameTestServer]: [_]
[10:35:16] [Server thread/INFO] [minecraft/GameTestServer]: [_]
[10:35:16] [Server thread/INFO] [minecraft/GameTestServer]: [_]
[10:35:16] [Server thread/INFO] [minecraft/GameTestServer]: [_]
[10:35:16] [Server thread/INFO] [minecraft/GameTestServer]: [_]
[10:35:16] [Server thread/INFO] [minecraft/MinecraftServer]: Проверка конечного места: 30%, изменено блоков: 0
[10:35:17] [Server thread/INFO] [minecraft/GameTestServer]: [_]
[10:35:17] [Server thread/INFO] [minecraft/GameTestServer]: [_]
[10:35:17] [Server thread/INFO] [minecraft/GameTestServer]: [_]
[10:35:17] [Server thread/INFO] [minecraft/GameTestServer]: [_]
[10:35:17] [Server thread/INFO] [minecraft/GameTestServer]: [_]
[10:35:18] [Server thread/INFO] [minecraft/MinecraftServer]: Проверка конечного места: 30%, изменено блоков: 0
[10:35:18] [Server thread/INFO] [minecraft/GameTestServer]: [_]
[10:35:18] [Server thread/INFO] [minecraft/GameTestServer]: [_]
[10:35:18] [Server thread/INFO] [minecraft/GameTestServer]: [_]
[10:35:18] [Server thread/INFO] [minecraft/GameTestServer]: [_]
[10:35:19] [Server thread/INFO] [minecraft/GameTestServer]: [_]
[10:35:19] [Server thread/INFO] [minecraft/MinecraftServer]: Проверка конечного места: 30%, изменено блоков: 0
[10:35:19] [Server thread/INFO] [minecraft/GameTestServer]: [_]
[10:35:19] [Server thread/INFO] [minecraft/GameTestServer]: [_]
[10:35:19] [Server thread/INFO] [minecraft/GameTestServer]: [_]
[10:35:20] [Server thread/INFO] [minecraft/GameTestServer]: [_]
[10:35:20] [Server thread/INFO] [minecraft/GameTestServer]: [_]
[10:35:20] [Server thread/INFO] [minecraft/MinecraftServer]: Проверка конечного места: 31%, изменено блоков: 0
[10:35:20] [Server thread/INFO] [minecraft/GameTestServer]: [_]
[10:35:20] [Server thread/INFO] [minecraft/GameTestServer]: [_]
[10:35:20] [Server thread/INFO] [minecraft/GameTestServer]: [_]
[10:35:21] [Server thread/INFO] [minecraft/GameTestServer]: [_]
[10:35:21] [Server thread/INFO] [minecraft/GameTestServer]: [_]
[10:35:21] [Server thread/INFO] [minecraft/MinecraftServer]: Проверка конечного места: 31%, изменено блоков: 0
[10:35:21] [Server thread/INFO] [minecraft/GameTestServer]: [_]
[10:35:21] [Server thread/INFO] [minecraft/GameTestServer]: [_]
[10:35:22] [Server thread/INFO] [minecraft/GameTestServer]: [_]
[10:35:22] [Server thread/INFO] [minecraft/GameTestServer]: [_]
[10:35:22] [Server thread/INFO] [minecraft/GameTestServer]: [_]
[10:35:22] [Server thread/INFO] [minecraft/MinecraftServer]: Проверка конечного места: 31%, изменено блоков: 0
[10:35:22] [Server thread/INFO] [minecraft/GameTestServer]: [_]
[10:35:23] [Server thread/INFO] [minecraft/GameTestServer]: [_]
[10:35:23] [Server thread/INFO] [minecraft/GameTestServer]: [_]
[10:35:23] [Server thread/INFO] [minecraft/GameTestServer]: [_]
[10:35:23] [Server thread/INFO] [minecraft/GameTestServer]: [_]
[10:35:24] [Server thread/INFO] [minecraft/MinecraftServer]: Проверка конечного места: 32%, изменено блоков: 0
[10:35:24] [Server thread/INFO] [minecraft/GameTestServer]: [_]
[10:35:24] [Server thread/INFO] [minecraft/GameTestServer]: [_]
[10:35:24] [Server thread/INFO] [minecraft/GameTestServer]: [_]
[10:35:24] [Server thread/INFO] [minecraft/GameTestServer]: [_]
[10:35:25] [Server thread/INFO] [minecraft/GameTestServer]: [_]
[10:35:25] [Server thread/INFO] [minecraft/MinecraftServer]: Проверка конечного места: 32%, изменено блоков: 0
[10:35:25] [Server thread/INFO] [minecraft/GameTestServer]: [_]
[10:35:25] [Server thread/INFO] [minecraft/GameTestServer]: [_]
[10:35:25] [Server thread/INFO] [minecraft/GameTestServer]: [_]
[10:35:25] [Server thread/INFO] [minecraft/GameTestServer]: [_]
[10:35:25] [Server thread/INFO] [minecraft/GameTestServer]: [_]
[10:35:26] [Server thread/INFO] [minecraft/MinecraftServer]: Проверка конечного места: 33%, изменено блоков: 0
[10:35:26] [Server thread/INFO] [minecraft/GameTestServer]: [_]
[10:35:26] [Server thread/INFO] [minecraft/GameTestServer]: [_]
[10:35:26] [Server thread/INFO] [minecraft/GameTestServer]: [_]
[10:35:26] [Server thread/INFO] [minecraft/GameTestServer]: [_]
[10:35:26] [Server thread/INFO] [minecraft/GameTestServer]: [_]
[10:35:26] [Server thread/INFO] [minecraft/MinecraftServer]: Проверка конечного места: 33%, изменено блоков: 0
[10:35:27] [Server thread/INFO] [minecraft/GameTestServer]: [_]
[10:35:27] [Server thread/INFO] [minecraft/GameTestServer]: [_]
[10:35:27] [Server thread/INFO] [minecraft/GameTestServer]: [_]
[10:35:27] [Server thread/INFO] [minecraft/GameTestServer]: [_]
[10:35:27] [Server thread/INFO] [minecraft/GameTestServer]: [_]
[10:35:27] [Server thread/INFO] [minecraft/MinecraftServer]: Проверка конечного места: 33%, изменено блоков: 0
[10:35:27] [Server thread/INFO] [minecraft/GameTestServer]: [_]
[10:35:28] [Server thread/INFO] [minecraft/GameTestServer]: [_]
[10:35:28] [Server thread/INFO] [minecraft/GameTestServer]: [_]
[10:35:28] [Server thread/INFO] [minecraft/GameTestServer]: [_]
[10:35:28] [Server thread/INFO] [minecraft/GameTestServer]: [_]
[10:35:28] [Server thread/INFO] [minecraft/MinecraftServer]: Проверка конечного места: 34%, изменено блоков: 0
[10:35:28] [Server thread/INFO] [minecraft/GameTestServer]: [_]
[10:35:28] [Server thread/INFO] [minecraft/GameTestServer]: [_]
[10:35:29] [Server thread/INFO] [minecraft/GameTestServer]: [_]
[10:35:29] [Server thread/INFO] [minecraft/GameTestServer]: [_]
[10:35:29] [Server thread/INFO] [minecraft/GameTestServer]: [_]
[10:35:29] [Server thread/INFO] [minecraft/MinecraftServer]: Проверка конечного места: 35%, изменено блоков: 0
[10:35:29] [Server thread/INFO] [minecraft/GameTestServer]: [_]
[10:35:29] [Server thread/INFO] [minecraft/GameTestServer]: [_]
[10:35:30] [Server thread/INFO] [minecraft/GameTestServer]: [_]
[10:35:30] [Server thread/INFO] [minecraft/GameTestServer]: [_]
[10:35:30] [Server thread/INFO] [minecraft/GameTestServer]: [_]
[10:35:30] [Server thread/INFO] [minecraft/MinecraftServer]: Проверка конечного места: 35%, изменено блоков: 0
[10:35:30] [Server thread/INFO] [minecraft/GameTestServer]: [_]
[10:35:30] [Server thread/INFO] [minecraft/GameTestServer]: [_]
[10:35:31] [Server thread/INFO] [minecraft/GameTestServer]: [_]
[10:35:31] [Server thread/INFO] [minecraft/GameTestServer]: [_]
[10:35:31] [Server thread/INFO] [minecraft/GameTestServer]: [_]
[10:35:31] [Server thread/INFO] [minecraft/MinecraftServer]: Проверка конечного места: 35%, изменено блоков: 0
[10:35:31] [Server thread/INFO] [minecraft/GameTestServer]: [_]
[10:35:31] [Server thread/INFO] [minecraft/GameTestServer]: [_]
[10:35:32] [Server thread/INFO] [minecraft/GameTestServer]: [_]
[10:35:32] [Server thread/INFO] [minecraft/GameTestServer]: [_]
[10:35:32] [Server thread/INFO] [minecraft/GameTestServer]: [_]
[10:35:32] [Server thread/INFO] [minecraft/MinecraftServer]: Проверка конечного места: 36%, изменено блоков: 0
[10:35:32] [Server thread/INFO] [minecraft/GameTestServer]: [_]
[10:35:33] [Server thread/INFO] [minecraft/GameTestServer]: [_]
[10:35:33] [Server thread/INFO] [minecraft/GameTestServer]: [_]
[10:35:33] [Server thread/INFO] [minecraft/GameTestServer]: [_]
[10:35:33] [Server thread/INFO] [minecraft/GameTestServer]: [_]
[10:35:33] [Server thread/INFO] [minecraft/MinecraftServer]: Проверка конечного места: 36%, изменено блоков: 0
[10:35:33] [Server thread/INFO] [minecraft/GameTestServer]: [_]
[10:35:34] [Server thread/INFO] [minecraft/GameTestServer]: [_]
[10:35:34] [Server thread/INFO] [minecraft/GameTestServer]: [_]
[10:35:34] [Server thread/INFO] [minecraft/GameTestServer]: [_]
[10:35:34] [Server thread/INFO] [minecraft/GameTestServer]: [_]
[10:35:34] [Server thread/INFO] [minecraft/MinecraftServer]: Проверка конечного места: 37%, изменено блоков: 0
[10:35:34] [Server thread/INFO] [minecraft/GameTestServer]: [_]
[10:35:35] [Server thread/INFO] [minecraft/GameTestServer]: [_]
[10:35:35] [Server thread/INFO] [minecraft/GameTestServer]: [_]
[10:35:35] [Server thread/INFO] [minecraft/GameTestServer]: [_]
[10:35:35] [Server thread/INFO] [minecraft/GameTestServer]: [_]
[10:35:35] [Server thread/INFO] [minecraft/MinecraftServer]: Проверка конечного места: 37%, изменено блоков: 0
[10:35:35] [Server thread/INFO] [minecraft/GameTestServer]: [_]
[10:35:36] [Server thread/INFO] [minecraft/GameTestServer]: [_]
[10:35:36] [Server thread/INFO] [minecraft/GameTestServer]: [_]
[10:35:36] [Server thread/INFO] [minecraft/GameTestServer]: [_]
[10:35:36] [Server thread/INFO] [minecraft/GameTestServer]: [_]
[10:35:36] [Server thread/INFO] [minecraft/MinecraftServer]: Проверка конечного места: 38%, изменено блоков: 0
[10:35:36] [Server thread/INFO] [minecraft/GameTestServer]: [_]
[10:35:37] [Server thread/INFO] [minecraft/GameTestServer]: [_]
[10:35:37] [Server thread/INFO] [minecraft/GameTestServer]: [_]
[10:35:37] [Server thread/INFO] [minecraft/GameTestServer]: [_]
[10:35:37] [Server thread/INFO] [minecraft/GameTestServer]: [_]
[10:35:37] [Server thread/INFO] [minecraft/MinecraftServer]: Проверка конечного места: 38%, изменено блоков: 0
[10:35:37] [Server thread/INFO] [minecraft/GameTestServer]: [_]
[10:35:37] [Server thread/INFO] [minecraft/GameTestServer]: [_]
[10:35:38] [Server thread/INFO] [minecraft/GameTestServer]: [_]
[10:35:38] [Server thread/INFO] [minecraft/GameTestServer]: [_]
[10:35:38] [Server thread/INFO] [minecraft/GameTestServer]: [_]
[10:35:38] [Server thread/INFO] [minecraft/MinecraftServer]: Проверка конечного места: 38%, изменено блоков: 0
[10:35:38] [Server thread/INFO] [minecraft/GameTestServer]: [_]
[10:35:38] [Server thread/INFO] [minecraft/GameTestServer]: [_]
[10:35:38] [Server thread/INFO] [minecraft/GameTestServer]: [_]
[10:35:39] [Server thread/INFO] [minecraft/GameTestServer]: [_]
[10:35:39] [Server thread/INFO] [minecraft/GameTestServer]: [_]
[10:35:39] [Server thread/INFO] [minecraft/MinecraftServer]: Проверка конечного места: 39%, изменено блоков: 0
[10:35:39] [Server thread/INFO] [minecraft/GameTestServer]: [_]
[10:35:39] [Server thread/INFO] [minecraft/GameTestServer]: [_]
[10:35:39] [Server thread/INFO] [minecraft/GameTestServer]: [_]
[10:35:40] [Server thread/INFO] [minecraft/GameTestServer]: [_]
[10:35:40] [Server thread/INFO] [minecraft/GameTestServer]: [_]
[10:35:40] [Server thread/INFO] [minecraft/MinecraftServer]: Проверка конечного места: 39%, изменено блоков: 0
[10:35:40] [Server thread/INFO] [minecraft/GameTestServer]: [_]
[10:35:40] [Server thread/INFO] [minecraft/GameTestServer]: [_]
[10:35:40] [Server thread/INFO] [minecraft/GameTestServer]: [_]
[10:35:41] [Server thread/INFO] [minecraft/GameTestServer]: [_]
[10:35:41] [Server thread/INFO] [minecraft/GameTestServer]: [_]
[10:35:41] [Server thread/INFO] [minecraft/MinecraftServer]: Проверка конечного места: 40%, изменено блоков: 0
[10:35:41] [Server thread/INFO] [minecraft/GameTestServer]: [_]
[10:35:41] [Server thread/INFO] [minecraft/GameTestServer]: [_]
[10:35:42] [Server thread/INFO] [minecraft/GameTestServer]: [_]
[10:35:42] [Server thread/INFO] [minecraft/GameTestServer]: [_]
[10:35:42] [Server thread/INFO] [minecraft/GameTestServer]: [_]
[10:35:42] [Server thread/INFO] [minecraft/MinecraftServer]: Проверка конечного места: 40%, изменено блоков: 0
[10:35:42] [Server thread/INFO] [minecraft/GameTestServer]: [_]
[10:35:42] [Server thread/INFO] [minecraft/GameTestServer]: [_]
[10:35:43] [Server thread/INFO] [minecraft/GameTestServer]: [_]
[10:35:43] [Server thread/INFO] [minecraft/GameTestServer]: [_]
[10:35:43] [Server thread/INFO] [minecraft/GameTestServer]: [_]
[10:35:43] [Server thread/INFO] [minecraft/MinecraftServer]: Проверка конечного места: 41%, изменено блоков: 0
[10:35:43] [Server thread/INFO] [minecraft/GameTestServer]: [_]
[10:35:44] [Server thread/INFO] [minecraft/GameTestServer]: [_]
[10:35:44] [Server thread/INFO] [minecraft/GameTestServer]: [_]
[10:35:44] [Server thread/INFO] [minecraft/GameTestServer]: [_]
[10:35:44] [Server thread/INFO] [minecraft/GameTestServer]: [_]
[10:35:44] [Server thread/INFO] [minecraft/MinecraftServer]: Проверка конечного места: 41%, изменено блоков: 0
[10:35:45] [Server thread/INFO] [minecraft/GameTestServer]: [_]
[10:35:45] [Server thread/INFO] [minecraft/GameTestServer]: [_]
[10:35:45] [Server thread/INFO] [minecraft/GameTestServer]: [_]
[10:35:45] [Server thread/INFO] [minecraft/GameTestServer]: [_]
[10:35:45] [Server thread/INFO] [minecraft/GameTestServer]: [_]
[10:35:46] [Server thread/INFO] [minecraft/MinecraftServer]: Проверка конечного места: 41%, изменено блоков: 0
[10:35:46] [Server thread/INFO] [minecraft/GameTestServer]: [_]
[10:35:46] [Server thread/INFO] [minecraft/GameTestServer]: [_]
[10:35:46] [Server thread/INFO] [minecraft/GameTestServer]: [_]
[10:35:46] [Server thread/INFO] [minecraft/GameTestServer]: [_]
[10:35:47] [Server thread/INFO] [minecraft/GameTestServer]: [_]
[10:35:47] [Server thread/INFO] [minecraft/MinecraftServer]: Проверка конечного места: 42%, изменено блоков: 0
[10:35:47] [Server thread/INFO] [minecraft/GameTestServer]: [_]
[10:35:47] [Server thread/INFO] [minecraft/GameTestServer]: [_]
[10:35:47] [Server thread/INFO] [minecraft/GameTestServer]: [_]
[10:35:47] [Server thread/INFO] [minecraft/GameTestServer]: [_]
[10:35:48] [Server thread/INFO] [minecraft/GameTestServer]: [_]
[10:35:48] [Server thread/INFO] [minecraft/MinecraftServer]: Проверка конечного места: 42%, изменено блоков: 0
[10:35:48] [Server thread/INFO] [minecraft/GameTestServer]: [_]
[10:35:48] [Server thread/INFO] [minecraft/GameTestServer]: [_]
[10:35:48] [Server thread/INFO] [minecraft/GameTestServer]: [_]
[10:35:49] [Server thread/INFO] [minecraft/GameTestServer]: [_]
[10:35:49] [Server thread/INFO] [minecraft/GameTestServer]: [_]
[10:35:49] [Server thread/INFO] [minecraft/MinecraftServer]: Проверка конечного места: 43%, изменено блоков: 0
[10:35:49] [Server thread/INFO] [minecraft/GameTestServer]: [_]
[10:35:49] [Server thread/INFO] [minecraft/GameTestServer]: [_]
[10:35:49] [Server thread/INFO] [minecraft/GameTestServer]: [_]
[10:35:50] [Server thread/INFO] [minecraft/GameTestServer]: [_]
[10:35:50] [Server thread/INFO] [minecraft/GameTestServer]: [_]
[10:35:50] [Server thread/INFO] [minecraft/MinecraftServer]: Проверка конечного места: 43%, изменено блоков: 0
[10:35:50] [Server thread/INFO] [minecraft/GameTestServer]: [_]
[10:35:50] [Server thread/INFO] [minecraft/GameTestServer]: [_]
[10:35:51] [Server thread/INFO] [minecraft/GameTestServer]: [_]
[10:35:51] [Server thread/INFO] [minecraft/GameTestServer]: [_]
[10:35:51] [Server thread/INFO] [minecraft/GameTestServer]: [_]
[10:35:51] [Server thread/INFO] [minecraft/MinecraftServer]: Проверка конечного места: 43%, изменено блоков: 0
[10:35:51] [Server thread/INFO] [minecraft/GameTestServer]: [_]
[10:35:51] [Server thread/INFO] [minecraft/GameTestServer]: [_]
[10:35:52] [Server thread/INFO] [minecraft/GameTestServer]: [_]
[10:35:52] [Server thread/INFO] [minecraft/GameTestServer]: [_]
[10:35:52] [Server thread/INFO] [minecraft/GameTestServer]: [_]
[10:35:52] [Server thread/INFO] [minecraft/MinecraftServer]: Проверка конечного места: 44%, изменено блоков: 0
[10:35:52] [Server thread/INFO] [minecraft/GameTestServer]: [_]
[10:35:52] [Server thread/INFO] [minecraft/GameTestServer]: [_]
[10:35:53] [Server thread/INFO] [minecraft/GameTestServer]: [_]
[10:35:53] [Server thread/INFO] [minecraft/GameTestServer]: [_]
[10:35:53] [Server thread/INFO] [minecraft/GameTestServer]: [_]
[10:35:53] [Server thread/INFO] [minecraft/MinecraftServer]: Проверка конечного места: 44%, изменено блоков: 0
[10:35:53] [Server thread/INFO] [minecraft/GameTestServer]: [_]
[10:35:53] [Server thread/INFO] [minecraft/GameTestServer]: [_]
[10:35:54] [Server thread/INFO] [minecraft/GameTestServer]: [_]
[10:35:54] [Server thread/INFO] [minecraft/GameTestServer]: [_]
[10:35:54] [Server thread/INFO] [minecraft/GameTestServer]: [_]
[10:35:54] [Server thread/INFO] [minecraft/MinecraftServer]: Проверка конечного места: 45%, изменено блоков: 0
[10:35:54] [Server thread/INFO] [minecraft/GameTestServer]: [_]
[10:35:54] [Server thread/INFO] [minecraft/GameTestServer]: [_]
[10:35:55] [Server thread/INFO] [minecraft/GameTestServer]: [_]
[10:35:55] [Server thread/INFO] [minecraft/GameTestServer]: [_]
[10:35:55] [Server thread/INFO] [minecraft/GameTestServer]: [_]
[10:35:55] [Server thread/INFO] [minecraft/MinecraftServer]: Проверка конечного места: 45%, изменено блоков: 0
[10:35:55] [Server thread/INFO] [minecraft/GameTestServer]: [_]
[10:35:56] [Server thread/INFO] [minecraft/GameTestServer]: [_]
[10:35:56] [Server thread/INFO] [minecraft/GameTestServer]: [_]
[10:35:56] [Server thread/INFO] [minecraft/GameTestServer]: [_]
[10:35:56] [Server thread/INFO] [minecraft/GameTestServer]: [_]
[10:35:56] [Server thread/INFO] [minecraft/MinecraftServer]: Проверка конечного места: 46%, изменено блоков: 0
[10:35:56] [Server thread/INFO] [minecraft/GameTestServer]: [_]
[10:35:57] [Server thread/INFO] [minecraft/GameTestServer]: [_]
[10:35:57] [Server thread/INFO] [minecraft/GameTestServer]: [_]
[10:35:57] [Server thread/INFO] [minecraft/GameTestServer]: [_]
[10:35:57] [Server thread/INFO] [minecraft/GameTestServer]: [_]
[10:35:57] [Server thread/INFO] [minecraft/MinecraftServer]: Проверка конечного места: 46%, изменено блоков: 0
[10:35:57] [Server thread/INFO] [minecraft/GameTestServer]: [_]
[10:35:58] [Server thread/INFO] [minecraft/GameTestServer]: [_]
[10:35:58] [Server thread/INFO] [minecraft/GameTestServer]: [_]
[10:35:58] [Server thread/INFO] [minecraft/GameTestServer]: [_]
[10:35:58] [Server thread/INFO] [minecraft/GameTestServer]: [_]
[10:35:58] [Server thread/INFO] [minecraft/MinecraftServer]: Проверка конечного места: 46%, изменено блоков: 0
[10:35:58] [Server thread/INFO] [minecraft/GameTestServer]: [_]
[10:35:59] [Server thread/INFO] [minecraft/GameTestServer]: [_]
[10:35:59] [Server thread/INFO] [minecraft/GameTestServer]: [_]
[10:35:59] [Server thread/INFO] [minecraft/GameTestServer]: [_]
[10:35:59] [Server thread/INFO] [minecraft/GameTestServer]: [_]
[10:35:59] [Server thread/INFO] [minecraft/MinecraftServer]: Проверка конечного места: 47%, изменено блоков: 0
[10:35:59] [Server thread/INFO] [minecraft/GameTestServer]: [_]
[10:36:00] [Server thread/INFO] [minecraft/GameTestServer]: [_]
[10:36:00] [Server thread/INFO] [minecraft/GameTestServer]: [_]
[10:36:00] [Server thread/INFO] [minecraft/GameTestServer]: [_]
[10:36:00] [Server thread/INFO] [minecraft/GameTestServer]: [_]
[10:36:00] [Server thread/INFO] [minecraft/MinecraftServer]: Проверка конечного места: 47%, изменено блоков: 0
[10:36:00] [Server thread/INFO] [minecraft/GameTestServer]: [_]
[10:36:01] [Server thread/INFO] [minecraft/GameTestServer]: [_]
[10:36:01] [Server thread/INFO] [minecraft/GameTestServer]: [_]
[10:36:01] [Server thread/INFO] [minecraft/GameTestServer]: [_]
[10:36:01] [Server thread/INFO] [minecraft/GameTestServer]: [_]
[10:36:01] [Server thread/INFO] [minecraft/MinecraftServer]: Проверка конечного места: 48%, изменено блоков: 0
[10:36:01] [Server thread/INFO] [minecraft/GameTestServer]: [_]
[10:36:02] [Server thread/INFO] [minecraft/GameTestServer]: [_]
[10:36:02] [Server thread/INFO] [minecraft/GameTestServer]: [_]
[10:36:02] [Server thread/INFO] [minecraft/GameTestServer]: [_]
[10:36:02] [Server thread/INFO] [minecraft/GameTestServer]: [_]
[10:36:02] [Server thread/INFO] [minecraft/MinecraftServer]: Проверка конечного места: 48%, изменено блоков: 0
[10:36:02] [Server thread/INFO] [minecraft/GameTestServer]: [_]
[10:36:03] [Server thread/INFO] [minecraft/GameTestServer]: [_]
[10:36:03] [Server thread/INFO] [minecraft/GameTestServer]: [_]
[10:36:03] [Server thread/INFO] [minecraft/GameTestServer]: [_]
[10:36:03] [Server thread/INFO] [minecraft/GameTestServer]: [_]
[10:36:03] [Server thread/INFO] [minecraft/MinecraftServer]: Проверка конечного места: 48%, изменено блоков: 0
[10:36:04] [Server thread/INFO] [minecraft/GameTestServer]: [_]
[10:36:04] [Server thread/INFO] [minecraft/GameTestServer]: [_]
[10:36:04] [Server thread/INFO] [minecraft/GameTestServer]: [_]
[10:36:04] [Server thread/INFO] [minecraft/GameTestServer]: [_]
[10:36:04] [Server thread/INFO] [minecraft/GameTestServer]: [_]
[10:36:04] [Server thread/INFO] [minecraft/MinecraftServer]: Проверка конечного места: 49%, изменено блоков: 0
[10:36:05] [Server thread/INFO] [minecraft/GameTestServer]: [_]
[10:36:05] [Server thread/INFO] [minecraft/GameTestServer]: [_]
[10:36:05] [Server thread/INFO] [minecraft/GameTestServer]: [_]
[10:36:05] [Server thread/INFO] [minecraft/GameTestServer]: [_]
[10:36:05] [Server thread/INFO] [minecraft/GameTestServer]: [_]
[10:36:06] [Server thread/INFO] [minecraft/MinecraftServer]: Проверка конечного места: 49%, изменено блоков: 0
[10:36:06] [Server thread/INFO] [minecraft/GameTestServer]: [_]
[10:36:06] [Server thread/INFO] [minecraft/GameTestServer]: [_]
[10:36:06] [Server thread/INFO] [minecraft/GameTestServer]: [_]
[10:36:06] [Server thread/INFO] [minecraft/GameTestServer]: [_]
[10:36:06] [Server thread/INFO] [minecraft/GameTestServer]: [_]
[10:36:07] [Server thread/INFO] [minecraft/MinecraftServer]: Проверка конечного места: 50%, изменено блоков: 0
[10:36:07] [Server thread/INFO] [minecraft/GameTestServer]: [_]
[10:36:07] [Server thread/INFO] [minecraft/GameTestServer]: [_]
[10:36:07] [Server thread/INFO] [minecraft/GameTestServer]: [_]
[10:36:07] [Server thread/INFO] [minecraft/GameTestServer]: [_]
[10:36:07] [Server thread/INFO] [minecraft/GameTestServer]: [_]
[10:36:08] [Server thread/INFO] [minecraft/MinecraftServer]: Проверка конечного места: 50%, изменено блоков: 0
[10:36:08] [Server thread/INFO] [minecraft/GameTestServer]: [_]
[10:36:08] [Server thread/INFO] [minecraft/GameTestServer]: [_]
[10:36:08] [Server thread/INFO] [minecraft/GameTestServer]: [_]
[10:36:08] [Server thread/INFO] [minecraft/GameTestServer]: [_]
[10:36:09] [Server thread/INFO] [minecraft/GameTestServer]: [_]
[10:36:09] [Server thread/INFO] [minecraft/MinecraftServer]: Проверка конечного места: 51%, изменено блоков: 0
[10:36:09] [Server thread/INFO] [minecraft/GameTestServer]: [_]
[10:36:09] [Server thread/INFO] [minecraft/GameTestServer]: [_]
[10:36:09] [Server thread/INFO] [minecraft/GameTestServer]: [_]
[10:36:09] [Server thread/INFO] [minecraft/GameTestServer]: [_]
[10:36:10] [Server thread/INFO] [minecraft/GameTestServer]: [_]
[10:36:10] [Server thread/INFO] [minecraft/MinecraftServer]: Проверка конечного места: 51%, изменено блоков: 0
[10:36:10] [Server thread/INFO] [minecraft/GameTestServer]: [_]
[10:36:10] [Server thread/INFO] [minecraft/GameTestServer]: [_]
[10:36:10] [Server thread/INFO] [minecraft/GameTestServer]: [_]
[10:36:10] [Server thread/INFO] [minecraft/GameTestServer]: [_]
[10:36:11] [Server thread/INFO] [minecraft/GameTestServer]: [_]
[10:36:11] [Server thread/INFO] [minecraft/MinecraftServer]: Проверка конечного места: 51%, изменено блоков: 0
[10:36:11] [Server thread/INFO] [minecraft/GameTestServer]: [_]
[10:36:11] [Server thread/INFO] [minecraft/GameTestServer]: [_]
[10:36:11] [Server thread/INFO] [minecraft/GameTestServer]: [_]
[10:36:11] [Server thread/INFO] [minecraft/GameTestServer]: [_]
[10:36:12] [Server thread/INFO] [minecraft/GameTestServer]: [_]
[10:36:12] [Server thread/INFO] [minecraft/MinecraftServer]: Проверка конечного места: 52%, изменено блоков: 0
[10:36:12] [Server thread/INFO] [minecraft/GameTestServer]: [_]
[10:36:12] [Server thread/INFO] [minecraft/GameTestServer]: [_]
[10:36:12] [Server thread/INFO] [minecraft/GameTestServer]: [_]
[10:36:12] [Server thread/INFO] [minecraft/GameTestServer]: [_]
[10:36:13] [Server thread/INFO] [minecraft/GameTestServer]: [_]
[10:36:13] [Server thread/INFO] [minecraft/MinecraftServer]: Проверка конечного места: 52%, изменено блоков: 0
[10:36:13] [Server thread/INFO] [minecraft/GameTestServer]: [_]
[10:36:13] [Server thread/INFO] [minecraft/GameTestServer]: [_]
[10:36:13] [Server thread/INFO] [minecraft/GameTestServer]: [_]
[10:36:14] [Server thread/INFO] [minecraft/GameTestServer]: [_]
[10:36:14] [Server thread/INFO] [minecraft/GameTestServer]: [_]
[10:36:14] [Server thread/INFO] [minecraft/MinecraftServer]: Проверка конечного места: 53%, изменено блоков: 0
[10:36:14] [Server thread/INFO] [minecraft/GameTestServer]: [_]
[10:36:14] [Server thread/INFO] [minecraft/GameTestServer]: [_]
[10:36:14] [Server thread/INFO] [minecraft/GameTestServer]: [_]
[10:36:15] [Server thread/INFO] [minecraft/GameTestServer]: [_]
[10:36:15] [Server thread/INFO] [minecraft/GameTestServer]: [_]
[10:36:15] [Server thread/INFO] [minecraft/MinecraftServer]: Проверка конечного места: 53%, изменено блоков: 0
[10:36:15] [Server thread/INFO] [minecraft/GameTestServer]: [_]
[10:36:15] [Server thread/INFO] [minecraft/GameTestServer]: [_]
[10:36:15] [Server thread/INFO] [minecraft/GameTestServer]: [_]
[10:36:16] [Server thread/INFO] [minecraft/GameTestServer]: [_]
[10:36:16] [Server thread/INFO] [minecraft/GameTestServer]: [_]
[10:36:16] [Server thread/INFO] [minecraft/MinecraftServer]: Проверка конечного места: 53%, изменено блоков: 0
[10:36:16] [Server thread/INFO] [minecraft/GameTestServer]: [_]
[10:36:16] [Server thread/INFO] [minecraft/GameTestServer]: [_]
[10:36:17] [Server thread/INFO] [minecraft/GameTestServer]: [_]
[10:36:17] [Server thread/INFO] [minecraft/GameTestServer]: [_]
[10:36:17] [Server thread/INFO] [minecraft/GameTestServer]: [_]
[10:36:17] [Server thread/INFO] [minecraft/MinecraftServer]: Проверка конечного места: 54%, изменено блоков: 0
[10:36:17] [Server thread/INFO] [minecraft/GameTestServer]: [_]
[10:36:17] [Server thread/INFO] [minecraft/GameTestServer]: [_]
[10:36:18] [Server thread/INFO] [minecraft/GameTestServer]: [_]
[10:36:18] [Server thread/INFO] [minecraft/GameTestServer]: [_]
[10:36:18] [Server thread/INFO] [minecraft/GameTestServer]: [_]
[10:36:18] [Server thread/INFO] [minecraft/MinecraftServer]: Проверка конечного места: 54%, изменено блоков: 0
[10:36:18] [Server thread/INFO] [minecraft/GameTestServer]: [_]
[10:36:18] [Server thread/INFO] [minecraft/GameTestServer]: [_]
[10:36:19] [Server thread/INFO] [minecraft/GameTestServer]: [_]
[10:36:19] [Server thread/INFO] [minecraft/GameTestServer]: [_]
[10:36:19] [Server thread/INFO] [minecraft/GameTestServer]: [_]
[10:36:19] [Server thread/INFO] [minecraft/MinecraftServer]: Проверка конечного места: 55%, изменено блоков: 0
[10:36:19] [Server thread/INFO] [minecraft/GameTestServer]: [_]
[10:36:19] [Server thread/INFO] [minecraft/GameTestServer]: [_]
[10:36:20] [Server thread/INFO] [minecraft/GameTestServer]: [_]
[10:36:20] [Server thread/INFO] [minecraft/GameTestServer]: [_]
[10:36:20] [Server thread/INFO] [minecraft/GameTestServer]: [_]
[10:36:20] [Server thread/INFO] [minecraft/MinecraftServer]: Проверка конечного места: 55%, изменено блоков: 0
[10:36:20] [Server thread/INFO] [minecraft/GameTestServer]: [_]
[10:36:21] [Server thread/INFO] [minecraft/GameTestServer]: [_]
[10:36:21] [Server thread/INFO] [minecraft/GameTestServer]: [_]
[10:36:21] [Server thread/INFO] [minecraft/GameTestServer]: [_]
[10:36:21] [Server thread/INFO] [minecraft/GameTestServer]: [_]
[10:36:21] [Server thread/INFO] [minecraft/MinecraftServer]: Проверка конечного места: 56%, изменено блоков: 0
[10:36:21] [Server thread/INFO] [minecraft/GameTestServer]: [_]
[10:36:22] [Server thread/INFO] [minecraft/GameTestServer]: [_]
[10:36:22] [Server thread/INFO] [minecraft/GameTestServer]: [_]
[10:36:22] [Server thread/INFO] [minecraft/GameTestServer]: [_]
[10:36:22] [Server thread/INFO] [minecraft/GameTestServer]: [_]
[10:36:22] [Server thread/INFO] [minecraft/MinecraftServer]: Проверка конечного места: 56%, изменено блоков: 0
[10:36:22] [Server thread/INFO] [minecraft/GameTestServer]: [_]
[10:36:23] [Server thread/INFO] [minecraft/GameTestServer]: [_]
[10:36:23] [Server thread/INFO] [minecraft/GameTestServer]: [_]
[10:36:23] [Server thread/INFO] [minecraft/GameTestServer]: [_]
[10:36:23] [Server thread/INFO] [minecraft/GameTestServer]: [_]
[10:36:23] [Server thread/INFO] [minecraft/MinecraftServer]: Проверка конечного места: 56%, изменено блоков: 0
[10:36:24] [Server thread/INFO] [minecraft/GameTestServer]: [_]
[10:36:24] [Server thread/INFO] [minecraft/GameTestServer]: [_]
[10:36:24] [Server thread/INFO] [minecraft/GameTestServer]: [_]
[10:36:24] [Server thread/INFO] [minecraft/GameTestServer]: [_]
[10:36:24] [Server thread/INFO] [minecraft/GameTestServer]: [_]
[10:36:25] [Server thread/INFO] [minecraft/MinecraftServer]: Проверка конечного места: 57%, изменено блоков: 0
[10:36:25] [Server thread/INFO] [minecraft/GameTestServer]: [_]
[10:36:25] [Server thread/INFO] [minecraft/GameTestServer]: [_]
[10:36:25] [Server thread/INFO] [minecraft/GameTestServer]: [_]
[10:36:25] [Server thread/INFO] [minecraft/GameTestServer]: [_]
[10:36:26] [Server thread/INFO] [minecraft/GameTestServer]: [_]
[10:36:26] [Server thread/INFO] [minecraft/MinecraftServer]: Проверка конечного места: 57%, изменено блоков: 0
[10:36:26] [Server thread/INFO] [minecraft/GameTestServer]: [_]
[10:36:26] [Server thread/INFO] [minecraft/GameTestServer]: [_]
[10:36:26] [Server thread/INFO] [minecraft/GameTestServer]: [_]
[10:36:26] [Server thread/INFO] [minecraft/GameTestServer]: [_]
[10:36:27] [Server thread/INFO] [minecraft/GameTestServer]: [_]
[10:36:27] [Server thread/INFO] [minecraft/MinecraftServer]: Проверка конечного места: 58%, изменено блоков: 0
[10:36:27] [Server thread/INFO] [minecraft/GameTestServer]: [_]
[10:36:27] [Server thread/INFO] [minecraft/GameTestServer]: [_]
[10:36:27] [Server thread/INFO] [minecraft/GameTestServer]: [_]
[10:36:27] [Server thread/INFO] [minecraft/GameTestServer]: [_]
[10:36:28] [Server thread/INFO] [minecraft/GameTestServer]: [_]
[10:36:28] [Server thread/INFO] [minecraft/MinecraftServer]: Проверка конечного места: 58%, изменено блоков: 0
[10:36:28] [Server thread/INFO] [minecraft/GameTestServer]: [_]
[10:36:28] [Server thread/INFO] [minecraft/GameTestServer]: [_]
[10:36:28] [Server thread/INFO] [minecraft/GameTestServer]: [_]
[10:36:29] [Server thread/INFO] [minecraft/GameTestServer]: [_]
[10:36:29] [Server thread/INFO] [minecraft/GameTestServer]: [_]
[10:36:29] [Server thread/INFO] [minecraft/MinecraftServer]: Проверка конечного места: 58%, изменено блоков: 0
[10:36:29] [Server thread/INFO] [minecraft/GameTestServer]: [_]
[10:36:29] [Server thread/INFO] [minecraft/GameTestServer]: [_]
[10:36:29] [Server thread/INFO] [minecraft/GameTestServer]: [_]
[10:36:30] [Server thread/INFO] [minecraft/GameTestServer]: [_]
[10:36:30] [Server thread/INFO] [minecraft/GameTestServer]: [_]
[10:36:30] [Server thread/INFO] [minecraft/MinecraftServer]: Проверка конечного места: 59%, изменено блоков: 0
[10:36:30] [Server thread/INFO] [minecraft/GameTestServer]: [_]
[10:36:30] [Server thread/INFO] [minecraft/GameTestServer]: [_]
[10:36:30] [Server thread/INFO] [minecraft/GameTestServer]: [_]
[10:36:31] [Server thread/INFO] [minecraft/GameTestServer]: [_]
[10:36:31] [Server thread/INFO] [minecraft/GameTestServer]: [_]
[10:36:31] [Server thread/INFO] [minecraft/MinecraftServer]: Проверка конечного места: 59%, изменено блоков: 0
[10:36:31] [Server thread/INFO] [minecraft/GameTestServer]: [_]
[10:36:31] [Server thread/INFO] [minecraft/GameTestServer]: [_]
[10:36:32] [Server thread/INFO] [minecraft/GameTestServer]: [_]
[10:36:32] [Server thread/INFO] [minecraft/GameTestServer]: [_]
[10:36:32] [Server thread/INFO] [minecraft/GameTestServer]: [_]
[10:36:32] [Server thread/INFO] [minecraft/MinecraftServer]: Проверка конечного места: 59%, изменено блоков: 0
[10:36:32] [Server thread/INFO] [minecraft/GameTestServer]: [_]
[10:36:32] [Server thread/INFO] [minecraft/GameTestServer]: [_]
[10:36:33] [Server thread/INFO] [minecraft/GameTestServer]: [_]
[10:36:33] [Server thread/INFO] [minecraft/GameTestServer]: [_]
[10:36:33] [Server thread/INFO] [minecraft/GameTestServer]: [_]
[10:36:33] [Server thread/INFO] [minecraft/MinecraftServer]: Проверка конечного места: 60%, изменено блоков: 0
[10:36:33] [Server thread/INFO] [minecraft/GameTestServer]: [_]
[10:36:33] [Server thread/INFO] [minecraft/GameTestServer]: [_]
[10:36:34] [Server thread/INFO] [minecraft/GameTestServer]: [_]
[10:36:34] [Server thread/INFO] [minecraft/GameTestServer]: [_]
[10:36:34] [Server thread/INFO] [minecraft/GameTestServer]: [_]
[10:36:34] [Server thread/INFO] [minecraft/MinecraftServer]: Проверка конечного места: 60%, изменено блоков: 0
[10:36:34] [Server thread/INFO] [minecraft/GameTestServer]: [_]
[10:36:35] [Server thread/INFO] [minecraft/GameTestServer]: [_]
[10:36:35] [Server thread/INFO] [minecraft/GameTestServer]: [_]
[10:36:35] [Server thread/INFO] [minecraft/GameTestServer]: [_]
[10:36:35] [Server thread/INFO] [minecraft/GameTestServer]: [_]
[10:36:35] [Server thread/INFO] [minecraft/MinecraftServer]: Проверка конечного места: 61%, изменено блоков: 0
[10:36:35] [Server thread/INFO] [minecraft/GameTestServer]: [_]
[10:36:36] [Server thread/INFO] [minecraft/GameTestServer]: [_]
[10:36:36] [Server thread/INFO] [minecraft/GameTestServer]: [_]
[10:36:36] [Server thread/INFO] [minecraft/GameTestServer]: [_]
[10:36:36] [Server thread/INFO] [minecraft/GameTestServer]: [_]
[10:36:36] [Server thread/INFO] [minecraft/MinecraftServer]: Проверка конечного места: 61%, изменено блоков: 0
[10:36:36] [Server thread/INFO] [minecraft/GameTestServer]: [_]
[10:36:37] [Server thread/INFO] [minecraft/GameTestServer]: [_]
[10:36:37] [Server thread/INFO] [minecraft/GameTestServer]: [_]
[10:36:37] [Server thread/INFO] [minecraft/GameTestServer]: [_]
[10:36:37] [Server thread/INFO] [minecraft/GameTestServer]: [_]
[10:36:37] [Server thread/INFO] [minecraft/MinecraftServer]: Проверка конечного места: 61%, изменено блоков: 0
[10:36:37] [Server thread/INFO] [minecraft/GameTestServer]: [_]
[10:36:38] [Server thread/INFO] [minecraft/GameTestServer]: [_]
[10:36:38] [Server thread/INFO] [minecraft/GameTestServer]: [_]
[10:36:38] [Server thread/INFO] [minecraft/GameTestServer]: [_]
[10:36:38] [Server thread/INFO] [minecraft/GameTestServer]: [_]
[10:36:38] [Server thread/INFO] [minecraft/MinecraftServer]: Проверка конечного места: 62%, изменено блоков: 0
[10:36:39] [Server thread/INFO] [minecraft/GameTestServer]: [_]
[10:36:39] [Server thread/INFO] [minecraft/GameTestServer]: [_]
[10:36:39] [Server thread/INFO] [minecraft/GameTestServer]: [_]
[10:36:39] [Server thread/INFO] [minecraft/GameTestServer]: [_]
[10:36:39] [Server thread/INFO] [minecraft/GameTestServer]: [_]
[10:36:40] [Server thread/INFO] [minecraft/MinecraftServer]: Проверка конечного места: 62%, изменено блоков: 0
[10:36:40] [Server thread/INFO] [minecraft/GameTestServer]: [_]
[10:36:40] [Server thread/INFO] [minecraft/GameTestServer]: [_]
[10:36:40] [Server thread/INFO] [minecraft/GameTestServer]: [_]
[10:36:40] [Server thread/INFO] [minecraft/GameTestServer]: [_]
[10:36:40] [Server thread/INFO] [minecraft/GameTestServer]: [_]
[10:36:41] [Server thread/INFO] [minecraft/MinecraftServer]: Проверка конечного места: 63%, изменено блоков: 0
[10:36:41] [Server thread/INFO] [minecraft/GameTestServer]: [_]
[10:36:41] [Server thread/INFO] [minecraft/GameTestServer]: [_]
[10:36:41] [Server thread/INFO] [minecraft/GameTestServer]: [_]
[10:36:41] [Server thread/INFO] [minecraft/GameTestServer]: [_]
[10:36:41] [Server thread/INFO] [minecraft/GameTestServer]: [_]
[10:36:42] [Server thread/INFO] [minecraft/MinecraftServer]: Проверка конечного места: 63%, изменено блоков: 0
[10:36:42] [Server thread/INFO] [minecraft/GameTestServer]: [_]
[10:36:42] [Server thread/INFO] [minecraft/GameTestServer]: [_]
[10:36:42] [Server thread/INFO] [minecraft/GameTestServer]: [_]
[10:36:42] [Server thread/INFO] [minecraft/GameTestServer]: [_]
[10:36:43] [Server thread/INFO] [minecraft/GameTestServer]: [_]
[10:36:43] [Server thread/INFO] [minecraft/MinecraftServer]: Проверка конечного места: 64%, изменено блоков: 0
[10:36:43] [Server thread/INFO] [minecraft/GameTestServer]: [_]
[10:36:43] [Server thread/INFO] [minecraft/GameTestServer]: [_]
[10:36:43] [Server thread/INFO] [minecraft/GameTestServer]: [_]
[10:36:43] [Server thread/INFO] [minecraft/GameTestServer]: [_]
[10:36:44] [Server thread/INFO] [minecraft/GameTestServer]: [_]
[10:36:44] [Server thread/INFO] [minecraft/MinecraftServer]: Проверка конечного места: 64%, изменено блоков: 0
[10:36:44] [Server thread/INFO] [minecraft/GameTestServer]: [_]
[10:36:44] [Server thread/INFO] [minecraft/GameTestServer]: [_]
[10:36:44] [Server thread/INFO] [minecraft/GameTestServer]: [_]
[10:36:44] [Server thread/INFO] [minecraft/GameTestServer]: [_]
[10:36:45] [Server thread/INFO] [minecraft/GameTestServer]: [_]
[10:36:45] [Server thread/INFO] [minecraft/MinecraftServer]: Проверка конечного места: 64%, изменено блоков: 0
[10:36:45] [Server thread/INFO] [minecraft/GameTestServer]: [_]
[10:36:45] [Server thread/INFO] [minecraft/GameTestServer]: [_]
[10:36:45] [Server thread/INFO] [minecraft/GameTestServer]: [_]
[10:36:46] [Server thread/INFO] [minecraft/GameTestServer]: [_]
[10:36:46] [Server thread/INFO] [minecraft/GameTestServer]: [_]
[10:36:46] [Server thread/INFO] [minecraft/MinecraftServer]: Проверка конечного места: 65%, изменено блоков: 0
[10:36:46] [Server thread/INFO] [minecraft/GameTestServer]: [_]
[10:36:46] [Server thread/INFO] [minecraft/GameTestServer]: [_]
[10:36:46] [Server thread/INFO] [minecraft/GameTestServer]: [_]
[10:36:47] [Server thread/INFO] [minecraft/GameTestServer]: [_]
[10:36:47] [Server thread/INFO] [minecraft/GameTestServer]: [_]
[10:36:47] [Server thread/INFO] [minecraft/MinecraftServer]: Проверка конечного места: 65%, изменено блоков: 0
[10:36:47] [Server thread/INFO] [minecraft/GameTestServer]: [_]
[10:36:47] [Server thread/INFO] [minecraft/GameTestServer]: [_]
[10:36:47] [Server thread/INFO] [minecraft/GameTestServer]: [_]
[10:36:48] [Server thread/INFO] [minecraft/GameTestServer]: [_]
[10:36:48] [Server thread/INFO] [minecraft/GameTestServer]: [_]
[10:36:48] [Server thread/INFO] [minecraft/MinecraftServer]: Проверка конечного места: 66%, изменено блоков: 0
[10:36:48] [Server thread/INFO] [minecraft/GameTestServer]: [_]
[10:36:48] [Server thread/INFO] [minecraft/GameTestServer]: [_]
[10:36:48] [Server thread/INFO] [minecraft/GameTestServer]: [_]
[10:36:49] [Server thread/INFO] [minecraft/GameTestServer]: [_]
[10:36:49] [Server thread/INFO] [minecraft/GameTestServer]: [_]
[10:36:49] [Server thread/INFO] [minecraft/MinecraftServer]: Проверка конечного места: 66%, изменено блоков: 0
[10:36:49] [Server thread/INFO] [minecraft/GameTestServer]: [_]
[10:36:49] [Server thread/INFO] [minecraft/GameTestServer]: [_]
[10:36:50] [Server thread/INFO] [minecraft/GameTestServer]: [_]
[10:36:50] [Server thread/INFO] [minecraft/GameTestServer]: [_]
[10:36:50] [Server thread/INFO] [minecraft/GameTestServer]: [_]
[10:36:50] [Server thread/INFO] [minecraft/MinecraftServer]: Проверка конечного места: 66%, изменено блоков: 0
[10:36:50] [Server thread/INFO] [minecraft/GameTestServer]: [_]
[10:36:50] [Server thread/INFO] [minecraft/GameTestServer]: [_]
[10:36:51] [Server thread/INFO] [minecraft/GameTestServer]: [_]
[10:36:51] [Server thread/INFO] [minecraft/GameTestServer]: [_]
[10:36:51] [Server thread/INFO] [minecraft/GameTestServer]: [_]
[10:36:51] [Server thread/INFO] [minecraft/MinecraftServer]: Проверка конечного места: 67%, изменено блоков: 0
[10:36:51] [Server thread/INFO] [minecraft/GameTestServer]: [_]
[10:36:51] [Server thread/INFO] [minecraft/GameTestServer]: [_]
[10:36:52] [Server thread/INFO] [minecraft/GameTestServer]: [_]
[10:36:52] [Server thread/INFO] [minecraft/GameTestServer]: [_]
[10:36:52] [Server thread/INFO] [minecraft/GameTestServer]: [_]
[10:36:52] [Server thread/INFO] [minecraft/MinecraftServer]: Проверка конечного места: 67%, изменено блоков: 0
[10:36:52] [Server thread/INFO] [minecraft/GameTestServer]: [_]
[10:36:52] [Server thread/INFO] [minecraft/GameTestServer]: [_]
[10:36:53] [Server thread/INFO] [minecraft/GameTestServer]: [_]
[10:36:53] [Server thread/INFO] [minecraft/GameTestServer]: [_]
[10:36:53] [Server thread/INFO] [minecraft/GameTestServer]: [_]
[10:36:53] [Server thread/INFO] [minecraft/MinecraftServer]: Проверка конечного места: 68%, изменено блоков: 0
[10:36:53] [Server thread/INFO] [minecraft/GameTestServer]: [_]
[10:36:54] [Server thread/INFO] [minecraft/GameTestServer]: [_]
[10:36:54] [Server thread/INFO] [minecraft/GameTestServer]: [_]
[10:36:54] [Server thread/INFO] [minecraft/GameTestServer]: [_]
[10:36:54] [Server thread/INFO] [minecraft/GameTestServer]: [_]
[10:36:54] [Server thread/INFO] [minecraft/MinecraftServer]: Проверка конечного места: 68%, изменено блоков: 0
[10:36:54] [Server thread/INFO] [minecraft/GameTestServer]: [_]
[10:36:55] [Server thread/INFO] [minecraft/GameTestServer]: [_]
[10:36:55] [Server thread/INFO] [minecraft/GameTestServer]: [_]
[10:36:55] [Server thread/INFO] [minecraft/GameTestServer]: [_]
[10:36:55] [Server thread/INFO] [minecraft/GameTestServer]: [_]
[10:36:55] [Server thread/INFO] [minecraft/MinecraftServer]: Проверка конечного места: 69%, изменено блоков: 0
[10:36:55] [Server thread/INFO] [minecraft/GameTestServer]: [_]
[10:36:56] [Server thread/INFO] [minecraft/GameTestServer]: [_]
[10:36:56] [Server thread/INFO] [minecraft/GameTestServer]: [_]
[10:36:56] [Server thread/INFO] [minecraft/GameTestServer]: [_]
[10:36:56] [Server thread/INFO] [minecraft/GameTestServer]: [_]
[10:36:56] [Server thread/INFO] [minecraft/MinecraftServer]: Проверка конечного места: 69%, изменено блоков: 0
[10:36:56] [Server thread/INFO] [minecraft/GameTestServer]: [_]
[10:36:57] [Server thread/INFO] [minecraft/GameTestServer]: [_]
[10:36:57] [Server thread/INFO] [minecraft/GameTestServer]: [_]
[10:36:57] [Server thread/INFO] [minecraft/GameTestServer]: [_]
[10:36:57] [Server thread/INFO] [minecraft/GameTestServer]: [_]
[10:36:57] [Server thread/INFO] [minecraft/MinecraftServer]: Проверка конечного места: 69%, изменено блоков: 0
[10:36:58] [Server thread/INFO] [minecraft/GameTestServer]: [_]
[10:36:58] [Server thread/INFO] [minecraft/GameTestServer]: [_]
[10:36:58] [Server thread/INFO] [minecraft/GameTestServer]: [_]
[10:36:58] [Server thread/INFO] [minecraft/GameTestServer]: [_]
[10:36:58] [Server thread/INFO] [minecraft/GameTestServer]: [_]
[10:36:59] [Server thread/INFO] [minecraft/MinecraftServer]: Проверка конечного места: 70%, изменено блоков: 0
[10:36:59] [Server thread/INFO] [minecraft/GameTestServer]: [_]
[10:36:59] [Server thread/INFO] [minecraft/GameTestServer]: [_]
[10:36:59] [Server thread/INFO] [minecraft/GameTestServer]: [_]
[10:36:59] [Server thread/INFO] [minecraft/GameTestServer]: [_]
[10:36:59] [Server thread/INFO] [minecraft/GameTestServer]: [_]
[10:37:00] [Server thread/INFO] [minecraft/MinecraftServer]: Проверка конечного места: 70%, изменено блоков: 0
[10:37:00] [Server thread/INFO] [minecraft/GameTestServer]: [_]
[10:37:00] [Server thread/INFO] [minecraft/GameTestServer]: [_]
[10:37:00] [Server thread/INFO] [minecraft/GameTestServer]: [_]
[10:37:00] [Server thread/INFO] [minecraft/GameTestServer]: [_]
[10:37:01] [Server thread/INFO] [minecraft/GameTestServer]: [_]
[10:37:01] [Server thread/INFO] [minecraft/MinecraftServer]: Проверка конечного места: 71%, изменено блоков: 0
[10:37:01] [Server thread/INFO] [minecraft/GameTestServer]: [_]
[10:37:01] [Server thread/INFO] [minecraft/GameTestServer]: [_]
[10:37:01] [Server thread/INFO] [minecraft/GameTestServer]: [_]
[10:37:01] [Server thread/INFO] [minecraft/GameTestServer]: [_]
[10:37:02] [Server thread/INFO] [minecraft/GameTestServer]: [_]
[10:37:02] [Server thread/INFO] [minecraft/MinecraftServer]: Проверка конечного места: 71%, изменено блоков: 0
[10:37:02] [Server thread/INFO] [minecraft/GameTestServer]: [_]
[10:37:02] [Server thread/INFO] [minecraft/GameTestServer]: [_]
[10:37:02] [Server thread/INFO] [minecraft/GameTestServer]: [_]
[10:37:02] [Server thread/INFO] [minecraft/GameTestServer]: [_]
[10:37:03] [Server thread/INFO] [minecraft/GameTestServer]: [_]
[10:37:03] [Server thread/INFO] [minecraft/MinecraftServer]: Проверка конечного места: 71%, изменено блоков: 0
[10:37:03] [Server thread/INFO] [minecraft/GameTestServer]: [_]
[10:37:03] [Server thread/INFO] [minecraft/GameTestServer]: [_]
[10:37:03] [Server thread/INFO] [minecraft/GameTestServer]: [_]
[10:37:03] [Server thread/INFO] [minecraft/GameTestServer]: [_]
[10:37:04] [Server thread/INFO] [minecraft/GameTestServer]: [_]
[10:37:04] [Server thread/INFO] [minecraft/MinecraftServer]: Проверка конечного места: 72%, изменено блоков: 0
[10:37:04] [Server thread/INFO] [minecraft/GameTestServer]: [_]
[10:37:04] [Server thread/INFO] [minecraft/GameTestServer]: [_]
[10:37:04] [Server thread/INFO] [minecraft/GameTestServer]: [_]
[10:37:04] [Server thread/INFO] [minecraft/GameTestServer]: [_]
[10:37:05] [Server thread/INFO] [minecraft/GameTestServer]: [_]
[10:37:05] [Server thread/INFO] [minecraft/MinecraftServer]: Проверка конечного места: 88%, изменено блоков: 0
[10:37:05] [Server thread/INFO] [minecraft/GameTestServer]: [_]
[10:37:05] [Server thread/INFO] [minecraft/GameTestServer]: [_]
[10:37:05] [Server thread/INFO] [minecraft/GameTestServer]: [_]
[10:37:05] [Server thread/INFO] [minecraft/GameTestServer]: [_]
[10:37:05] [Server thread/INFO] [minecraft/GameTestServer]: [_]
[10:37:06] [Server thread/INFO] [minecraft/MinecraftServer]: Подготовка грунта: 14%, изменено блоков: 119744
[10:37:06] [Server thread/INFO] [minecraft/GameTestServer]: [_]
[10:37:06] [Server thread/INFO] [minecraft/GameTestServer]: [_]
[10:37:06] [Server thread/INFO] [minecraft/GameTestServer]: [_]
[10:37:06] [Server thread/INFO] [minecraft/GameTestServer]: [_]
[10:37:06] [Server thread/INFO] [minecraft/GameTestServer]: [_]
[10:37:06] [Server thread/INFO] [minecraft/MinecraftServer]: Подготовка грунта: 20%, изменено блоков: 255822
[10:37:06] [Server thread/INFO] [minecraft/GameTestServer]: [_]
[10:37:07] [Server thread/INFO] [minecraft/GameTestServer]: [_]
[10:37:07] [Server thread/INFO] [minecraft/GameTestServer]: [_]
[10:37:07] [Server thread/INFO] [minecraft/GameTestServer]: [_]
[10:37:07] [Server thread/INFO] [minecraft/GameTestServer]: [_]
[10:37:07] [Server thread/INFO] [minecraft/MinecraftServer]: Подготовка грунта: 25%, изменено блоков: 401318
[10:37:07] [Server thread/INFO] [minecraft/GameTestServer]: [_]
[10:37:07] [Server thread/INFO] [minecraft/GameTestServer]: [_]
[10:37:08] [Server thread/INFO] [minecraft/GameTestServer]: [_]
[10:37:08] [Server thread/INFO] [minecraft/GameTestServer]: [_]
[10:37:08] [Server thread/INFO] [minecraft/GameTestServer]: [_]
[10:37:08] [Server thread/INFO] [minecraft/MinecraftServer]: Подготовка грунта: 29%, изменено блоков: 543212
[10:37:08] [Server thread/INFO] [minecraft/GameTestServer]: [_]
[10:37:08] [Server thread/INFO] [minecraft/GameTestServer]: [_]
[10:37:08] [Server thread/INFO] [minecraft/GameTestServer]: [_]
[10:37:09] [Server thread/INFO] [minecraft/GameTestServer]: [_]
[10:37:09] [Server thread/INFO] [minecraft/GameTestServer]: [_]
[10:37:09] [Server thread/INFO] [minecraft/MinecraftServer]: Подготовка грунта: 33%, изменено блоков: 688262
[10:37:09] [Server thread/INFO] [minecraft/GameTestServer]: [_]
[10:37:09] [Server thread/INFO] [minecraft/GameTestServer]: [_]
[10:37:09] [Server thread/INFO] [minecraft/GameTestServer]: [_]
[10:37:10] [Server thread/INFO] [minecraft/GameTestServer]: [_]
[10:37:10] [Server thread/INFO] [minecraft/GameTestServer]: [_]
[10:37:10] [Server thread/INFO] [minecraft/MinecraftServer]: Подготовка грунта: 37%, изменено блоков: 826278
[10:37:10] [Server thread/INFO] [minecraft/GameTestServer]: [_]
[10:37:10] [Server thread/INFO] [minecraft/GameTestServer]: [_]
[10:37:10] [Server thread/INFO] [minecraft/GameTestServer]: [_]
[10:37:10] [Server thread/INFO] [minecraft/GameTestServer]: [_]
[10:37:11] [Server thread/INFO] [minecraft/GameTestServer]: [_]
[10:37:11] [Server thread/INFO] [minecraft/MinecraftServer]: Подготовка грунта: 41%, изменено блоков: 970791
[10:37:11] [Server thread/INFO] [minecraft/GameTestServer]: [_]
[10:37:11] [Server thread/INFO] [minecraft/GameTestServer]: [_]
[10:37:11] [Server thread/INFO] [minecraft/GameTestServer]: [_]
[10:37:11] [Server thread/INFO] [minecraft/GameTestServer]: [_]
[10:37:11] [Server thread/INFO] [minecraft/GameTestServer]: [_]
[10:37:11] [Server thread/INFO] [minecraft/MinecraftServer]: Подготовка грунта: 45%, изменено блоков: 1116383
[10:37:12] [Server thread/INFO] [minecraft/GameTestServer]: [_]
[10:37:12] [Server thread/INFO] [minecraft/GameTestServer]: [_]
[10:37:12] [Server thread/INFO] [minecraft/GameTestServer]: [_]
[10:37:12] [Server thread/INFO] [minecraft/GameTestServer]: [_]
[10:37:12] [Server thread/INFO] [minecraft/GameTestServer]: [_]
[10:37:12] [Server thread/INFO] [minecraft/MinecraftServer]: Подготовка грунта: 49%, изменено блоков: 1260619
[10:37:12] [Server thread/INFO] [minecraft/GameTestServer]: [_]
[10:37:13] [Server thread/INFO] [minecraft/GameTestServer]: [_]
[10:37:13] [Server thread/INFO] [minecraft/GameTestServer]: [_]
[10:37:13] [Server thread/INFO] [minecraft/GameTestServer]: [_]
[10:37:13] [Server thread/INFO] [minecraft/GameTestServer]: [_]
[10:37:13] [Server thread/INFO] [minecraft/MinecraftServer]: Подготовка грунта: 53%, изменено блоков: 1408129
[10:37:13] [Server thread/INFO] [minecraft/GameTestServer]: [_]
[10:37:13] [Server thread/INFO] [minecraft/GameTestServer]: [_]
[10:37:14] [Server thread/INFO] [minecraft/GameTestServer]: [_]
[10:37:14] [Server thread/INFO] [minecraft/GameTestServer]: [_]
[10:37:14] [Server thread/INFO] [minecraft/GameTestServer]: [_]
[10:37:14] [Server thread/INFO] [minecraft/MinecraftServer]: Подготовка грунта: 58%, изменено блоков: 1551191
[10:37:14] [Server thread/INFO] [minecraft/GameTestServer]: [_]
[10:37:14] [Server thread/INFO] [minecraft/GameTestServer]: [_]
[10:37:14] [Server thread/INFO] [minecraft/GameTestServer]: [_]
[10:37:14] [Server thread/INFO] [minecraft/GameTestServer]: [_]
[10:37:15] [Server thread/INFO] [minecraft/GameTestServer]: [_]
[10:37:15] [Server thread/INFO] [minecraft/MinecraftServer]: Подготовка грунта: 62%, изменено блоков: 1700461
[10:37:15] [Server thread/INFO] [minecraft/GameTestServer]: [_]
[10:37:15] [Server thread/INFO] [minecraft/GameTestServer]: [_]
[10:37:15] [Server thread/INFO] [minecraft/GameTestServer]: [_]
[10:37:15] [Server thread/INFO] [minecraft/GameTestServer]: [_]
[10:37:16] [Server thread/INFO] [minecraft/GameTestServer]: [_]
[10:37:16] [Server thread/INFO] [minecraft/MinecraftServer]: Подготовка грунта: 66%, изменено блоков: 1848707
[10:37:16] [Server thread/INFO] [minecraft/GameTestServer]: [_]
[10:37:16] [Server thread/INFO] [minecraft/GameTestServer]: [_]
[10:37:16] [Server thread/INFO] [minecraft/GameTestServer]: [_]
[10:37:16] [Server thread/INFO] [minecraft/GameTestServer]: [_]
[10:37:16] [Server thread/INFO] [minecraft/GameTestServer]: [_]
[10:37:16] [Server thread/INFO] [minecraft/MinecraftServer]: Подготовка грунта: 70%, изменено блоков: 1994765
[10:37:17] [Server thread/INFO] [minecraft/GameTestServer]: [_]
[10:37:17] [Server thread/INFO] [minecraft/GameTestServer]: [_]
[10:37:17] [Server thread/INFO] [minecraft/GameTestServer]: [_]
[10:37:17] [Server thread/INFO] [minecraft/GameTestServer]: [_]
[10:37:17] [Server thread/INFO] [minecraft/GameTestServer]: [_]
[10:37:17] [Server thread/INFO] [minecraft/MinecraftServer]: Подготовка грунта: 74%, изменено блоков: 2138765
[10:37:17] [Server thread/INFO] [minecraft/GameTestServer]: [_]
[10:37:18] [Server thread/INFO] [minecraft/GameTestServer]: [_]
[10:37:18] [Server thread/INFO] [minecraft/GameTestServer]: [_]
[10:37:18] [Server thread/INFO] [minecraft/GameTestServer]: [_]
[10:37:18] [Server thread/INFO] [minecraft/GameTestServer]: [_]
[10:37:18] [Server thread/INFO] [minecraft/MinecraftServer]: Подготовка грунта: 79%, изменено блоков: 2286395
[10:37:18] [Server thread/INFO] [minecraft/GameTestServer]: [_]
[10:37:18] [Server thread/INFO] [minecraft/GameTestServer]: [_]
[10:37:19] [Server thread/INFO] [minecraft/GameTestServer]: [_]
[10:37:19] [Server thread/INFO] [minecraft/GameTestServer]: [_]
[10:37:19] [Server thread/INFO] [minecraft/GameTestServer]: [_]
[10:37:19] [Server thread/INFO] [minecraft/MinecraftServer]: Подготовка грунта: 85%, изменено блоков: 2424463
[10:37:19] [Server thread/INFO] [minecraft/GameTestServer]: [_]
[10:37:19] [Server thread/INFO] [minecraft/GameTestServer]: [_]
[10:37:19] [Server thread/INFO] [minecraft/GameTestServer]: [_]
[10:37:20] [Server thread/INFO] [minecraft/GameTestServer]: [_]
[10:37:20] [Server thread/INFO] [minecraft/MinecraftServer]: Территория подготовлена. Размещается структура...
[10:37:20] [Server thread/INFO] [minecraft/GameTestServer]: [_]
[10:37:20] [Server thread/INFO] [minecraft/MinecraftServer]: Размещение структуры: 0%, изменено блоков: 2542386
[10:37:20] [Server thread/INFO] [minecraft/GameTestServer]: [_]
[10:37:20] [Server thread/INFO] [minecraft/GameTestServer]: [_]
[10:37:21] [Server thread/INFO] [minecraft/GameTestServer]: [_]
[10:37:21] [Server thread/INFO] [minecraft/GameTestServer]: [_]
[10:37:21] [Server thread/INFO] [minecraft/GameTestServer]: [_]
[10:37:21] [Server thread/INFO] [minecraft/MinecraftServer]: Размещение структуры: 3%, изменено блоков: 2542386
[10:37:22] [Server thread/INFO] [minecraft/GameTestServer]: [_]
[10:37:22] [Server thread/INFO] [minecraft/GameTestServer]: [_]
[10:37:22] [Server thread/INFO] [minecraft/GameTestServer]: [_]
[10:37:22] [Server thread/INFO] [minecraft/GameTestServer]: [_]
[10:37:23] [Server thread/INFO] [minecraft/GameTestServer]: [_]
[10:37:23] [Server thread/INFO] [minecraft/MinecraftServer]: Размещение структуры: 6%, изменено блоков: 2542386
[10:37:23] [Server thread/INFO] [minecraft/GameTestServer]: [_]
[10:37:23] [Server thread/INFO] [minecraft/GameTestServer]: [_]
[10:37:23] [Server thread/INFO] [minecraft/GameTestServer]: [_]
[10:37:24] [Server thread/INFO] [minecraft/GameTestServer]: [_]
[10:37:24] [Server thread/INFO] [minecraft/GameTestServer]: [_]
[10:37:24] [Server thread/INFO] [minecraft/MinecraftServer]: Размещение структуры: 9%, изменено блоков: 2542386
[10:37:24] [Server thread/INFO] [minecraft/GameTestServer]: [_]
[10:37:25] [Server thread/INFO] [minecraft/GameTestServer]: [_]
[10:37:25] [Server thread/INFO] [minecraft/GameTestServer]: [_]
[10:37:25] [Server thread/INFO] [minecraft/GameTestServer]: [_]
[10:37:25] [Server thread/INFO] [minecraft/GameTestServer]: [_]
[10:37:26] [Server thread/INFO] [minecraft/MinecraftServer]: Размещение структуры: 12%, изменено блоков: 2542386
[10:37:26] [Server thread/INFO] [minecraft/GameTestServer]: [_]
[10:37:26] [Server thread/INFO] [minecraft/GameTestServer]: [_]
[10:37:26] [Server thread/INFO] [minecraft/GameTestServer]: [_]
[10:37:27] [Server thread/INFO] [minecraft/GameTestServer]: [_]
[10:37:27] [Server thread/INFO] [minecraft/GameTestServer]: [_]
[10:37:27] [Server thread/INFO] [minecraft/MinecraftServer]: Размещение структуры: 16%, изменено блоков: 2542386
[10:37:27] [Server thread/INFO] [minecraft/GameTestServer]: [_]
[10:37:27] [Server thread/INFO] [minecraft/GameTestServer]: [_]
[10:37:27] [Server thread/INFO] [minecraft/GameTestServer]: [_]
[10:37:28] [Server thread/INFO] [minecraft/GameTestServer]: [_]
[10:37:28] [Server thread/INFO] [minecraft/GameTestServer]: [_]
[10:37:28] [Server thread/INFO] [minecraft/MinecraftServer]: Размещение структуры: 19%, изменено блоков: 2542386
[10:37:28] [Server thread/INFO] [minecraft/GameTestServer]: [_]
[10:37:29] [Server thread/INFO] [minecraft/GameTestServer]: [_]
[10:37:29] [Server thread/INFO] [minecraft/GameTestServer]: [_]
[10:37:29] [Server thread/INFO] [minecraft/GameTestServer]: [_]
[10:37:30] [Server thread/INFO] [minecraft/GameTestServer]: [_]
[10:37:30] [Server thread/INFO] [minecraft/MinecraftServer]: Размещение структуры: 22%, изменено блоков: 2542386
[10:37:30] [Server thread/INFO] [minecraft/GameTestServer]: [_]
[10:37:30] [Server thread/INFO] [minecraft/GameTestServer]: [_]
[10:37:30] [Server thread/INFO] [minecraft/GameTestServer]: [_]
[10:37:31] [Server thread/INFO] [minecraft/GameTestServer]: [_]
[10:37:31] [Server thread/INFO] [minecraft/GameTestServer]: [_]
[10:37:31] [Server thread/INFO] [minecraft/MinecraftServer]: Размещение структуры: 25%, изменено блоков: 2542386
[10:37:31] [Server thread/INFO] [minecraft/GameTestServer]: [_]
[10:37:32] [Server thread/INFO] [minecraft/GameTestServer]: [_]
[10:37:32] [Server thread/INFO] [minecraft/GameTestServer]: [_]
[10:37:32] [Server thread/INFO] [minecraft/GameTestServer]: [_]
[10:37:32] [Server thread/INFO] [minecraft/GameTestServer]: [_]
[10:37:33] [Server thread/INFO] [minecraft/MinecraftServer]: Размещение структуры: 28%, изменено блоков: 2542386
[10:37:33] [Server thread/INFO] [minecraft/GameTestServer]: [_]
[10:37:33] [Server thread/INFO] [minecraft/GameTestServer]: [_]
[10:37:33] [Server thread/INFO] [minecraft/GameTestServer]: [_]
[10:37:34] [Server thread/INFO] [minecraft/GameTestServer]: [_]
[10:37:34] [Server thread/INFO] [minecraft/GameTestServer]: [_]
[10:37:34] [Server thread/INFO] [minecraft/MinecraftServer]: Размещение структуры: 31%, изменено блоков: 2542386
[10:37:34] [Server thread/INFO] [minecraft/GameTestServer]: [_]
[10:37:35] [Server thread/INFO] [minecraft/GameTestServer]: [_]
[10:37:35] [Server thread/INFO] [minecraft/GameTestServer]: [_]
[10:37:35] [Server thread/INFO] [minecraft/GameTestServer]: [_]
[10:37:35] [Server thread/INFO] [minecraft/GameTestServer]: [_]
[10:37:36] [Server thread/INFO] [minecraft/MinecraftServer]: Размещение структуры: 34%, изменено блоков: 2542386
[10:37:36] [Server thread/INFO] [minecraft/GameTestServer]: [_]
[10:37:36] [Server thread/INFO] [minecraft/GameTestServer]: [_]
[10:37:36] [Server thread/INFO] [minecraft/GameTestServer]: [_]
[10:37:37] [Server thread/INFO] [minecraft/GameTestServer]: [_]
[10:37:37] [Server thread/INFO] [minecraft/GameTestServer]: [_]
[10:37:37] [Server thread/INFO] [minecraft/MinecraftServer]: Размещение структуры: 37%, изменено блоков: 2542386
[10:37:37] [Server thread/INFO] [minecraft/GameTestServer]: [_]
[10:37:38] [Server thread/INFO] [minecraft/GameTestServer]: [_]
[10:37:38] [Server thread/INFO] [minecraft/GameTestServer]: [_]
[10:37:38] [Server thread/INFO] [minecraft/GameTestServer]: [_]
[10:37:38] [Server thread/INFO] [minecraft/GameTestServer]: [_]
[10:37:39] [Server thread/INFO] [minecraft/MinecraftServer]: Размещение структуры: 40%, изменено блоков: 2542386
[10:37:39] [Server thread/INFO] [minecraft/GameTestServer]: [_]
[10:37:39] [Server thread/INFO] [minecraft/GameTestServer]: [_]
[10:37:39] [Server thread/INFO] [minecraft/GameTestServer]: [_]
[10:37:40] [Server thread/INFO] [minecraft/GameTestServer]: [_]
[10:37:40] [Server thread/INFO] [minecraft/GameTestServer]: [_]
[10:37:40] [Server thread/INFO] [minecraft/MinecraftServer]: Размещение структуры: 43%, изменено блоков: 2542386
[10:37:40] [Server thread/INFO] [minecraft/GameTestServer]: [_]
[10:37:40] [Server thread/INFO] [minecraft/GameTestServer]: [_]
[10:37:41] [Server thread/INFO] [minecraft/GameTestServer]: [_]
[10:37:41] [Server thread/INFO] [minecraft/GameTestServer]: [_]
[10:37:41] [Server thread/INFO] [minecraft/GameTestServer]: [_]
[10:37:41] [Server thread/INFO] [minecraft/MinecraftServer]: Размещение структуры: 46%, изменено блоков: 2542386
[10:37:41] [Server thread/INFO] [minecraft/GameTestServer]: [_]
[10:37:42] [Server thread/INFO] [minecraft/GameTestServer]: [_]
[10:37:42] [Server thread/INFO] [minecraft/GameTestServer]: [_]
[10:37:42] [Server thread/INFO] [minecraft/GameTestServer]: [_]
[10:37:43] [Server thread/INFO] [minecraft/GameTestServer]: [_]
[10:37:43] [Server thread/INFO] [minecraft/MinecraftServer]: Размещение структуры: 50%, изменено блоков: 2542386
[10:37:43] [Server thread/INFO] [minecraft/GameTestServer]: [_]
[10:37:43] [Server thread/INFO] [minecraft/GameTestServer]: [_]
[10:37:43] [Server thread/INFO] [minecraft/GameTestServer]: [_]
[10:37:44] [Server thread/INFO] [minecraft/GameTestServer]: [_]
[10:37:44] [Server thread/INFO] [minecraft/GameTestServer]: [_]
[10:37:44] [Server thread/INFO] [minecraft/MinecraftServer]: Размещение структуры: 53%, изменено блоков: 2542386
[10:37:44] [Server thread/INFO] [minecraft/GameTestServer]: [_]
[10:37:44] [Server thread/INFO] [minecraft/GameTestServer]: [_]
[10:37:45] [Server thread/INFO] [minecraft/GameTestServer]: [_]
[10:37:45] [Server thread/INFO] [minecraft/GameTestServer]: [_]
[10:37:45] [Server thread/INFO] [minecraft/GameTestServer]: [_]
[10:37:45] [Server thread/INFO] [minecraft/MinecraftServer]: Размещение структуры: 56%, изменено блоков: 2542386
[10:37:45] [Server thread/INFO] [minecraft/GameTestServer]: [_]
[10:37:46] [Server thread/INFO] [minecraft/GameTestServer]: [_]
[10:37:46] [Server thread/INFO] [minecraft/GameTestServer]: [_]
[10:37:46] [Server thread/INFO] [minecraft/GameTestServer]: [_]
[10:37:46] [Server thread/INFO] [minecraft/GameTestServer]: [_]
[10:37:47] [Server thread/INFO] [minecraft/MinecraftServer]: Размещение структуры: 59%, изменено блоков: 2542386
[10:37:47] [Server thread/INFO] [minecraft/GameTestServer]: [_]
[10:37:47] [Server thread/INFO] [minecraft/GameTestServer]: [_]
[10:37:47] [Server thread/INFO] [minecraft/GameTestServer]: [_]
[10:37:48] [Server thread/INFO] [minecraft/GameTestServer]: [_]
[10:37:48] [Server thread/INFO] [minecraft/GameTestServer]: [_]
[10:37:48] [Server thread/INFO] [minecraft/MinecraftServer]: Размещение структуры: 62%, изменено блоков: 2542386
[10:37:48] [Server thread/INFO] [minecraft/GameTestServer]: [_]
[10:37:48] [Server thread/INFO] [minecraft/GameTestServer]: [_]
[10:37:49] [Server thread/INFO] [minecraft/GameTestServer]: [_]
[10:37:49] [Server thread/INFO] [minecraft/GameTestServer]: [_]
[10:37:49] [Server thread/INFO] [minecraft/GameTestServer]: [_]
[10:37:49] [Server thread/INFO] [minecraft/MinecraftServer]: Размещение структуры: 65%, изменено блоков: 2542386
[10:37:49] [Server thread/INFO] [minecraft/GameTestServer]: [_]
[10:37:50] [Server thread/INFO] [minecraft/GameTestServer]: [_]
[10:37:50] [Server thread/INFO] [minecraft/GameTestServer]: [_]
[10:37:50] [Server thread/INFO] [minecraft/GameTestServer]: [_]
[10:37:51] [Server thread/INFO] [minecraft/GameTestServer]: [_]
[10:37:51] [Server thread/INFO] [minecraft/MinecraftServer]: Размещение структуры: 68%, изменено блоков: 2542386
[10:37:51] [Server thread/INFO] [minecraft/GameTestServer]: [_]
[10:37:51] [Server thread/INFO] [minecraft/GameTestServer]: [_]
[10:37:52] [Server thread/INFO] [minecraft/GameTestServer]: [_]
[10:37:52] [Server thread/INFO] [minecraft/GameTestServer]: [_]
[10:37:52] [Server thread/INFO] [minecraft/GameTestServer]: [_]
[10:37:52] [Server thread/INFO] [minecraft/MinecraftServer]: Размещение структуры: 71%, изменено блоков: 2542386
[10:37:52] [Server thread/INFO] [minecraft/GameTestServer]: [_]
[10:37:53] [Server thread/INFO] [minecraft/GameTestServer]: [_]
[10:37:53] [Server thread/INFO] [minecraft/GameTestServer]: [_]
[10:37:53] [Server thread/INFO] [minecraft/GameTestServer]: [_]
[10:37:54] [Server thread/INFO] [minecraft/GameTestServer]: [_]
[10:37:54] [Server thread/INFO] [minecraft/MinecraftServer]: Размещение структуры: 74%, изменено блоков: 2542386
[10:37:54] [Server thread/INFO] [minecraft/GameTestServer]: [_]
[10:37:54] [Server thread/INFO] [minecraft/GameTestServer]: [_]
[10:37:55] [Server thread/INFO] [minecraft/GameTestServer]: [_]
[10:37:55] [Server thread/INFO] [minecraft/GameTestServer]: [_]
[10:37:55] [Server thread/INFO] [minecraft/GameTestServer]: [_]
[10:37:55] [Server thread/INFO] [minecraft/MinecraftServer]: Размещение структуры: 77%, изменено блоков: 2542386
[10:37:55] [Server thread/INFO] [minecraft/GameTestServer]: [_]
[10:37:56] [Server thread/INFO] [minecraft/GameTestServer]: [_]
[10:37:56] [Server thread/INFO] [minecraft/GameTestServer]: [_]
[10:37:56] [Server thread/INFO] [minecraft/GameTestServer]: [_]
[10:37:57] [Server thread/INFO] [minecraft/GameTestServer]: [_]
[10:37:57] [Server thread/INFO] [minecraft/MinecraftServer]: Размещение структуры: 81%, изменено блоков: 2542386
[10:37:57] [Server thread/INFO] [minecraft/GameTestServer]: [_]
[10:37:57] [Server thread/INFO] [minecraft/GameTestServer]: [_]
[10:37:57] [Server thread/INFO] [minecraft/GameTestServer]: [_]
[10:37:58] [Server thread/INFO] [minecraft/GameTestServer]: [_]
[10:37:58] [Server thread/INFO] [minecraft/GameTestServer]: [_]
[10:37:58] [Server thread/INFO] [minecraft/MinecraftServer]: Размещение структуры: 84%, изменено блоков: 2542386
[10:37:58] [Server thread/INFO] [minecraft/GameTestServer]: [_]
[10:37:59] [Server thread/INFO] [minecraft/GameTestServer]: [_]
[10:37:59] [Server thread/INFO] [minecraft/GameTestServer]: [_]
[10:37:59] [Server thread/INFO] [minecraft/GameTestServer]: [_]
[10:37:59] [Server thread/INFO] [minecraft/GameTestServer]: [_]
[10:38:00] [Server thread/INFO] [minecraft/MinecraftServer]: Размещение структуры: 87%, изменено блоков: 2542386
[10:38:00] [Server thread/INFO] [minecraft/GameTestServer]: [_]
[10:38:00] [Server thread/INFO] [minecraft/GameTestServer]: [_]
[10:38:00] [Server thread/INFO] [minecraft/GameTestServer]: [_]
[10:38:01] [Server thread/INFO] [minecraft/GameTestServer]: [_]
[10:38:01] [Server thread/INFO] [minecraft/GameTestServer]: [_]
[10:38:01] [Server thread/INFO] [minecraft/MinecraftServer]: Размещение структуры: 90%, изменено блоков: 2542386
[10:38:01] [Server thread/INFO] [minecraft/GameTestServer]: [_]
[10:38:01] [Server thread/INFO] [minecraft/GameTestServer]: [_]
[10:38:02] [Server thread/INFO] [minecraft/GameTestServer]: [_]
[10:38:02] [Server thread/INFO] [minecraft/GameTestServer]: [_]
[10:38:02] [Server thread/INFO] [minecraft/GameTestServer]: [_]
[10:38:02] [Server thread/INFO] [minecraft/MinecraftServer]: Размещение структуры: 93%, изменено блоков: 2542386
[10:38:02] [Server thread/INFO] [minecraft/GameTestServer]: [_]
[10:38:03] [Server thread/INFO] [minecraft/GameTestServer]: [_]
[10:38:03] [Server thread/INFO] [minecraft/GameTestServer]: [_]
[10:38:03] [Server thread/INFO] [minecraft/GameTestServer]: [_]
[10:38:04] [Server thread/INFO] [minecraft/GameTestServer]: [_]
[10:38:04] [Server thread/INFO] [minecraft/MinecraftServer]: Размещение структуры: 96%, изменено блоков: 2542386
[10:38:04] [Server thread/INFO] [minecraft/GameTestServer]: [_]
[10:38:04] [Server thread/INFO] [minecraft/GameTestServer]: [_]
[10:38:05] [Server thread/INFO] [minecraft/GameTestServer]: [_]
[10:38:05] [Server thread/INFO] [minecraft/GameTestServer]: [_]
[10:38:05] [Server thread/INFO] [minecraft/GameTestServer]: [_]
[10:38:05] [Server thread/INFO] [minecraft/MinecraftServer]: Размещение структуры: 99%, изменено блоков: 2542386
[10:38:06] [Server thread/INFO] [minecraft/GameTestServer]: [_]
[10:38:06] [Server thread/INFO] [minecraft/MinecraftServer]: Структура создана: 2154189, 1, 11090320
MANUAL_SEQUENTIAL_COMMAND_PASS slavicmyths generate kurgan great 0 dx=-256 dz=0 entrance=BlockPos{x=2154189, y=1, z=11090320}
[10:38:07] [Server thread/INFO] [minecraft/MinecraftServer]: Подготавливается территория: bandit_camp / 0. Задание 896bfd30-36ca-4d0a-ad18-af012ff52da7
[10:38:07] [Server thread/INFO] [minecraft/GameTestServer]: [_]
[10:38:07] [Server thread/INFO] [minecraft/GameTestServer]: [_]
[10:38:07] [Server thread/INFO] [minecraft/MinecraftServer]: Чанки загружены. Подготовка окончательного положения на Y=-46
[10:38:07] [Server thread/INFO] [minecraft/GameTestServer]: [_]
[10:38:07] [Server thread/INFO] [minecraft/GameTestServer]: [_]
[10:38:07] [Server thread/INFO] [minecraft/GameTestServer]: [_]
[10:38:07] [Server thread/INFO] [minecraft/MinecraftServer]: Подготовка шаблонов: 100%, изменено блоков: 0
[10:38:07] [Server thread/INFO] [minecraft/GameTestServer]: [_]
[10:38:07] [Server thread/INFO] [minecraft/GameTestServer]: [_]
[10:38:08] [Server thread/INFO] [minecraft/GameTestServer]: [_]
[10:38:08] [Server thread/INFO] [minecraft/GameTestServer]: [_]
[10:38:08] [Server thread/INFO] [minecraft/GameTestServer]: [_]
[10:38:08] [Server thread/INFO] [minecraft/MinecraftServer]: Подготовка шаблонов: 100%, изменено блоков: 0
[10:38:08] [Server thread/INFO] [minecraft/GameTestServer]: [_]
[10:38:08] [Server thread/INFO] [minecraft/GameTestServer]: [_]
[10:38:08] [Server thread/INFO] [minecraft/GameTestServer]: [_]
[10:38:08] [Server thread/INFO] [minecraft/GameTestServer]: [_]
[10:38:08] [Server thread/INFO] [minecraft/GameTestServer]: [_]
[10:38:08] [Server thread/INFO] [minecraft/MinecraftServer]: Подготовка шаблонов: 100%, изменено блоков: 0
[10:38:08] [Server thread/INFO] [minecraft/GameTestServer]: [_]
[10:38:09] [Server thread/INFO] [minecraft/GameTestServer]: [_]
[10:38:09] [Server thread/INFO] [minecraft/MinecraftServer]: Проверяется другая площадка: 1 / 16
[10:38:09] [Server thread/INFO] [minecraft/GameTestServer]: [_]
[10:38:09] [Server thread/INFO] [minecraft/GameTestServer]: [_]
[10:38:09] [Server thread/INFO] [minecraft/MinecraftServer]: Чанки загружены. Подготовка окончательного положения на Y=-51
[10:38:09] [Server thread/INFO] [minecraft/GameTestServer]: [_]
[10:38:09] [Server thread/INFO] [minecraft/MinecraftServer]: Планирование грунта: 75%, изменено блоков: 0
[10:38:09] [Server thread/INFO] [minecraft/MinecraftServer]: Проверяется другая площадка: 2 / 16
[10:38:09] [Server thread/INFO] [minecraft/GameTestServer]: [_]
[10:38:09] [Server thread/INFO] [minecraft/GameTestServer]: [_]
[10:38:09] [Server thread/INFO] [minecraft/MinecraftServer]: Чанки загружены. Подготовка окончательного положения на Y=-61
[10:38:09] [Server thread/INFO] [minecraft/GameTestServer]: [_]
[10:38:09] [Server thread/INFO] [minecraft/MinecraftServer]: Проверяется другая площадка: 3 / 16
[10:38:09] [Server thread/INFO] [minecraft/GameTestServer]: [_]
[10:38:09] [Server thread/INFO] [minecraft/GameTestServer]: [_]
[10:38:09] [Server thread/INFO] [minecraft/MinecraftServer]: Чанки загружены. Подготовка окончательного положения на Y=-61
[10:38:09] [Server thread/INFO] [minecraft/MinecraftServer]: Планирование грунта: 13%, изменено блоков: 0
[10:38:09] [Server thread/INFO] [minecraft/GameTestServer]: [_]
[10:38:09] [Server thread/INFO] [minecraft/MinecraftServer]: Проверяется другая площадка: 4 / 16
[10:38:10] [Server thread/INFO] [minecraft/GameTestServer]: [_]
[10:38:10] [Server thread/INFO] [minecraft/GameTestServer]: [_]
[10:38:10] [Server thread/INFO] [minecraft/MinecraftServer]: Чанки загружены. Подготовка окончательного положения на Y=-46
[10:38:10] [Server thread/INFO] [minecraft/GameTestServer]: [_]
[10:38:10] [Server thread/INFO] [minecraft/GameTestServer]: [_]
[10:38:10] [Server thread/INFO] [minecraft/MinecraftServer]: Планирование грунта: 86%, изменено блоков: 0
[10:38:10] [Server thread/INFO] [minecraft/MinecraftServer]: Проверяется другая площадка: 5 / 16
[10:38:10] [Server thread/INFO] [minecraft/GameTestServer]: [_]
[10:38:10] [Server thread/INFO] [minecraft/GameTestServer]: [_]
[10:38:10] [Server thread/INFO] [minecraft/MinecraftServer]: Чанки загружены. Подготовка окончательного положения на Y=-29
[10:38:10] [Server thread/INFO] [minecraft/GameTestServer]: [_]
[10:38:10] [Server thread/INFO] [minecraft/MinecraftServer]: Проверяется другая площадка: 6 / 16
[10:38:10] [Server thread/INFO] [minecraft/GameTestServer]: [_]
[10:38:10] [Server thread/INFO] [minecraft/GameTestServer]: [_]
[10:38:10] [Server thread/INFO] [minecraft/MinecraftServer]: Загрузка территории: 61%, изменено блоков: 0
[10:38:10] [Server thread/INFO] [minecraft/GameTestServer]: [_]
[10:38:10] [Server thread/INFO] [minecraft/MinecraftServer]: Чанки загружены. Подготовка окончательного положения на Y=-43
[10:38:10] [Server thread/INFO] [minecraft/GameTestServer]: [_]
[10:38:10] [Server thread/INFO] [minecraft/GameTestServer]: [_]
[10:38:10] [Server thread/INFO] [minecraft/MinecraftServer]: Проверяется другая площадка: 7 / 16
[10:38:10] [Server thread/INFO] [minecraft/GameTestServer]: [_]
[10:38:10] [Server thread/INFO] [minecraft/GameTestServer]: [_]
[10:38:10] [Server thread/INFO] [minecraft/MinecraftServer]: Чанки загружены. Подготовка окончательного положения на Y=-61
[10:38:10] [Server thread/INFO] [minecraft/MinecraftServer]: Планирование грунта: 22%, изменено блоков: 0
[10:38:10] [Server thread/INFO] [minecraft/GameTestServer]: [_]
[10:38:11] [Server thread/INFO] [minecraft/MinecraftServer]: Территория подготовлена. Размещается структура...
[10:38:11] [Server thread/INFO] [minecraft/GameTestServer]: [_]
[10:38:11] [Server thread/INFO] [minecraft/MinecraftServer]: Структура создана: 2154455, -60, 11090436
MANUAL_SEQUENTIAL_COMMAND_PASS slavicmyths generate bandit_camp small 0 dx=0 dz=128 entrance=BlockPos{x=2154455, y=-60, z=11090436}
[10:38:11] [Server thread/INFO] [minecraft/MinecraftServer]: Подготавливается территория: bandit_camp / 1. Задание 0e7fc6cd-6fde-4fc7-9bd1-df863a4f5197
[10:38:11] [Server thread/INFO] [minecraft/GameTestServer]: [_]
[10:38:11] [Server thread/INFO] [minecraft/GameTestServer]: [_]
[10:38:11] [Server thread/INFO] [minecraft/GameTestServer]: [_]
[10:38:11] [Server thread/INFO] [minecraft/MinecraftServer]: Чанки загружены. Подготовка окончательного положения на Y=-46
[10:38:11] [Server thread/INFO] [minecraft/GameTestServer]: [_]
[10:38:11] [Server thread/INFO] [minecraft/GameTestServer]: [_]
[10:38:11] [Server thread/INFO] [minecraft/MinecraftServer]: Планирование грунта: 64%, изменено блоков: 0
[10:38:11] [Server thread/INFO] [minecraft/GameTestServer]: [_]
[10:38:11] [Server thread/INFO] [minecraft/MinecraftServer]: Проверяется другая площадка: 1 / 16
[10:38:12] [Server thread/INFO] [minecraft/GameTestServer]: [_]
[10:38:12] [Server thread/INFO] [minecraft/GameTestServer]: [_]
[10:38:12] [Server thread/INFO] [minecraft/GameTestServer]: [_]
[10:38:12] [Server thread/INFO] [minecraft/GameTestServer]: [_]
[10:38:12] [Server thread/INFO] [minecraft/MinecraftServer]: Чанки загружены. Подготовка окончательного положения на Y=-43
[10:38:12] [Server thread/INFO] [minecraft/MinecraftServer]: Планирование грунта: 10%, изменено блоков: 0
[10:38:12] [Server thread/INFO] [minecraft/GameTestServer]: [_]
[10:38:12] [Server thread/INFO] [minecraft/GameTestServer]: [_]
[10:38:12] [Server thread/INFO] [minecraft/GameTestServer]: [_]
[10:38:12] [Server thread/INFO] [minecraft/GameTestServer]: [_]
[10:38:12] [Server thread/INFO] [minecraft/MinecraftServer]: Проверяется другая площадка: 2 / 16
[10:38:12] [Server thread/INFO] [minecraft/GameTestServer]: [_]
[10:38:12] [Server thread/INFO] [minecraft/MinecraftServer]: Загрузка территории: 27%, изменено блоков: 0
[10:38:12] [Server thread/INFO] [minecraft/GameTestServer]: [_]
[10:38:12] [Server thread/INFO] [minecraft/GameTestServer]: [_]
[10:38:12] [Server thread/INFO] [minecraft/MinecraftServer]: Чанки загружены. Подготовка окончательного положения на Y=-61
[10:38:13] [Server thread/INFO] [minecraft/GameTestServer]: [_]
[10:38:13] [Server thread/INFO] [minecraft/GameTestServer]: [_]
[10:38:13] [Server thread/INFO] [minecraft/MinecraftServer]: Проверяется другая площадка: 3 / 16
[10:38:13] [Server thread/INFO] [minecraft/GameTestServer]: [_]
[10:38:13] [Server thread/INFO] [minecraft/MinecraftServer]: Загрузка территории: 87%, изменено блоков: 0
[10:38:13] [Server thread/INFO] [minecraft/GameTestServer]: [_]
[10:38:13] [Server thread/INFO] [minecraft/GameTestServer]: [_]
[10:38:13] [Server thread/INFO] [minecraft/MinecraftServer]: Чанки загружены. Подготовка окончательного положения на Y=-61
[10:38:13] [Server thread/INFO] [minecraft/GameTestServer]: [_]
[10:38:13] [Server thread/INFO] [minecraft/GameTestServer]: [_]
[10:38:13] [Server thread/INFO] [minecraft/MinecraftServer]: Проверяется другая площадка: 4 / 16
[10:38:13] [Server thread/INFO] [minecraft/GameTestServer]: [_]
[10:38:13] [Server thread/INFO] [minecraft/MinecraftServer]: Загрузка территории: 20%, изменено блоков: 0
[10:38:13] [Server thread/INFO] [minecraft/GameTestServer]: [_]
[10:38:14] [Server thread/INFO] [minecraft/GameTestServer]: [_]
[10:38:14] [Server thread/INFO] [minecraft/MinecraftServer]: Чанки загружены. Подготовка окончательного положения на Y=-46
[10:38:14] [Server thread/INFO] [minecraft/GameTestServer]: [_]
[10:38:14] [Server thread/INFO] [minecraft/GameTestServer]: [_]
[10:38:14] [Server thread/INFO] [minecraft/GameTestServer]: [_]
[10:38:14] [Server thread/INFO] [minecraft/MinecraftServer]: Планирование грунта: 96%, изменено блоков: 0
[10:38:14] [Server thread/INFO] [minecraft/MinecraftServer]: Проверяется другая площадка: 5 / 16
[10:38:14] [Server thread/INFO] [minecraft/GameTestServer]: [_]
[10:38:14] [Server thread/INFO] [minecraft/GameTestServer]: [_]
[10:38:14] [Server thread/INFO] [minecraft/GameTestServer]: [_]
[10:38:14] [Server thread/INFO] [minecraft/MinecraftServer]: Чанки загружены. Подготовка окончательного положения на Y=-29
[10:38:14] [Server thread/INFO] [minecraft/GameTestServer]: [_]
[10:38:14] [Server thread/INFO] [minecraft/GameTestServer]: [_]
[10:38:14] [Server thread/INFO] [minecraft/MinecraftServer]: Планирование грунта: 84%, изменено блоков: 0
[10:38:14] [Server thread/INFO] [minecraft/GameTestServer]: [_]
[10:38:14] [Server thread/INFO] [minecraft/MinecraftServer]: Проверяется другая площадка: 6 / 16
[10:38:15] [Server thread/INFO] [minecraft/GameTestServer]: [_]
[10:38:15] [Server thread/INFO] [minecraft/GameTestServer]: [_]
[10:38:15] [Server thread/INFO] [minecraft/GameTestServer]: [_]
[10:38:15] [Server thread/INFO] [minecraft/MinecraftServer]: Чанки загружены. Подготовка окончательного положения на Y=-51
[10:38:15] [Server thread/INFO] [minecraft/GameTestServer]: [_]
[10:38:15] [Server thread/INFO] [minecraft/MinecraftServer]: Планирование грунта: 29%, изменено блоков: 0
[10:38:15] [Server thread/INFO] [minecraft/GameTestServer]: [_]
[10:38:15] [Server thread/INFO] [minecraft/GameTestServer]: [_]
[10:38:15] [Server thread/INFO] [minecraft/GameTestServer]: [_]
[10:38:15] [Server thread/INFO] [minecraft/MinecraftServer]: Проверяется другая площадка: 7 / 16
[10:38:15] [Server thread/INFO] [minecraft/GameTestServer]: [_]
[10:38:16] [Server thread/INFO] [minecraft/GameTestServer]: [_]
[10:38:16] [Server thread/INFO] [minecraft/MinecraftServer]: Чанки загружены. Подготовка окончательного положения на Y=-61
[10:38:16] [Server thread/INFO] [minecraft/MinecraftServer]: Планирование грунта: 10%, изменено блоков: 0
[10:38:16] [Server thread/INFO] [minecraft/GameTestServer]: [_]
[10:38:16] [Server thread/INFO] [minecraft/GameTestServer]: [_]
[10:38:16] [Server thread/INFO] [minecraft/MinecraftServer]: Проверяется другая площадка: 8 / 16
[10:38:16] [Server thread/INFO] [minecraft/GameTestServer]: [_]
[10:38:16] [Server thread/INFO] [minecraft/GameTestServer]: [_]
[10:38:16] [Server thread/INFO] [minecraft/MinecraftServer]: Чанки загружены. Подготовка окончательного положения на Y=-61
[10:38:16] [Server thread/INFO] [minecraft/GameTestServer]: [_]
[10:38:17] [Server thread/INFO] [minecraft/MinecraftServer]: Планирование грунта: 50%, изменено блоков: 0
[10:38:17] [Server thread/INFO] [minecraft/GameTestServer]: [_]
[10:38:17] [Server thread/INFO] [minecraft/MinecraftServer]: Проверяется другая площадка: 9 / 16
[10:38:17] [Server thread/INFO] [minecraft/GameTestServer]: [_]
[10:38:17] [Server thread/INFO] [minecraft/GameTestServer]: [_]
[10:38:17] [Server thread/INFO] [minecraft/GameTestServer]: [_]
[10:38:17] [Server thread/INFO] [minecraft/GameTestServer]: [_]
[10:38:17] [Server thread/INFO] [minecraft/MinecraftServer]: Чанки загружены. Подготовка окончательного положения на Y=-29
[10:38:17] [Server thread/INFO] [minecraft/MinecraftServer]: Планирование грунта: 15%, изменено блоков: 0
[10:38:17] [Server thread/INFO] [minecraft/GameTestServer]: [_]
[10:38:17] [Server thread/INFO] [minecraft/GameTestServer]: [_]
[10:38:18] [Server thread/INFO] [minecraft/GameTestServer]: [_]
[10:38:18] [Server thread/INFO] [minecraft/MinecraftServer]: Проверяется другая площадка: 10 / 16
[10:38:18] [Server thread/INFO] [minecraft/GameTestServer]: [_]
[10:38:18] [Server thread/INFO] [minecraft/GameTestServer]: [_]
[10:38:18] [Server thread/INFO] [minecraft/MinecraftServer]: Загрузка территории: 40%, изменено блоков: 0
[10:38:18] [Server thread/INFO] [minecraft/GameTestServer]: [_]
[10:38:18] [Server thread/INFO] [minecraft/GameTestServer]: [_]
[10:38:18] [Server thread/INFO] [minecraft/MinecraftServer]: Чанки загружены. Подготовка окончательного положения на Y=3
[10:38:18] [Server thread/INFO] [minecraft/GameTestServer]: [_]
[10:38:18] [Server thread/INFO] [minecraft/GameTestServer]: [_]
[10:38:18] [Server thread/INFO] [minecraft/GameTestServer]: [_]
[10:38:18] [Server thread/INFO] [minecraft/MinecraftServer]: Проверяется другая площадка: 11 / 16
[10:38:18] [Server thread/INFO] [minecraft/MinecraftServer]: Загрузка территории: 18%, изменено блоков: 0
[10:38:18] [Server thread/INFO] [minecraft/GameTestServer]: [_]
[10:38:19] [Server thread/INFO] [minecraft/GameTestServer]: [_]
[10:38:19] [Server thread/INFO] [minecraft/MinecraftServer]: Чанки загружены. Подготовка окончательного положения на Y=-61
[10:38:19] [Server thread/INFO] [minecraft/GameTestServer]: [_]
[10:38:19] [Server thread/INFO] [minecraft/GameTestServer]: [_]
[10:38:19] [Server thread/INFO] [minecraft/GameTestServer]: [_]
[10:38:19] [Server thread/INFO] [minecraft/MinecraftServer]: Территория подготовлена. Размещается структура...
[10:38:19] [Server thread/INFO] [minecraft/MinecraftServer]: Размещение структуры: 3%, изменено блоков: 0
[10:38:19] [Server thread/INFO] [minecraft/GameTestServer]: [_]
[10:38:19] [Server thread/INFO] [minecraft/GameTestServer]: [_]
[10:38:19] [Server thread/INFO] [minecraft/MinecraftServer]: Структура создана: 2154455, -60, 11090500
MANUAL_SEQUENTIAL_COMMAND_PASS slavicmyths generate bandit_camp fortified 0 dx=0 dz=192 entrance=BlockPos{x=2154455, y=-60, z=11090500}
[10:38:19] [Server thread/INFO] [minecraft/MinecraftServer]: Подготавливается территория: bandit_camp / 2. Задание c775b1c9-7584-4ccb-a57f-cdcb62fcb622
[10:38:19] [Server thread/INFO] [minecraft/GameTestServer]: [_]
[10:38:20] [Server thread/INFO] [minecraft/GameTestServer]: [_]
[10:38:20] [Server thread/INFO] [minecraft/GameTestServer]: [_]
[10:38:20] [Server thread/INFO] [minecraft/GameTestServer]: [_]
[10:38:20] [Server thread/INFO] [minecraft/GameTestServer]: [_]
[10:38:20] [Server thread/INFO] [minecraft/MinecraftServer]: Загрузка территории: 67%, изменено блоков: 0
[10:38:20] [Server thread/INFO] [minecraft/GameTestServer]: [_]
[10:38:20] [Server thread/INFO] [minecraft/MinecraftServer]: Чанки загружены. Подготовка окончательного положения на Y=-51
[10:38:20] [Server thread/INFO] [minecraft/GameTestServer]: [_]
[10:38:20] [Server thread/INFO] [minecraft/GameTestServer]: [_]
[10:38:20] [Server thread/INFO] [minecraft/GameTestServer]: [_]
[10:38:20] [Server thread/INFO] [minecraft/GameTestServer]: [_]
[10:38:20] [Server thread/INFO] [minecraft/MinecraftServer]: Планирование грунта: 63%, изменено блоков: 0
[10:38:20] [Server thread/INFO] [minecraft/GameTestServer]: [_]
[10:38:21] [Server thread/INFO] [minecraft/GameTestServer]: [_]
[10:38:21] [Server thread/INFO] [minecraft/MinecraftServer]: Проверяется другая площадка: 1 / 16
[10:38:21] [Server thread/INFO] [minecraft/GameTestServer]: [_]
[10:38:21] [Server thread/INFO] [minecraft/GameTestServer]: [_]
[10:38:21] [Server thread/INFO] [minecraft/GameTestServer]: [_]
[10:38:21] [Server thread/INFO] [minecraft/MinecraftServer]: Загрузка территории: 9%, изменено блоков: 0
[10:38:21] [Server thread/INFO] [minecraft/GameTestServer]: [_]
[10:38:21] [Server thread/INFO] [minecraft/GameTestServer]: [_]
[10:38:21] [Server thread/INFO] [minecraft/GameTestServer]: [_]
[10:38:21] [Server thread/INFO] [minecraft/GameTestServer]: [_]
[10:38:21] [Server thread/INFO] [minecraft/GameTestServer]: [_]
[10:38:21] [Server thread/INFO] [minecraft/MinecraftServer]: Загрузка территории: 92%, изменено блоков: 0
[10:38:21] [Server thread/INFO] [minecraft/MinecraftServer]: Чанки загружены. Подготовка окончательного положения на Y=-29
[10:38:21] [Server thread/INFO] [minecraft/GameTestServer]: [_]
[10:38:21] [Server thread/INFO] [minecraft/GameTestServer]: [_]
[10:38:22] [Server thread/INFO] [minecraft/GameTestServer]: [_]
[10:38:22] [Server thread/INFO] [minecraft/GameTestServer]: [_]
[10:38:22] [Server thread/INFO] [minecraft/GameTestServer]: [_]
[10:38:22] [Server thread/INFO] [minecraft/MinecraftServer]: Планирование грунта: 42%, изменено блоков: 0
[10:38:22] [Server thread/INFO] [minecraft/GameTestServer]: [_]
[10:38:22] [Server thread/INFO] [minecraft/GameTestServer]: [_]
[10:38:22] [Server thread/INFO] [minecraft/GameTestServer]: [_]
[10:38:22] [Server thread/INFO] [minecraft/GameTestServer]: [_]
[10:38:22] [Server thread/INFO] [minecraft/GameTestServer]: [_]
[10:38:22] [Server thread/INFO] [minecraft/MinecraftServer]: Планирование грунта: 89%, изменено блоков: 0
[10:38:22] [Server thread/INFO] [minecraft/GameTestServer]: [_]
[10:38:22] [Server thread/INFO] [minecraft/MinecraftServer]: Проверяется другая площадка: 2 / 16
[10:38:22] [Server thread/INFO] [minecraft/GameTestServer]: [_]
[10:38:22] [Server thread/INFO] [minecraft/GameTestServer]: [_]
[10:38:23] [Server thread/INFO] [minecraft/GameTestServer]: [_]
[10:38:23] [Server thread/INFO] [minecraft/GameTestServer]: [_]
[10:38:23] [Server thread/INFO] [minecraft/MinecraftServer]: Загрузка территории: 41%, изменено блоков: 0
[10:38:23] [Server thread/INFO] [minecraft/GameTestServer]: [_]
[10:38:23] [Server thread/INFO] [minecraft/GameTestServer]: [_]
[10:38:23] [Server thread/INFO] [minecraft/MinecraftServer]: Чанки загружены. Подготовка окончательного положения на Y=-52
[10:38:23] [Server thread/INFO] [minecraft/GameTestServer]: [_]
[10:38:23] [Server thread/INFO] [minecraft/GameTestServer]: [_]
[10:38:23] [Server thread/INFO] [minecraft/GameTestServer]: [_]
[10:38:23] [Server thread/INFO] [minecraft/MinecraftServer]: Планирование грунта: 51%, изменено блоков: 0
[10:38:23] [Server thread/INFO] [minecraft/GameTestServer]: [_]
[10:38:23] [Server thread/INFO] [minecraft/GameTestServer]: [_]
[10:38:23] [Server thread/INFO] [minecraft/GameTestServer]: [_]
[10:38:23] [Server thread/INFO] [minecraft/MinecraftServer]: Проверяется другая площадка: 3 / 16
[10:38:23] [Server thread/INFO] [minecraft/GameTestServer]: [_]
[10:38:23] [Server thread/INFO] [minecraft/GameTestServer]: [_]
[10:38:23] [Server thread/INFO] [minecraft/MinecraftServer]: Загрузка территории: 76%, изменено блоков: 0
[10:38:24] [Server thread/INFO] [minecraft/GameTestServer]: [_]
[10:38:24] [Server thread/INFO] [minecraft/GameTestServer]: [_]
[10:38:24] [Server thread/INFO] [minecraft/GameTestServer]: [_]
[10:38:24] [Server thread/INFO] [minecraft/GameTestServer]: [_]
[10:38:24] [Server thread/INFO] [minecraft/GameTestServer]: [_]
[10:38:24] [Server thread/INFO] [minecraft/MinecraftServer]: Чанки загружены. Подготовка окончательного положения на Y=-57
[10:38:24] [Server thread/INFO] [minecraft/MinecraftServer]: Планирование грунта: 5%, изменено блоков: 0
[10:38:24] [Server thread/INFO] [minecraft/GameTestServer]: [_]
[10:38:24] [Server thread/INFO] [minecraft/GameTestServer]: [_]
[10:38:24] [Server thread/INFO] [minecraft/GameTestServer]: [_]
[10:38:24] [Server thread/INFO] [minecraft/GameTestServer]: [_]
[10:38:24] [Server thread/INFO] [minecraft/GameTestServer]: [_]
[10:38:24] [Server thread/INFO] [minecraft/MinecraftServer]: Планирование грунта: 89%, изменено блоков: 0
[10:38:24] [Server thread/INFO] [minecraft/GameTestServer]: [_]
[10:38:24] [Server thread/INFO] [minecraft/MinecraftServer]: Проверяется другая площадка: 4 / 16
[10:38:25] [Server thread/INFO] [minecraft/GameTestServer]: [_]
[10:38:25] [Server thread/INFO] [minecraft/GameTestServer]: [_]
[10:38:25] [Server thread/INFO] [minecraft/GameTestServer]: [_]
[10:38:25] [Server thread/INFO] [minecraft/GameTestServer]: [_]
[10:38:25] [Server thread/INFO] [minecraft/MinecraftServer]: Загрузка территории: 50%, изменено блоков: 0
[10:38:25] [Server thread/INFO] [minecraft/GameTestServer]: [_]
[10:38:25] [Server thread/INFO] [minecraft/GameTestServer]: [_]
[10:38:25] [Server thread/INFO] [minecraft/MinecraftServer]: Чанки загружены. Подготовка окончательного положения на Y=-57
[10:38:25] [Server thread/INFO] [minecraft/GameTestServer]: [_]
[10:38:25] [Server thread/INFO] [minecraft/GameTestServer]: [_]
[10:38:25] [Server thread/INFO] [minecraft/GameTestServer]: [_]
[10:38:25] [Server thread/INFO] [minecraft/MinecraftServer]: Планирование грунта: 49%, изменено блоков: 0
[10:38:25] [Server thread/INFO] [minecraft/GameTestServer]: [_]
[10:38:25] [Server thread/INFO] [minecraft/GameTestServer]: [_]
[10:38:26] [Server thread/INFO] [minecraft/GameTestServer]: [_]
[10:38:26] [Server thread/INFO] [minecraft/MinecraftServer]: Проверяется другая площадка: 5 / 16
[10:38:26] [Server thread/INFO] [minecraft/GameTestServer]: [_]
[10:38:26] [Server thread/INFO] [minecraft/GameTestServer]: [_]
[10:38:26] [Server thread/INFO] [minecraft/MinecraftServer]: Загрузка территории: 95%, изменено блоков: 0
[10:38:26] [Server thread/INFO] [minecraft/GameTestServer]: [_]
[10:38:26] [Server thread/INFO] [minecraft/GameTestServer]: [_]
[10:38:26] [Server thread/INFO] [minecraft/GameTestServer]: [_]
[10:38:26] [Server thread/INFO] [minecraft/GameTestServer]: [_]
[10:38:26] [Server thread/INFO] [minecraft/MinecraftServer]: Чанки загружены. Подготовка окончательного положения на Y=-29
[10:38:26] [Server thread/INFO] [minecraft/GameTestServer]: [_]
[10:38:26] [Server thread/INFO] [minecraft/MinecraftServer]: Планирование грунта: 21%, изменено блоков: 0
[10:38:26] [Server thread/INFO] [minecraft/GameTestServer]: [_]
[10:38:26] [Server thread/INFO] [minecraft/GameTestServer]: [_]
[10:38:26] [Server thread/INFO] [minecraft/GameTestServer]: [_]
[10:38:27] [Server thread/INFO] [minecraft/GameTestServer]: [_]
[10:38:27] [Server thread/INFO] [minecraft/MinecraftServer]: Проверяется другая площадка: 6 / 16
[10:38:27] [Server thread/INFO] [minecraft/GameTestServer]: [_]
[10:38:27] [Server thread/INFO] [minecraft/MinecraftServer]: Загрузка территории: 30%, изменено блоков: 0
[10:38:27] [Server thread/INFO] [minecraft/GameTestServer]: [_]
[10:38:27] [Server thread/INFO] [minecraft/GameTestServer]: [_]
[10:38:27] [Server thread/INFO] [minecraft/GameTestServer]: [_]
[10:38:27] [Server thread/INFO] [minecraft/GameTestServer]: [_]
[10:38:27] [Server thread/INFO] [minecraft/GameTestServer]: [_]
[10:38:27] [Server thread/INFO] [minecraft/MinecraftServer]: Загрузка территории: 69%, изменено блоков: 0
[10:38:27] [Server thread/INFO] [minecraft/GameTestServer]: [_]
[10:38:27] [Server thread/INFO] [minecraft/MinecraftServer]: Чанки загружены. Подготовка окончательного положения на Y=-57
[10:38:27] [Server thread/INFO] [minecraft/GameTestServer]: [_]
[10:38:27] [Server thread/INFO] [minecraft/GameTestServer]: [_]
[10:38:27] [Server thread/INFO] [minecraft/GameTestServer]: [_]
[10:38:28] [Server thread/INFO] [minecraft/GameTestServer]: [_]
[10:38:28] [Server thread/INFO] [minecraft/MinecraftServer]: Планирование грунта: 41%, изменено блоков: 0
[10:38:28] [Server thread/INFO] [minecraft/GameTestServer]: [_]
[10:38:28] [Server thread/INFO] [minecraft/GameTestServer]: [_]
[10:38:28] [Server thread/INFO] [minecraft/GameTestServer]: [_]
[10:38:28] [Server thread/INFO] [minecraft/GameTestServer]: [_]
[10:38:28] [Server thread/INFO] [minecraft/GameTestServer]: [_]
[10:38:28] [Server thread/INFO] [minecraft/MinecraftServer]: Проверяется другая площадка: 7 / 16
[10:38:28] [Server thread/INFO] [minecraft/MinecraftServer]: Загрузка территории: 2%, изменено блоков: 0
[10:38:28] [Server thread/INFO] [minecraft/GameTestServer]: [_]
[10:38:28] [Server thread/INFO] [minecraft/GameTestServer]: [_]
[10:38:28] [Server thread/INFO] [minecraft/GameTestServer]: [_]
[10:38:28] [Server thread/INFO] [minecraft/GameTestServer]: [_]
[10:38:29] [Server thread/INFO] [minecraft/GameTestServer]: [_]
[10:38:29] [Server thread/INFO] [minecraft/MinecraftServer]: Загрузка территории: 89%, изменено блоков: 0
[10:38:29] [Server thread/INFO] [minecraft/MinecraftServer]: Чанки загружены. Подготовка окончательного положения на Y=-57
[10:38:29] [Server thread/INFO] [minecraft/GameTestServer]: [_]
[10:38:29] [Server thread/INFO] [minecraft/GameTestServer]: [_]
[10:38:29] [Server thread/INFO] [minecraft/GameTestServer]: [_]
[10:38:29] [Server thread/INFO] [minecraft/GameTestServer]: [_]
[10:38:29] [Server thread/INFO] [minecraft/GameTestServer]: [_]
[10:38:29] [Server thread/INFO] [minecraft/MinecraftServer]: Планирование грунта: 92%, изменено блоков: 0
[10:38:29] [Server thread/INFO] [minecraft/MinecraftServer]: Проверяется другая площадка: 8 / 16
[10:38:29] [Server thread/INFO] [minecraft/GameTestServer]: [_]
[10:38:29] [Server thread/INFO] [minecraft/GameTestServer]: [_]
[10:38:29] [Server thread/INFO] [minecraft/GameTestServer]: [_]
[10:38:30] [Server thread/INFO] [minecraft/GameTestServer]: [_]
[10:38:30] [Server thread/INFO] [minecraft/GameTestServer]: [_]
[10:38:30] [Server thread/INFO] [minecraft/MinecraftServer]: Загрузка территории: 73%, изменено блоков: 0
[10:38:30] [Server thread/INFO] [minecraft/GameTestServer]: [_]
[10:38:30] [Server thread/INFO] [minecraft/MinecraftServer]: Чанки загружены. Подготовка окончательного положения на Y=-57
[10:38:30] [Server thread/INFO] [minecraft/GameTestServer]: [_]
[10:38:30] [Server thread/INFO] [minecraft/GameTestServer]: [_]
[10:38:30] [Server thread/INFO] [minecraft/GameTestServer]: [_]
[10:38:30] [Server thread/INFO] [minecraft/GameTestServer]: [_]
[10:38:30] [Server thread/INFO] [minecraft/MinecraftServer]: Планирование грунта: 90%, изменено блоков: 0
[10:38:30] [Server thread/INFO] [minecraft/MinecraftServer]: Проверяется другая площадка: 9 / 16
[10:38:30] [Server thread/INFO] [minecraft/GameTestServer]: [_]
[10:38:30] [Server thread/INFO] [minecraft/GameTestServer]: [_]
[10:38:30] [Server thread/INFO] [minecraft/GameTestServer]: [_]
[10:38:30] [Server thread/INFO] [minecraft/GameTestServer]: [_]
[10:38:31] [Server thread/INFO] [minecraft/GameTestServer]: [_]
[10:38:31] [Server thread/INFO] [minecraft/MinecraftServer]: Загрузка территории: 55%, изменено блоков: 0
[10:38:31] [Server thread/INFO] [minecraft/GameTestServer]: [_]
[10:38:31] [Server thread/INFO] [minecraft/GameTestServer]: [_]
[10:38:31] [Server thread/INFO] [minecraft/MinecraftServer]: Чанки загружены. Подготовка окончательного положения на Y=-43
[10:38:31] [Server thread/INFO] [minecraft/GameTestServer]: [_]
[10:38:31] [Server thread/INFO] [minecraft/GameTestServer]: [_]
[10:38:31] [Server thread/INFO] [minecraft/GameTestServer]: [_]
[10:38:31] [Server thread/INFO] [minecraft/MinecraftServer]: Планирование грунта: 42%, изменено блоков: 0
[10:38:31] [Server thread/INFO] [minecraft/GameTestServer]: [_]
[10:38:31] [Server thread/INFO] [minecraft/GameTestServer]: [_]
[10:38:31] [Server thread/INFO] [minecraft/GameTestServer]: [_]
[10:38:31] [Server thread/INFO] [minecraft/GameTestServer]: [_]
[10:38:32] [Server thread/INFO] [minecraft/MinecraftServer]: Проверяется другая площадка: 10 / 16
[10:38:32] [Server thread/INFO] [minecraft/GameTestServer]: [_]
[10:38:32] [Server thread/INFO] [minecraft/MinecraftServer]: Загрузка территории: 38%, изменено блоков: 0
[10:38:32] [Server thread/INFO] [minecraft/GameTestServer]: [_]
[10:38:32] [Server thread/INFO] [minecraft/GameTestServer]: [_]
[10:38:32] [Server thread/INFO] [minecraft/GameTestServer]: [_]
[10:38:32] [Server thread/INFO] [minecraft/GameTestServer]: [_]
[10:38:32] [Server thread/INFO] [minecraft/GameTestServer]: [_]
[10:38:32] [Server thread/INFO] [minecraft/MinecraftServer]: Загрузка территории: 46%, изменено блоков: 0
[10:38:32] [Server thread/INFO] [minecraft/GameTestServer]: [_]
[10:38:32] [Server thread/INFO] [minecraft/GameTestServer]: [_]
[10:38:32] [Server thread/INFO] [minecraft/GameTestServer]: [_]
[10:38:32] [Server thread/INFO] [minecraft/GameTestServer]: [_]
[10:38:32] [Server thread/INFO] [minecraft/MinecraftServer]: Чанки загружены. Подготовка окончательного положения на Y=-11
[10:38:32] [Server thread/INFO] [minecraft/GameTestServer]: [_]
[10:38:32] [Server thread/INFO] [minecraft/MinecraftServer]: Планирование грунта: 5%, изменено блоков: 0
[10:38:33] [Server thread/INFO] [minecraft/GameTestServer]: [_]
[10:38:33] [Server thread/INFO] [minecraft/GameTestServer]: [_]
[10:38:33] [Server thread/INFO] [minecraft/GameTestServer]: [_]
[10:38:33] [Server thread/INFO] [minecraft/GameTestServer]: [_]
[10:38:33] [Server thread/INFO] [minecraft/GameTestServer]: [_]
[10:38:33] [Server thread/INFO] [minecraft/MinecraftServer]: Планирование грунта: 44%, изменено блоков: 0
[10:38:33] [Server thread/INFO] [minecraft/GameTestServer]: [_]
[10:38:33] [Server thread/INFO] [minecraft/GameTestServer]: [_]
[10:38:33] [Server thread/INFO] [minecraft/GameTestServer]: [_]
[10:38:33] [Server thread/INFO] [minecraft/GameTestServer]: [_]
[10:38:33] [Server thread/INFO] [minecraft/GameTestServer]: [_]
[10:38:33] [Server thread/INFO] [minecraft/MinecraftServer]: Планирование грунта: 84%, изменено блоков: 0
[10:38:33] [Server thread/INFO] [minecraft/GameTestServer]: [_]
[10:38:34] [Server thread/INFO] [minecraft/GameTestServer]: [_]
[10:38:34] [Server thread/INFO] [minecraft/MinecraftServer]: Проверяется другая площадка: 11 / 16
[10:38:34] [Server thread/INFO] [minecraft/GameTestServer]: [_]
[10:38:34] [Server thread/INFO] [minecraft/GameTestServer]: [_]
[10:38:34] [Server thread/INFO] [minecraft/GameTestServer]: [_]
[10:38:34] [Server thread/INFO] [minecraft/MinecraftServer]: Загрузка территории: 26%, изменено блоков: 0
[10:38:34] [Server thread/INFO] [minecraft/GameTestServer]: [_]
[10:38:34] [Server thread/INFO] [minecraft/GameTestServer]: [_]
[10:38:34] [Server thread/INFO] [minecraft/MinecraftServer]: Чанки загружены. Подготовка окончательного положения на Y=-57
[10:38:34] [Server thread/INFO] [minecraft/GameTestServer]: [_]
[10:38:34] [Server thread/INFO] [minecraft/GameTestServer]: [_]
[10:38:34] [Server thread/INFO] [minecraft/GameTestServer]: [_]
[10:38:34] [Server thread/INFO] [minecraft/MinecraftServer]: Планирование грунта: 62%, изменено блоков: 0
[10:38:34] [Server thread/INFO] [minecraft/GameTestServer]: [_]
[10:38:35] [Server thread/INFO] [minecraft/GameTestServer]: [_]
[10:38:35] [Server thread/INFO] [minecraft/MinecraftServer]: Проверяется другая площадка: 12 / 16
[10:38:35] [Server thread/INFO] [minecraft/GameTestServer]: [_]
[10:38:35] [Server thread/INFO] [minecraft/GameTestServer]: [_]
[10:38:35] [Server thread/INFO] [minecraft/GameTestServer]: [_]
[10:38:35] [Server thread/INFO] [minecraft/MinecraftServer]: Загрузка территории: 23%, изменено блоков: 0
[10:38:35] [Server thread/INFO] [minecraft/GameTestServer]: [_]
[10:38:35] [Server thread/INFO] [minecraft/GameTestServer]: [_]
[10:38:35] [Server thread/INFO] [minecraft/MinecraftServer]: Чанки загружены. Подготовка окончательного положения на Y=-57
[10:38:35] [Server thread/INFO] [minecraft/GameTestServer]: [_]
[10:38:35] [Server thread/INFO] [minecraft/GameTestServer]: [_]
[10:38:35] [Server thread/INFO] [minecraft/GameTestServer]: [_]
[10:38:35] [Server thread/INFO] [minecraft/MinecraftServer]: Планирование грунта: 60%, изменено блоков: 0
[10:38:35] [Server thread/INFO] [minecraft/GameTestServer]: [_]
[10:38:36] [Server thread/INFO] [minecraft/GameTestServer]: [_]
[10:38:36] [Server thread/INFO] [minecraft/GameTestServer]: [_]
[10:38:36] [Server thread/INFO] [minecraft/GameTestServer]: [_]
[10:38:36] [Server thread/INFO] [minecraft/GameTestServer]: [_]
[10:38:36] [Server thread/INFO] [minecraft/MinecraftServer]: Подготовка грунта: 80%, изменено блоков: 34478
[10:38:36] [Server thread/INFO] [minecraft/MinecraftServer]: Территория подготовлена. Размещается структура...
[10:38:36] [Server thread/INFO] [minecraft/GameTestServer]: [_]
[10:38:36] [Server thread/INFO] [minecraft/GameTestServer]: [_]
[10:38:36] [Server thread/INFO] [minecraft/GameTestServer]: [_]
[10:38:36] [Server thread/INFO] [minecraft/GameTestServer]: [_]
[10:38:37] [Server thread/INFO] [minecraft/GameTestServer]: [_]
[10:38:37] [Server thread/INFO] [minecraft/MinecraftServer]: Размещение структуры: 53%, изменено блоков: 39277
[10:38:37] [Server thread/INFO] [minecraft/GameTestServer]: [_]
[10:38:37] [Server thread/INFO] [minecraft/GameTestServer]: [_]
[10:38:37] [Server thread/INFO] [minecraft/GameTestServer]: [_]
[10:38:38] [Server thread/INFO] [minecraft/GameTestServer]: [_]
[10:38:38] [Server thread/INFO] [minecraft/MinecraftServer]: Структура создана: 2154484, -56, 11090076
MANUAL_SEQUENTIAL_COMMAND_PASS slavicmyths generate bandit_camp large 0 dx=0 dz=-192 entrance=BlockPos{x=2154484, y=-56, z=11090076}
MANUAL_SEQUENTIAL_SAME_SOURCE_PASS commands=6 structures=6 previousEntrancesPreserved=true boundedLocalRelocation=true
[10:38:38] [Server thread/INFO] [minecraft/GameTestServer]: [+]
[10:38:38] [Server thread/INFO] [minecraft/GameTestServer]: ========= 1 GAME TESTS COMPLETE IN 10.33 min ======================
[10:38:38] [Server thread/INFO] [minecraft/GameTestServer]: All 1 required tests passed :)
[10:38:38] [Server thread/INFO] [minecraft/GameTestServer]: ====================================================
[10:38:38] [Server thread/INFO] [minecraft/MinecraftServer]: Stopping server
[10:38:38] [Server thread/INFO] [minecraft/MinecraftServer]: Saving players
[10:38:38] [Server thread/INFO] [minecraft/MinecraftServer]: Saving worlds
[10:38:38] [Server thread/INFO] [minecraft/MinecraftServer]: Saving chunks for level 'ServerLevel[Test Level]'/minecraft:overworld
[10:38:39] [Server thread/INFO] [minecraft/MinecraftServer]: Saving chunks for level 'ServerLevel[Test Level]'/minecraft:the_nether
[10:38:39] [Server thread/INFO] [minecraft/MinecraftServer]: Saving chunks for level 'ServerLevel[Test Level]'/minecraft:the_end
[10:38:39] [Server thread/INFO] [minecraft/MinecraftServer]: ThreadedAnvilChunkStorage (world): All chunks are saved
[10:38:39] [Server thread/INFO] [minecraft/MinecraftServer]: ThreadedAnvilChunkStorage (DIM-1): All chunks are saved
[10:38:39] [Server thread/INFO] [minecraft/MinecraftServer]: ThreadedAnvilChunkStorage (DIM1): All chunks are saved
[10:38:39] [Server thread/INFO] [minecraft/MinecraftServer]: ThreadedAnvilChunkStorage: All dimensions are saved
[10:38:39] [Server thread/INFO] [minecraft/GameTestServer]: Game test server shutting down

BUILD SUCCESSFUL in 11m 1s
9 actionable tasks: 4 executed, 5 up-to-date
Consider enabling configuration cache to speed up this build: https://docs.gradle.org/9.2.1/userguide/configuration_cache_enabling.html
