To honour the JVM settings for this build a single-use Daemon process will be forked. For more on this, please refer to https://docs.gradle.org/9.2.1/userguide/gradle_daemon.html#sec:disabling_the_daemon in the Gradle documentation.
Daemon will be stopped at the end of the build 
> Task :createMinecraftArtifacts UP-TO-DATE
> Task :compileJava UP-TO-DATE
> Task :processResources UP-TO-DATE
> Task :classes UP-TO-DATE
> Task :compileKurganCheckJava UP-TO-DATE
> Task :processKurganCheckResources
> Task :kurganCheckClasses
> Task :downloadAssets UP-TO-DATE
> Task :writeRuntimeChecksLegacyClasspath UP-TO-DATE
> Task :prepareRuntimeChecksRun

> Task :runRuntimeChecks
WARN StatusConsoleListener Advanced terminal features are not available in this environment
[11:13:19] [main/INFO] [cp.mo.mo.Launcher/MODLAUNCHER]: ModLauncher running: args [--launchTarget, forgeserverdev, --gameDir, ., --fml.fmlVersion, 4.0.45, --fml.mcVersion, 1.21.1, --fml.neoForgeVersion, 21.1.255, --fml.neoFormVersion, 20240808.144430]
[11:13:19] [main/INFO] [cp.mo.mo.Launcher/MODLAUNCHER]: JVM identified as Oracle Corporation Java HotSpot(TM) 64-Bit Server VM 21.0.12+7-LTS-205
[11:13:19] [main/INFO] [cp.mo.mo.Launcher/MODLAUNCHER]: ModLauncher 11.0.5+main.901c6ea8 starting: java version 21.0.12 by Oracle Corporation; OS Windows 10 arch amd64 version 10.0
[11:13:19] [main/INFO] [ne.ne.fm.lo.ImmediateWindowHandler/]: ImmediateWindowProvider not loading because launch target is forgeserverdev
[11:13:19] [main/INFO] [mixin/]: SpongePowered MIXIN Subsystem Version=0.8.7 Source=union:/C:/Users/pavel/.gradle/caches/modules-2/files-2.1/net.fabricmc/sponge-mixin/0.16.4+mixin.0.8.7/26d01f0567ab46e9ca0d2ed89d0ecc11aadbd433/sponge-mixin-0.16.4+mixin.0.8.7.jar%2394!/ Service=ModLauncher Env=SERVER
[11:13:19] [main/INFO] [ne.ne.fm.lo.mo.lo.JarInJarDependencyLocator/]: Found 2 dependencies adding them to mods collection
[11:13:19] [main/INFO] [ne.ne.fm.lo.mo.ModDiscoverer/]: 
     Mod List:
		Name Version (Mod Id)

		Curios API 9.5.1+1.21.1 (curios)
		Minecraft 1.21.1 (minecraft)
		NeoForge 21.1.255 (neoforge)
		Slavic Myths 0.9.9-dev (slavicmyths)
[11:13:20] [main/INFO] [mixin/]: Compatibility level set to JAVA_21
[11:13:20] [main/INFO] [cp.mo.mo.LaunchServiceHandler/MODLAUNCHER]: Launching target 'forgeserverdev' with arguments [--gameDir, .]
[11:13:20] [main/WARN] [mixin/]: Reference map 'curios.refmap.json' for curios.neoforge.mixins.json could not be read. If this is a development environment you can ignore this message
[11:13:20] [main/WARN] [mixin/]: Reference map 'curios.refmap.json' for curios.mixins.json could not be read. If this is a development environment you can ignore this message
[11:13:21] [main/WARN] [os.dr.wi.pe.PerfmonDisabled/]: Invalid registry value type detected for PerfOS counters. Should be REG_DWORD. Ignoring: HKEY_LOCAL_MACHINE\SYSTEM\CurrentControlSet\Services\PerfOS\Performance\Disable Performance Counters.
[11:13:21] [main/INFO] [MixinExtras|Service/]: Initializing MixinExtras via com.llamalad7.mixinextras.service.MixinExtrasServiceImpl(version=0.5.5).
[11:13:28] [main/WARN] [minecraft/Commands]: Ambiguity between arguments [teleport, location] and [teleport, destination] with inputs: [0.1 -0.5 .9, 0 0 0]
[11:13:28] [main/WARN] [minecraft/Commands]: Ambiguity between arguments [teleport, location] and [teleport, targets] with inputs: [0.1 -0.5 .9, 0 0 0]
[11:13:28] [main/WARN] [minecraft/Commands]: Ambiguity between arguments [teleport, destination] and [teleport, targets] with inputs: [Player, 0123, @e, dd12be42-52a9-4a91-a8a1-11c01849e498]
[11:13:28] [main/WARN] [minecraft/Commands]: Ambiguity between arguments [teleport, targets] and [teleport, destination] with inputs: [Player, 0123, dd12be42-52a9-4a91-a8a1-11c01849e498]
[11:13:28] [main/WARN] [minecraft/Commands]: Ambiguity between arguments [teleport, targets, location] and [teleport, targets, destination] with inputs: [0.1 -0.5 .9, 0 0 0]
[11:13:28] [modloading-worker-0/INFO] [ne.ne.ne.co.NeoForgeMod/NEOFORGE-MOD]: NeoForge mod loading, version 21.1.255, for MC 1.21.1
[11:13:29] [main/INFO] [mojang/YggdrasilAuthenticationService]: Environment: Environment[sessionHost=https://sessionserver.mojang.com, servicesHost=https://api.minecraftservices.com, name=PROD]
[11:13:29] [main/WARN] [minecraft/VanillaPackResourcesBuilder]: Assets URL 'union:/D:/slavic-myths/build/moddev/artifacts/neoforge-21.1.255.jar%23125!/assets/.mcassetsroot' uses unexpected schema
[11:13:29] [main/WARN] [minecraft/VanillaPackResourcesBuilder]: Assets URL 'union:/D:/slavic-myths/build/moddev/artifacts/neoforge-21.1.255.jar%23125!/data/.mcassetsroot' uses unexpected schema
[11:13:29] [main/INFO] [ne.ne.ne.ga.GameTestHooks/]: Enabled Gametest Namespaces: [slavicmyths_sequential_placement]
[11:13:30] [main/INFO] [minecraft/RecipeManager]: Loaded 1564 recipes
[11:13:30] [main/INFO] [minecraft/AdvancementTree]: Loaded 1554 advancements
[11:13:30] [main/INFO] [Curios API/]: Loaded 10 curio slots
[11:13:30] [main/INFO] [Curios API/]: Loaded 1 curio entities
[11:13:31] [Server thread/INFO] [minecraft/MinecraftServer]: Preparing start region for dimension minecraft:overworld
[11:13:31] [worldgen/INFO] [minecraft/LoggerChunkProgressListener]: Preparing spawn area: 2%
[11:13:31] [Server thread/INFO] [minecraft/LoggerChunkProgressListener]: Time elapsed: 115 ms
[11:13:31] [Server thread/INFO] [minecraft/GameTestServer]: Started game test server
[11:13:32] [Server thread/INFO] [ne.ne.ne.se.pe.PermissionAPI/]: Successfully initialized permission handler neoforge:default_handler
[11:13:32] [Server thread/INFO] [minecraft/GameTestServer]: 1 tests are now running at position 14562322, -59, -4923240!
[11:13:32] [Server thread/INFO] [minecraft/GameTestRunner]: Running test batch 'defaultBatch:0' (1 tests)...
[11:13:32] [Server thread/INFO] [minecraft/GameTestServer]: [ ]
[11:13:32] [Server thread/INFO] [minecraft/MinecraftServer]: Подготавливается территория: kurgan / 0. Задание ecdc24f7-c39a-464b-89d0-15fefd2afe74
[11:13:32] [Server thread/INFO] [minecraft/GameTestServer]: [_]
[11:13:32] [Server thread/INFO] [minecraft/GameTestServer]: [_]
[11:13:32] [Server thread/INFO] [minecraft/GameTestServer]: [_]
[11:13:32] [Server thread/INFO] [minecraft/GameTestServer]: [_]
[11:13:32] [Server thread/INFO] [minecraft/GameTestServer]: [_]
[11:13:33] [Server thread/INFO] [minecraft/MinecraftServer]: Загрузка территории: 54%, изменено блоков: 0
[11:13:33] [Server thread/INFO] [minecraft/GameTestServer]: [_]
[11:13:33] [Server thread/INFO] [minecraft/GameTestServer]: [_]
[11:13:33] [Server thread/INFO] [minecraft/GameTestServer]: [_]
[11:13:33] [Server thread/INFO] [minecraft/GameTestServer]: [_]
[11:13:33] [Server thread/INFO] [minecraft/GameTestServer]: [_]
[11:13:33] [Server thread/INFO] [minecraft/MinecraftServer]: Загрузка территории: 25%, изменено блоков: 0
[11:13:33] [Server thread/INFO] [minecraft/GameTestServer]: [_]
[11:13:33] [Server thread/INFO] [minecraft/GameTestServer]: [_]
[11:13:33] [Server thread/INFO] [minecraft/GameTestServer]: [_]
[11:13:33] [Server thread/INFO] [minecraft/GameTestServer]: [_]
[11:13:33] [Server thread/INFO] [minecraft/GameTestServer]: [_]
[11:13:33] [Server thread/INFO] [minecraft/MinecraftServer]: Загрузка территории: 60%, изменено блоков: 0
[11:13:33] [Server thread/INFO] [minecraft/GameTestServer]: [_]
[11:13:34] [Server thread/INFO] [minecraft/GameTestServer]: [_]
[11:13:34] [Server thread/INFO] [minecraft/GameTestServer]: [_]
[11:13:34] [Server thread/INFO] [minecraft/GameTestServer]: [_]
[11:13:34] [Server thread/INFO] [minecraft/GameTestServer]: [_]
[11:13:34] [Server thread/INFO] [minecraft/MinecraftServer]: Загрузка территории: 93%, изменено блоков: 0
[11:13:34] [Server thread/INFO] [minecraft/GameTestServer]: [_]
[11:13:34] [Server thread/INFO] [minecraft/MinecraftServer]: Чанки загружены. Подготовка окончательного положения на Y=-49
[11:13:34] [Server thread/INFO] [minecraft/GameTestServer]: [_]
[11:13:34] [Server thread/INFO] [minecraft/GameTestServer]: [_]
[11:13:34] [Server thread/INFO] [minecraft/GameTestServer]: [_]
[11:13:34] [Server thread/INFO] [minecraft/GameTestServer]: [_]
[11:13:34] [Server thread/INFO] [minecraft/MinecraftServer]: Планирование грунта: 74%, изменено блоков: 0
[11:13:34] [Server thread/INFO] [minecraft/GameTestServer]: [_]
[11:13:34] [Server thread/INFO] [minecraft/GameTestServer]: [_]
[11:13:34] [Server thread/INFO] [minecraft/GameTestServer]: [_]
[11:13:35] [Server thread/INFO] [minecraft/GameTestServer]: [_]
[11:13:35] [Server thread/INFO] [minecraft/GameTestServer]: [_]
[11:13:35] [Server thread/INFO] [minecraft/MinecraftServer]: Подготовка грунта: 30%, изменено блоков: 25212
[11:13:35] [Server thread/INFO] [minecraft/GameTestServer]: [_]
[11:13:35] [Server thread/INFO] [minecraft/GameTestServer]: [_]
[11:13:35] [Server thread/INFO] [minecraft/GameTestServer]: [_]
[11:13:35] [Server thread/INFO] [minecraft/MinecraftServer]: Территория подготовлена. Размещается структура...
[11:13:35] [Server thread/INFO] [minecraft/GameTestServer]: [_]
[11:13:35] [Server thread/INFO] [minecraft/GameTestServer]: [_]
[11:13:35] [Server thread/INFO] [minecraft/MinecraftServer]: Размещение структуры: 14%, изменено блоков: 114624
[11:13:35] [Server thread/INFO] [minecraft/GameTestServer]: [_]
[11:13:35] [Server thread/INFO] [minecraft/GameTestServer]: [_]
[11:13:36] [Server thread/INFO] [minecraft/GameTestServer]: [_]
[11:13:36] [Server thread/INFO] [minecraft/GameTestServer]: [_]
[11:13:36] [Server thread/INFO] [minecraft/GameTestServer]: [_]
[11:13:36] [Server thread/INFO] [minecraft/MinecraftServer]: Размещение структуры: 54%, изменено блоков: 114624
[11:13:36] [Server thread/INFO] [minecraft/GameTestServer]: [_]
[11:13:36] [Server thread/INFO] [minecraft/GameTestServer]: [_]
[11:13:36] [Server thread/INFO] [minecraft/GameTestServer]: [_]
[11:13:36] [Server thread/INFO] [minecraft/GameTestServer]: [_]
[11:13:36] [Server thread/INFO] [minecraft/GameTestServer]: [_]
[11:13:36] [Server thread/INFO] [minecraft/MinecraftServer]: Размещение структуры: 94%, изменено блоков: 114624
[11:13:36] [Server thread/INFO] [minecraft/GameTestServer]: [_]
[11:13:36] [Server thread/INFO] [minecraft/MinecraftServer]: Структура создана: 14570514, -48, -4915174
MANUAL_SEQUENTIAL_COMMAND_PASS slavicmyths generate kurgan small 0 dx=0 dz=0 entrance=BlockPos{x=14570514, y=-48, z=-4915174} ticks=916 peakJobMs=120.7508
[11:13:37] [Server thread/INFO] [minecraft/MinecraftServer]: Подготавливается территория: kurgan / 1. Задание df804fd5-d8e6-4362-8371-3c1d6e937ddf
[11:13:37] [Server thread/INFO] [minecraft/GameTestServer]: [_]
[11:13:37] [Server thread/INFO] [minecraft/GameTestServer]: [_]
[11:13:37] [Server thread/INFO] [minecraft/GameTestServer]: [_]
[11:13:37] [Server thread/INFO] [minecraft/GameTestServer]: [_]
[11:13:37] [Server thread/INFO] [minecraft/GameTestServer]: [_]
[11:13:37] [Server thread/INFO] [minecraft/MinecraftServer]: Загрузка территории: 21%, изменено блоков: 0
[11:13:37] [Server thread/INFO] [minecraft/GameTestServer]: [_]
[11:13:37] [Server thread/INFO] [minecraft/GameTestServer]: [_]
[11:13:37] [Server thread/INFO] [minecraft/GameTestServer]: [_]
[11:13:37] [Server thread/INFO] [minecraft/GameTestServer]: [_]
[11:13:37] [Server thread/INFO] [minecraft/GameTestServer]: [_]
[11:13:37] [Server thread/INFO] [minecraft/MinecraftServer]: Загрузка территории: 42%, изменено блоков: 0
[11:13:38] [Server thread/INFO] [minecraft/GameTestServer]: [_]
[11:13:38] [Server thread/INFO] [minecraft/GameTestServer]: [_]
[11:13:38] [Server thread/INFO] [minecraft/GameTestServer]: [_]
[11:13:38] [Server thread/INFO] [minecraft/GameTestServer]: [_]
[11:13:38] [Server thread/INFO] [minecraft/GameTestServer]: [_]
[11:13:38] [Server thread/INFO] [minecraft/MinecraftServer]: Загрузка территории: 63%, изменено блоков: 0
[11:13:38] [Server thread/INFO] [minecraft/GameTestServer]: [_]
[11:13:38] [Server thread/INFO] [minecraft/GameTestServer]: [_]
[11:13:38] [Server thread/INFO] [minecraft/GameTestServer]: [_]
[11:13:38] [Server thread/INFO] [minecraft/GameTestServer]: [_]
[11:13:38] [Server thread/INFO] [minecraft/GameTestServer]: [_]
[11:13:38] [Server thread/INFO] [minecraft/MinecraftServer]: Загрузка территории: 85%, изменено блоков: 0
[11:13:38] [Server thread/INFO] [minecraft/GameTestServer]: [_]
[11:13:38] [Server thread/INFO] [minecraft/GameTestServer]: [_]
[11:13:39] [Server thread/INFO] [minecraft/GameTestServer]: [_]
[11:13:39] [Server thread/INFO] [minecraft/GameTestServer]: [_]
[11:13:39] [Server thread/INFO] [minecraft/MinecraftServer]: Проверяется другая площадка: 1 / 16
[11:13:39] [Server thread/INFO] [minecraft/GameTestServer]: [_]
[11:13:39] [Server thread/INFO] [minecraft/MinecraftServer]: Загрузка территории: 6%, изменено блоков: 0
[11:13:39] [Server thread/INFO] [minecraft/GameTestServer]: [_]
[11:13:39] [Server thread/INFO] [minecraft/GameTestServer]: [_]
[11:13:39] [Server thread/INFO] [minecraft/GameTestServer]: [_]
[11:13:39] [Server thread/INFO] [minecraft/GameTestServer]: [_]
[11:13:39] [Server thread/INFO] [minecraft/GameTestServer]: [_]
[11:13:39] [Server thread/INFO] [minecraft/MinecraftServer]: Загрузка территории: 27%, изменено блоков: 0
[11:13:39] [Server thread/INFO] [minecraft/GameTestServer]: [_]
[11:13:39] [Server thread/INFO] [minecraft/GameTestServer]: [_]
[11:13:40] [Server thread/INFO] [minecraft/GameTestServer]: [_]
[11:13:40] [Server thread/INFO] [minecraft/GameTestServer]: [_]
[11:13:40] [Server thread/INFO] [minecraft/GameTestServer]: [_]
[11:13:40] [Server thread/INFO] [minecraft/MinecraftServer]: Загрузка территории: 51%, изменено блоков: 0
[11:13:40] [Server thread/INFO] [minecraft/GameTestServer]: [_]
[11:13:40] [Server thread/INFO] [minecraft/GameTestServer]: [_]
[11:13:40] [Server thread/INFO] [minecraft/GameTestServer]: [_]
[11:13:40] [Server thread/INFO] [minecraft/GameTestServer]: [_]
[11:13:40] [Server thread/INFO] [minecraft/GameTestServer]: [_]
[11:13:40] [Server thread/INFO] [minecraft/MinecraftServer]: Загрузка территории: 72%, изменено блоков: 0
[11:13:40] [Server thread/INFO] [minecraft/GameTestServer]: [_]
[11:13:40] [Server thread/INFO] [minecraft/GameTestServer]: [_]
[11:13:40] [Server thread/INFO] [minecraft/GameTestServer]: [_]
[11:13:40] [Server thread/INFO] [minecraft/GameTestServer]: [_]
[11:13:40] [Server thread/INFO] [minecraft/GameTestServer]: [_]
[11:13:40] [Server thread/INFO] [minecraft/MinecraftServer]: Загрузка территории: 95%, изменено блоков: 0
[11:13:40] [Server thread/INFO] [minecraft/GameTestServer]: [_]
[11:13:40] [Server thread/INFO] [minecraft/MinecraftServer]: Проверяется другая площадка: 2 / 16
[11:13:41] [Server thread/INFO] [minecraft/GameTestServer]: [_]
[11:13:41] [Server thread/INFO] [minecraft/GameTestServer]: [_]
[11:13:41] [Server thread/INFO] [minecraft/GameTestServer]: [_]
[11:13:41] [Server thread/INFO] [minecraft/GameTestServer]: [_]
[11:13:41] [Server thread/INFO] [minecraft/MinecraftServer]: Загрузка территории: 16%, изменено блоков: 0
[11:13:41] [Server thread/INFO] [minecraft/GameTestServer]: [_]
[11:13:41] [Server thread/INFO] [minecraft/GameTestServer]: [_]
[11:13:41] [Server thread/INFO] [minecraft/GameTestServer]: [_]
[11:13:41] [Server thread/INFO] [minecraft/GameTestServer]: [_]
[11:13:41] [Server thread/INFO] [minecraft/GameTestServer]: [_]
[11:13:41] [Server thread/INFO] [minecraft/MinecraftServer]: Загрузка территории: 38%, изменено блоков: 0
[11:13:41] [Server thread/INFO] [minecraft/GameTestServer]: [_]
[11:13:41] [Server thread/INFO] [minecraft/GameTestServer]: [_]
[11:13:41] [Server thread/INFO] [minecraft/GameTestServer]: [_]
[11:13:42] [Server thread/INFO] [minecraft/GameTestServer]: [_]
[11:13:42] [Server thread/INFO] [minecraft/GameTestServer]: [_]
[11:13:42] [Server thread/INFO] [minecraft/MinecraftServer]: Загрузка территории: 62%, изменено блоков: 0
[11:13:42] [Server thread/INFO] [minecraft/GameTestServer]: [_]
[11:13:42] [Server thread/INFO] [minecraft/GameTestServer]: [_]
[11:13:42] [Server thread/INFO] [minecraft/GameTestServer]: [_]
[11:13:42] [Server thread/INFO] [minecraft/GameTestServer]: [_]
[11:13:42] [Server thread/INFO] [minecraft/GameTestServer]: [_]
[11:13:42] [Server thread/INFO] [minecraft/MinecraftServer]: Загрузка территории: 86%, изменено блоков: 0
[11:13:42] [Server thread/INFO] [minecraft/GameTestServer]: [_]
[11:13:42] [Server thread/INFO] [minecraft/GameTestServer]: [_]
[11:13:42] [Server thread/INFO] [minecraft/GameTestServer]: [_]
[11:13:42] [Server thread/INFO] [minecraft/MinecraftServer]: Проверяется другая площадка: 3 / 16
[11:13:42] [Server thread/INFO] [minecraft/GameTestServer]: [_]
[11:13:42] [Server thread/INFO] [minecraft/GameTestServer]: [_]
[11:13:42] [Server thread/INFO] [minecraft/MinecraftServer]: Загрузка территории: 8%, изменено блоков: 0
[11:13:42] [Server thread/INFO] [minecraft/GameTestServer]: [_]
[11:13:43] [Server thread/INFO] [minecraft/GameTestServer]: [_]
[11:13:43] [Server thread/INFO] [minecraft/GameTestServer]: [_]
[11:13:43] [Server thread/INFO] [minecraft/GameTestServer]: [_]
[11:13:43] [Server thread/INFO] [minecraft/GameTestServer]: [_]
[11:13:43] [Server thread/INFO] [minecraft/MinecraftServer]: Загрузка территории: 28%, изменено блоков: 0
[11:13:43] [Server thread/INFO] [minecraft/GameTestServer]: [_]
[11:13:43] [Server thread/INFO] [minecraft/GameTestServer]: [_]
[11:13:43] [Server thread/INFO] [minecraft/GameTestServer]: [_]
[11:13:43] [Server thread/INFO] [minecraft/GameTestServer]: [_]
[11:13:43] [Server thread/INFO] [minecraft/GameTestServer]: [_]
[11:13:43] [Server thread/INFO] [minecraft/MinecraftServer]: Загрузка территории: 51%, изменено блоков: 0
[11:13:43] [Server thread/INFO] [minecraft/GameTestServer]: [_]
[11:13:43] [Server thread/INFO] [minecraft/GameTestServer]: [_]
[11:13:43] [Server thread/INFO] [minecraft/GameTestServer]: [_]
[11:13:43] [Server thread/INFO] [minecraft/GameTestServer]: [_]
[11:13:43] [Server thread/INFO] [minecraft/GameTestServer]: [_]
[11:13:43] [Server thread/INFO] [minecraft/MinecraftServer]: Загрузка территории: 73%, изменено блоков: 0
[11:13:43] [Server thread/INFO] [minecraft/GameTestServer]: [_]
[11:13:44] [Server thread/INFO] [minecraft/GameTestServer]: [_]
[11:13:44] [Server thread/INFO] [minecraft/GameTestServer]: [_]
[11:13:44] [Server thread/INFO] [minecraft/GameTestServer]: [_]
[11:13:44] [Server thread/INFO] [minecraft/GameTestServer]: [_]
[11:13:44] [Server thread/INFO] [minecraft/MinecraftServer]: Загрузка территории: 96%, изменено блоков: 0
[11:13:44] [Server thread/INFO] [minecraft/GameTestServer]: [_]
[11:13:44] [Server thread/INFO] [minecraft/MinecraftServer]: Проверяется другая площадка: 4 / 16
[11:13:44] [Server thread/INFO] [minecraft/GameTestServer]: [_]
[11:13:44] [Server thread/INFO] [minecraft/GameTestServer]: [_]
[11:13:44] [Server thread/INFO] [minecraft/GameTestServer]: [_]
[11:13:44] [Server thread/INFO] [minecraft/GameTestServer]: [_]
[11:13:44] [Server thread/INFO] [minecraft/MinecraftServer]: Загрузка территории: 17%, изменено блоков: 0
[11:13:44] [Server thread/INFO] [minecraft/GameTestServer]: [_]
[11:13:44] [Server thread/INFO] [minecraft/GameTestServer]: [_]
[11:13:44] [Server thread/INFO] [minecraft/GameTestServer]: [_]
[11:13:44] [Server thread/INFO] [minecraft/GameTestServer]: [_]
[11:13:45] [Server thread/INFO] [minecraft/GameTestServer]: [_]
[11:13:45] [Server thread/INFO] [minecraft/MinecraftServer]: Загрузка территории: 40%, изменено блоков: 0
[11:13:45] [Server thread/INFO] [minecraft/GameTestServer]: [_]
[11:13:45] [Server thread/INFO] [minecraft/GameTestServer]: [_]
[11:13:45] [Server thread/INFO] [minecraft/GameTestServer]: [_]
[11:13:45] [Server thread/INFO] [minecraft/GameTestServer]: [_]
[11:13:45] [Server thread/INFO] [minecraft/GameTestServer]: [_]
[11:13:45] [Server thread/INFO] [minecraft/MinecraftServer]: Загрузка территории: 63%, изменено блоков: 0
[11:13:45] [Server thread/INFO] [minecraft/GameTestServer]: [_]
[11:13:45] [Server thread/INFO] [minecraft/GameTestServer]: [_]
[11:13:45] [Server thread/INFO] [minecraft/GameTestServer]: [_]
[11:13:45] [Server thread/INFO] [minecraft/GameTestServer]: [_]
[11:13:45] [Server thread/INFO] [minecraft/GameTestServer]: [_]
[11:13:45] [Server thread/INFO] [minecraft/MinecraftServer]: Загрузка территории: 87%, изменено блоков: 0
[11:13:45] [Server thread/INFO] [minecraft/GameTestServer]: [_]
[11:13:45] [Server thread/INFO] [minecraft/GameTestServer]: [_]
[11:13:45] [Server thread/INFO] [minecraft/GameTestServer]: [_]
[11:13:45] [Server thread/INFO] [minecraft/MinecraftServer]: Проверяется другая площадка: 5 / 16
[11:13:46] [Server thread/INFO] [minecraft/GameTestServer]: [_]
[11:13:46] [Server thread/INFO] [minecraft/GameTestServer]: [_]
[11:13:46] [Server thread/INFO] [minecraft/MinecraftServer]: Загрузка территории: 10%, изменено блоков: 0
[11:13:46] [Server thread/INFO] [minecraft/GameTestServer]: [_]
[11:13:46] [Server thread/INFO] [minecraft/GameTestServer]: [_]
[11:13:46] [Server thread/INFO] [minecraft/GameTestServer]: [_]
[11:13:46] [Server thread/INFO] [minecraft/GameTestServer]: [_]
[11:13:46] [Server thread/INFO] [minecraft/GameTestServer]: [_]
[11:13:46] [Server thread/INFO] [minecraft/MinecraftServer]: Загрузка территории: 32%, изменено блоков: 0
[11:13:46] [Server thread/INFO] [minecraft/GameTestServer]: [_]
[11:13:46] [Server thread/INFO] [minecraft/GameTestServer]: [_]
[11:13:46] [Server thread/INFO] [minecraft/GameTestServer]: [_]
[11:13:46] [Server thread/INFO] [minecraft/GameTestServer]: [_]
[11:13:46] [Server thread/INFO] [minecraft/GameTestServer]: [_]
[11:13:46] [Server thread/INFO] [minecraft/MinecraftServer]: Загрузка территории: 55%, изменено блоков: 0
[11:13:46] [Server thread/INFO] [minecraft/GameTestServer]: [_]
[11:13:46] [Server thread/INFO] [minecraft/GameTestServer]: [_]
[11:13:47] [Server thread/INFO] [minecraft/GameTestServer]: [_]
[11:13:47] [Server thread/INFO] [minecraft/GameTestServer]: [_]
[11:13:47] [Server thread/INFO] [minecraft/GameTestServer]: [_]
[11:13:47] [Server thread/INFO] [minecraft/MinecraftServer]: Загрузка территории: 77%, изменено блоков: 0
[11:13:47] [Server thread/INFO] [minecraft/GameTestServer]: [_]
[11:13:47] [Server thread/INFO] [minecraft/GameTestServer]: [_]
[11:13:47] [Server thread/INFO] [minecraft/GameTestServer]: [_]
[11:13:47] [Server thread/INFO] [minecraft/GameTestServer]: [_]
[11:13:47] [Server thread/INFO] [minecraft/GameTestServer]: [_]
[11:13:47] [Server thread/INFO] [minecraft/MinecraftServer]: Загрузка территории: 98%, изменено блоков: 0
[11:13:47] [Server thread/INFO] [minecraft/GameTestServer]: [_]
[11:13:47] [Server thread/INFO] [minecraft/GameTestServer]: [_]
[11:13:47] [Server thread/INFO] [minecraft/GameTestServer]: [_]
[11:13:47] [Server thread/INFO] [minecraft/GameTestServer]: [_]
[11:13:47] [Server thread/INFO] [minecraft/GameTestServer]: [_]
[11:13:47] [Server thread/INFO] [minecraft/MinecraftServer]: Загрузка территории: 27%, изменено блоков: 0
[11:13:47] [Server thread/INFO] [minecraft/GameTestServer]: [_]
[11:13:47] [Server thread/INFO] [minecraft/GameTestServer]: [_]
[11:13:48] [Server thread/INFO] [minecraft/GameTestServer]: [_]
[11:13:48] [Server thread/INFO] [minecraft/GameTestServer]: [_]
[11:13:48] [Server thread/INFO] [minecraft/GameTestServer]: [_]
[11:13:48] [Server thread/INFO] [minecraft/MinecraftServer]: Загрузка территории: 44%, изменено блоков: 0
[11:13:48] [Server thread/INFO] [minecraft/GameTestServer]: [_]
[11:13:48] [Server thread/INFO] [minecraft/GameTestServer]: [_]
[11:13:48] [Server thread/INFO] [minecraft/GameTestServer]: [_]
[11:13:48] [Server thread/INFO] [minecraft/GameTestServer]: [_]
[11:13:48] [Server thread/INFO] [minecraft/GameTestServer]: [_]
[11:13:48] [Server thread/INFO] [minecraft/MinecraftServer]: Загрузка территории: 58%, изменено блоков: 0
[11:13:48] [Server thread/INFO] [minecraft/GameTestServer]: [_]
[11:13:48] [Server thread/INFO] [minecraft/GameTestServer]: [_]
[11:13:48] [Server thread/INFO] [minecraft/GameTestServer]: [_]
[11:13:48] [Server thread/INFO] [minecraft/GameTestServer]: [_]
[11:13:48] [Server thread/INFO] [minecraft/GameTestServer]: [_]
[11:13:48] [Server thread/INFO] [minecraft/MinecraftServer]: Загрузка территории: 69%, изменено блоков: 0
[11:13:48] [Server thread/INFO] [minecraft/GameTestServer]: [_]
[11:13:48] [Server thread/INFO] [minecraft/GameTestServer]: [_]
[11:13:48] [Server thread/INFO] [minecraft/GameTestServer]: [_]
[11:13:49] [Server thread/INFO] [minecraft/GameTestServer]: [_]
[11:13:49] [Server thread/INFO] [minecraft/GameTestServer]: [_]
[11:13:49] [Server thread/INFO] [minecraft/MinecraftServer]: Загрузка территории: 79%, изменено блоков: 0
[11:13:49] [Server thread/INFO] [minecraft/GameTestServer]: [_]
[11:13:49] [Server thread/INFO] [minecraft/GameTestServer]: [_]
[11:13:49] [Server thread/INFO] [minecraft/GameTestServer]: [_]
[11:13:49] [Server thread/INFO] [minecraft/GameTestServer]: [_]
[11:13:49] [Server thread/INFO] [minecraft/GameTestServer]: [_]
[11:13:49] [Server thread/INFO] [minecraft/MinecraftServer]: Загрузка территории: 88%, изменено блоков: 0
[11:13:49] [Server thread/INFO] [minecraft/GameTestServer]: [_]
[11:13:49] [Server thread/INFO] [minecraft/GameTestServer]: [_]
[11:13:49] [Server thread/INFO] [minecraft/GameTestServer]: [_]
[11:13:49] [Server thread/INFO] [minecraft/GameTestServer]: [_]
[11:13:49] [Server thread/INFO] [minecraft/GameTestServer]: [_]
[11:13:49] [Server thread/INFO] [minecraft/MinecraftServer]: Загрузка территории: 96%, изменено блоков: 0
[11:13:49] [Server thread/INFO] [minecraft/GameTestServer]: [_]
[11:13:49] [Server thread/INFO] [minecraft/GameTestServer]: [_]
[11:13:49] [Server thread/INFO] [minecraft/MinecraftServer]: Чанки загружены. Подготовка окончательного положения на Y=-32
[11:13:49] [Server thread/INFO] [minecraft/GameTestServer]: [_]
[11:13:49] [Server thread/INFO] [minecraft/GameTestServer]: [_]
[11:13:50] [Server thread/INFO] [minecraft/GameTestServer]: [_]
[11:13:50] [Server thread/INFO] [minecraft/MinecraftServer]: Планирование грунта: 18%, изменено блоков: 0
[11:13:50] [Server thread/INFO] [minecraft/GameTestServer]: [_]
[11:13:50] [Server thread/INFO] [minecraft/GameTestServer]: [_]
[11:13:50] [Server thread/INFO] [minecraft/GameTestServer]: [_]
[11:13:50] [Server thread/INFO] [minecraft/GameTestServer]: [_]
[11:13:50] [Server thread/INFO] [minecraft/GameTestServer]: [_]
[11:13:50] [Server thread/INFO] [minecraft/MinecraftServer]: Планирование грунта: 48%, изменено блоков: 0
[11:13:50] [Server thread/INFO] [minecraft/GameTestServer]: [_]
[11:13:50] [Server thread/INFO] [minecraft/GameTestServer]: [_]
[11:13:50] [Server thread/INFO] [minecraft/GameTestServer]: [_]
[11:13:50] [Server thread/INFO] [minecraft/GameTestServer]: [_]
[11:13:50] [Server thread/INFO] [minecraft/GameTestServer]: [_]
[11:13:50] [Server thread/INFO] [minecraft/MinecraftServer]: Планирование грунта: 77%, изменено блоков: 0
[11:13:50] [Server thread/INFO] [minecraft/GameTestServer]: [_]
[11:13:51] [Server thread/INFO] [minecraft/GameTestServer]: [_]
[11:13:51] [Server thread/INFO] [minecraft/GameTestServer]: [_]
[11:13:51] [Server thread/INFO] [minecraft/GameTestServer]: [_]
[11:13:51] [Server thread/INFO] [minecraft/GameTestServer]: [_]
[11:13:51] [Server thread/INFO] [minecraft/MinecraftServer]: Проверка конечного места: 23%, изменено блоков: 0
[11:13:51] [Server thread/INFO] [minecraft/GameTestServer]: [_]
[11:13:51] [Server thread/INFO] [minecraft/GameTestServer]: [_]
[11:13:51] [Server thread/INFO] [minecraft/GameTestServer]: [_]
[11:13:51] [Server thread/INFO] [minecraft/GameTestServer]: [_]
[11:13:51] [Server thread/INFO] [minecraft/GameTestServer]: [_]
[11:13:51] [Server thread/INFO] [minecraft/MinecraftServer]: Проверка конечного места: 76%, изменено блоков: 0
[11:13:51] [Server thread/INFO] [minecraft/GameTestServer]: [_]
[11:13:51] [Server thread/INFO] [minecraft/GameTestServer]: [_]
[11:13:51] [Server thread/INFO] [minecraft/GameTestServer]: [_]
[11:13:52] [Server thread/INFO] [minecraft/GameTestServer]: [_]
[11:13:52] [Server thread/INFO] [minecraft/GameTestServer]: [_]
[11:13:52] [Server thread/INFO] [minecraft/MinecraftServer]: Подготовка грунта: 27%, изменено блоков: 172282
[11:13:52] [Server thread/INFO] [minecraft/GameTestServer]: [_]
[11:13:52] [Server thread/INFO] [minecraft/GameTestServer]: [_]
[11:13:52] [Server thread/INFO] [minecraft/GameTestServer]: [_]
[11:13:52] [Server thread/INFO] [minecraft/GameTestServer]: [_]
[11:13:52] [Server thread/INFO] [minecraft/GameTestServer]: [_]
[11:13:52] [Server thread/INFO] [minecraft/MinecraftServer]: Подготовка грунта: 48%, изменено блоков: 409751
[11:13:52] [Server thread/INFO] [minecraft/GameTestServer]: [_]
[11:13:52] [Server thread/INFO] [minecraft/GameTestServer]: [_]
[11:13:53] [Server thread/INFO] [minecraft/GameTestServer]: [_]
[11:13:53] [Server thread/INFO] [minecraft/GameTestServer]: [_]
[11:13:53] [Server thread/INFO] [minecraft/GameTestServer]: [_]
[11:13:53] [Server thread/INFO] [minecraft/MinecraftServer]: Подготовка грунта: 69%, изменено блоков: 642661
[11:13:53] [Server thread/INFO] [minecraft/GameTestServer]: [_]
[11:13:53] [Server thread/INFO] [minecraft/GameTestServer]: [_]
[11:13:53] [Server thread/INFO] [minecraft/GameTestServer]: [_]
[11:13:53] [Server thread/INFO] [minecraft/GameTestServer]: [_]
[11:13:53] [Server thread/INFO] [minecraft/GameTestServer]: [_]
[11:13:53] [Server thread/INFO] [minecraft/MinecraftServer]: Территория подготовлена. Размещается структура...
[11:13:53] [Server thread/INFO] [minecraft/MinecraftServer]: Размещение структуры: 0%, изменено блоков: 856258
[11:13:53] [Server thread/INFO] [minecraft/GameTestServer]: [_]
[11:13:53] [Server thread/INFO] [minecraft/GameTestServer]: [_]
[11:13:54] [Server thread/INFO] [minecraft/GameTestServer]: [_]
[11:13:54] [Server thread/INFO] [minecraft/GameTestServer]: [_]
[11:13:54] [Server thread/INFO] [minecraft/GameTestServer]: [_]
[11:13:54] [Server thread/INFO] [minecraft/MinecraftServer]: Размещение структуры: 9%, изменено блоков: 856258
[11:13:54] [Server thread/INFO] [minecraft/GameTestServer]: [_]
[11:13:54] [Server thread/INFO] [minecraft/GameTestServer]: [_]
[11:13:54] [Server thread/INFO] [minecraft/GameTestServer]: [_]
[11:13:54] [Server thread/INFO] [minecraft/GameTestServer]: [_]
[11:13:54] [Server thread/INFO] [minecraft/GameTestServer]: [_]
[11:13:54] [Server thread/INFO] [minecraft/MinecraftServer]: Размещение структуры: 17%, изменено блоков: 856258
[11:13:54] [Server thread/INFO] [minecraft/GameTestServer]: [_]
[11:13:54] [Server thread/INFO] [minecraft/GameTestServer]: [_]
[11:13:54] [Server thread/INFO] [minecraft/GameTestServer]: [_]
[11:13:54] [Server thread/INFO] [minecraft/GameTestServer]: [_]
[11:13:55] [Server thread/INFO] [minecraft/GameTestServer]: [_]
[11:13:55] [Server thread/INFO] [minecraft/MinecraftServer]: Размещение структуры: 26%, изменено блоков: 856258
[11:13:55] [Server thread/INFO] [minecraft/GameTestServer]: [_]
[11:13:55] [Server thread/INFO] [minecraft/GameTestServer]: [_]
[11:13:55] [Server thread/INFO] [minecraft/GameTestServer]: [_]
[11:13:55] [Server thread/INFO] [minecraft/GameTestServer]: [_]
[11:13:55] [Server thread/INFO] [minecraft/GameTestServer]: [_]
[11:13:55] [Server thread/INFO] [minecraft/MinecraftServer]: Размещение структуры: 35%, изменено блоков: 856258
[11:13:55] [Server thread/INFO] [minecraft/GameTestServer]: [_]
[11:13:55] [Server thread/INFO] [minecraft/GameTestServer]: [_]
[11:13:55] [Server thread/INFO] [minecraft/GameTestServer]: [_]
[11:13:55] [Server thread/INFO] [minecraft/GameTestServer]: [_]
[11:13:55] [Server thread/INFO] [minecraft/GameTestServer]: [_]
[11:13:55] [Server thread/INFO] [minecraft/MinecraftServer]: Размещение структуры: 43%, изменено блоков: 856258
[11:13:55] [Server thread/INFO] [minecraft/GameTestServer]: [_]
[11:13:56] [Server thread/INFO] [minecraft/GameTestServer]: [_]
[11:13:56] [Server thread/INFO] [minecraft/GameTestServer]: [_]
[11:13:56] [Server thread/INFO] [minecraft/GameTestServer]: [_]
[11:13:56] [Server thread/INFO] [minecraft/GameTestServer]: [_]
[11:13:56] [Server thread/INFO] [minecraft/MinecraftServer]: Размещение структуры: 52%, изменено блоков: 856258
[11:13:56] [Server thread/INFO] [minecraft/GameTestServer]: [_]
[11:13:56] [Server thread/INFO] [minecraft/GameTestServer]: [_]
[11:13:56] [Server thread/INFO] [minecraft/GameTestServer]: [_]
[11:13:56] [Server thread/INFO] [minecraft/GameTestServer]: [_]
[11:13:56] [Server thread/INFO] [minecraft/GameTestServer]: [_]
[11:13:56] [Server thread/INFO] [minecraft/MinecraftServer]: Размещение структуры: 60%, изменено блоков: 856258
[11:13:56] [Server thread/INFO] [minecraft/GameTestServer]: [_]
[11:13:57] [Server thread/INFO] [minecraft/GameTestServer]: [_]
[11:13:57] [Server thread/INFO] [minecraft/GameTestServer]: [_]
[11:13:57] [Server thread/INFO] [minecraft/GameTestServer]: [_]
[11:13:57] [Server thread/INFO] [minecraft/GameTestServer]: [_]
[11:13:57] [Server thread/INFO] [minecraft/MinecraftServer]: Размещение структуры: 69%, изменено блоков: 856258
[11:13:57] [Server thread/INFO] [minecraft/GameTestServer]: [_]
[11:13:57] [Server thread/INFO] [minecraft/GameTestServer]: [_]
[11:13:57] [Server thread/INFO] [minecraft/GameTestServer]: [_]
[11:13:57] [Server thread/INFO] [minecraft/GameTestServer]: [_]
[11:13:57] [Server thread/INFO] [minecraft/GameTestServer]: [_]
[11:13:57] [Server thread/INFO] [minecraft/MinecraftServer]: Размещение структуры: 77%, изменено блоков: 856258
[11:13:57] [Server thread/INFO] [minecraft/GameTestServer]: [_]
[11:13:57] [Server thread/INFO] [minecraft/GameTestServer]: [_]
[11:13:58] [Server thread/INFO] [minecraft/GameTestServer]: [_]
[11:13:58] [Server thread/INFO] [minecraft/GameTestServer]: [_]
[11:13:58] [Server thread/INFO] [minecraft/GameTestServer]: [_]
[11:13:58] [Server thread/INFO] [minecraft/MinecraftServer]: Размещение структуры: 86%, изменено блоков: 856258
[11:13:58] [Server thread/INFO] [minecraft/GameTestServer]: [_]
[11:13:58] [Server thread/INFO] [minecraft/GameTestServer]: [_]
[11:13:58] [Server thread/INFO] [minecraft/GameTestServer]: [_]
[11:13:58] [Server thread/INFO] [minecraft/GameTestServer]: [_]
[11:13:58] [Server thread/INFO] [minecraft/GameTestServer]: [_]
[11:13:58] [Server thread/INFO] [minecraft/MinecraftServer]: Размещение структуры: 94%, изменено блоков: 856258
[11:13:58] [Server thread/INFO] [minecraft/GameTestServer]: [_]
[11:13:58] [Server thread/INFO] [minecraft/GameTestServer]: [_]
[11:13:58] [Server thread/INFO] [minecraft/GameTestServer]: [_]
[11:13:58] [Server thread/INFO] [minecraft/MinecraftServer]: Структура создана: 14570642, -31, -4915174
MANUAL_SEQUENTIAL_COMMAND_PASS slavicmyths generate kurgan warrior 0 dx=128 dz=0 entrance=BlockPos{x=14570642, y=-31, z=-4915174} ticks=5461 peakJobMs=9.2849
[11:13:59] [Server thread/INFO] [minecraft/MinecraftServer]: Подготавливается территория: kurgan / 2. Задание 2605cce0-e6f2-474a-9f9a-6d7756619e1b
[11:13:59] [Server thread/INFO] [minecraft/GameTestServer]: [_]
[11:13:59] [Server thread/INFO] [minecraft/GameTestServer]: [_]
[11:13:59] [Server thread/INFO] [minecraft/GameTestServer]: [_]
[11:13:59] [Server thread/INFO] [minecraft/GameTestServer]: [_]
[11:13:59] [Server thread/INFO] [minecraft/GameTestServer]: [_]
[11:13:59] [Server thread/INFO] [minecraft/MinecraftServer]: Загрузка территории: 21%, изменено блоков: 0
[11:13:59] [Server thread/INFO] [minecraft/GameTestServer]: [_]
[11:13:59] [Server thread/INFO] [minecraft/GameTestServer]: [_]
[11:13:59] [Server thread/INFO] [minecraft/GameTestServer]: [_]
[11:13:59] [Server thread/INFO] [minecraft/GameTestServer]: [_]
[11:13:59] [Server thread/INFO] [minecraft/GameTestServer]: [_]
[11:13:59] [Server thread/INFO] [minecraft/MinecraftServer]: Загрузка территории: 42%, изменено блоков: 0
[11:13:59] [Server thread/INFO] [minecraft/GameTestServer]: [_]
[11:13:59] [Server thread/INFO] [minecraft/GameTestServer]: [_]
[11:13:59] [Server thread/INFO] [minecraft/GameTestServer]: [_]
[11:13:59] [Server thread/INFO] [minecraft/GameTestServer]: [_]
[11:14:00] [Server thread/INFO] [minecraft/GameTestServer]: [_]
[11:14:00] [Server thread/INFO] [minecraft/MinecraftServer]: Загрузка территории: 62%, изменено блоков: 0
[11:14:00] [Server thread/INFO] [minecraft/GameTestServer]: [_]
[11:14:00] [Server thread/INFO] [minecraft/GameTestServer]: [_]
[11:14:00] [Server thread/INFO] [minecraft/GameTestServer]: [_]
[11:14:00] [Server thread/INFO] [minecraft/GameTestServer]: [_]
[11:14:00] [Server thread/INFO] [minecraft/GameTestServer]: [_]
[11:14:00] [Server thread/INFO] [minecraft/MinecraftServer]: Загрузка территории: 83%, изменено блоков: 0
[11:14:00] [Server thread/INFO] [minecraft/GameTestServer]: [_]
[11:14:00] [Server thread/INFO] [minecraft/GameTestServer]: [_]
[11:14:00] [Server thread/INFO] [minecraft/GameTestServer]: [_]
[11:14:00] [Server thread/INFO] [minecraft/GameTestServer]: [_]
[11:14:00] [Server thread/INFO] [minecraft/MinecraftServer]: Проверяется другая площадка: 1 / 16
[11:14:00] [Server thread/INFO] [minecraft/GameTestServer]: [_]
[11:14:00] [Server thread/INFO] [minecraft/MinecraftServer]: Загрузка территории: 3%, изменено блоков: 0
[11:14:00] [Server thread/INFO] [minecraft/GameTestServer]: [_]
[11:14:00] [Server thread/INFO] [minecraft/GameTestServer]: [_]
[11:14:00] [Server thread/INFO] [minecraft/GameTestServer]: [_]
[11:14:00] [Server thread/INFO] [minecraft/GameTestServer]: [_]
[11:14:00] [Server thread/INFO] [minecraft/GameTestServer]: [_]
[11:14:00] [Server thread/INFO] [minecraft/MinecraftServer]: Загрузка территории: 25%, изменено блоков: 0
[11:14:00] [Server thread/INFO] [minecraft/GameTestServer]: [_]
[11:14:01] [Server thread/INFO] [minecraft/GameTestServer]: [_]
[11:14:01] [Server thread/INFO] [minecraft/GameTestServer]: [_]
[11:14:01] [Server thread/INFO] [minecraft/GameTestServer]: [_]
[11:14:01] [Server thread/INFO] [minecraft/GameTestServer]: [_]
[11:14:01] [Server thread/INFO] [minecraft/MinecraftServer]: Загрузка территории: 46%, изменено блоков: 0
[11:14:01] [Server thread/INFO] [minecraft/GameTestServer]: [_]
[11:14:01] [Server thread/INFO] [minecraft/GameTestServer]: [_]
[11:14:01] [Server thread/INFO] [minecraft/GameTestServer]: [_]
[11:14:01] [Server thread/INFO] [minecraft/GameTestServer]: [_]
[11:14:01] [Server thread/INFO] [minecraft/GameTestServer]: [_]
[11:14:01] [Server thread/INFO] [minecraft/MinecraftServer]: Загрузка территории: 66%, изменено блоков: 0
[11:14:01] [Server thread/INFO] [minecraft/GameTestServer]: [_]
[11:14:01] [Server thread/INFO] [minecraft/GameTestServer]: [_]
[11:14:01] [Server thread/INFO] [minecraft/GameTestServer]: [_]
[11:14:01] [Server thread/INFO] [minecraft/GameTestServer]: [_]
[11:14:01] [Server thread/INFO] [minecraft/GameTestServer]: [_]
[11:14:01] [Server thread/INFO] [minecraft/MinecraftServer]: Загрузка территории: 87%, изменено блоков: 0
[11:14:01] [Server thread/INFO] [minecraft/GameTestServer]: [_]
[11:14:01] [Server thread/INFO] [minecraft/GameTestServer]: [_]
[11:14:01] [Server thread/INFO] [minecraft/GameTestServer]: [_]
[11:14:02] [Server thread/INFO] [minecraft/MinecraftServer]: Проверяется другая площадка: 2 / 16
[11:14:02] [Server thread/INFO] [minecraft/GameTestServer]: [_]
[11:14:02] [Server thread/INFO] [minecraft/GameTestServer]: [_]
[11:14:02] [Server thread/INFO] [minecraft/MinecraftServer]: Загрузка территории: 7%, изменено блоков: 0
[11:14:02] [Server thread/INFO] [minecraft/GameTestServer]: [_]
[11:14:02] [Server thread/INFO] [minecraft/GameTestServer]: [_]
[11:14:02] [Server thread/INFO] [minecraft/GameTestServer]: [_]
[11:14:02] [Server thread/INFO] [minecraft/GameTestServer]: [_]
[11:14:02] [Server thread/INFO] [minecraft/GameTestServer]: [_]
[11:14:02] [Server thread/INFO] [minecraft/MinecraftServer]: Загрузка территории: 28%, изменено блоков: 0
[11:14:02] [Server thread/INFO] [minecraft/GameTestServer]: [_]
[11:14:02] [Server thread/INFO] [minecraft/GameTestServer]: [_]
[11:14:02] [Server thread/INFO] [minecraft/GameTestServer]: [_]
[11:14:02] [Server thread/INFO] [minecraft/GameTestServer]: [_]
[11:14:02] [Server thread/INFO] [minecraft/GameTestServer]: [_]
[11:14:02] [Server thread/INFO] [minecraft/MinecraftServer]: Загрузка территории: 50%, изменено блоков: 0
[11:14:02] [Server thread/INFO] [minecraft/GameTestServer]: [_]
[11:14:02] [Server thread/INFO] [minecraft/GameTestServer]: [_]
[11:14:02] [Server thread/INFO] [minecraft/GameTestServer]: [_]
[11:14:03] [Server thread/INFO] [minecraft/GameTestServer]: [_]
[11:14:03] [Server thread/INFO] [minecraft/GameTestServer]: [_]
[11:14:03] [Server thread/INFO] [minecraft/MinecraftServer]: Загрузка территории: 73%, изменено блоков: 0
[11:14:03] [Server thread/INFO] [minecraft/GameTestServer]: [_]
[11:14:03] [Server thread/INFO] [minecraft/GameTestServer]: [_]
[11:14:03] [Server thread/INFO] [minecraft/GameTestServer]: [_]
[11:14:03] [Server thread/INFO] [minecraft/GameTestServer]: [_]
[11:14:03] [Server thread/INFO] [minecraft/GameTestServer]: [_]
[11:14:03] [Server thread/INFO] [minecraft/MinecraftServer]: Загрузка территории: 98%, изменено блоков: 0
[11:14:03] [Server thread/INFO] [minecraft/GameTestServer]: [_]
[11:14:03] [Server thread/INFO] [minecraft/MinecraftServer]: Проверяется другая площадка: 3 / 16
[11:14:03] [Server thread/INFO] [minecraft/GameTestServer]: [_]
[11:14:03] [Server thread/INFO] [minecraft/GameTestServer]: [_]
[11:14:03] [Server thread/INFO] [minecraft/GameTestServer]: [_]
[11:14:03] [Server thread/INFO] [minecraft/GameTestServer]: [_]
[11:14:03] [Server thread/INFO] [minecraft/MinecraftServer]: Загрузка территории: 18%, изменено блоков: 0
[11:14:03] [Server thread/INFO] [minecraft/GameTestServer]: [_]
[11:14:04] [Server thread/INFO] [minecraft/GameTestServer]: [_]
[11:14:04] [Server thread/INFO] [minecraft/GameTestServer]: [_]
[11:14:04] [Server thread/INFO] [minecraft/GameTestServer]: [_]
[11:14:04] [Server thread/INFO] [minecraft/GameTestServer]: [_]
[11:14:04] [Server thread/INFO] [minecraft/MinecraftServer]: Загрузка территории: 40%, изменено блоков: 0
[11:14:04] [Server thread/INFO] [minecraft/GameTestServer]: [_]
[11:14:04] [Server thread/INFO] [minecraft/GameTestServer]: [_]
[11:14:04] [Server thread/INFO] [minecraft/GameTestServer]: [_]
[11:14:04] [Server thread/INFO] [minecraft/GameTestServer]: [_]
[11:14:04] [Server thread/INFO] [minecraft/GameTestServer]: [_]
[11:14:04] [Server thread/INFO] [minecraft/MinecraftServer]: Загрузка территории: 61%, изменено блоков: 0
[11:14:04] [Server thread/INFO] [minecraft/GameTestServer]: [_]
[11:14:04] [Server thread/INFO] [minecraft/GameTestServer]: [_]
[11:14:04] [Server thread/INFO] [minecraft/GameTestServer]: [_]
[11:14:04] [Server thread/INFO] [minecraft/GameTestServer]: [_]
[11:14:05] [Server thread/INFO] [minecraft/GameTestServer]: [_]
[11:14:05] [Server thread/INFO] [minecraft/MinecraftServer]: Загрузка территории: 81%, изменено блоков: 0
[11:14:05] [Server thread/INFO] [minecraft/GameTestServer]: [_]
[11:14:05] [Server thread/INFO] [minecraft/GameTestServer]: [_]
[11:14:05] [Server thread/INFO] [minecraft/GameTestServer]: [_]
[11:14:05] [Server thread/INFO] [minecraft/GameTestServer]: [_]
[11:14:05] [Server thread/INFO] [minecraft/GameTestServer]: [_]
[11:14:05] [Server thread/INFO] [minecraft/MinecraftServer]: Проверяется другая площадка: 4 / 16
[11:14:05] [Server thread/INFO] [minecraft/MinecraftServer]: Загрузка территории: 2%, изменено блоков: 0
[11:14:05] [Server thread/INFO] [minecraft/GameTestServer]: [_]
[11:14:05] [Server thread/INFO] [minecraft/GameTestServer]: [_]
[11:14:05] [Server thread/INFO] [minecraft/GameTestServer]: [_]
[11:14:05] [Server thread/INFO] [minecraft/GameTestServer]: [_]
[11:14:05] [Server thread/INFO] [minecraft/GameTestServer]: [_]
[11:14:05] [Server thread/INFO] [minecraft/MinecraftServer]: Загрузка территории: 22%, изменено блоков: 0
[11:14:05] [Server thread/INFO] [minecraft/GameTestServer]: [_]
[11:14:05] [Server thread/INFO] [minecraft/GameTestServer]: [_]
[11:14:05] [Server thread/INFO] [minecraft/GameTestServer]: [_]
[11:14:05] [Server thread/INFO] [minecraft/GameTestServer]: [_]
[11:14:05] [Server thread/INFO] [minecraft/GameTestServer]: [_]
[11:14:05] [Server thread/INFO] [minecraft/MinecraftServer]: Загрузка территории: 43%, изменено блоков: 0
[11:14:06] [Server thread/INFO] [minecraft/GameTestServer]: [_]
[11:14:06] [Server thread/INFO] [minecraft/GameTestServer]: [_]
[11:14:06] [Server thread/INFO] [minecraft/GameTestServer]: [_]
[11:14:06] [Server thread/INFO] [minecraft/GameTestServer]: [_]
[11:14:06] [Server thread/INFO] [minecraft/GameTestServer]: [_]
[11:14:06] [Server thread/INFO] [minecraft/MinecraftServer]: Загрузка территории: 66%, изменено блоков: 0
[11:14:06] [Server thread/INFO] [minecraft/GameTestServer]: [_]
[11:14:06] [Server thread/INFO] [minecraft/GameTestServer]: [_]
[11:14:06] [Server thread/INFO] [minecraft/GameTestServer]: [_]
[11:14:06] [Server thread/INFO] [minecraft/GameTestServer]: [_]
[11:14:06] [Server thread/INFO] [minecraft/GameTestServer]: [_]
[11:14:06] [Server thread/INFO] [minecraft/MinecraftServer]: Загрузка территории: 90%, изменено блоков: 0
[11:14:06] [Server thread/INFO] [minecraft/GameTestServer]: [_]
[11:14:06] [Server thread/INFO] [minecraft/GameTestServer]: [_]
[11:14:06] [Server thread/INFO] [minecraft/MinecraftServer]: Проверяется другая площадка: 5 / 16
[11:14:07] [Server thread/INFO] [minecraft/GameTestServer]: [_]
[11:14:07] [Server thread/INFO] [minecraft/GameTestServer]: [_]
[11:14:07] [Server thread/INFO] [minecraft/GameTestServer]: [_]
[11:14:07] [Server thread/INFO] [minecraft/MinecraftServer]: Загрузка территории: 12%, изменено блоков: 0
[11:14:07] [Server thread/INFO] [minecraft/GameTestServer]: [_]
[11:14:07] [Server thread/INFO] [minecraft/GameTestServer]: [_]
[11:14:07] [Server thread/INFO] [minecraft/GameTestServer]: [_]
[11:14:07] [Server thread/INFO] [minecraft/GameTestServer]: [_]
[11:14:07] [Server thread/INFO] [minecraft/GameTestServer]: [_]
[11:14:07] [Server thread/INFO] [minecraft/MinecraftServer]: Загрузка территории: 32%, изменено блоков: 0
[11:14:07] [Server thread/INFO] [minecraft/GameTestServer]: [_]
[11:14:07] [Server thread/INFO] [minecraft/GameTestServer]: [_]
[11:14:07] [Server thread/INFO] [minecraft/GameTestServer]: [_]
[11:14:07] [Server thread/INFO] [minecraft/GameTestServer]: [_]
[11:14:07] [Server thread/INFO] [minecraft/GameTestServer]: [_]
[11:14:07] [Server thread/INFO] [minecraft/MinecraftServer]: Загрузка территории: 53%, изменено блоков: 0
[11:14:07] [Server thread/INFO] [minecraft/GameTestServer]: [_]
[11:14:07] [Server thread/INFO] [minecraft/GameTestServer]: [_]
[11:14:07] [Server thread/INFO] [minecraft/GameTestServer]: [_]
[11:14:08] [Server thread/INFO] [minecraft/GameTestServer]: [_]
[11:14:08] [Server thread/INFO] [minecraft/GameTestServer]: [_]
[11:14:08] [Server thread/INFO] [minecraft/MinecraftServer]: Загрузка территории: 75%, изменено блоков: 0
[11:14:08] [Server thread/INFO] [minecraft/GameTestServer]: [_]
[11:14:08] [Server thread/INFO] [minecraft/GameTestServer]: [_]
[11:14:08] [Server thread/INFO] [minecraft/GameTestServer]: [_]
[11:14:08] [Server thread/INFO] [minecraft/GameTestServer]: [_]
[11:14:08] [Server thread/INFO] [minecraft/GameTestServer]: [_]
[11:14:08] [Server thread/INFO] [minecraft/MinecraftServer]: Загрузка территории: 95%, изменено блоков: 0
[11:14:08] [Server thread/INFO] [minecraft/GameTestServer]: [_]
[11:14:08] [Server thread/INFO] [minecraft/MinecraftServer]: Проверяется другая площадка: 6 / 16
[11:14:08] [Server thread/INFO] [minecraft/GameTestServer]: [_]
[11:14:08] [Server thread/INFO] [minecraft/GameTestServer]: [_]
[11:14:08] [Server thread/INFO] [minecraft/GameTestServer]: [_]
[11:14:08] [Server thread/INFO] [minecraft/GameTestServer]: [_]
[11:14:08] [Server thread/INFO] [minecraft/MinecraftServer]: Загрузка территории: 16%, изменено блоков: 0
[11:14:08] [Server thread/INFO] [minecraft/GameTestServer]: [_]
[11:14:08] [Server thread/INFO] [minecraft/GameTestServer]: [_]
[11:14:08] [Server thread/INFO] [minecraft/GameTestServer]: [_]
[11:14:09] [Server thread/INFO] [minecraft/GameTestServer]: [_]
[11:14:09] [Server thread/INFO] [minecraft/GameTestServer]: [_]
[11:14:09] [Server thread/INFO] [minecraft/MinecraftServer]: Загрузка территории: 38%, изменено блоков: 0
[11:14:09] [Server thread/INFO] [minecraft/GameTestServer]: [_]
[11:14:09] [Server thread/INFO] [minecraft/GameTestServer]: [_]
[11:14:09] [Server thread/INFO] [minecraft/GameTestServer]: [_]
[11:14:09] [Server thread/INFO] [minecraft/GameTestServer]: [_]
[11:14:09] [Server thread/INFO] [minecraft/GameTestServer]: [_]
[11:14:09] [Server thread/INFO] [minecraft/MinecraftServer]: Загрузка территории: 62%, изменено блоков: 0
[11:14:09] [Server thread/INFO] [minecraft/GameTestServer]: [_]
[11:14:09] [Server thread/INFO] [minecraft/GameTestServer]: [_]
[11:14:09] [Server thread/INFO] [minecraft/GameTestServer]: [_]
[11:14:09] [Server thread/INFO] [minecraft/GameTestServer]: [_]
[11:14:09] [Server thread/INFO] [minecraft/GameTestServer]: [_]
[11:14:09] [Server thread/INFO] [minecraft/MinecraftServer]: Загрузка территории: 86%, изменено блоков: 0
[11:14:09] [Server thread/INFO] [minecraft/GameTestServer]: [_]
[11:14:09] [Server thread/INFO] [minecraft/GameTestServer]: [_]
[11:14:09] [Server thread/INFO] [minecraft/GameTestServer]: [_]
[11:14:09] [Server thread/INFO] [minecraft/MinecraftServer]: Проверяется другая площадка: 7 / 16
[11:14:10] [Server thread/INFO] [minecraft/GameTestServer]: [_]
[11:14:10] [Server thread/INFO] [minecraft/GameTestServer]: [_]
[11:14:10] [Server thread/INFO] [minecraft/MinecraftServer]: Загрузка территории: 8%, изменено блоков: 0
[11:14:10] [Server thread/INFO] [minecraft/GameTestServer]: [_]
[11:14:10] [Server thread/INFO] [minecraft/GameTestServer]: [_]
[11:14:10] [Server thread/INFO] [minecraft/GameTestServer]: [_]
[11:14:10] [Server thread/INFO] [minecraft/GameTestServer]: [_]
[11:14:10] [Server thread/INFO] [minecraft/GameTestServer]: [_]
[11:14:10] [Server thread/INFO] [minecraft/MinecraftServer]: Загрузка территории: 30%, изменено блоков: 0
[11:14:10] [Server thread/INFO] [minecraft/GameTestServer]: [_]
[11:14:10] [Server thread/INFO] [minecraft/GameTestServer]: [_]
[11:14:10] [Server thread/INFO] [minecraft/GameTestServer]: [_]
[11:14:10] [Server thread/INFO] [minecraft/GameTestServer]: [_]
[11:14:10] [Server thread/INFO] [minecraft/GameTestServer]: [_]
[11:14:10] [Server thread/INFO] [minecraft/MinecraftServer]: Загрузка территории: 52%, изменено блоков: 0
[11:14:10] [Server thread/INFO] [minecraft/GameTestServer]: [_]
[11:14:11] [Server thread/INFO] [minecraft/GameTestServer]: [_]
[11:14:11] [Server thread/INFO] [minecraft/GameTestServer]: [_]
[11:14:11] [Server thread/INFO] [minecraft/GameTestServer]: [_]
[11:14:11] [Server thread/INFO] [minecraft/GameTestServer]: [_]
[11:14:11] [Server thread/INFO] [minecraft/MinecraftServer]: Загрузка территории: 76%, изменено блоков: 0
[11:14:11] [Server thread/INFO] [minecraft/GameTestServer]: [_]
[11:14:11] [Server thread/INFO] [minecraft/GameTestServer]: [_]
[11:14:11] [Server thread/INFO] [minecraft/GameTestServer]: [_]
[11:14:11] [Server thread/INFO] [minecraft/GameTestServer]: [_]
[11:14:11] [Server thread/INFO] [minecraft/GameTestServer]: [_]
[11:14:11] [Server thread/INFO] [minecraft/MinecraftServer]: Загрузка территории: 98%, изменено блоков: 0
[11:14:11] [Server thread/INFO] [minecraft/GameTestServer]: [_]
[11:14:11] [Server thread/INFO] [minecraft/MinecraftServer]: Проверяется другая площадка: 8 / 16
[11:14:11] [Server thread/INFO] [minecraft/GameTestServer]: [_]
[11:14:11] [Server thread/INFO] [minecraft/GameTestServer]: [_]
[11:14:12] [Server thread/INFO] [minecraft/GameTestServer]: [_]
[11:14:12] [Server thread/INFO] [minecraft/GameTestServer]: [_]
[11:14:12] [Server thread/INFO] [minecraft/MinecraftServer]: Загрузка территории: 20%, изменено блоков: 0
[11:14:12] [Server thread/INFO] [minecraft/GameTestServer]: [_]
[11:14:12] [Server thread/INFO] [minecraft/GameTestServer]: [_]
[11:14:12] [Server thread/INFO] [minecraft/GameTestServer]: [_]
[11:14:12] [Server thread/INFO] [minecraft/GameTestServer]: [_]
[11:14:12] [Server thread/INFO] [minecraft/GameTestServer]: [_]
[11:14:12] [Server thread/INFO] [minecraft/MinecraftServer]: Загрузка территории: 42%, изменено блоков: 0
[11:14:12] [Server thread/INFO] [minecraft/GameTestServer]: [_]
[11:14:12] [Server thread/INFO] [minecraft/GameTestServer]: [_]
[11:14:12] [Server thread/INFO] [minecraft/GameTestServer]: [_]
[11:14:12] [Server thread/INFO] [minecraft/GameTestServer]: [_]
[11:14:12] [Server thread/INFO] [minecraft/GameTestServer]: [_]
[11:14:12] [Server thread/INFO] [minecraft/MinecraftServer]: Загрузка территории: 65%, изменено блоков: 0
[11:14:12] [Server thread/INFO] [minecraft/GameTestServer]: [_]
[11:14:12] [Server thread/INFO] [minecraft/GameTestServer]: [_]
[11:14:12] [Server thread/INFO] [minecraft/GameTestServer]: [_]
[11:14:12] [Server thread/INFO] [minecraft/GameTestServer]: [_]
[11:14:13] [Server thread/INFO] [minecraft/GameTestServer]: [_]
[11:14:13] [Server thread/INFO] [minecraft/MinecraftServer]: Загрузка территории: 88%, изменено блоков: 0
[11:14:13] [Server thread/INFO] [minecraft/GameTestServer]: [_]
[11:14:13] [Server thread/INFO] [minecraft/GameTestServer]: [_]
[11:14:13] [Server thread/INFO] [minecraft/GameTestServer]: [_]
[11:14:13] [Server thread/INFO] [minecraft/MinecraftServer]: Проверяется другая площадка: 9 / 16
[11:14:13] [Server thread/INFO] [minecraft/GameTestServer]: [_]
[11:14:13] [Server thread/INFO] [minecraft/GameTestServer]: [_]
[11:14:13] [Server thread/INFO] [minecraft/MinecraftServer]: Загрузка территории: 10%, изменено блоков: 0
[11:14:13] [Server thread/INFO] [minecraft/GameTestServer]: [_]
[11:14:13] [Server thread/INFO] [minecraft/GameTestServer]: [_]
[11:14:13] [Server thread/INFO] [minecraft/GameTestServer]: [_]
[11:14:13] [Server thread/INFO] [minecraft/GameTestServer]: [_]
[11:14:13] [Server thread/INFO] [minecraft/GameTestServer]: [_]
[11:14:13] [Server thread/INFO] [minecraft/MinecraftServer]: Загрузка территории: 31%, изменено блоков: 0
[11:14:13] [Server thread/INFO] [minecraft/GameTestServer]: [_]
[11:14:13] [Server thread/INFO] [minecraft/GameTestServer]: [_]
[11:14:13] [Server thread/INFO] [minecraft/GameTestServer]: [_]
[11:14:13] [Server thread/INFO] [minecraft/GameTestServer]: [_]
[11:14:14] [Server thread/INFO] [minecraft/GameTestServer]: [_]
[11:14:14] [Server thread/INFO] [minecraft/MinecraftServer]: Загрузка территории: 52%, изменено блоков: 0
[11:14:14] [Server thread/INFO] [minecraft/GameTestServer]: [_]
[11:14:14] [Server thread/INFO] [minecraft/GameTestServer]: [_]
[11:14:14] [Server thread/INFO] [minecraft/GameTestServer]: [_]
[11:14:14] [Server thread/INFO] [minecraft/GameTestServer]: [_]
[11:14:14] [Server thread/INFO] [minecraft/GameTestServer]: [_]
[11:14:14] [Server thread/INFO] [minecraft/MinecraftServer]: Загрузка территории: 72%, изменено блоков: 0
[11:14:14] [Server thread/INFO] [minecraft/GameTestServer]: [_]
[11:14:14] [Server thread/INFO] [minecraft/GameTestServer]: [_]
[11:14:14] [Server thread/INFO] [minecraft/GameTestServer]: [_]
[11:14:14] [Server thread/INFO] [minecraft/GameTestServer]: [_]
[11:14:14] [Server thread/INFO] [minecraft/GameTestServer]: [_]
[11:14:14] [Server thread/INFO] [minecraft/MinecraftServer]: Загрузка территории: 95%, изменено блоков: 0
[11:14:14] [Server thread/INFO] [minecraft/GameTestServer]: [_]
[11:14:14] [Server thread/INFO] [minecraft/MinecraftServer]: Проверяется другая площадка: 10 / 16
[11:14:14] [Server thread/INFO] [minecraft/GameTestServer]: [_]
[11:14:15] [Server thread/INFO] [minecraft/GameTestServer]: [_]
[11:14:15] [Server thread/INFO] [minecraft/GameTestServer]: [_]
[11:14:15] [Server thread/INFO] [minecraft/GameTestServer]: [_]
[11:14:15] [Server thread/INFO] [minecraft/MinecraftServer]: Загрузка территории: 16%, изменено блоков: 0
[11:14:15] [Server thread/INFO] [minecraft/GameTestServer]: [_]
[11:14:15] [Server thread/INFO] [minecraft/GameTestServer]: [_]
[11:14:15] [Server thread/INFO] [minecraft/GameTestServer]: [_]
[11:14:15] [Server thread/INFO] [minecraft/GameTestServer]: [_]
[11:14:15] [Server thread/INFO] [minecraft/GameTestServer]: [_]
[11:14:15] [Server thread/INFO] [minecraft/MinecraftServer]: Загрузка территории: 38%, изменено блоков: 0
[11:14:15] [Server thread/INFO] [minecraft/GameTestServer]: [_]
[11:14:15] [Server thread/INFO] [minecraft/GameTestServer]: [_]
[11:14:15] [Server thread/INFO] [minecraft/GameTestServer]: [_]
[11:14:15] [Server thread/INFO] [minecraft/GameTestServer]: [_]
[11:14:15] [Server thread/INFO] [minecraft/GameTestServer]: [_]
[11:14:15] [Server thread/INFO] [minecraft/MinecraftServer]: Загрузка территории: 62%, изменено блоков: 0
[11:14:15] [Server thread/INFO] [minecraft/GameTestServer]: [_]
[11:14:16] [Server thread/INFO] [minecraft/GameTestServer]: [_]
[11:14:16] [Server thread/INFO] [minecraft/GameTestServer]: [_]
[11:14:16] [Server thread/INFO] [minecraft/GameTestServer]: [_]
[11:14:16] [Server thread/INFO] [minecraft/GameTestServer]: [_]
[11:14:16] [Server thread/INFO] [minecraft/MinecraftServer]: Загрузка территории: 86%, изменено блоков: 0
[11:14:16] [Server thread/INFO] [minecraft/GameTestServer]: [_]
[11:14:16] [Server thread/INFO] [minecraft/GameTestServer]: [_]
[11:14:16] [Server thread/INFO] [minecraft/GameTestServer]: [_]
[11:14:16] [Server thread/INFO] [minecraft/MinecraftServer]: Проверяется другая площадка: 11 / 16
[11:14:16] [Server thread/INFO] [minecraft/GameTestServer]: [_]
[11:14:16] [Server thread/INFO] [minecraft/GameTestServer]: [_]
[11:14:16] [Server thread/INFO] [minecraft/MinecraftServer]: Загрузка территории: 8%, изменено блоков: 0
[11:14:16] [Server thread/INFO] [minecraft/GameTestServer]: [_]
[11:14:16] [Server thread/INFO] [minecraft/GameTestServer]: [_]
[11:14:16] [Server thread/INFO] [minecraft/GameTestServer]: [_]
[11:14:16] [Server thread/INFO] [minecraft/GameTestServer]: [_]
[11:14:17] [Server thread/INFO] [minecraft/GameTestServer]: [_]
[11:14:17] [Server thread/INFO] [minecraft/MinecraftServer]: Загрузка территории: 31%, изменено блоков: 0
[11:14:17] [Server thread/INFO] [minecraft/GameTestServer]: [_]
[11:14:17] [Server thread/INFO] [minecraft/GameTestServer]: [_]
[11:14:17] [Server thread/INFO] [minecraft/GameTestServer]: [_]
[11:14:17] [Server thread/INFO] [minecraft/GameTestServer]: [_]
[11:14:17] [Server thread/INFO] [minecraft/GameTestServer]: [_]
[11:14:17] [Server thread/INFO] [minecraft/MinecraftServer]: Загрузка территории: 53%, изменено блоков: 0
[11:14:17] [Server thread/INFO] [minecraft/GameTestServer]: [_]
[11:14:17] [Server thread/INFO] [minecraft/GameTestServer]: [_]
[11:14:17] [Server thread/INFO] [minecraft/GameTestServer]: [_]
[11:14:17] [Server thread/INFO] [minecraft/GameTestServer]: [_]
[11:14:17] [Server thread/INFO] [minecraft/GameTestServer]: [_]
[11:14:17] [Server thread/INFO] [minecraft/MinecraftServer]: Загрузка территории: 77%, изменено блоков: 0
[11:14:17] [Server thread/INFO] [minecraft/GameTestServer]: [_]
[11:14:17] [Server thread/INFO] [minecraft/GameTestServer]: [_]
[11:14:17] [Server thread/INFO] [minecraft/GameTestServer]: [_]
[11:14:17] [Server thread/INFO] [minecraft/GameTestServer]: [_]
[11:14:18] [Server thread/INFO] [minecraft/GameTestServer]: [_]
[11:14:18] [Server thread/INFO] [minecraft/MinecraftServer]: Загрузка территории: 98%, изменено блоков: 0
[11:14:18] [Server thread/INFO] [minecraft/MinecraftServer]: Проверяется другая площадка: 12 / 16
[11:14:18] [Server thread/INFO] [minecraft/GameTestServer]: [_]
[11:14:18] [Server thread/INFO] [minecraft/GameTestServer]: [_]
[11:14:18] [Server thread/INFO] [minecraft/GameTestServer]: [_]
[11:14:18] [Server thread/INFO] [minecraft/GameTestServer]: [_]
[11:14:18] [Server thread/INFO] [minecraft/GameTestServer]: [_]
[11:14:18] [Server thread/INFO] [minecraft/MinecraftServer]: Загрузка территории: 21%, изменено блоков: 0
[11:14:18] [Server thread/INFO] [minecraft/GameTestServer]: [_]
[11:14:18] [Server thread/INFO] [minecraft/GameTestServer]: [_]
[11:14:18] [Server thread/INFO] [minecraft/GameTestServer]: [_]
[11:14:18] [Server thread/INFO] [minecraft/GameTestServer]: [_]
[11:14:18] [Server thread/INFO] [minecraft/GameTestServer]: [_]
[11:14:18] [Server thread/INFO] [minecraft/MinecraftServer]: Загрузка территории: 43%, изменено блоков: 0
[11:14:18] [Server thread/INFO] [minecraft/GameTestServer]: [_]
[11:14:18] [Server thread/INFO] [minecraft/GameTestServer]: [_]
[11:14:19] [Server thread/INFO] [minecraft/GameTestServer]: [_]
[11:14:19] [Server thread/INFO] [minecraft/GameTestServer]: [_]
[11:14:19] [Server thread/INFO] [minecraft/GameTestServer]: [_]
[11:14:19] [Server thread/INFO] [minecraft/MinecraftServer]: Загрузка территории: 67%, изменено блоков: 0
[11:14:19] [Server thread/INFO] [minecraft/GameTestServer]: [_]
[11:14:19] [Server thread/INFO] [minecraft/GameTestServer]: [_]
[11:14:19] [Server thread/INFO] [minecraft/GameTestServer]: [_]
[11:14:19] [Server thread/INFO] [minecraft/GameTestServer]: [_]
[11:14:19] [Server thread/INFO] [minecraft/GameTestServer]: [_]
[11:14:19] [Server thread/INFO] [minecraft/MinecraftServer]: Загрузка территории: 90%, изменено блоков: 0
[11:14:19] [Server thread/INFO] [minecraft/GameTestServer]: [_]
[11:14:19] [Server thread/INFO] [minecraft/GameTestServer]: [_]
[11:14:19] [Server thread/INFO] [minecraft/MinecraftServer]: Проверяется другая площадка: 13 / 16
[11:14:19] [Server thread/INFO] [minecraft/GameTestServer]: [_]
[11:14:19] [Server thread/INFO] [minecraft/GameTestServer]: [_]
[11:14:19] [Server thread/INFO] [minecraft/GameTestServer]: [_]
[11:14:20] [Server thread/INFO] [minecraft/MinecraftServer]: Загрузка территории: 12%, изменено блоков: 0
[11:14:20] [Server thread/INFO] [minecraft/GameTestServer]: [_]
[11:14:20] [Server thread/INFO] [minecraft/GameTestServer]: [_]
[11:14:20] [Server thread/INFO] [minecraft/GameTestServer]: [_]
[11:14:20] [Server thread/INFO] [minecraft/GameTestServer]: [_]
[11:14:20] [Server thread/INFO] [minecraft/GameTestServer]: [_]
[11:14:20] [Server thread/INFO] [minecraft/MinecraftServer]: Загрузка территории: 35%, изменено блоков: 0
[11:14:20] [Server thread/INFO] [minecraft/GameTestServer]: [_]
[11:14:20] [Server thread/INFO] [minecraft/GameTestServer]: [_]
[11:14:20] [Server thread/INFO] [minecraft/GameTestServer]: [_]
[11:14:20] [Server thread/INFO] [minecraft/GameTestServer]: [_]
[11:14:20] [Server thread/INFO] [minecraft/GameTestServer]: [_]
[11:14:20] [Server thread/INFO] [minecraft/MinecraftServer]: Загрузка территории: 57%, изменено блоков: 0
[11:14:20] [Server thread/INFO] [minecraft/GameTestServer]: [_]
[11:14:20] [Server thread/INFO] [minecraft/GameTestServer]: [_]
[11:14:20] [Server thread/INFO] [minecraft/GameTestServer]: [_]
[11:14:20] [Server thread/INFO] [minecraft/GameTestServer]: [_]
[11:14:20] [Server thread/INFO] [minecraft/GameTestServer]: [_]
[11:14:21] [Server thread/INFO] [minecraft/MinecraftServer]: Загрузка территории: 78%, изменено блоков: 0
[11:14:21] [Server thread/INFO] [minecraft/GameTestServer]: [_]
[11:14:21] [Server thread/INFO] [minecraft/GameTestServer]: [_]
[11:14:21] [Server thread/INFO] [minecraft/GameTestServer]: [_]
[11:14:21] [Server thread/INFO] [minecraft/GameTestServer]: [_]
[11:14:21] [Server thread/INFO] [minecraft/GameTestServer]: [_]
[11:14:21] [Server thread/INFO] [minecraft/MinecraftServer]: Выбор площадки, изменено блоков: 0
[11:14:21] [Server thread/INFO] [minecraft/MinecraftServer]: Проверяется другая площадка: 14 / 16
[11:14:21] [Server thread/INFO] [minecraft/GameTestServer]: [_]
[11:14:21] [Server thread/INFO] [minecraft/GameTestServer]: [_]
[11:14:21] [Server thread/INFO] [minecraft/GameTestServer]: [_]
[11:14:21] [Server thread/INFO] [minecraft/GameTestServer]: [_]
[11:14:21] [Server thread/INFO] [minecraft/GameTestServer]: [_]
[11:14:21] [Server thread/INFO] [minecraft/MinecraftServer]: Загрузка территории: 20%, изменено блоков: 0
[11:14:21] [Server thread/INFO] [minecraft/GameTestServer]: [_]
[11:14:22] [Server thread/INFO] [minecraft/GameTestServer]: [_]
[11:14:22] [Server thread/INFO] [minecraft/GameTestServer]: [_]
[11:14:22] [Server thread/INFO] [minecraft/GameTestServer]: [_]
[11:14:22] [Server thread/INFO] [minecraft/GameTestServer]: [_]
[11:14:22] [Server thread/INFO] [minecraft/MinecraftServer]: Загрузка территории: 43%, изменено блоков: 0
[11:14:22] [Server thread/INFO] [minecraft/GameTestServer]: [_]
[11:14:22] [Server thread/INFO] [minecraft/GameTestServer]: [_]
[11:14:22] [Server thread/INFO] [minecraft/GameTestServer]: [_]
[11:14:22] [Server thread/INFO] [minecraft/GameTestServer]: [_]
[11:14:22] [Server thread/INFO] [minecraft/GameTestServer]: [_]
[11:14:22] [Server thread/INFO] [minecraft/MinecraftServer]: Загрузка территории: 67%, изменено блоков: 0
[11:14:22] [Server thread/INFO] [minecraft/GameTestServer]: [_]
[11:14:22] [Server thread/INFO] [minecraft/GameTestServer]: [_]
[11:14:22] [Server thread/INFO] [minecraft/GameTestServer]: [_]
[11:14:22] [Server thread/INFO] [minecraft/GameTestServer]: [_]
[11:14:22] [Server thread/INFO] [minecraft/GameTestServer]: [_]
[11:14:22] [Server thread/INFO] [minecraft/MinecraftServer]: Загрузка территории: 91%, изменено блоков: 0
[11:14:22] [Server thread/INFO] [minecraft/GameTestServer]: [_]
[11:14:22] [Server thread/INFO] [minecraft/GameTestServer]: [_]
[11:14:23] [Server thread/INFO] [minecraft/GameTestServer]: [_]
[11:14:23] [Server thread/INFO] [minecraft/GameTestServer]: [_]
[11:14:23] [Server thread/INFO] [minecraft/GameTestServer]: [_]
[11:14:23] [Server thread/INFO] [minecraft/MinecraftServer]: Загрузка территории: 12%, изменено блоков: 0
[11:14:23] [Server thread/INFO] [minecraft/GameTestServer]: [_]
[11:14:23] [Server thread/INFO] [minecraft/GameTestServer]: [_]
[11:14:23] [Server thread/INFO] [minecraft/GameTestServer]: [_]
[11:14:23] [Server thread/INFO] [minecraft/GameTestServer]: [_]
[11:14:23] [Server thread/INFO] [minecraft/GameTestServer]: [_]
[11:14:23] [Server thread/INFO] [minecraft/MinecraftServer]: Загрузка территории: 23%, изменено блоков: 0
[11:14:23] [Server thread/INFO] [minecraft/GameTestServer]: [_]
[11:14:23] [Server thread/INFO] [minecraft/GameTestServer]: [_]
[11:14:23] [Server thread/INFO] [minecraft/GameTestServer]: [_]
[11:14:23] [Server thread/INFO] [minecraft/GameTestServer]: [_]
[11:14:23] [Server thread/INFO] [minecraft/GameTestServer]: [_]
[11:14:23] [Server thread/INFO] [minecraft/MinecraftServer]: Загрузка территории: 32%, изменено блоков: 0
[11:14:23] [Server thread/INFO] [minecraft/GameTestServer]: [_]
[11:14:24] [Server thread/INFO] [minecraft/GameTestServer]: [_]
[11:14:24] [Server thread/INFO] [minecraft/GameTestServer]: [_]
[11:14:24] [Server thread/INFO] [minecraft/GameTestServer]: [_]
[11:14:24] [Server thread/INFO] [minecraft/GameTestServer]: [_]
[11:14:24] [Server thread/INFO] [minecraft/MinecraftServer]: Загрузка территории: 38%, изменено блоков: 0
[11:14:24] [Server thread/INFO] [minecraft/GameTestServer]: [_]
[11:14:24] [Server thread/INFO] [minecraft/GameTestServer]: [_]
[11:14:24] [Server thread/INFO] [minecraft/GameTestServer]: [_]
[11:14:24] [Server thread/INFO] [minecraft/GameTestServer]: [_]
[11:14:24] [Server thread/INFO] [minecraft/GameTestServer]: [_]
[11:14:24] [Server thread/INFO] [minecraft/MinecraftServer]: Загрузка территории: 44%, изменено блоков: 0
[11:14:24] [Server thread/INFO] [minecraft/GameTestServer]: [_]
[11:14:24] [Server thread/INFO] [minecraft/GameTestServer]: [_]
[11:14:24] [Server thread/INFO] [minecraft/GameTestServer]: [_]
[11:14:24] [Server thread/INFO] [minecraft/GameTestServer]: [_]
[11:14:24] [Server thread/INFO] [minecraft/GameTestServer]: [_]
[11:14:24] [Server thread/INFO] [minecraft/MinecraftServer]: Загрузка территории: 50%, изменено блоков: 0
[11:14:24] [Server thread/INFO] [minecraft/GameTestServer]: [_]
[11:14:24] [Server thread/INFO] [minecraft/GameTestServer]: [_]
[11:14:25] [Server thread/INFO] [minecraft/GameTestServer]: [_]
[11:14:25] [Server thread/INFO] [minecraft/GameTestServer]: [_]
[11:14:25] [Server thread/INFO] [minecraft/GameTestServer]: [_]
[11:14:25] [Server thread/INFO] [minecraft/MinecraftServer]: Загрузка территории: 55%, изменено блоков: 0
[11:14:25] [Server thread/INFO] [minecraft/GameTestServer]: [_]
[11:14:25] [Server thread/INFO] [minecraft/GameTestServer]: [_]
[11:14:25] [Server thread/INFO] [minecraft/GameTestServer]: [_]
[11:14:25] [Server thread/INFO] [minecraft/GameTestServer]: [_]
[11:14:25] [Server thread/INFO] [minecraft/GameTestServer]: [_]
[11:14:25] [Server thread/INFO] [minecraft/MinecraftServer]: Загрузка территории: 60%, изменено блоков: 0
[11:14:25] [Server thread/INFO] [minecraft/GameTestServer]: [_]
[11:14:25] [Server thread/INFO] [minecraft/GameTestServer]: [_]
[11:14:25] [Server thread/INFO] [minecraft/GameTestServer]: [_]
[11:14:25] [Server thread/INFO] [minecraft/GameTestServer]: [_]
[11:14:25] [Server thread/INFO] [minecraft/GameTestServer]: [_]
[11:14:25] [Server thread/INFO] [minecraft/MinecraftServer]: Загрузка территории: 66%, изменено блоков: 0
[11:14:25] [Server thread/INFO] [minecraft/GameTestServer]: [_]
[11:14:25] [Server thread/INFO] [minecraft/GameTestServer]: [_]
[11:14:26] [Server thread/INFO] [minecraft/GameTestServer]: [_]
[11:14:26] [Server thread/INFO] [minecraft/GameTestServer]: [_]
[11:14:26] [Server thread/INFO] [minecraft/GameTestServer]: [_]
[11:14:26] [Server thread/INFO] [minecraft/MinecraftServer]: Загрузка территории: 71%, изменено блоков: 0
[11:14:26] [Server thread/INFO] [minecraft/GameTestServer]: [_]
[11:14:26] [Server thread/INFO] [minecraft/GameTestServer]: [_]
[11:14:26] [Server thread/INFO] [minecraft/GameTestServer]: [_]
[11:14:26] [Server thread/INFO] [minecraft/GameTestServer]: [_]
[11:14:26] [Server thread/INFO] [minecraft/GameTestServer]: [_]
[11:14:26] [Server thread/INFO] [minecraft/MinecraftServer]: Загрузка территории: 77%, изменено блоков: 0
[11:14:26] [Server thread/INFO] [minecraft/GameTestServer]: [_]
[11:14:26] [Server thread/INFO] [minecraft/GameTestServer]: [_]
[11:14:26] [Server thread/INFO] [minecraft/GameTestServer]: [_]
[11:14:26] [Server thread/INFO] [minecraft/GameTestServer]: [_]
[11:14:26] [Server thread/INFO] [minecraft/GameTestServer]: [_]
[11:14:26] [Server thread/INFO] [minecraft/MinecraftServer]: Загрузка территории: 82%, изменено блоков: 0
[11:14:26] [Server thread/INFO] [minecraft/GameTestServer]: [_]
[11:14:26] [Server thread/INFO] [minecraft/GameTestServer]: [_]
[11:14:27] [Server thread/INFO] [minecraft/GameTestServer]: [_]
[11:14:27] [Server thread/INFO] [minecraft/GameTestServer]: [_]
[11:14:27] [Server thread/INFO] [minecraft/GameTestServer]: [_]
[11:14:27] [Server thread/INFO] [minecraft/MinecraftServer]: Загрузка территории: 88%, изменено блоков: 0
[11:14:27] [Server thread/INFO] [minecraft/GameTestServer]: [_]
[11:14:27] [Server thread/INFO] [minecraft/GameTestServer]: [_]
[11:14:27] [Server thread/INFO] [minecraft/GameTestServer]: [_]
[11:14:27] [Server thread/INFO] [minecraft/GameTestServer]: [_]
[11:14:27] [Server thread/INFO] [minecraft/GameTestServer]: [_]
[11:14:27] [Server thread/INFO] [minecraft/MinecraftServer]: Загрузка территории: 93%, изменено блоков: 0
[11:14:27] [Server thread/INFO] [minecraft/GameTestServer]: [_]
[11:14:27] [Server thread/INFO] [minecraft/GameTestServer]: [_]
[11:14:27] [Server thread/INFO] [minecraft/GameTestServer]: [_]
[11:14:27] [Server thread/INFO] [minecraft/GameTestServer]: [_]
[11:14:27] [Server thread/INFO] [minecraft/GameTestServer]: [_]
[11:14:27] [Server thread/INFO] [minecraft/MinecraftServer]: Загрузка территории: 98%, изменено блоков: 0
[11:14:27] [Server thread/INFO] [minecraft/GameTestServer]: [_]
[11:14:27] [Server thread/INFO] [minecraft/MinecraftServer]: Чанки загружены. Подготовка окончательного положения на Y=0
[11:14:27] [Server thread/INFO] [minecraft/GameTestServer]: [_]
[11:14:28] [Server thread/INFO] [minecraft/GameTestServer]: [_]
[11:14:28] [Server thread/INFO] [minecraft/GameTestServer]: [_]
[11:14:28] [Server thread/INFO] [minecraft/GameTestServer]: [_]
[11:14:28] [Server thread/INFO] [minecraft/MinecraftServer]: Планирование грунта: 13%, изменено блоков: 0
[11:14:28] [Server thread/INFO] [minecraft/GameTestServer]: [_]
[11:14:28] [Server thread/INFO] [minecraft/GameTestServer]: [_]
[11:14:28] [Server thread/INFO] [minecraft/GameTestServer]: [_]
[11:14:28] [Server thread/INFO] [minecraft/GameTestServer]: [_]
[11:14:28] [Server thread/INFO] [minecraft/GameTestServer]: [_]
[11:14:28] [Server thread/INFO] [minecraft/MinecraftServer]: Планирование грунта: 30%, изменено блоков: 0
[11:14:28] [Server thread/INFO] [minecraft/GameTestServer]: [_]
[11:14:28] [Server thread/INFO] [minecraft/GameTestServer]: [_]
[11:14:28] [Server thread/INFO] [minecraft/GameTestServer]: [_]
[11:14:29] [Server thread/INFO] [minecraft/GameTestServer]: [_]
[11:14:29] [Server thread/INFO] [minecraft/GameTestServer]: [_]
[11:14:29] [Server thread/INFO] [minecraft/MinecraftServer]: Планирование грунта: 47%, изменено блоков: 0
[11:14:29] [Server thread/INFO] [minecraft/GameTestServer]: [_]
[11:14:29] [Server thread/INFO] [minecraft/GameTestServer]: [_]
[11:14:29] [Server thread/INFO] [minecraft/GameTestServer]: [_]
[11:14:29] [Server thread/INFO] [minecraft/GameTestServer]: [_]
[11:14:29] [Server thread/INFO] [minecraft/GameTestServer]: [_]
[11:14:29] [Server thread/INFO] [minecraft/MinecraftServer]: Планирование грунта: 64%, изменено блоков: 0
[11:14:29] [Server thread/INFO] [minecraft/GameTestServer]: [_]
[11:14:29] [Server thread/INFO] [minecraft/GameTestServer]: [_]
[11:14:29] [Server thread/INFO] [minecraft/GameTestServer]: [_]
[11:14:29] [Server thread/INFO] [minecraft/GameTestServer]: [_]
[11:14:29] [Server thread/INFO] [minecraft/GameTestServer]: [_]
[11:14:30] [Server thread/INFO] [minecraft/MinecraftServer]: Планирование грунта: 81%, изменено блоков: 0
[11:14:30] [Server thread/INFO] [minecraft/GameTestServer]: [_]
[11:14:30] [Server thread/INFO] [minecraft/GameTestServer]: [_]
[11:14:30] [Server thread/INFO] [minecraft/GameTestServer]: [_]
[11:14:30] [Server thread/INFO] [minecraft/GameTestServer]: [_]
[11:14:30] [Server thread/INFO] [minecraft/GameTestServer]: [_]
[11:14:30] [Server thread/INFO] [minecraft/MinecraftServer]: Планирование грунта: 98%, изменено блоков: 0
[11:14:30] [Server thread/INFO] [minecraft/GameTestServer]: [_]
[11:14:30] [Server thread/INFO] [minecraft/GameTestServer]: [_]
[11:14:30] [Server thread/INFO] [minecraft/GameTestServer]: [_]
[11:14:30] [Server thread/INFO] [minecraft/GameTestServer]: [_]
[11:14:30] [Server thread/INFO] [minecraft/GameTestServer]: [_]
[11:14:30] [Server thread/INFO] [minecraft/MinecraftServer]: Проверка конечного места: 31%, изменено блоков: 0
[11:14:30] [Server thread/INFO] [minecraft/GameTestServer]: [_]
[11:14:30] [Server thread/INFO] [minecraft/GameTestServer]: [_]
[11:14:31] [Server thread/INFO] [minecraft/GameTestServer]: [_]
[11:14:31] [Server thread/INFO] [minecraft/GameTestServer]: [_]
[11:14:31] [Server thread/INFO] [minecraft/GameTestServer]: [_]
[11:14:31] [Server thread/INFO] [minecraft/MinecraftServer]: Проверка конечного места: 51%, изменено блоков: 0
[11:14:31] [Server thread/INFO] [minecraft/GameTestServer]: [_]
[11:14:31] [Server thread/INFO] [minecraft/GameTestServer]: [_]
[11:14:31] [Server thread/INFO] [minecraft/GameTestServer]: [_]
[11:14:31] [Server thread/INFO] [minecraft/GameTestServer]: [_]
[11:14:31] [Server thread/INFO] [minecraft/GameTestServer]: [_]
[11:14:31] [Server thread/INFO] [minecraft/MinecraftServer]: Проверка конечного места: 70%, изменено блоков: 0
[11:14:31] [Server thread/INFO] [minecraft/GameTestServer]: [_]
[11:14:31] [Server thread/INFO] [minecraft/GameTestServer]: [_]
[11:14:31] [Server thread/INFO] [minecraft/GameTestServer]: [_]
[11:14:31] [Server thread/INFO] [minecraft/GameTestServer]: [_]
[11:14:32] [Server thread/INFO] [minecraft/GameTestServer]: [_]
[11:14:32] [Server thread/INFO] [minecraft/MinecraftServer]: Подготовка грунта: 10%, изменено блоков: 53090
[11:14:32] [Server thread/INFO] [minecraft/GameTestServer]: [_]
[11:14:32] [Server thread/INFO] [minecraft/GameTestServer]: [_]
[11:14:32] [Server thread/INFO] [minecraft/GameTestServer]: [_]
[11:14:32] [Server thread/INFO] [minecraft/GameTestServer]: [_]
[11:14:32] [Server thread/INFO] [minecraft/GameTestServer]: [_]
[11:14:32] [Server thread/INFO] [minecraft/MinecraftServer]: Подготовка грунта: 21%, изменено блоков: 292156
[11:14:32] [Server thread/INFO] [minecraft/GameTestServer]: [_]
[11:14:32] [Server thread/INFO] [minecraft/GameTestServer]: [_]
[11:14:32] [Server thread/INFO] [minecraft/GameTestServer]: [_]
[11:14:33] [Server thread/INFO] [minecraft/GameTestServer]: [_]
[11:14:33] [Server thread/INFO] [minecraft/GameTestServer]: [_]
[11:14:33] [Server thread/INFO] [minecraft/MinecraftServer]: Подготовка грунта: 28%, изменено блоков: 529726
[11:14:33] [Server thread/INFO] [minecraft/GameTestServer]: [_]
[11:14:33] [Server thread/INFO] [minecraft/GameTestServer]: [_]
[11:14:33] [Server thread/INFO] [minecraft/GameTestServer]: [_]
[11:14:33] [Server thread/INFO] [minecraft/GameTestServer]: [_]
[11:14:33] [Server thread/INFO] [minecraft/GameTestServer]: [_]
[11:14:33] [Server thread/INFO] [minecraft/MinecraftServer]: Подготовка грунта: 35%, изменено блоков: 760344
[11:14:33] [Server thread/INFO] [minecraft/GameTestServer]: [_]
[11:14:34] [Server thread/INFO] [minecraft/GameTestServer]: [_]
[11:14:34] [Server thread/INFO] [minecraft/GameTestServer]: [_]
[11:14:34] [Server thread/INFO] [minecraft/GameTestServer]: [_]
[11:14:34] [Server thread/INFO] [minecraft/GameTestServer]: [_]
[11:14:34] [Server thread/INFO] [minecraft/MinecraftServer]: Подготовка грунта: 42%, изменено блоков: 999517
[11:14:34] [Server thread/INFO] [minecraft/GameTestServer]: [_]
[11:14:34] [Server thread/INFO] [minecraft/GameTestServer]: [_]
[11:14:34] [Server thread/INFO] [minecraft/GameTestServer]: [_]
[11:14:34] [Server thread/INFO] [minecraft/GameTestServer]: [_]
[11:14:34] [Server thread/INFO] [minecraft/GameTestServer]: [_]
[11:14:35] [Server thread/INFO] [minecraft/MinecraftServer]: Подготовка грунта: 49%, изменено блоков: 1235605
[11:14:35] [Server thread/INFO] [minecraft/GameTestServer]: [_]
[11:14:35] [Server thread/INFO] [minecraft/GameTestServer]: [_]
[11:14:35] [Server thread/INFO] [minecraft/GameTestServer]: [_]
[11:14:35] [Server thread/INFO] [minecraft/GameTestServer]: [_]
[11:14:35] [Server thread/INFO] [minecraft/GameTestServer]: [_]
[11:14:35] [Server thread/INFO] [minecraft/MinecraftServer]: Подготовка грунта: 55%, изменено блоков: 1464381
[11:14:35] [Server thread/INFO] [minecraft/GameTestServer]: [_]
[11:14:35] [Server thread/INFO] [minecraft/GameTestServer]: [_]
[11:14:35] [Server thread/INFO] [minecraft/GameTestServer]: [_]
[11:14:36] [Server thread/INFO] [minecraft/GameTestServer]: [_]
[11:14:36] [Server thread/INFO] [minecraft/GameTestServer]: [_]
[11:14:36] [Server thread/INFO] [minecraft/MinecraftServer]: Подготовка грунта: 61%, изменено блоков: 1679393
[11:14:36] [Server thread/INFO] [minecraft/GameTestServer]: [_]
[11:14:36] [Server thread/INFO] [minecraft/GameTestServer]: [_]
[11:14:36] [Server thread/INFO] [minecraft/GameTestServer]: [_]
[11:14:36] [Server thread/INFO] [minecraft/GameTestServer]: [_]
[11:14:36] [Server thread/INFO] [minecraft/GameTestServer]: [_]
[11:14:36] [Server thread/INFO] [minecraft/MinecraftServer]: Подготовка грунта: 67%, изменено блоков: 1891101
[11:14:36] [Server thread/INFO] [minecraft/GameTestServer]: [_]
[11:14:37] [Server thread/INFO] [minecraft/GameTestServer]: [_]
[11:14:37] [Server thread/INFO] [minecraft/GameTestServer]: [_]
[11:14:37] [Server thread/INFO] [minecraft/GameTestServer]: [_]
[11:14:37] [Server thread/INFO] [minecraft/GameTestServer]: [_]
[11:14:37] [Server thread/INFO] [minecraft/MinecraftServer]: Подготовка грунта: 73%, изменено блоков: 2111349
[11:14:37] [Server thread/INFO] [minecraft/GameTestServer]: [_]
[11:14:37] [Server thread/INFO] [minecraft/GameTestServer]: [_]
[11:14:37] [Server thread/INFO] [minecraft/GameTestServer]: [_]
[11:14:37] [Server thread/INFO] [minecraft/GameTestServer]: [_]
[11:14:38] [Server thread/INFO] [minecraft/GameTestServer]: [_]
[11:14:38] [Server thread/INFO] [minecraft/MinecraftServer]: Подготовка грунта: 81%, изменено блоков: 2338089
[11:14:38] [Server thread/INFO] [minecraft/GameTestServer]: [_]
[11:14:38] [Server thread/INFO] [minecraft/GameTestServer]: [_]
[11:14:38] [Server thread/INFO] [minecraft/GameTestServer]: [_]
[11:14:38] [Server thread/INFO] [minecraft/GameTestServer]: [_]
[11:14:38] [Server thread/INFO] [minecraft/GameTestServer]: [_]
[11:14:38] [Server thread/INFO] [minecraft/MinecraftServer]: Территория подготовлена. Размещается структура...
[11:14:38] [Server thread/INFO] [minecraft/MinecraftServer]: Размещение структуры: 0%, изменено блоков: 2542386
[11:14:38] [Server thread/INFO] [minecraft/GameTestServer]: [_]
[11:14:38] [Server thread/INFO] [minecraft/GameTestServer]: [_]
[11:14:38] [Server thread/INFO] [minecraft/GameTestServer]: [_]
[11:14:38] [Server thread/INFO] [minecraft/GameTestServer]: [_]
[11:14:39] [Server thread/INFO] [minecraft/GameTestServer]: [_]
[11:14:39] [Server thread/INFO] [minecraft/MinecraftServer]: Размещение структуры: 3%, изменено блоков: 2542386
[11:14:39] [Server thread/INFO] [minecraft/GameTestServer]: [_]
[11:14:39] [Server thread/INFO] [minecraft/GameTestServer]: [_]
[11:14:39] [Server thread/INFO] [minecraft/GameTestServer]: [_]
[11:14:39] [Server thread/INFO] [minecraft/GameTestServer]: [_]
[11:14:39] [Server thread/INFO] [minecraft/GameTestServer]: [_]
[11:14:39] [Server thread/INFO] [minecraft/MinecraftServer]: Размещение структуры: 6%, изменено блоков: 2542386
[11:14:39] [Server thread/INFO] [minecraft/GameTestServer]: [_]
[11:14:39] [Server thread/INFO] [minecraft/GameTestServer]: [_]
[11:14:39] [Server thread/INFO] [minecraft/GameTestServer]: [_]
[11:14:39] [Server thread/INFO] [minecraft/GameTestServer]: [_]
[11:14:39] [Server thread/INFO] [minecraft/GameTestServer]: [_]
[11:14:39] [Server thread/INFO] [minecraft/MinecraftServer]: Размещение структуры: 9%, изменено блоков: 2542386
[11:14:39] [Server thread/INFO] [minecraft/GameTestServer]: [_]
[11:14:40] [Server thread/INFO] [minecraft/GameTestServer]: [_]
[11:14:40] [Server thread/INFO] [minecraft/GameTestServer]: [_]
[11:14:40] [Server thread/INFO] [minecraft/GameTestServer]: [_]
[11:14:40] [Server thread/INFO] [minecraft/GameTestServer]: [_]
[11:14:40] [Server thread/INFO] [minecraft/MinecraftServer]: Размещение структуры: 12%, изменено блоков: 2542386
[11:14:40] [Server thread/INFO] [minecraft/GameTestServer]: [_]
[11:14:40] [Server thread/INFO] [minecraft/GameTestServer]: [_]
[11:14:40] [Server thread/INFO] [minecraft/GameTestServer]: [_]
[11:14:40] [Server thread/INFO] [minecraft/GameTestServer]: [_]
[11:14:40] [Server thread/INFO] [minecraft/GameTestServer]: [_]
[11:14:40] [Server thread/INFO] [minecraft/MinecraftServer]: Размещение структуры: 15%, изменено блоков: 2542386
[11:14:40] [Server thread/INFO] [minecraft/GameTestServer]: [_]
[11:14:40] [Server thread/INFO] [minecraft/GameTestServer]: [_]
[11:14:41] [Server thread/INFO] [minecraft/GameTestServer]: [_]
[11:14:41] [Server thread/INFO] [minecraft/GameTestServer]: [_]
[11:14:41] [Server thread/INFO] [minecraft/GameTestServer]: [_]
[11:14:41] [Server thread/INFO] [minecraft/MinecraftServer]: Размещение структуры: 18%, изменено блоков: 2542386
[11:14:41] [Server thread/INFO] [minecraft/GameTestServer]: [_]
[11:14:41] [Server thread/INFO] [minecraft/GameTestServer]: [_]
[11:14:41] [Server thread/INFO] [minecraft/GameTestServer]: [_]
[11:14:41] [Server thread/INFO] [minecraft/GameTestServer]: [_]
[11:14:41] [Server thread/INFO] [minecraft/GameTestServer]: [_]
[11:14:41] [Server thread/INFO] [minecraft/MinecraftServer]: Размещение структуры: 22%, изменено блоков: 2542386
[11:14:41] [Server thread/INFO] [minecraft/GameTestServer]: [_]
[11:14:41] [Server thread/INFO] [minecraft/GameTestServer]: [_]
[11:14:41] [Server thread/INFO] [minecraft/GameTestServer]: [_]
[11:14:42] [Server thread/INFO] [minecraft/GameTestServer]: [_]
[11:14:42] [Server thread/INFO] [minecraft/GameTestServer]: [_]
[11:14:42] [Server thread/INFO] [minecraft/MinecraftServer]: Размещение структуры: 25%, изменено блоков: 2542386
[11:14:42] [Server thread/INFO] [minecraft/GameTestServer]: [_]
[11:14:42] [Server thread/INFO] [minecraft/GameTestServer]: [_]
[11:14:42] [Server thread/INFO] [minecraft/GameTestServer]: [_]
[11:14:42] [Server thread/INFO] [minecraft/GameTestServer]: [_]
[11:14:42] [Server thread/INFO] [minecraft/GameTestServer]: [_]
[11:14:42] [Server thread/INFO] [minecraft/MinecraftServer]: Размещение структуры: 28%, изменено блоков: 2542386
[11:14:42] [Server thread/INFO] [minecraft/GameTestServer]: [_]
[11:14:42] [Server thread/INFO] [minecraft/GameTestServer]: [_]
[11:14:42] [Server thread/INFO] [minecraft/GameTestServer]: [_]
[11:14:42] [Server thread/INFO] [minecraft/GameTestServer]: [_]
[11:14:43] [Server thread/INFO] [minecraft/GameTestServer]: [_]
[11:14:43] [Server thread/INFO] [minecraft/MinecraftServer]: Размещение структуры: 31%, изменено блоков: 2542386
[11:14:43] [Server thread/INFO] [minecraft/GameTestServer]: [_]
[11:14:43] [Server thread/INFO] [minecraft/GameTestServer]: [_]
[11:14:43] [Server thread/INFO] [minecraft/GameTestServer]: [_]
[11:14:43] [Server thread/INFO] [minecraft/GameTestServer]: [_]
[11:14:43] [Server thread/INFO] [minecraft/GameTestServer]: [_]
[11:14:43] [Server thread/INFO] [minecraft/MinecraftServer]: Размещение структуры: 34%, изменено блоков: 2542386
[11:14:43] [Server thread/INFO] [minecraft/GameTestServer]: [_]
[11:14:43] [Server thread/INFO] [minecraft/GameTestServer]: [_]
[11:14:43] [Server thread/INFO] [minecraft/GameTestServer]: [_]
[11:14:43] [Server thread/INFO] [minecraft/GameTestServer]: [_]
[11:14:43] [Server thread/INFO] [minecraft/GameTestServer]: [_]
[11:14:44] [Server thread/INFO] [minecraft/MinecraftServer]: Размещение структуры: 37%, изменено блоков: 2542386
[11:14:44] [Server thread/INFO] [minecraft/GameTestServer]: [_]
[11:14:44] [Server thread/INFO] [minecraft/GameTestServer]: [_]
[11:14:44] [Server thread/INFO] [minecraft/GameTestServer]: [_]
[11:14:44] [Server thread/INFO] [minecraft/GameTestServer]: [_]
[11:14:44] [Server thread/INFO] [minecraft/GameTestServer]: [_]
[11:14:44] [Server thread/INFO] [minecraft/MinecraftServer]: Размещение структуры: 40%, изменено блоков: 2542386
[11:14:44] [Server thread/INFO] [minecraft/GameTestServer]: [_]
[11:14:44] [Server thread/INFO] [minecraft/GameTestServer]: [_]
[11:14:44] [Server thread/INFO] [minecraft/GameTestServer]: [_]
[11:14:44] [Server thread/INFO] [minecraft/GameTestServer]: [_]
[11:14:44] [Server thread/INFO] [minecraft/GameTestServer]: [_]
[11:14:45] [Server thread/INFO] [minecraft/MinecraftServer]: Размещение структуры: 43%, изменено блоков: 2542386
[11:14:45] [Server thread/INFO] [minecraft/GameTestServer]: [_]
[11:14:45] [Server thread/INFO] [minecraft/GameTestServer]: [_]
[11:14:45] [Server thread/INFO] [minecraft/GameTestServer]: [_]
[11:14:45] [Server thread/INFO] [minecraft/GameTestServer]: [_]
[11:14:45] [Server thread/INFO] [minecraft/GameTestServer]: [_]
[11:14:45] [Server thread/INFO] [minecraft/MinecraftServer]: Размещение структуры: 46%, изменено блоков: 2542386
[11:14:45] [Server thread/INFO] [minecraft/GameTestServer]: [_]
[11:14:45] [Server thread/INFO] [minecraft/GameTestServer]: [_]
[11:14:45] [Server thread/INFO] [minecraft/GameTestServer]: [_]
[11:14:45] [Server thread/INFO] [minecraft/GameTestServer]: [_]
[11:14:45] [Server thread/INFO] [minecraft/GameTestServer]: [_]
[11:14:45] [Server thread/INFO] [minecraft/MinecraftServer]: Размещение структуры: 49%, изменено блоков: 2542386
[11:14:45] [Server thread/INFO] [minecraft/GameTestServer]: [_]
[11:14:46] [Server thread/INFO] [minecraft/GameTestServer]: [_]
[11:14:46] [Server thread/INFO] [minecraft/GameTestServer]: [_]
[11:14:46] [Server thread/INFO] [minecraft/GameTestServer]: [_]
[11:14:46] [Server thread/INFO] [minecraft/GameTestServer]: [_]
[11:14:46] [Server thread/INFO] [minecraft/MinecraftServer]: Размещение структуры: 53%, изменено блоков: 2542386
[11:14:46] [Server thread/INFO] [minecraft/GameTestServer]: [_]
[11:14:46] [Server thread/INFO] [minecraft/GameTestServer]: [_]
[11:14:46] [Server thread/INFO] [minecraft/GameTestServer]: [_]
[11:14:46] [Server thread/INFO] [minecraft/GameTestServer]: [_]
[11:14:46] [Server thread/INFO] [minecraft/GameTestServer]: [_]
[11:14:46] [Server thread/INFO] [minecraft/MinecraftServer]: Размещение структуры: 56%, изменено блоков: 2542386
[11:14:46] [Server thread/INFO] [minecraft/GameTestServer]: [_]
[11:14:47] [Server thread/INFO] [minecraft/GameTestServer]: [_]
[11:14:47] [Server thread/INFO] [minecraft/GameTestServer]: [_]
[11:14:47] [Server thread/INFO] [minecraft/GameTestServer]: [_]
[11:14:47] [Server thread/INFO] [minecraft/GameTestServer]: [_]
[11:14:47] [Server thread/INFO] [minecraft/MinecraftServer]: Размещение структуры: 59%, изменено блоков: 2542386
[11:14:47] [Server thread/INFO] [minecraft/GameTestServer]: [_]
[11:14:47] [Server thread/INFO] [minecraft/GameTestServer]: [_]
[11:14:47] [Server thread/INFO] [minecraft/GameTestServer]: [_]
[11:14:47] [Server thread/INFO] [minecraft/GameTestServer]: [_]
[11:14:47] [Server thread/INFO] [minecraft/GameTestServer]: [_]
[11:14:47] [Server thread/INFO] [minecraft/MinecraftServer]: Размещение структуры: 62%, изменено блоков: 2542386
[11:14:47] [Server thread/INFO] [minecraft/GameTestServer]: [_]
[11:14:47] [Server thread/INFO] [minecraft/GameTestServer]: [_]
[11:14:48] [Server thread/INFO] [minecraft/GameTestServer]: [_]
[11:14:48] [Server thread/INFO] [minecraft/GameTestServer]: [_]
[11:14:48] [Server thread/INFO] [minecraft/GameTestServer]: [_]
[11:14:48] [Server thread/INFO] [minecraft/MinecraftServer]: Размещение структуры: 65%, изменено блоков: 2542386
[11:14:48] [Server thread/INFO] [minecraft/GameTestServer]: [_]
[11:14:48] [Server thread/INFO] [minecraft/GameTestServer]: [_]
[11:14:48] [Server thread/INFO] [minecraft/GameTestServer]: [_]
[11:14:48] [Server thread/INFO] [minecraft/GameTestServer]: [_]
[11:14:48] [Server thread/INFO] [minecraft/GameTestServer]: [_]
[11:14:48] [Server thread/INFO] [minecraft/MinecraftServer]: Размещение структуры: 68%, изменено блоков: 2542386
[11:14:48] [Server thread/INFO] [minecraft/GameTestServer]: [_]
[11:14:48] [Server thread/INFO] [minecraft/GameTestServer]: [_]
[11:14:49] [Server thread/INFO] [minecraft/GameTestServer]: [_]
[11:14:49] [Server thread/INFO] [minecraft/GameTestServer]: [_]
[11:14:49] [Server thread/INFO] [minecraft/GameTestServer]: [_]
[11:14:49] [Server thread/INFO] [minecraft/MinecraftServer]: Размещение структуры: 71%, изменено блоков: 2542386
[11:14:49] [Server thread/INFO] [minecraft/GameTestServer]: [_]
[11:14:49] [Server thread/INFO] [minecraft/GameTestServer]: [_]
[11:14:49] [Server thread/INFO] [minecraft/GameTestServer]: [_]
[11:14:49] [Server thread/INFO] [minecraft/GameTestServer]: [_]
[11:14:49] [Server thread/INFO] [minecraft/GameTestServer]: [_]
[11:14:49] [Server thread/INFO] [minecraft/MinecraftServer]: Размещение структуры: 74%, изменено блоков: 2542386
[11:14:49] [Server thread/INFO] [minecraft/GameTestServer]: [_]
[11:14:49] [Server thread/INFO] [minecraft/GameTestServer]: [_]
[11:14:49] [Server thread/INFO] [minecraft/GameTestServer]: [_]
[11:14:50] [Server thread/INFO] [minecraft/GameTestServer]: [_]
[11:14:50] [Server thread/INFO] [minecraft/GameTestServer]: [_]
[11:14:50] [Server thread/INFO] [minecraft/MinecraftServer]: Размещение структуры: 77%, изменено блоков: 2542386
[11:14:50] [Server thread/INFO] [minecraft/GameTestServer]: [_]
[11:14:50] [Server thread/INFO] [minecraft/GameTestServer]: [_]
[11:14:50] [Server thread/INFO] [minecraft/GameTestServer]: [_]
[11:14:50] [Server thread/INFO] [minecraft/GameTestServer]: [_]
[11:14:50] [Server thread/INFO] [minecraft/GameTestServer]: [_]
[11:14:50] [Server thread/INFO] [minecraft/MinecraftServer]: Размещение структуры: 80%, изменено блоков: 2542386
[11:14:50] [Server thread/INFO] [minecraft/GameTestServer]: [_]
[11:14:50] [Server thread/INFO] [minecraft/GameTestServer]: [_]
[11:14:50] [Server thread/INFO] [minecraft/GameTestServer]: [_]
[11:14:50] [Server thread/INFO] [minecraft/GameTestServer]: [_]
[11:14:51] [Server thread/INFO] [minecraft/GameTestServer]: [_]
[11:14:51] [Server thread/INFO] [minecraft/MinecraftServer]: Размещение структуры: 83%, изменено блоков: 2542386
[11:14:51] [Server thread/INFO] [minecraft/GameTestServer]: [_]
[11:14:51] [Server thread/INFO] [minecraft/GameTestServer]: [_]
[11:14:51] [Server thread/INFO] [minecraft/GameTestServer]: [_]
[11:14:51] [Server thread/INFO] [minecraft/GameTestServer]: [_]
[11:14:51] [Server thread/INFO] [minecraft/GameTestServer]: [_]
[11:14:51] [Server thread/INFO] [minecraft/MinecraftServer]: Размещение структуры: 87%, изменено блоков: 2542386
[11:14:51] [Server thread/INFO] [minecraft/GameTestServer]: [_]
[11:14:51] [Server thread/INFO] [minecraft/GameTestServer]: [_]
[11:14:51] [Server thread/INFO] [minecraft/GameTestServer]: [_]
[11:14:51] [Server thread/INFO] [minecraft/GameTestServer]: [_]
[11:14:51] [Server thread/INFO] [minecraft/GameTestServer]: [_]
[11:14:52] [Server thread/INFO] [minecraft/MinecraftServer]: Размещение структуры: 90%, изменено блоков: 2542386
[11:14:52] [Server thread/INFO] [minecraft/GameTestServer]: [_]
[11:14:52] [Server thread/INFO] [minecraft/GameTestServer]: [_]
[11:14:52] [Server thread/INFO] [minecraft/GameTestServer]: [_]
[11:14:52] [Server thread/INFO] [minecraft/GameTestServer]: [_]
[11:14:52] [Server thread/INFO] [minecraft/GameTestServer]: [_]
[11:14:52] [Server thread/INFO] [minecraft/MinecraftServer]: Размещение структуры: 93%, изменено блоков: 2542386
[11:14:52] [Server thread/INFO] [minecraft/GameTestServer]: [_]
[11:14:52] [Server thread/INFO] [minecraft/GameTestServer]: [_]
[11:14:52] [Server thread/INFO] [minecraft/GameTestServer]: [_]
[11:14:52] [Server thread/INFO] [minecraft/GameTestServer]: [_]
[11:14:52] [Server thread/INFO] [minecraft/GameTestServer]: [_]
[11:14:53] [Server thread/INFO] [minecraft/MinecraftServer]: Размещение структуры: 96%, изменено блоков: 2542386
[11:14:53] [Server thread/INFO] [minecraft/GameTestServer]: [_]
[11:14:53] [Server thread/INFO] [minecraft/GameTestServer]: [_]
[11:14:53] [Server thread/INFO] [minecraft/GameTestServer]: [_]
[11:14:53] [Server thread/INFO] [minecraft/GameTestServer]: [_]
[11:14:53] [Server thread/INFO] [minecraft/GameTestServer]: [_]
[11:14:53] [Server thread/INFO] [minecraft/MinecraftServer]: Размещение структуры: 99%, изменено блоков: 2542386
[11:14:53] [Server thread/INFO] [minecraft/GameTestServer]: [_]
[11:14:53] [Server thread/INFO] [minecraft/MinecraftServer]: Структура создана: 14570258, 1, -4915174
MANUAL_SEQUENTIAL_COMMAND_PASS slavicmyths generate kurgan great 0 dx=-256 dz=0 entrance=BlockPos{x=14570258, y=1, z=-4915174} ticks=13619 peakJobMs=15.0827
[11:14:53] [Server thread/INFO] [minecraft/MinecraftServer]: Подготавливается территория: bandit_camp / 0. Задание 40c1bf33-26a5-4f1a-a0fe-dc422af16adc
[11:14:53] [Server thread/INFO] [minecraft/GameTestServer]: [_]
[11:14:53] [Server thread/INFO] [minecraft/GameTestServer]: [_]
[11:14:53] [Server thread/INFO] [minecraft/MinecraftServer]: Проверяется другая площадка: 1 / 16
[11:14:54] [Server thread/INFO] [minecraft/GameTestServer]: [_]
[11:14:54] [Server thread/INFO] [minecraft/GameTestServer]: [_]
[11:14:54] [Server thread/INFO] [minecraft/MinecraftServer]: Проверяется другая площадка: 2 / 16
[11:14:54] [Server thread/INFO] [minecraft/GameTestServer]: [_]
[11:14:54] [Server thread/INFO] [minecraft/MinecraftServer]: Загрузка территории: 66%, изменено блоков: 0
[11:14:54] [Server thread/INFO] [minecraft/GameTestServer]: [_]
[11:14:54] [Server thread/INFO] [minecraft/MinecraftServer]: Проверяется другая площадка: 3 / 16
[11:14:54] [Server thread/INFO] [minecraft/GameTestServer]: [_]
[11:14:54] [Server thread/INFO] [minecraft/GameTestServer]: [_]
[11:14:54] [Server thread/INFO] [minecraft/MinecraftServer]: Проверяется другая площадка: 4 / 16
[11:14:54] [Server thread/INFO] [minecraft/GameTestServer]: [_]
[11:14:54] [Server thread/INFO] [minecraft/GameTestServer]: [_]
[11:14:54] [Server thread/INFO] [minecraft/MinecraftServer]: Проверяется другая площадка: 5 / 16
[11:14:54] [Server thread/INFO] [minecraft/MinecraftServer]: Загрузка территории: 33%, изменено блоков: 0
[11:14:54] [Server thread/INFO] [minecraft/GameTestServer]: [_]
[11:14:54] [Server thread/INFO] [minecraft/MinecraftServer]: Проверяется другая площадка: 6 / 16
[11:14:54] [Server thread/INFO] [minecraft/GameTestServer]: [_]
[11:14:54] [Server thread/INFO] [minecraft/GameTestServer]: [_]
[11:14:54] [Server thread/INFO] [minecraft/MinecraftServer]: Проверяется другая площадка: 7 / 16
[11:14:54] [Server thread/INFO] [minecraft/GameTestServer]: [_]
[11:14:55] [Server thread/INFO] [minecraft/GameTestServer]: [_]
[11:14:55] [Server thread/INFO] [minecraft/MinecraftServer]: Загрузка территории: 6%, изменено блоков: 0
[11:14:55] [Server thread/INFO] [minecraft/GameTestServer]: [_]
[11:14:55] [Server thread/INFO] [minecraft/GameTestServer]: [_]
[11:14:55] [Server thread/INFO] [minecraft/GameTestServer]: [_]
[11:14:55] [Server thread/INFO] [minecraft/GameTestServer]: [_]
[11:14:55] [Server thread/INFO] [minecraft/MinecraftServer]: Чанки загружены. Подготовка окончательного положения на Y=-61
[11:14:55] [Server thread/INFO] [minecraft/GameTestServer]: [_]
[11:14:55] [Server thread/INFO] [minecraft/MinecraftServer]: Территория подготовлена. Размещается структура...
[11:14:55] [Server thread/INFO] [minecraft/MinecraftServer]: Размещение структуры: 33%, изменено блоков: 0
[11:14:55] [Server thread/INFO] [minecraft/GameTestServer]: [_]
[11:14:55] [Server thread/INFO] [minecraft/MinecraftServer]: Структура создана: 14570524, -60, -4915058
MANUAL_SEQUENTIAL_COMMAND_PASS slavicmyths generate bandit_camp small 0 dx=0 dz=128 entrance=BlockPos{x=14570524, y=-60, z=-4915058} ticks=409 peakJobMs=60.4649
[11:14:55] [Server thread/INFO] [minecraft/MinecraftServer]: Подготавливается территория: bandit_camp / 1. Задание 9af22402-9644-458e-8da0-f54fc6afcb5a
[11:14:55] [Server thread/INFO] [minecraft/GameTestServer]: [_]
[11:14:55] [Server thread/INFO] [minecraft/GameTestServer]: [_]
[11:14:55] [Server thread/INFO] [minecraft/GameTestServer]: [_]
[11:14:55] [Server thread/INFO] [minecraft/GameTestServer]: [_]
[11:14:56] [Server thread/INFO] [minecraft/GameTestServer]: [_]
[11:14:56] [Server thread/INFO] [minecraft/MinecraftServer]: Проверяется другая площадка: 1 / 16
[11:14:56] [Server thread/INFO] [minecraft/MinecraftServer]: Загрузка территории: 6%, изменено блоков: 0
[11:14:56] [Server thread/INFO] [minecraft/GameTestServer]: [_]
[11:14:56] [Server thread/INFO] [minecraft/GameTestServer]: [_]
[11:14:56] [Server thread/INFO] [minecraft/GameTestServer]: [_]
[11:14:56] [Server thread/INFO] [minecraft/GameTestServer]: [_]
[11:14:56] [Server thread/INFO] [minecraft/MinecraftServer]: Проверяется другая площадка: 2 / 16
[11:14:56] [Server thread/INFO] [minecraft/GameTestServer]: [_]
[11:14:56] [Server thread/INFO] [minecraft/MinecraftServer]: Загрузка территории: 6%, изменено блоков: 0
[11:14:56] [Server thread/INFO] [minecraft/GameTestServer]: [_]
[11:14:56] [Server thread/INFO] [minecraft/GameTestServer]: [_]
[11:14:56] [Server thread/INFO] [minecraft/GameTestServer]: [_]
[11:14:56] [Server thread/INFO] [minecraft/GameTestServer]: [_]
[11:14:56] [Server thread/INFO] [minecraft/MinecraftServer]: Проверяется другая площадка: 3 / 16
[11:14:56] [Server thread/INFO] [minecraft/GameTestServer]: [_]
[11:14:56] [Server thread/INFO] [minecraft/MinecraftServer]: Загрузка территории: 6%, изменено блоков: 0
[11:14:56] [Server thread/INFO] [minecraft/GameTestServer]: [_]
[11:14:56] [Server thread/INFO] [minecraft/GameTestServer]: [_]
[11:14:56] [Server thread/INFO] [minecraft/GameTestServer]: [_]
[11:14:57] [Server thread/INFO] [minecraft/GameTestServer]: [_]
[11:14:57] [Server thread/INFO] [minecraft/MinecraftServer]: Проверяется другая площадка: 4 / 16
[11:14:57] [Server thread/INFO] [minecraft/GameTestServer]: [_]
[11:14:57] [Server thread/INFO] [minecraft/MinecraftServer]: Загрузка территории: 12%, изменено блоков: 0
[11:14:57] [Server thread/INFO] [minecraft/GameTestServer]: [_]
[11:14:57] [Server thread/INFO] [minecraft/GameTestServer]: [_]
[11:14:57] [Server thread/INFO] [minecraft/GameTestServer]: [_]
[11:14:57] [Server thread/INFO] [minecraft/GameTestServer]: [_]
[11:14:57] [Server thread/INFO] [minecraft/MinecraftServer]: Проверяется другая площадка: 5 / 16
[11:14:57] [Server thread/INFO] [minecraft/GameTestServer]: [_]
[11:14:57] [Server thread/INFO] [minecraft/MinecraftServer]: Загрузка территории: 12%, изменено блоков: 0
[11:14:57] [Server thread/INFO] [minecraft/GameTestServer]: [_]
[11:14:57] [Server thread/INFO] [minecraft/GameTestServer]: [_]
[11:14:57] [Server thread/INFO] [minecraft/GameTestServer]: [_]
[11:14:57] [Server thread/INFO] [minecraft/GameTestServer]: [_]
[11:14:57] [Server thread/INFO] [minecraft/MinecraftServer]: Проверяется другая площадка: 6 / 16
[11:14:57] [Server thread/INFO] [minecraft/GameTestServer]: [_]
[11:14:57] [Server thread/INFO] [minecraft/MinecraftServer]: Загрузка территории: 12%, изменено блоков: 0
[11:14:57] [Server thread/INFO] [minecraft/GameTestServer]: [_]
[11:14:57] [Server thread/INFO] [minecraft/GameTestServer]: [_]
[11:14:57] [Server thread/INFO] [minecraft/GameTestServer]: [_]
[11:14:58] [Server thread/INFO] [minecraft/GameTestServer]: [_]
[11:14:58] [Server thread/INFO] [minecraft/MinecraftServer]: Проверяется другая площадка: 7 / 16
[11:14:58] [Server thread/INFO] [minecraft/GameTestServer]: [_]
[11:14:58] [Server thread/INFO] [minecraft/MinecraftServer]: Загрузка территории: 18%, изменено блоков: 0
[11:14:58] [Server thread/INFO] [minecraft/GameTestServer]: [_]
[11:14:58] [Server thread/INFO] [minecraft/GameTestServer]: [_]
[11:14:58] [Server thread/INFO] [minecraft/GameTestServer]: [_]
[11:14:58] [Server thread/INFO] [minecraft/GameTestServer]: [_]
[11:14:58] [Server thread/INFO] [minecraft/MinecraftServer]: Проверяется другая площадка: 8 / 16
[11:14:58] [Server thread/INFO] [minecraft/GameTestServer]: [_]
[11:14:58] [Server thread/INFO] [minecraft/MinecraftServer]: Загрузка территории: 18%, изменено блоков: 0
[11:14:58] [Server thread/INFO] [minecraft/GameTestServer]: [_]
[11:14:58] [Server thread/INFO] [minecraft/GameTestServer]: [_]
[11:14:58] [Server thread/INFO] [minecraft/GameTestServer]: [_]
[11:14:58] [Server thread/INFO] [minecraft/GameTestServer]: [_]
[11:14:58] [Server thread/INFO] [minecraft/MinecraftServer]: Проверяется другая площадка: 9 / 16
[11:14:58] [Server thread/INFO] [minecraft/GameTestServer]: [_]
[11:14:58] [Server thread/INFO] [minecraft/MinecraftServer]: Загрузка территории: 25%, изменено блоков: 0
[11:14:58] [Server thread/INFO] [minecraft/GameTestServer]: [_]
[11:14:58] [Server thread/INFO] [minecraft/GameTestServer]: [_]
[11:14:59] [Server thread/INFO] [minecraft/GameTestServer]: [_]
[11:14:59] [Server thread/INFO] [minecraft/GameTestServer]: [_]
[11:14:59] [Server thread/INFO] [minecraft/MinecraftServer]: Проверяется другая площадка: 10 / 16
[11:14:59] [Server thread/INFO] [minecraft/GameTestServer]: [_]
[11:14:59] [Server thread/INFO] [minecraft/MinecraftServer]: Загрузка территории: 25%, изменено блоков: 0
[11:14:59] [Server thread/INFO] [minecraft/GameTestServer]: [_]
[11:14:59] [Server thread/INFO] [minecraft/GameTestServer]: [_]
[11:14:59] [Server thread/INFO] [minecraft/GameTestServer]: [_]
[11:14:59] [Server thread/INFO] [minecraft/MinecraftServer]: Проверяется другая площадка: 11 / 16
[11:14:59] [Server thread/INFO] [minecraft/GameTestServer]: [_]
[11:14:59] [Server thread/INFO] [minecraft/GameTestServer]: [_]
[11:14:59] [Server thread/INFO] [minecraft/MinecraftServer]: Загрузка территории: 25%, изменено блоков: 0
[11:14:59] [Server thread/INFO] [minecraft/GameTestServer]: [_]
[11:14:59] [Server thread/INFO] [minecraft/GameTestServer]: [_]
[11:14:59] [Server thread/INFO] [minecraft/GameTestServer]: [_]
[11:14:59] [Server thread/INFO] [minecraft/GameTestServer]: [_]
[11:14:59] [Server thread/INFO] [minecraft/GameTestServer]: [_]
[11:14:59] [Server thread/INFO] [minecraft/MinecraftServer]: Загрузка территории: 56%, изменено блоков: 0
[11:14:59] [Server thread/INFO] [minecraft/GameTestServer]: [_]
[11:14:59] [Server thread/INFO] [minecraft/GameTestServer]: [_]
[11:14:59] [Server thread/INFO] [minecraft/MinecraftServer]: Чанки загружены. Подготовка окончательного положения на Y=-61
[11:15:00] [Server thread/INFO] [minecraft/GameTestServer]: [_]
[11:15:00] [Server thread/INFO] [minecraft/GameTestServer]: [_]
[11:15:00] [Server thread/INFO] [minecraft/GameTestServer]: [_]
[11:15:00] [Server thread/INFO] [minecraft/MinecraftServer]: Территория подготовлена. Размещается структура...
[11:15:00] [Server thread/INFO] [minecraft/MinecraftServer]: Размещение структуры: 16%, изменено блоков: 0
[11:15:00] [Server thread/INFO] [minecraft/GameTestServer]: [_]
[11:15:00] [Server thread/INFO] [minecraft/MinecraftServer]: Структура создана: 14570524, -60, -4914994
MANUAL_SEQUENTIAL_COMMAND_PASS slavicmyths generate bandit_camp fortified 0 dx=0 dz=192 entrance=BlockPos{x=14570524, y=-60, z=-4914994} ticks=1321 peakJobMs=6.7475
[11:15:00] [Server thread/INFO] [minecraft/MinecraftServer]: Подготавливается территория: bandit_camp / 2. Задание 1045b274-b7af-46f7-9e22-0470a7eee8ac
[11:15:00] [Server thread/INFO] [minecraft/GameTestServer]: [_]
[11:15:00] [Server thread/INFO] [minecraft/GameTestServer]: [_]
[11:15:00] [Server thread/INFO] [minecraft/GameTestServer]: [_]
[11:15:00] [Server thread/INFO] [minecraft/GameTestServer]: [_]
[11:15:00] [Server thread/INFO] [minecraft/GameTestServer]: [_]
[11:15:00] [Server thread/INFO] [minecraft/MinecraftServer]: Загрузка территории: 50%, изменено блоков: 0
[11:15:00] [Server thread/INFO] [minecraft/GameTestServer]: [_]
[11:15:00] [Server thread/INFO] [minecraft/GameTestServer]: [_]
[11:15:01] [Server thread/INFO] [minecraft/GameTestServer]: [_]
[11:15:01] [Server thread/INFO] [minecraft/GameTestServer]: [_]
[11:15:01] [Server thread/INFO] [minecraft/GameTestServer]: [_]
[11:15:01] [Server thread/INFO] [minecraft/MinecraftServer]: Загрузка территории: 94%, изменено блоков: 0
[11:15:01] [Server thread/INFO] [minecraft/MinecraftServer]: Проверяется другая площадка: 1 / 16
[11:15:01] [Server thread/INFO] [minecraft/GameTestServer]: [_]
[11:15:01] [Server thread/INFO] [minecraft/GameTestServer]: [_]
[11:15:01] [Server thread/INFO] [minecraft/GameTestServer]: [_]
[11:15:01] [Server thread/INFO] [minecraft/GameTestServer]: [_]
[11:15:01] [Server thread/INFO] [minecraft/GameTestServer]: [_]
[11:15:01] [Server thread/INFO] [minecraft/MinecraftServer]: Загрузка территории: 41%, изменено блоков: 0
[11:15:01] [Server thread/INFO] [minecraft/GameTestServer]: [_]
[11:15:01] [Server thread/INFO] [minecraft/GameTestServer]: [_]
[11:15:01] [Server thread/INFO] [minecraft/GameTestServer]: [_]
[11:15:01] [Server thread/INFO] [minecraft/GameTestServer]: [_]
[11:15:01] [Server thread/INFO] [minecraft/GameTestServer]: [_]
[11:15:01] [Server thread/INFO] [minecraft/MinecraftServer]: Загрузка территории: 86%, изменено блоков: 0
[11:15:01] [Server thread/INFO] [minecraft/GameTestServer]: [_]
[11:15:01] [Server thread/INFO] [minecraft/MinecraftServer]: Проверяется другая площадка: 2 / 16
[11:15:01] [Server thread/INFO] [minecraft/GameTestServer]: [_]
[11:15:02] [Server thread/INFO] [minecraft/GameTestServer]: [_]
[11:15:02] [Server thread/INFO] [minecraft/GameTestServer]: [_]
[11:15:02] [Server thread/INFO] [minecraft/GameTestServer]: [_]
[11:15:02] [Server thread/INFO] [minecraft/MinecraftServer]: Загрузка территории: 33%, изменено блоков: 0
[11:15:02] [Server thread/INFO] [minecraft/GameTestServer]: [_]
[11:15:02] [Server thread/INFO] [minecraft/GameTestServer]: [_]
[11:15:02] [Server thread/INFO] [minecraft/GameTestServer]: [_]
[11:15:02] [Server thread/INFO] [minecraft/GameTestServer]: [_]
[11:15:02] [Server thread/INFO] [minecraft/GameTestServer]: [_]
[11:15:02] [Server thread/INFO] [minecraft/MinecraftServer]: Загрузка территории: 77%, изменено блоков: 0
[11:15:02] [Server thread/INFO] [minecraft/GameTestServer]: [_]
[11:15:02] [Server thread/INFO] [minecraft/GameTestServer]: [_]
[11:15:02] [Server thread/INFO] [minecraft/MinecraftServer]: Проверяется другая площадка: 3 / 16
[11:15:02] [Server thread/INFO] [minecraft/GameTestServer]: [_]
[11:15:02] [Server thread/INFO] [minecraft/GameTestServer]: [_]
[11:15:02] [Server thread/INFO] [minecraft/GameTestServer]: [_]
[11:15:02] [Server thread/INFO] [minecraft/MinecraftServer]: Загрузка территории: 25%, изменено блоков: 0
[11:15:02] [Server thread/INFO] [minecraft/GameTestServer]: [_]
[11:15:02] [Server thread/INFO] [minecraft/GameTestServer]: [_]
[11:15:02] [Server thread/INFO] [minecraft/GameTestServer]: [_]
[11:15:03] [Server thread/INFO] [minecraft/GameTestServer]: [_]
[11:15:03] [Server thread/INFO] [minecraft/GameTestServer]: [_]
[11:15:03] [Server thread/INFO] [minecraft/MinecraftServer]: Загрузка территории: 69%, изменено блоков: 0
[11:15:03] [Server thread/INFO] [minecraft/GameTestServer]: [_]
[11:15:03] [Server thread/INFO] [minecraft/GameTestServer]: [_]
[11:15:03] [Server thread/INFO] [minecraft/GameTestServer]: [_]
[11:15:03] [Server thread/INFO] [minecraft/MinecraftServer]: Проверяется другая площадка: 4 / 16
[11:15:03] [Server thread/INFO] [minecraft/GameTestServer]: [_]
[11:15:03] [Server thread/INFO] [minecraft/GameTestServer]: [_]
[11:15:03] [Server thread/INFO] [minecraft/MinecraftServer]: Загрузка территории: 16%, изменено блоков: 0
[11:15:03] [Server thread/INFO] [minecraft/GameTestServer]: [_]
[11:15:03] [Server thread/INFO] [minecraft/GameTestServer]: [_]
[11:15:03] [Server thread/INFO] [minecraft/GameTestServer]: [_]
[11:15:03] [Server thread/INFO] [minecraft/GameTestServer]: [_]
[11:15:03] [Server thread/INFO] [minecraft/GameTestServer]: [_]
[11:15:03] [Server thread/INFO] [minecraft/MinecraftServer]: Загрузка территории: 61%, изменено блоков: 0
[11:15:03] [Server thread/INFO] [minecraft/GameTestServer]: [_]
[11:15:03] [Server thread/INFO] [minecraft/GameTestServer]: [_]
[11:15:03] [Server thread/INFO] [minecraft/GameTestServer]: [_]
[11:15:04] [Server thread/INFO] [minecraft/GameTestServer]: [_]
[11:15:04] [Server thread/INFO] [minecraft/MinecraftServer]: Проверяется другая площадка: 5 / 16
[11:15:04] [Server thread/INFO] [minecraft/GameTestServer]: [_]
[11:15:04] [Server thread/INFO] [minecraft/MinecraftServer]: Загрузка территории: 8%, изменено блоков: 0
[11:15:04] [Server thread/INFO] [minecraft/GameTestServer]: [_]
[11:15:04] [Server thread/INFO] [minecraft/GameTestServer]: [_]
[11:15:04] [Server thread/INFO] [minecraft/GameTestServer]: [_]
[11:15:04] [Server thread/INFO] [minecraft/GameTestServer]: [_]
[11:15:04] [Server thread/INFO] [minecraft/GameTestServer]: [_]
[11:15:04] [Server thread/INFO] [minecraft/MinecraftServer]: Загрузка территории: 52%, изменено блоков: 0
[11:15:04] [Server thread/INFO] [minecraft/GameTestServer]: [_]
[11:15:04] [Server thread/INFO] [minecraft/GameTestServer]: [_]
[11:15:04] [Server thread/INFO] [minecraft/GameTestServer]: [_]
[11:15:04] [Server thread/INFO] [minecraft/GameTestServer]: [_]
[11:15:04] [Server thread/INFO] [minecraft/GameTestServer]: [_]
[11:15:04] [Server thread/INFO] [minecraft/MinecraftServer]: Проверяется другая площадка: 6 / 16
[11:15:04] [Server thread/INFO] [minecraft/MinecraftServer]: Загрузка территории: 0%, изменено блоков: 0
[11:15:04] [Server thread/INFO] [minecraft/GameTestServer]: [_]
[11:15:04] [Server thread/INFO] [minecraft/GameTestServer]: [_]
[11:15:05] [Server thread/INFO] [minecraft/GameTestServer]: [_]
[11:15:05] [Server thread/INFO] [minecraft/GameTestServer]: [_]
[11:15:05] [Server thread/INFO] [minecraft/GameTestServer]: [_]
[11:15:05] [Server thread/INFO] [minecraft/MinecraftServer]: Загрузка территории: 44%, изменено блоков: 0
[11:15:05] [Server thread/INFO] [minecraft/GameTestServer]: [_]
[11:15:05] [Server thread/INFO] [minecraft/GameTestServer]: [_]
[11:15:05] [Server thread/INFO] [minecraft/GameTestServer]: [_]
[11:15:05] [Server thread/INFO] [minecraft/GameTestServer]: [_]
[11:15:05] [Server thread/INFO] [minecraft/GameTestServer]: [_]
[11:15:05] [Server thread/INFO] [minecraft/MinecraftServer]: Загрузка территории: 91%, изменено блоков: 0
[11:15:05] [Server thread/INFO] [minecraft/GameTestServer]: [_]
[11:15:05] [Server thread/INFO] [minecraft/MinecraftServer]: Проверяется другая площадка: 7 / 16
[11:15:05] [Server thread/INFO] [minecraft/GameTestServer]: [_]
[11:15:05] [Server thread/INFO] [minecraft/GameTestServer]: [_]
[11:15:05] [Server thread/INFO] [minecraft/GameTestServer]: [_]
[11:15:05] [Server thread/INFO] [minecraft/GameTestServer]: [_]
[11:15:05] [Server thread/INFO] [minecraft/MinecraftServer]: Загрузка территории: 36%, изменено блоков: 0
[11:15:05] [Server thread/INFO] [minecraft/GameTestServer]: [_]
[11:15:06] [Server thread/INFO] [minecraft/GameTestServer]: [_]
[11:15:06] [Server thread/INFO] [minecraft/GameTestServer]: [_]
[11:15:06] [Server thread/INFO] [minecraft/GameTestServer]: [_]
[11:15:06] [Server thread/INFO] [minecraft/GameTestServer]: [_]
[11:15:06] [Server thread/INFO] [minecraft/MinecraftServer]: Загрузка территории: 83%, изменено блоков: 0
[11:15:06] [Server thread/INFO] [minecraft/GameTestServer]: [_]
[11:15:06] [Server thread/INFO] [minecraft/GameTestServer]: [_]
[11:15:06] [Server thread/INFO] [minecraft/MinecraftServer]: Проверяется другая площадка: 8 / 16
[11:15:06] [Server thread/INFO] [minecraft/GameTestServer]: [_]
[11:15:06] [Server thread/INFO] [minecraft/GameTestServer]: [_]
[11:15:06] [Server thread/INFO] [minecraft/GameTestServer]: [_]
[11:15:06] [Server thread/INFO] [minecraft/MinecraftServer]: Загрузка территории: 27%, изменено блоков: 0
[11:15:06] [Server thread/INFO] [minecraft/GameTestServer]: [_]
[11:15:06] [Server thread/INFO] [minecraft/GameTestServer]: [_]
[11:15:06] [Server thread/INFO] [minecraft/GameTestServer]: [_]
[11:15:06] [Server thread/INFO] [minecraft/GameTestServer]: [_]
[11:15:06] [Server thread/INFO] [minecraft/GameTestServer]: [_]
[11:15:06] [Server thread/INFO] [minecraft/MinecraftServer]: Загрузка территории: 75%, изменено блоков: 0
[11:15:06] [Server thread/INFO] [minecraft/GameTestServer]: [_]
[11:15:06] [Server thread/INFO] [minecraft/GameTestServer]: [_]
[11:15:07] [Server thread/INFO] [minecraft/GameTestServer]: [_]
[11:15:07] [Server thread/INFO] [minecraft/MinecraftServer]: Проверяется другая площадка: 9 / 16
[11:15:07] [Server thread/INFO] [minecraft/GameTestServer]: [_]
[11:15:07] [Server thread/INFO] [minecraft/GameTestServer]: [_]
[11:15:07] [Server thread/INFO] [minecraft/MinecraftServer]: Загрузка территории: 19%, изменено блоков: 0
[11:15:07] [Server thread/INFO] [minecraft/GameTestServer]: [_]
[11:15:07] [Server thread/INFO] [minecraft/GameTestServer]: [_]
[11:15:07] [Server thread/INFO] [minecraft/GameTestServer]: [_]
[11:15:07] [Server thread/INFO] [minecraft/GameTestServer]: [_]
[11:15:07] [Server thread/INFO] [minecraft/GameTestServer]: [_]
[11:15:07] [Server thread/INFO] [minecraft/MinecraftServer]: Загрузка территории: 66%, изменено блоков: 0
[11:15:07] [Server thread/INFO] [minecraft/GameTestServer]: [_]
[11:15:07] [Server thread/INFO] [minecraft/GameTestServer]: [_]
[11:15:07] [Server thread/INFO] [minecraft/GameTestServer]: [_]
[11:15:07] [Server thread/INFO] [minecraft/GameTestServer]: [_]
[11:15:07] [Server thread/INFO] [minecraft/MinecraftServer]: Проверяется другая площадка: 10 / 16
[11:15:07] [Server thread/INFO] [minecraft/GameTestServer]: [_]
[11:15:07] [Server thread/INFO] [minecraft/MinecraftServer]: Загрузка территории: 11%, изменено блоков: 0
[11:15:07] [Server thread/INFO] [minecraft/GameTestServer]: [_]
[11:15:08] [Server thread/INFO] [minecraft/GameTestServer]: [_]
[11:15:08] [Server thread/INFO] [minecraft/GameTestServer]: [_]
[11:15:08] [Server thread/INFO] [minecraft/GameTestServer]: [_]
[11:15:08] [Server thread/INFO] [minecraft/GameTestServer]: [_]
[11:15:08] [Server thread/INFO] [minecraft/MinecraftServer]: Загрузка территории: 58%, изменено блоков: 0
[11:15:08] [Server thread/INFO] [minecraft/GameTestServer]: [_]
[11:15:08] [Server thread/INFO] [minecraft/GameTestServer]: [_]
[11:15:08] [Server thread/INFO] [minecraft/GameTestServer]: [_]
[11:15:08] [Server thread/INFO] [minecraft/GameTestServer]: [_]
[11:15:08] [Server thread/INFO] [minecraft/MinecraftServer]: Проверяется другая площадка: 11 / 16
[11:15:08] [Server thread/INFO] [minecraft/GameTestServer]: [_]
[11:15:08] [Server thread/INFO] [minecraft/MinecraftServer]: Загрузка территории: 2%, изменено блоков: 0
[11:15:08] [Server thread/INFO] [minecraft/GameTestServer]: [_]
[11:15:08] [Server thread/INFO] [minecraft/GameTestServer]: [_]
[11:15:08] [Server thread/INFO] [minecraft/GameTestServer]: [_]
[11:15:08] [Server thread/INFO] [minecraft/GameTestServer]: [_]
[11:15:08] [Server thread/INFO] [minecraft/GameTestServer]: [_]
[11:15:08] [Server thread/INFO] [minecraft/MinecraftServer]: Загрузка территории: 50%, изменено блоков: 0
[11:15:08] [Server thread/INFO] [minecraft/GameTestServer]: [_]
[11:15:09] [Server thread/INFO] [minecraft/GameTestServer]: [_]
[11:15:09] [Server thread/INFO] [minecraft/GameTestServer]: [_]
[11:15:09] [Server thread/INFO] [minecraft/GameTestServer]: [_]
[11:15:09] [Server thread/INFO] [minecraft/GameTestServer]: [_]
[11:15:09] [Server thread/INFO] [minecraft/MinecraftServer]: Загрузка территории: 97%, изменено блоков: 0
[11:15:09] [Server thread/INFO] [minecraft/MinecraftServer]: Проверяется другая площадка: 12 / 16
[11:15:09] [Server thread/INFO] [minecraft/GameTestServer]: [_]
[11:15:09] [Server thread/INFO] [minecraft/GameTestServer]: [_]
[11:15:09] [Server thread/INFO] [minecraft/GameTestServer]: [_]
[11:15:09] [Server thread/INFO] [minecraft/GameTestServer]: [_]
[11:15:09] [Server thread/INFO] [minecraft/GameTestServer]: [_]
[11:15:09] [Server thread/INFO] [minecraft/MinecraftServer]: Загрузка территории: 41%, изменено блоков: 0
[11:15:09] [Server thread/INFO] [minecraft/GameTestServer]: [_]
[11:15:09] [Server thread/INFO] [minecraft/GameTestServer]: [_]
[11:15:09] [Server thread/INFO] [minecraft/GameTestServer]: [_]
[11:15:09] [Server thread/INFO] [minecraft/GameTestServer]: [_]
[11:15:09] [Server thread/INFO] [minecraft/GameTestServer]: [_]
[11:15:09] [Server thread/INFO] [minecraft/MinecraftServer]: Загрузка территории: 88%, изменено блоков: 0
[11:15:09] [Server thread/INFO] [minecraft/GameTestServer]: [_]
[11:15:10] [Server thread/INFO] [minecraft/GameTestServer]: [_]
[11:15:10] [Server thread/INFO] [minecraft/GameTestServer]: [_]
[11:15:10] [Server thread/INFO] [minecraft/GameTestServer]: [_]
[11:15:10] [Server thread/INFO] [minecraft/GameTestServer]: [_]
[11:15:10] [Server thread/INFO] [minecraft/MinecraftServer]: Загрузка территории: 40%, изменено блоков: 0
[11:15:10] [Server thread/INFO] [minecraft/GameTestServer]: [_]
[11:15:10] [Server thread/INFO] [minecraft/GameTestServer]: [_]
[11:15:10] [Server thread/INFO] [minecraft/GameTestServer]: [_]
[11:15:10] [Server thread/INFO] [minecraft/GameTestServer]: [_]
[11:15:10] [Server thread/INFO] [minecraft/GameTestServer]: [_]
[11:15:10] [Server thread/INFO] [minecraft/MinecraftServer]: Загрузка территории: 92%, изменено блоков: 0
[11:15:10] [Server thread/INFO] [minecraft/GameTestServer]: [_]
[11:15:10] [Server thread/INFO] [minecraft/MinecraftServer]: Чанки загружены. Подготовка окончательного положения на Y=-57
[11:15:10] [Server thread/INFO] [minecraft/GameTestServer]: [_]
[11:15:10] [Server thread/INFO] [minecraft/GameTestServer]: [_]
[11:15:10] [Server thread/INFO] [minecraft/GameTestServer]: [_]
[11:15:11] [Server thread/INFO] [minecraft/GameTestServer]: [_]
[11:15:11] [Server thread/INFO] [minecraft/MinecraftServer]: Планирование грунта: 81%, изменено блоков: 0
[11:15:11] [Server thread/INFO] [minecraft/GameTestServer]: [_]
[11:15:11] [Server thread/INFO] [minecraft/GameTestServer]: [_]
[11:15:11] [Server thread/INFO] [minecraft/GameTestServer]: [_]
[11:15:11] [Server thread/INFO] [minecraft/GameTestServer]: [_]
[11:15:11] [Server thread/INFO] [minecraft/MinecraftServer]: Территория подготовлена. Размещается структура...
[11:15:11] [Server thread/INFO] [minecraft/GameTestServer]: [_]
[11:15:11] [Server thread/INFO] [minecraft/MinecraftServer]: Размещение структуры: 12%, изменено блоков: 39277
[11:15:11] [Server thread/INFO] [minecraft/GameTestServer]: [_]
[11:15:11] [Server thread/INFO] [minecraft/GameTestServer]: [_]
[11:15:11] [Server thread/INFO] [minecraft/GameTestServer]: [_]
[11:15:12] [Server thread/INFO] [minecraft/GameTestServer]: [_]
[11:15:12] [Server thread/INFO] [minecraft/GameTestServer]: [_]
[11:15:12] [Server thread/INFO] [minecraft/MinecraftServer]: Размещение структуры: 60%, изменено блоков: 39277
[11:15:12] [Server thread/INFO] [minecraft/GameTestServer]: [_]
[11:15:12] [Server thread/INFO] [minecraft/GameTestServer]: [_]
[11:15:12] [Server thread/INFO] [minecraft/GameTestServer]: [_]
[11:15:12] [Server thread/INFO] [minecraft/GameTestServer]: [_]
[11:15:12] [Server thread/INFO] [minecraft/MinecraftServer]: Структура создана: 14570553, -56, -4915418
MANUAL_SEQUENTIAL_COMMAND_PASS slavicmyths generate bandit_camp large 0 dx=0 dz=-192 entrance=BlockPos{x=14570553, y=-56, z=-4915418} ticks=3385 peakJobMs=80.728
MANUAL_SEQUENTIAL_SAME_SOURCE_PASS commands=6 structures=6 previousEntrancesPreserved=true boundedLocalRelocation=true
[11:15:12] [Server thread/INFO] [minecraft/GameTestServer]: [+]
[11:15:12] [Server thread/INFO] [minecraft/GameTestServer]: ========= 1 GAME TESTS COMPLETE IN 1.681 min ======================
[11:15:12] [Server thread/INFO] [minecraft/GameTestServer]: All 1 required tests passed :)
[11:15:12] [Server thread/INFO] [minecraft/GameTestServer]: ====================================================
[11:15:12] [Server thread/INFO] [minecraft/MinecraftServer]: Stopping server
[11:15:12] [Server thread/INFO] [minecraft/MinecraftServer]: Saving players
[11:15:12] [Server thread/INFO] [minecraft/MinecraftServer]: Saving worlds
[11:15:13] [Server thread/INFO] [minecraft/MinecraftServer]: Saving chunks for level 'ServerLevel[Test Level]'/minecraft:overworld
[11:15:13] [Server thread/INFO] [minecraft/MinecraftServer]: Saving chunks for level 'ServerLevel[Test Level]'/minecraft:the_nether
[11:15:13] [Server thread/INFO] [minecraft/MinecraftServer]: Saving chunks for level 'ServerLevel[Test Level]'/minecraft:the_end
[11:15:13] [Server thread/INFO] [minecraft/MinecraftServer]: ThreadedAnvilChunkStorage (world): All chunks are saved
[11:15:13] [Server thread/INFO] [minecraft/MinecraftServer]: ThreadedAnvilChunkStorage (DIM-1): All chunks are saved
[11:15:13] [Server thread/INFO] [minecraft/MinecraftServer]: ThreadedAnvilChunkStorage (DIM1): All chunks are saved
[11:15:13] [Server thread/INFO] [minecraft/MinecraftServer]: ThreadedAnvilChunkStorage: All dimensions are saved
[11:15:13] [Server thread/INFO] [minecraft/GameTestServer]: Game test server shutting down

BUILD SUCCESSFUL in 2m 5s
9 actionable tasks: 3 executed, 6 up-to-date
Consider enabling configuration cache to speed up this build: https://docs.gradle.org/9.2.1/userguide/configuration_cache_enabling.html
